Date,Ticker,Close,eligible_signal,label_available_at,target_entry_120d_next_close,target_end_120d_next_close,target_excess_simple_120d_next_close,target_simple_120d_next_close,future_price,momentum_252d,beta_120d,ma_gap_120d,momentum_120d,relative_momentum_120d,rsi_56d,momentum_diff_short,momentum_diff_mid,momentum_diff_long,relative_momentum_diff_short,relative_momentum_diff_mid,relative_momentum_diff_long,relative_volume_20d,volume_trend_20_120,risk_rank,stability_group,stable,Sector,pred,case
2024-07-01,HUM,363.3369140625,True,2024-12-20,2024-07-02,2024-12-20,-0.41549220135595044,-0.3389193955250238,241.05030822753906,-0.15115285,0.08199786,0.05976551,-0.18531844,-0.34417555,62.985344,-0.16212782,0.39291382,-0.03416559,-0.11916735,0.47105277,0.039114177,-0.21965522,-0.28342217,1,Stable,True,Health Care,0.03145497949727357,base_excess_lgbm
2024-07-01,MTCH,28.170452117919922,True,2024-12-20,2024-07-02,2024-12-20,0.0697767850304433,0.1463495908613699,32.41426086425781,-0.29942697,0.8028045,-0.12887387,-0.22565325,-0.3949531,41.23513,0.08777791,0.09575987,0.07377373,0.12111101,0.19405971,0.18031713,-0.0043823,-0.08945493,1,Stable,True,Unknown,0.01758148942444056,base_excess_lgbm
2024-07-01,TRGP,125.28343200683594,True,2024-12-20,2024-07-02,2024-12-20,0.2866927956906349,0.36326560152156145,170.4433135986328,0.78850055,0.6139461,0.23298718,0.5754149,0.3153011,63.21591,-0.044987388,-0.420134,-0.21308565,-0.014719568,-0.23271145,-0.046662927,0.09718868,0.021368604,1,Stable,True,Energy,0.016798364953600792,base_excess_lgbm
2024-07-01,SBAC,180.68727111816406,True,2024-12-20,2024-07-02,2024-12-20,0.01022622181726475,0.08679902764819135,195.5636444091797,-0.15958771,0.7892209,-0.08286157,-0.22882941,-0.39906326,44.671246,0.07281692,0.12093026,-0.0692417,0.10346323,0.2231333,-0.005787015,0.15073568,-0.17488593,1,Stable,True,Real Estate,0.014923223246250247,base_excess_lgbm
2024-07-01,BA,186.6999969482422,True,2024-12-20,2024-07-02,2024-12-20,-0.12009557654132605,-0.04352277071039945,177.35000610351562,-0.11863289,0.4774973,-0.014429018,-0.18471617,-0.34343657,53.9478,0.032575108,0.20332058,-0.066083275,0.056478962,0.30011618,0.0022580624,0.48881257,-0.25554806,1,Stable,True,Industrials,0.00985957345813979,base_excess_lgbm
2024-07-01,COST,835.28271484375,True,2024-12-20,2024-07-02,2024-12-20,0.03669489780933903,0.11326770364026563,944.94677734375,0.6377905,0.8654479,0.12517986,0.28197876,0.10918721,68.24633,-0.15748274,-0.08031717,-0.35581174,-0.11547495,0.012764178,-0.1647473,0.025093928,-0.06762648,1,Stable,True,Consumer Staples,0.005816278201964951,base_excess_lgbm
2024-07-01,CVS,53.289459228515625,True,2024-12-20,2024-07-02,2024-12-20,-0.28796518597746695,-0.21139238014654035,41.56917953491211,-0.12384366,0.29887453,-0.14891738,-0.26566753,-0.44801098,37.5538,0.18118314,0.060155585,-0.14182386,0.23042724,0.15619978,-0.09638667,-0.30733207,-0.047009632,1,Stable,True,Health Care,0.0056147471182104785,base_excess_lgbm
2024-07-01,GILD,64.80718231201172,True,2024-12-20,2024-07-02,2024-12-20,0.3009198533934647,0.3774926592243913,88.95926666259766,-0.0589828,0.0379872,-0.021281153,-0.16426404,-0.31866014,51.700443,0.082072824,0.16328247,-0.105281234,0.10395254,0.25592422,-0.038452715,-0.47041202,0.23763981,1,Stable,True,Health Care,0.005563798195700139,base_excess_lgbm
2024-07-01,LDOS,142.50172424316406,True,2024-12-20,2024-07-02,2024-12-20,-0.07871102794572124,-0.002138222114794641,142.4901123046875,0.67970127,-0.029902188,0.11774293,0.3286649,0.14495702,65.99343,-0.14141971,-0.19476168,-0.35103637,-0.10821119,-0.08104504,-0.15424536,-0.3229264,0.0012238594,1,Stable,True,Industrials,0.0014659926292383807,base_excess_lgbm
2024-07-01,XOM,106.96226501464844,True,2024-12-20,2024-07-02,2024-12-20,-0.1342072070198985,-0.057634401188971895,100.11365509033203,0.11535224,0.22431119,0.04317813,0.15904506,0.00837885,44.538734,0.012345338,-0.19100508,0.043692812,0.037671827,-0.10261462,0.118622154,-0.36075905,-0.016736267,1,Stable,True,Energy,0.0012293945800458269,base_excess_lgbm
2024-07-01,HUM,363.3369140625,True,2024-12-20,2024-07-02,2024-12-20,-0.41549220135595044,-0.3389193955250238,241.05030822753906,-0.15115285,0.08199786,0.05976551,-0.18531844,-0.34417555,62.985344,-0.16212782,0.39291382,-0.03416559,-0.11916735,0.47105277,0.039114177,-0.21965522,-0.28342217,1,Stable,True,Health Care,0.16916647514711694,absolute_target
2024-07-01,CHTR,296.0199890136719,True,2024-12-20,2024-07-02,2024-12-20,0.08158205413612443,0.15815485996705103,351.5,-0.1837984,0.4629137,0.009355767,-0.21867661,-0.38598374,58.010914,-0.06040089,0.31007499,-0.03487821,-0.031933483,0.41168964,0.03652373,-0.14600529,-0.18087196,1,Stable,True,Communication Services,0.14535872271778408,absolute_target
2024-07-01,BA,186.6999969482422,True,2024-12-20,2024-07-02,2024-12-20,-0.12009557654132605,-0.04352277071039945,177.35000610351562,-0.11863289,0.4774973,-0.014429018,-0.18471617,-0.34343657,53.9478,0.032575108,0.20332058,-0.066083275,0.056478962,0.30011618,0.0022580624,0.48881257,-0.25554806,1,Stable,True,Industrials,0.1322945685324664,absolute_target
2024-07-01,SBAC,180.68727111816406,True,2024-12-20,2024-07-02,2024-12-20,0.01022622181726475,0.08679902764819135,195.5636444091797,-0.15958771,0.7892209,-0.08286157,-0.22882941,-0.39906326,44.671246,0.07281692,0.12093026,-0.0692417,0.10346323,0.2231333,-0.005787015,0.15073568,-0.17488593,1,Stable,True,Real Estate,0.11827648588312813,absolute_target
2024-07-01,CNC,65.33999633789062,True,2024-12-20,2024-07-02,2024-12-20,-0.1764368391674259,-0.09986403333649929,59.58000183105469,-0.024630565,0.41466057,-0.12617567,-0.14877547,-0.30029693,42.98192,0.0058271587,0.055645615,-0.12414491,0.031404555,0.14078705,-0.055944383,-0.072423965,0.13761722,1,Stable,True,Health Care,0.10114929428736913,absolute_target
2024-07-01,GILD,64.80718231201172,True,2024-12-20,2024-07-02,2024-12-20,0.3009198533934647,0.3774926592243913,88.95926666259766,-0.0589828,0.0379872,-0.021281153,-0.16426404,-0.31866014,51.700443,0.082072824,0.16328247,-0.105281234,0.10395254,0.25592422,-0.038452715,-0.47041202,0.23763981,1,Stable,True,Health Care,0.10063180509457108,absolute_target
2024-07-01,EXPE,120.82495880126953,True,2024-12-20,2024-07-02,2024-12-20,0.4271712183212165,0.5037440241521431,182.22377014160156,0.13594204,0.2697179,-0.07123506,-0.18158744,-0.3396063,45.3158,0.14815466,0.11884829,-0.3175295,0.17175606,0.21305878,-0.24765503,-0.09308998,-0.15948525,1,Stable,True,Consumer Discretionary,0.09927492176449963,absolute_target
2024-07-01,DIS,95.36577606201172,True,2024-12-20,2024-07-02,2024-12-20,0.07707095203272099,0.1536437578636476,109.9620132446289,0.10578435,0.55328345,-0.08060633,0.070890225,-0.0707273,33.612873,0.10620403,-0.23358545,-0.034894124,0.1444171,-0.16859372,0.04813137,0.55970997,-0.1475777,1,Stable,True,Communication Services,0.0944423148364055,absolute_target
2024-07-01,MTCH,28.170452117919922,True,2024-12-20,2024-07-02,2024-12-20,0.0697767850304433,0.1463495908613699,32.41426086425781,-0.29942697,0.8028045,-0.12887387,-0.22565325,-0.3949531,41.23513,0.08777791,0.09575987,0.07377373,0.12111101,0.19405971,0.18031713,-0.0043823,-0.08945493,1,Stable,True,Unknown,0.09418334404031801,absolute_target
2024-07-01,BALL,57.8822135925293,True,2024-12-20,2024-07-02,2024-12-20,-0.1360917710531858,-0.05951896522225919,54.5833854675293,0.045815457,0.955345,-0.069327064,0.047975946,-0.09235696,41.534428,-0.04484033,-0.14295945,0.0021604896,-0.02581641,-0.06919902,0.08225969,-0.4267615,0.26119348,1,Stable,True,Materials,0.0903248573257051,absolute_target
2024-07-01,IP,39.44038772583008,True,2024-12-20,2024-07-02,2024-12-20,0.19821215366356668,0.2747849594944933,50.46363067626953,0.44055164,0.26879466,0.13566522,0.17889242,0.025357783,57.832058,-0.15415715,-0.06354655,-0.2616592,-0.123749524,0.022052895,-0.12025477,-0.07888354,0.1490249,1,Stable,True,Materials,229.49793672821406,future_price_target
2024-07-01,FDX,231.0098876953125,True,2024-12-20,2024-07-02,2024-12-20,-0.14286615426158153,-0.06629334843065493,215.36326599121094,0.21913907,0.5130981,0.17171368,0.21418238,0.05485332,58.94998,0.09249538,-0.124153614,-0.0049566925,0.10644671,-0.030403107,0.07612197,0.017543513,0.27894968,1,Stable,True,Industrials,210.0209633785155,future_price_target
2024-07-01,GM,45.77497863769531,True,2024-12-20,2024-07-02,2024-12-20,0.03219073832385483,0.10876354415478143,51.04719543457031,0.23568274,0.68121994,0.10701116,0.27906755,0.10691373,55.137,-0.031199615,-0.20756719,0.043384805,-0.004550482,-0.099607736,0.11470366,-0.36241612,-0.011998284,1,Stable,True,Consumer Discretionary,206.5930218088429,future_price_target
2024-07-01,SYF,46.21645736694336,True,2024-12-20,2024-07-02,2024-12-20,0.29996015512389707,0.37653296095482364,63.5126838684082,0.45237088,0.70579547,0.1546388,0.24215737,0.07763209,58.63952,-0.07608885,-0.067666456,-0.21021351,-0.0419788,0.02144882,-0.07615163,0.27673644,-0.08186724,1,Stable,True,Financials,205.4274843925032,future_price_target
2024-07-01,AAPL,214.703369140625,True,2024-12-20,2024-07-02,2024-12-20,0.08139189022536536,0.15796469605629196,252.65647888183594,0.14932802,1.0342563,0.17625085,0.17116274,0.018779458,67.85245,-0.15821485,0.114490524,0.021834716,-0.106319256,0.17073363,0.09901559,-0.32627797,0.36642456,1,Stable,True,Information Technology,193.87502884750785,future_price_target
2024-07-01,GDDY,141.5,True,2024-12-20,2024-07-02,2024-12-20,0.3604637140635706,0.4370365198944972,205.41000366210938,0.90829396,0.89394325,0.1526235,0.3880714,0.1886977,61.264023,-0.12838107,-0.2462978,-0.52022254,-0.09427967,-0.117868744,-0.23809835,-0.5355665,0.8259747,1,Stable,True,Information Technology,184.35608390538113,future_price_target
2024-07-01,APH,66.45144653320312,True,2024-12-20,2024-07-02,2024-12-20,-0.026841437810679457,0.04973136802024714,69.7974853515625,0.6316656,1.1085414,0.15997711,0.40327096,0.19958833,63.346905,-0.15331367,-0.22816129,-0.22839463,-0.11480007,-0.09998073,-0.07059944,-0.41848356,0.17373876,1,Stable,True,Information Technology,184.35608390538113,future_price_target
2024-07-01,DFS,131.2578680466,True,2024-12-20,2024-07-02,2024-12-20,0.23225064054726183,0.3088234463781884,172.5557527418,0.15895253,0.44975132,0.112544,0.19172256,0.036182206,56.751263,0.014301211,-0.12213334,0.032770023,0.03828169,-0.03066141,0.108079165,0.062071517,-0.28991744,1,Stable,True,Unknown,178.52008272178338,future_price_target
2024-07-01,HPQ,32.01955795288086,True,2024-12-20,2024-07-02,2024-12-20,-0.11419050855532428,-0.03761770272439768,30.66524887084961,0.19406272,0.5038174,0.15178312,0.14696057,-0.002102129,62.056583,-0.22344044,0.041898414,-0.047102153,-0.18318802,0.11334227,0.039949898,-0.5106589,0.072256945,1,Stable,True,Information Technology,177.33281054927076,future_price_target
2024-07-01,WMB,39.612831115722656,True,2024-12-20,2024-07-02,2024-12-20,0.2125241123285754,0.289096918159502,50.95635223388672,0.3704525,0.43347952,0.13151488,0.21870157,0.058568414,60.126427,-0.06339331,-0.12226156,-0.15175092,-0.034556642,-0.028253712,-0.037158985,-0.51419467,-0.077805646,1,Stable,True,Energy,177.27360915206714,future_price_target
2024-07-01,CHTR,296.0199890136719,True,2024-12-20,2024-07-02,2024-12-20,0.08158205413612443,0.15815485996705103,351.5,-0.1837984,0.4629137,0.009355767,-0.21867661,-0.38598374,58.010914,-0.06040089,0.31007499,-0.03487821,-0.031933483,0.41168964,0.03652373,-0.14600529,-0.18087196,1,Stable,True,Communication Services,0.04250270482102443,difference_features
2024-07-01,MTCH,28.170452117919922,True,2024-12-20,2024-07-02,2024-12-20,0.0697767850304433,0.1463495908613699,32.41426086425781,-0.29942697,0.8028045,-0.12887387,-0.22565325,-0.3949531,41.23513,0.08777791,0.09575987,0.07377373,0.12111101,0.19405971,0.18031713,-0.0043823,-0.08945493,1,Stable,True,Unknown,0.02369658435163176,difference_features
2024-07-01,WMT,66.0820541381836,True,2024-12-20,2024-07-02,2024-12-20,0.28537604758273727,0.3619488534136639,90.78730773925781,0.33080703,0.15824398,0.119115666,0.28804138,0.11390516,62.56059,-0.11188773,-0.14999823,-0.042765647,-0.078491494,-0.04634878,0.04753319,-0.45175374,-0.16965012,1,Stable,True,Consumer Staples,0.01771826469179113,difference_features
2024-07-01,HUM,363.3369140625,True,2024-12-20,2024-07-02,2024-12-20,-0.41549220135595044,-0.3389193955250238,241.05030822753906,-0.15115285,0.08199786,0.05976551,-0.18531844,-0.34417555,62.985344,-0.16212782,0.39291382,-0.03416559,-0.11916735,0.47105277,0.039114177,-0.21965522,-0.28342217,1,Stable,True,Health Care,0.016655202991675024,difference_features
2024-07-01,WELL,100.04486083984375,True,2024-12-20,2024-07-02,2024-12-20,0.11221838340265411,0.1887911892335807,121.18529510498047,0.3291648,0.7015326,0.10539578,0.17275853,0.020141114,67.502266,-0.15386814,-0.01570712,-0.15640627,-0.117697135,0.063979894,-0.044996087,-0.3513158,0.32857794,1,Stable,True,Real Estate,0.014299047853121683,difference_features
2024-07-01,PEG,69.14906311035156,True,2024-12-20,2024-07-02,2024-12-20,0.09619510991664332,0.17276791574756992,81.0407485961914,0.2344358,0.2925981,0.118356995,0.20490576,0.047183774,61.038025,-0.14301766,-0.08210618,-0.029530033,-0.11125091,0.006887544,0.055983327,0.33074504,0.019303098,1,Stable,True,Utilities,0.013887532729864415,difference_features
2024-07-01,WMB,39.612831115722656,True,2024-12-20,2024-07-02,2024-12-20,0.2125241123285754,0.289096918159502,50.95635223388672,0.3704525,0.43347952,0.13151488,0.21870157,0.058568414,60.126427,-0.06339331,-0.12226156,-0.15175092,-0.034556642,-0.028253712,-0.037158985,-0.51419467,-0.077805646,1,Stable,True,Energy,0.01369927290685142,difference_features
2024-07-01,MCK,581.3387451171875,True,2024-12-20,2024-07-02,2024-12-20,-0.08288661882050583,-0.006313812989579226,576.1804809570312,0.40025723,0.034489386,0.09648812,0.23297912,0.0702157,61.255646,-0.06705882,-0.13539119,-0.16727811,-0.038043067,-0.038854595,-0.04702668,0.116284475,-0.054516353,1,Stable,True,Health Care,0.01369927290685142,difference_features
2024-07-01,TSCO,51.2349853515625,True,2024-12-20,2024-07-02,2024-12-20,-0.0550061153378992,0.021566690493027396,52.00566864013672,0.25452706,0.5937601,0.051181324,0.20799404,0.049743578,54.343204,-0.1259645,-0.1435458,-0.04653302,-0.10094679,-0.049040865,0.042398505,-0.23620656,0.1337116,1,Stable,True,Consumer Discretionary,0.012874672888145209,difference_features
2024-07-01,DOV,173.2745819091797,True,2024-12-20,2024-07-02,2024-12-20,-0.001309268466601482,0.07526353736432512,186.2842559814453,0.23965538,0.84086424,0.037341855,0.20111829,0.04403544,52.101784,-0.061915584,-0.17635849,-0.038537085,-0.037322357,-0.081331074,0.048615597,-0.24621981,0.095903784,1,Stable,True,Industrials,0.012101702689472197,difference_features
2024-07-01,IRM,84.22201538085938,True,2024-12-20,2024-07-02,2024-12-20,0.09487348041574911,0.1714462862466757,99.9375991821289,0.6548386,1.1035244,0.17246062,0.33867022,0.15245917,66.55571,-0.028315358,-0.19054742,-0.3161684,2.8014183e-05,-0.07608478,-0.13183075,-0.51168716,0.6629309,1,Stable,True,Real Estate,0.03095702591523927,volume_features
2024-07-01,GLW,37.33397674560547,True,2024-12-20,2024-07-02,2024-12-20,0.17150349709813897,0.24807630292906557,46.270225524902344,0.1529452,0.58465517,0.16127403,0.25461006,0.08760722,66.17944,-0.16585864,-0.051177353,0.101664856,-0.12329316,0.035816975,0.16470107,-0.5048847,0.50707936,1,Stable,True,Information Technology,0.028129334310391465,volume_features
2024-07-01,SBAC,180.68727111816406,True,2024-12-20,2024-07-02,2024-12-20,0.01022622181726475,0.08679902764819135,195.5636444091797,-0.15958771,0.7892209,-0.08286157,-0.22882941,-0.39906326,44.671246,0.07281692,0.12093026,-0.0692417,0.10346323,0.2231333,-0.005787015,0.15073568,-0.17488593,1,Stable,True,Real Estate,0.028099225767720448,volume_features
2024-07-01,MTCH,28.170452117919922,True,2024-12-20,2024-07-02,2024-12-20,0.0697767850304433,0.1463495908613699,32.41426086425781,-0.29942697,0.8028045,-0.12887387,-0.22565325,-0.3949531,41.23513,0.08777791,0.09575987,0.07377373,0.12111101,0.19405971,0.18031713,-0.0043823,-0.08945493,1,Stable,True,Unknown,0.016754611845195024,volume_features
2024-07-01,HUM,363.3369140625,True,2024-12-20,2024-07-02,2024-12-20,-0.41549220135595044,-0.3389193955250238,241.05030822753906,-0.15115285,0.08199786,0.05976551,-0.18531844,-0.34417555,62.985344,-0.16212782,0.39291382,-0.03416559,-0.11916735,0.47105277,0.039114177,-0.21965522,-0.28342217,1,Stable,True,Health Care,0.013947862439704532,volume_features
2024-07-01,TRGP,125.28343200683594,True,2024-12-20,2024-07-02,2024-12-20,0.2866927956906349,0.36326560152156145,170.4433135986328,0.78850055,0.6139461,0.23298718,0.5754149,0.3153011,63.21591,-0.044987388,-0.420134,-0.21308565,-0.014719568,-0.23271145,-0.046662927,0.09718868,0.021368604,1,Stable,True,Energy,0.012375545535498873,volume_features
2024-07-01,COST,835.28271484375,True,2024-12-20,2024-07-02,2024-12-20,0.03669489780933903,0.11326770364026563,944.94677734375,0.6377905,0.8654479,0.12517986,0.28197876,0.10918721,68.24633,-0.15748274,-0.08031717,-0.35581174,-0.11547495,0.012764178,-0.1647473,0.025093928,-0.06762648,1,Stable,True,Consumer Staples,0.0084919090542943,volume_features
2024-07-01,CVS,53.289459228515625,True,2024-12-20,2024-07-02,2024-12-20,-0.28796518597746695,-0.21139238014654035,41.56917953491211,-0.12384366,0.29887453,-0.14891738,-0.26566753,-0.44801098,37.5538,0.18118314,0.060155585,-0.14182386,0.23042724,0.15619978,-0.09638667,-0.30733207,-0.047009632,1,Stable,True,Health Care,0.007253215020381449,volume_features
2024-07-01,AAPL,214.703369140625,True,2024-12-20,2024-07-02,2024-12-20,0.08139189022536536,0.15796469605629196,252.65647888183594,0.14932802,1.0342563,0.17625085,0.17116274,0.018779458,67.85245,-0.15821485,0.114490524,0.021834716,-0.106319256,0.17073363,0.09901559,-0.32627797,0.36642456,1,Stable,True,Information Technology,0.004712827011259972,volume_features
2024-07-01,VRSK,264.1576232910156,True,2024-12-20,2024-07-02,2024-12-20,-0.05718311879350377,0.01938968703742283,273.548095703125,0.20794146,0.5275876,0.105543695,0.15574439,0.005527044,68.73097,-0.12314145,0.029622331,-0.05219707,-0.08468664,0.102771275,0.036022987,-0.010556265,-0.17712498,1,Stable,True,Industrials,0.00427929916446627,volume_features
2024-07-01,TRGP,125.28343200683594,True,2024-12-20,2024-07-02,2024-12-20,0.2866927956906349,0.36326560152156145,170.4433135986328,0.78850055,0.6139461,0.23298718,0.5754149,0.3153011,63.21591,-0.044987388,-0.420134,-0.21308565,-0.014719568,-0.23271145,-0.046662927,0.09718868,0.021368604,1,Stable,True,Energy,0.03572550958705255,rolling_3y
2024-07-01,LLY,900.4849243164062,True,2024-12-20,2024-07-02,2024-12-20,-0.22723175198870935,-0.15065894615778275,758.4117431640625,0.9832501,0.5560483,0.19899966,0.4656388,0.24307358,65.88015,-0.077867776,-0.27314788,-0.51761127,-0.042528428,-0.12878315,-0.22224978,-0.072987534,-0.08385147,1,Stable,True,Health Care,0.018522128281888324,rolling_3y
2024-07-01,AAPL,214.703369140625,True,2024-12-20,2024-07-02,2024-12-20,0.08139189022536536,0.15796469605629196,252.65647888183594,0.14932802,1.0342563,0.17625085,0.17116274,0.018779458,67.85245,-0.15821485,0.114490524,0.021834716,-0.106319256,0.17073363,0.09901559,-0.32627797,0.36642456,1,Stable,True,Information Technology,0.017120142449892056,rolling_3y
2024-07-01,DIS,95.36577606201172,True,2024-12-20,2024-07-02,2024-12-20,0.07707095203272099,0.1536437578636476,109.9620132446289,0.10578435,0.55328345,-0.08060633,0.070890225,-0.0707273,33.612873,0.10620403,-0.23358545,-0.034894124,0.1444171,-0.16859372,0.04813137,0.55970997,-0.1475777,1,Stable,True,Communication Services,0.01587988600160302,rolling_3y
2024-07-01,EXPE,120.82495880126953,True,2024-12-20,2024-07-02,2024-12-20,0.4271712183212165,0.5037440241521431,182.22377014160156,0.13594204,0.2697179,-0.07123506,-0.18158744,-0.3396063,45.3158,0.14815466,0.11884829,-0.3175295,0.17175606,0.21305878,-0.24765503,-0.09308998,-0.15948525,1,Stable,True,Consumer Discretionary,0.013943894856283251,rolling_3y
2024-07-01,IRM,84.22201538085938,True,2024-12-20,2024-07-02,2024-12-20,0.09487348041574911,0.1714462862466757,99.9375991821289,0.6548386,1.1035244,0.17246062,0.33867022,0.15245917,66.55571,-0.028315358,-0.19054742,-0.3161684,2.8014183e-05,-0.07608478,-0.13183075,-0.51168716,0.6629309,1,Stable,True,Real Estate,0.012665038701223477,rolling_3y
2024-07-01,PCAR,95.11963653564453,True,2024-12-20,2024-07-02,2024-12-20,0.0033121319867321225,0.07988493781765872,101.78024291992188,0.2892807,0.8704283,-0.06658536,0.06934242,-0.07217369,37.442677,0.100035004,-0.22202851,-0.2199383,0.13659576,-0.1552642,-0.10684458,-0.31819007,0.1894541,1,Stable,True,Industrials,0.011916883315407432,rolling_3y
2024-07-01,MLM,526.1171875,True,2024-12-20,2024-07-02,2024-12-20,-0.07590875068365097,0.0006640551472756328,529.2173461914062,0.16891593,1.0554622,-0.059674792,0.07406255,-0.067769356,38.71893,0.04934495,-0.19217563,-0.09485338,0.079444,-0.11967596,-0.004432544,0.0002482519,0.09343631,1,Stable,True,Materials,0.010475494701363372,rolling_3y
2024-07-01,FDX,231.0098876953125,True,2024-12-20,2024-07-02,2024-12-20,-0.14286615426158153,-0.06629334843065493,215.36326599121094,0.21913907,0.5130981,0.17171368,0.21418238,0.05485332,58.94998,0.09249538,-0.124153614,-0.0049566925,0.10644671,-0.030403107,0.07612197,0.017543513,0.27894968,1,Stable,True,Industrials,0.009121515960638404,rolling_3y
2024-07-01,SBUX,72.90059661865234,True,2024-12-20,2024-07-02,2024-12-20,0.08246795697974191,0.1590407628106685,84.16613006591797,-0.19911277,0.538143,-0.105101764,-0.1699466,-0.32548282,42.885376,0.07452385,0.05690345,0.029166177,0.105677694,0.14377001,0.11596587,-0.40984753,0.060552433,1,Stable,True,Consumer Discretionary,0.008395475707967935,rolling_3y
2024-07-01,CHTR,296.0199890136719,True,2024-12-20,2024-07-02,2024-12-20,0.08158205413612443,0.15815485996705103,351.5,-0.1837984,0.4629137,0.009355767,-0.21867661,-0.38598374,58.010914,-0.06040089,0.31007499,-0.03487821,-0.031933483,0.41168964,0.03652373,-0.14600529,-0.18087196,1,Stable,True,Communication Services,0.7051947027582831,ranker
2024-07-01,BA,186.6999969482422,True,2024-12-20,2024-07-02,2024-12-20,-0.12009557654132605,-0.04352277071039945,177.35000610351562,-0.11863289,0.4774973,-0.014429018,-0.18471617,-0.34343657,53.9478,0.032575108,0.20332058,-0.066083275,0.056478962,0.30011618,0.0022580624,0.48881257,-0.25554806,1,Stable,True,Industrials,0.6900867258868876,ranker
2024-07-01,HUM,363.3369140625,True,2024-12-20,2024-07-02,2024-12-20,-0.41549220135595044,-0.3389193955250238,241.05030822753906,-0.15115285,0.08199786,0.05976551,-0.18531844,-0.34417555,62.985344,-0.16212782,0.39291382,-0.03416559,-0.11916735,0.47105277,0.039114177,-0.21965522,-0.28342217,1,Stable,True,Health Care,0.6495054695110345,ranker
2024-07-01,GILD,64.80718231201172,True,2024-12-20,2024-07-02,2024-12-20,0.3009198533934647,0.3774926592243913,88.95926666259766,-0.0589828,0.0379872,-0.021281153,-0.16426404,-0.31866014,51.700443,0.082072824,0.16328247,-0.105281234,0.10395254,0.25592422,-0.038452715,-0.47041202,0.23763981,1,Stable,True,Health Care,0.6230675290293018,ranker
2024-07-01,SBAC,180.68727111816406,True,2024-12-20,2024-07-02,2024-12-20,0.01022622181726475,0.08679902764819135,195.5636444091797,-0.15958771,0.7892209,-0.08286157,-0.22882941,-0.39906326,44.671246,0.07281692,0.12093026,-0.0692417,0.10346323,0.2231333,-0.005787015,0.15073568,-0.17488593,1,Stable,True,Real Estate,0.455270031592782,ranker
2024-07-01,BALL,57.8822135925293,True,2024-12-20,2024-07-02,2024-12-20,-0.1360917710531858,-0.05951896522225919,54.5833854675293,0.045815457,0.955345,-0.069327064,0.047975946,-0.09235696,41.534428,-0.04484033,-0.14295945,0.0021604896,-0.02581641,-0.06919902,0.08225969,-0.4267615,0.26119348,1,Stable,True,Materials,0.4227453904572559,ranker
2024-07-01,XEL,49.18672180175781,True,2024-12-20,2024-07-02,2024-12-20,0.2013050863236094,0.277877892154536,63.77772521972656,-0.111241646,0.0885261,-0.04039803,-0.15800935,-0.31120396,48.359272,-0.029843375,0.14302179,-0.046767704,-0.005766377,0.23434907,0.026139528,-0.4072398,-0.3359872,1,Stable,True,Utilities,0.4172038682866843,ranker
2024-07-01,TFX,206.78311157226562,True,2024-12-20,2024-07-02,2024-12-20,-0.23046962034312743,-0.15389681451220083,174.8026123046875,-0.09435673,0.6979459,-0.047415495,-0.14819425,-0.29961437,47.718967,0.011820456,0.14770968,-0.053837523,0.036756344,0.23737581,0.018909007,0.11057433,0.33721015,1,Stable,True,Unknown,0.395435257063122,ranker
2024-07-01,PLD,104.76458740234375,True,2024-12-20,2024-07-02,2024-12-20,-0.14913009359497817,-0.07255728776405157,98.25672912597656,-0.0511641,0.9534033,-0.056887463,-0.14582455,-0.29683626,44.811695,0.11638226,0.05139312,-0.094660446,0.1459052,0.13589011,-0.024903268,-0.49444228,0.09176785,1,Stable,True,Real Estate,0.36287145875297516,ranker
2024-07-01,TRGP,125.28343200683594,True,2024-12-20,2024-07-02,2024-12-20,0.2866927956906349,0.36326560152156145,170.4433135986328,0.78850055,0.6139461,0.23298718,0.5754149,0.3153011,63.21591,-0.044987388,-0.420134,-0.21308565,-0.014719568,-0.23271145,-0.046662927,0.09718868,0.021368604,1,Stable,True,Energy,0.32401315593336105,ranker
2024-07-01,COST,835.28271484375,True,2024-12-20,2024-07-02,2024-12-20,0.03669489780933903,0.11326770364026563,944.94677734375,0.6377905,0.8654479,0.12517986,0.28197876,0.10918721,68.24633,-0.15748274,-0.08031717,-0.35581174,-0.11547495,0.012764178,-0.1647473,0.025093928,-0.06762648,1,Stable,True,Consumer Staples,-0.009404748678207397,elasticnet
2024-07-01,LDOS,142.50172424316406,True,2024-12-20,2024-07-02,2024-12-20,-0.07871102794572124,-0.002138222114794641,142.4901123046875,0.67970127,-0.029902188,0.11774293,0.3286649,0.14495702,65.99343,-0.14141971,-0.19476168,-0.35103637,-0.10821119,-0.08104504,-0.15424536,-0.3229264,0.0012238594,1,Stable,True,Industrials,-0.009827380068600178,elasticnet
2024-07-01,VRSK,264.1576232910156,True,2024-12-20,2024-07-02,2024-12-20,-0.05718311879350377,0.01938968703742283,273.548095703125,0.20794146,0.5275876,0.105543695,0.15574439,0.005527044,68.73097,-0.12314145,0.029622331,-0.05219707,-0.08468664,0.102771275,0.036022987,-0.010556265,-0.17712498,1,Stable,True,Industrials,-0.010099180042743683,elasticnet
2024-07-01,TJX,107.51517486572266,True,2024-12-20,2024-07-02,2024-12-20,0.03777415764427508,0.11434696347520168,119.3974838256836,0.34010804,0.55109006,0.118149444,0.19994526,0.043058343,67.464836,-0.086721115,-0.04067333,-0.14016278,-0.05275288,0.04297995,-0.03027831,-0.35905343,0.068966985,1,Stable,True,Consumer Discretionary,-0.010222489945590496,elasticnet
2024-07-01,IRM,84.22201538085938,True,2024-12-20,2024-07-02,2024-12-20,0.09487348041574911,0.1714462862466757,99.9375991821289,0.6548386,1.1035244,0.17246062,0.33867022,0.15245917,66.55571,-0.028315358,-0.19054742,-0.3161684,2.8014183e-05,-0.07608478,-0.13183075,-0.51168716,0.6629309,1,Stable,True,Real Estate,-0.010242900811135769,elasticnet
2024-07-01,TYL,499.5199890136719,True,2024-12-20,2024-07-02,2024-12-20,0.11285741599649224,0.18943022182741884,605.4199829101562,0.2132222,0.7345269,0.119363956,0.20534717,0.04755004,67.18278,-0.16444336,-0.001017049,-0.00787504,-0.12181213,0.07661958,0.07368383,-0.09173893,0.2754778,1,Stable,True,Information Technology,-0.010282430797815323,elasticnet
2024-07-01,WELL,100.04486083984375,True,2024-12-20,2024-07-02,2024-12-20,0.11221838340265411,0.1887911892335807,121.18529510498047,0.3291648,0.7015326,0.10539578,0.17275853,0.020141114,67.502266,-0.15386814,-0.01570712,-0.15640627,-0.117697135,0.063979894,-0.044996087,-0.3513158,0.32857794,1,Stable,True,Real Estate,-0.010328423231840134,elasticnet
2024-07-01,LLY,900.4849243164062,True,2024-12-20,2024-07-02,2024-12-20,-0.22723175198870935,-0.15065894615778275,758.4117431640625,0.9832501,0.5560483,0.19899966,0.4656388,0.24307358,65.88015,-0.077867776,-0.27314788,-0.51761127,-0.042528428,-0.12878315,-0.22224978,-0.072987534,-0.08385147,1,Stable,True,Health Care,-0.010495765134692192,elasticnet
2024-07-01,GLW,37.33397674560547,True,2024-12-20,2024-07-02,2024-12-20,0.17150349709813897,0.24807630292906557,46.270225524902344,0.1529452,0.58465517,0.16127403,0.25461006,0.08760722,66.17944,-0.16585864,-0.051177353,0.101664856,-0.12329316,0.035816975,0.16470107,-0.5048847,0.50707936,1,Stable,True,Information Technology,-0.01071763876825571,elasticnet
2024-07-01,CL,90.70040893554688,True,2024-12-20,2024-07-02,2024-12-20,-0.10942916180932746,-0.03285635597840087,88.25286102294922,0.27901495,0.2187271,0.0778962,0.20234019,0.04505222,63.862225,-0.07172078,-0.102865435,-0.07667476,-0.042457215,-0.01197353,0.01837559,-0.026843268,-0.06840483,1,Stable,True,Consumer Staples,-0.010941977612674236,elasticnet
2024-07-01,HUM,363.3369140625,True,2024-12-20,2024-07-02,2024-12-20,-0.41549220135595044,-0.3389193955250238,241.05030822753906,-0.15115285,0.08199786,0.05976551,-0.18531844,-0.34417555,62.985344,-0.16212782,0.39291382,-0.03416559,-0.11916735,0.47105277,0.039114177,-0.21965522,-0.28342217,1,Stable,True,Health Care,0.05583205819129944,mlp
2024-07-01,CHTR,296.0199890136719,True,2024-12-20,2024-07-02,2024-12-20,0.08158205413612443,0.15815485996705103,351.5,-0.1837984,0.4629137,0.009355767,-0.21867661,-0.38598374,58.010914,-0.06040089,0.31007499,-0.03487821,-0.031933483,0.41168964,0.03652373,-0.14600529,-0.18087196,1,Stable,True,Communication Services,0.03663113713264465,mlp
2024-07-01,GPN,93.46566772460938,True,2024-12-20,2024-07-02,2024-12-20,0.08245203999128059,0.1590248458222072,109.92542266845703,-0.0049142926,0.81434137,-0.20358226,-0.27770752,-0.46454272,28.966724,0.18053752,0.03910549,-0.27279323,0.23778015,0.13018975,-0.24020274,-0.2380908,0.06920577,1,Stable,True,Financials,0.01866978406906128,mlp
2024-07-01,CTLT,56.16,True,2024-12-20,2024-07-02,2024-12-20,,,,0.30483273,0.29595003,0.01334039,0.20360051,0.046099905,47.24359,0.05810518,-0.21764545,-0.101232216,0.08226123,-0.12199828,-0.000561364,-0.34883338,-0.21348017,1,Stable,True,Unknown,0.017529070377349854,mlp
2024-07-01,CVS,53.289459228515625,True,2024-12-20,2024-07-02,2024-12-20,-0.28796518597746695,-0.21139238014654035,41.56917953491211,-0.12384366,0.29887453,-0.14891738,-0.26566753,-0.44801098,37.5538,0.18118314,0.060155585,-0.14182386,0.23042724,0.15619978,-0.09638667,-0.30733207,-0.047009632,1,Stable,True,Health Care,0.015149056911468506,mlp
2024-07-01,BA,186.6999969482422,True,2024-12-20,2024-07-02,2024-12-20,-0.12009557654132605,-0.04352277071039945,177.35000610351562,-0.11863289,0.4774973,-0.014429018,-0.18471617,-0.34343657,53.9478,0.032575108,0.20332058,-0.066083275,0.056478962,0.30011618,0.0022580624,0.48881257,-0.25554806,1,Stable,True,Industrials,0.01332169771194458,mlp
2024-07-01,JNPR,35.8784359235,True,2024-12-20,2024-07-02,2024-12-20,-0.04616462285103514,0.03040818297989146,36.7883591894,0.22307657,0.13229185,0.020414298,0.23089871,0.068526976,50.041344,0.036453143,-0.23068048,0.007822141,0.060796313,-0.13006265,0.08657108,-0.53360474,-0.42936376,1,Stable,True,Unknown,0.012319296598434448,mlp
2024-07-01,RTX,95.65518951416016,True,2024-12-20,2024-07-02,2024-12-20,0.09588987000193763,0.17246267583286423,113.12100982666016,0.045602664,0.13799495,0.027637353,0.1743737,0.0215174,48.347103,-0.08506355,-0.16592638,0.12877104,-0.063122645,-0.074859425,0.19633754,-0.36543632,-0.10149574,1,Stable,True,Industrials,0.011425763368606567,mlp
2024-07-01,WM,203.16551208496094,True,2024-12-20,2024-07-02,2024-12-20,-0.08707931136841593,-0.01050650553748933,201.13658142089844,0.2541466,0.072305635,0.03426708,0.18316816,0.028978126,51.11102,-0.01752743,-0.16844867,-0.07097845,0.0075754374,-0.07611979,0.021936353,-0.08634196,0.110431656,1,Stable,True,Industrials,0.010031521320343018,mlp
2024-07-01,SBAC,180.68727111816406,True,2024-12-20,2024-07-02,2024-12-20,0.01022622181726475,0.08679902764819135,195.5636444091797,-0.15958771,0.7892209,-0.08286157,-0.22882941,-0.39906326,44.671246,0.07281692,0.12093026,-0.0692417,0.10346323,0.2231333,-0.005787015,0.15073568,-0.17488593,1,Stable,True,Real Estate,0.008426457643508911,mlp
2024-07-01,HUM,363.3369140625,True,2024-12-20,2024-07-02,2024-12-20,-0.41549220135595044,-0.3389193955250238,241.05030822753906,-0.15115285,0.08199786,0.05976551,-0.18531844,-0.34417555,62.985344,-0.16212782,0.39291382,-0.03416559,-0.11916735,0.47105277,0.039114177,-0.21965522,-0.28342217,1,Stable,True,Health Care,0.03145497949727357,cv_direction
2024-07-01,MTCH,28.170452117919922,True,2024-12-20,2024-07-02,2024-12-20,0.0697767850304433,0.1463495908613699,32.41426086425781,-0.29942697,0.8028045,-0.12887387,-0.22565325,-0.3949531,41.23513,0.08777791,0.09575987,0.07377373,0.12111101,0.19405971,0.18031713,-0.0043823,-0.08945493,1,Stable,True,Unknown,0.01758148942444056,cv_direction
2024-07-01,TRGP,125.28343200683594,True,2024-12-20,2024-07-02,2024-12-20,0.2866927956906349,0.36326560152156145,170.4433135986328,0.78850055,0.6139461,0.23298718,0.5754149,0.3153011,63.21591,-0.044987388,-0.420134,-0.21308565,-0.014719568,-0.23271145,-0.046662927,0.09718868,0.021368604,1,Stable,True,Energy,0.016798364953600792,cv_direction
2024-07-01,SBAC,180.68727111816406,True,2024-12-20,2024-07-02,2024-12-20,0.01022622181726475,0.08679902764819135,195.5636444091797,-0.15958771,0.7892209,-0.08286157,-0.22882941,-0.39906326,44.671246,0.07281692,0.12093026,-0.0692417,0.10346323,0.2231333,-0.005787015,0.15073568,-0.17488593,1,Stable,True,Real Estate,0.014923223246250247,cv_direction
2024-07-01,BA,186.6999969482422,True,2024-12-20,2024-07-02,2024-12-20,-0.12009557654132605,-0.04352277071039945,177.35000610351562,-0.11863289,0.4774973,-0.014429018,-0.18471617,-0.34343657,53.9478,0.032575108,0.20332058,-0.066083275,0.056478962,0.30011618,0.0022580624,0.48881257,-0.25554806,1,Stable,True,Industrials,0.00985957345813979,cv_direction
2024-07-01,COST,835.28271484375,True,2024-12-20,2024-07-02,2024-12-20,0.03669489780933903,0.11326770364026563,944.94677734375,0.6377905,0.8654479,0.12517986,0.28197876,0.10918721,68.24633,-0.15748274,-0.08031717,-0.35581174,-0.11547495,0.012764178,-0.1647473,0.025093928,-0.06762648,1,Stable,True,Consumer Staples,0.005816278201964951,cv_direction
2024-07-01,CVS,53.289459228515625,True,2024-12-20,2024-07-02,2024-12-20,-0.28796518597746695,-0.21139238014654035,41.56917953491211,-0.12384366,0.29887453,-0.14891738,-0.26566753,-0.44801098,37.5538,0.18118314,0.060155585,-0.14182386,0.23042724,0.15619978,-0.09638667,-0.30733207,-0.047009632,1,Stable,True,Health Care,0.0056147471182104785,cv_direction
2024-07-01,GILD,64.80718231201172,True,2024-12-20,2024-07-02,2024-12-20,0.3009198533934647,0.3774926592243913,88.95926666259766,-0.0589828,0.0379872,-0.021281153,-0.16426404,-0.31866014,51.700443,0.082072824,0.16328247,-0.105281234,0.10395254,0.25592422,-0.038452715,-0.47041202,0.23763981,1,Stable,True,Health Care,0.005563798195700139,cv_direction
2024-07-01,LDOS,142.50172424316406,True,2024-12-20,2024-07-02,2024-12-20,-0.07871102794572124,-0.002138222114794641,142.4901123046875,0.67970127,-0.029902188,0.11774293,0.3286649,0.14495702,65.99343,-0.14141971,-0.19476168,-0.35103637,-0.10821119,-0.08104504,-0.15424536,-0.3229264,0.0012238594,1,Stable,True,Industrials,0.0014659926292383807,cv_direction
2024-07-01,XOM,106.96226501464844,True,2024-12-20,2024-07-02,2024-12-20,-0.1342072070198985,-0.057634401188971895,100.11365509033203,0.11535224,0.22431119,0.04317813,0.15904506,0.00837885,44.538734,0.012345338,-0.19100508,0.043692812,0.037671827,-0.10261462,0.118622154,-0.36075905,-0.016736267,1,Stable,True,Energy,0.0012293945800458269,cv_direction
2024-12-19,HUM,230.00743103027344,True,2025-06-17,2024-12-20,2025-06-17,-0.02497809778607439,-0.016232279681693385,237.13751220703125,-0.4864252,0.44173926,-0.25017652,-0.36695826,-0.5263673,43.532482,0.04412934,0.12488349,0.11946693,0.09007625,0.22420347,0.34734476,0.35935614,-0.06516388,1,Stable,True,Health Care,0.0629820892286638,base_excess_lgbm
2024-12-19,DVN,29.329627990722656,True,2025-06-17,2024-12-20,2025-06-17,0.13536887717878482,0.1441146952831658,33.831329345703125,-0.30840257,0.6281875,-0.2532662,-0.34926504,-0.49880123,34.747993,0.030227646,0.12107426,-0.04086247,0.0719015,0.21479008,0.077302575,0.52185583,0.308485,1,Stable,True,Energy,0.060747792747564845,base_excess_lgbm
2024-12-19,GDDY,202.94000244140625,True,2025-06-17,2024-12-20,2025-06-17,-0.1419915699568519,-0.1332457518524709,178.0399932861328,0.8893957,0.9335118,0.22287269,0.43420497,0.29146227,70.724396,-0.21044813,-0.1563257,-0.45519075,-0.14646257,-0.07125369,-0.13744226,-0.09446759,0.16795306,1,Stable,True,Information Technology,0.0159143159930972,base_excess_lgbm
2024-12-19,FOX,45.26060485839844,True,2025-06-17,2024-12-20,2025-06-17,0.06062237548411875,0.06936819358849976,49.11619567871094,0.6758508,0.31011465,0.19050309,0.45593423,0.3064994,65.17857,-0.13594049,-0.2600444,-0.21991658,-0.0871851,-0.15260215,-0.0024690926,-0.041573085,0.26641798,1,Stable,True,Communication Services,0.01427191240074131,base_excess_lgbm
2024-12-19,FOXA,48.14634323120117,True,2025-06-17,2024-12-20,2025-06-17,0.08838686995798098,0.09713268806236199,53.569190979003906,0.6563494,0.3080325,0.17783803,0.44090062,0.29611996,63.21981,-0.09470223,-0.27748936,-0.2154488,-0.05142068,-0.16975683,-0.0011435449,0.58904463,0.3059372,1,Stable,True,Communication Services,0.0102434824104717,base_excess_lgbm
2024-12-19,REGN,701.62890625,True,2025-06-17,2024-12-20,2025-06-17,-0.281714871644662,-0.272969053540281,505.49639892578125,-0.16518353,0.80908835,-0.2852051,-0.32995585,-0.46956006,23.137583,0.2659269,0.016810209,-0.16477232,0.3607474,0.068933785,-0.081664175,0.2733547,0.34621993,1,Stable,True,Health Care,0.01005199004047715,base_excess_lgbm
2024-12-19,DLTR,69.05999755859375,True,2025-06-17,2024-12-20,2025-06-17,0.33962263791708763,0.34836845602146865,98.3499984741211,-0.48308387,0.36869,-0.13671586,-0.35608393,-0.5093353,48.835636,0.11418723,0.33496407,0.12699994,0.14381826,0.46299592,0.35789192,-0.19357222,-0.096038274,1,Stable,True,Consumer Staples,0.009978116891689225,base_excess_lgbm
2024-12-19,FFIV,250.41000366210938,True,2025-06-17,2024-12-20,2025-06-17,0.13531759651560163,0.14406341461998262,288.5899963378906,0.39940763,0.936528,0.166643,0.46284622,0.3112356,61.89589,-0.10537447,-0.3228052,0.063438594,-0.0635007,-0.20516464,0.1825391,-0.07305426,-0.081897095,1,Stable,True,Information Technology,0.009934094721420464,base_excess_lgbm
2024-12-19,FTNT,94.8499984741211,True,2025-06-17,2024-12-20,2025-06-17,0.049799244855588516,0.05854506295996952,102.87999725341797,0.6421399,0.52712727,0.21993828,0.58479536,0.39130688,62.292446,-0.212129,-0.34670636,-0.057344556,-0.15445596,-0.2027311,0.102659196,0.085946046,-0.13954492,1,Stable,True,Information Technology,0.009235832427926033,base_excess_lgbm
2024-12-19,ETR,71.15850830078125,True,2025-06-17,2024-12-20,2025-06-17,0.08489614425097448,0.09364196235535549,78.49055480957031,0.5267696,-0.16189796,0.15387987,0.4341387,0.29141605,59.21684,-0.16908404,-0.27653357,-0.09263089,-0.124414295,-0.17005603,0.07561447,0.36120313,-0.0044628563,1,Stable,True,Utilities,0.00883965317169499,base_excess_lgbm
2024-12-19,DHI,134.4331512451172,True,2025-06-17,2024-12-20,2025-06-17,-0.1444974146434603,-0.1357515965390793,118.19001770019531,-0.07899552,0.4648375,-0.20739673,0.005680532,-0.06348393,31.225708,0.10635109,-0.2706878,0.08467605,0.16862413,-0.26940402,0.22615898,0.905811,0.11214064,1,Stable,True,Consumer Discretionary,0.2818795777874337,absolute_target
2024-12-19,HUM,230.00743103027344,True,2025-06-17,2024-12-20,2025-06-17,-0.02497809778607439,-0.016232279681693385,237.13751220703125,-0.4864252,0.44173926,-0.25017652,-0.36695826,-0.5263673,43.532482,0.04412934,0.12488349,0.11946693,0.09007625,0.22420347,0.34734476,0.35935614,-0.06516388,1,Stable,True,Health Care,0.26607680596244304,absolute_target
2024-12-19,DVN,29.329627990722656,True,2025-06-17,2024-12-20,2025-06-17,0.13536887717878482,0.1441146952831658,33.831329345703125,-0.30840257,0.6281875,-0.2532662,-0.34926504,-0.49880123,34.747993,0.030227646,0.12107426,-0.04086247,0.0719015,0.21479008,0.077302575,0.52185583,0.308485,1,Stable,True,Energy,0.2403233824460707,absolute_target
2024-12-19,REGN,701.62890625,True,2025-06-17,2024-12-20,2025-06-17,-0.281714871644662,-0.272969053540281,505.49639892578125,-0.16518353,0.80908835,-0.2852051,-0.32995585,-0.46956006,23.137583,0.2659269,0.016810209,-0.16477232,0.3607474,0.068933785,-0.081664175,0.2733547,0.34621993,1,Stable,True,Health Care,0.228382107359462,absolute_target
2024-12-19,PHM,107.5685806274414,True,2025-06-17,2024-12-20,2025-06-17,-0.11169123874668561,-0.10294542064230461,97.9393310546875,0.06503078,0.673394,-0.15877561,0.028439062,-0.041106213,34.63555,0.075207666,-0.25174075,-0.036591724,0.12590851,-0.23659034,0.103242606,1.085707,0.032542273,1,Stable,True,Consumer Discretionary,0.14119918468197523,absolute_target
2024-12-19,SWK,74.26152038574219,True,2025-06-17,2024-12-20,2025-06-17,-0.2085870786732018,-0.19984126056882082,61.34360885620117,-0.15232582,0.76710945,-0.1571945,0.039351635,-0.030551303,28.531069,0.17919219,-0.28009573,0.19167745,0.24537298,-0.26985836,0.34206015,0.48922035,0.10407206,1,Stable,True,Industrials,0.13782677023342582,absolute_target
2024-12-19,DLTR,69.05999755859375,True,2025-06-17,2024-12-20,2025-06-17,0.33962263791708763,0.34836845602146865,98.3499984741211,-0.48308387,0.36869,-0.13671586,-0.35608393,-0.5093353,48.835636,0.11418723,0.33496407,0.12699994,0.14381826,0.46299592,0.35789192,-0.19357222,-0.096038274,1,Stable,True,Consumer Staples,0.13592107720844387,absolute_target
2024-12-19,NEM,36.244651794433594,True,2025-06-17,2024-12-20,2025-06-17,0.5362654753690793,0.5450112934734603,57.904335021972656,-0.0916139,0.80057794,-0.22732338,-0.10152163,-0.17620105,29.941202,0.19234468,-0.22456676,-0.00990773,0.28456616,-0.24344856,0.12723726,0.40031368,0.112337746,1,Stable,True,Materials,0.1356393101953183,absolute_target
2024-12-19,UNH,471.11669921875,True,2025-06-17,2024-12-20,2025-06-17,-0.3841242355208275,-0.37537841741644645,300.81365966796875,-0.051770426,0.17328127,-0.13881244,-0.0036024451,-0.07275734,41.215115,-0.034328967,-0.14420602,0.04816798,-0.007632643,-0.11217991,0.18775383,0.18751541,0.6612527,1,Stable,True,Health Care,0.1330812772650447,absolute_target
2024-12-19,CVS,41.025665283203125,True,2025-06-17,2024-12-20,2025-06-17,0.5386639494936548,0.5474097675980358,64.32455444335938,-0.40189674,0.41999203,-0.23819315,-0.23013546,-0.3306891,37.66586,0.015458614,-0.014955506,0.17176129,0.053754926,0.024537802,0.3906553,0.9198222,0.2817959,1,Stable,True,Health Care,0.12994070202215957,absolute_target
2024-12-19,PODD,256.55999755859375,True,2025-06-17,2024-12-20,2025-06-17,0.13313063567918273,0.14187645378356373,304.3900146484375,0.19547084,0.5684334,0.13122648,0.30791187,0.19928348,57.097687,-0.11195901,-0.23354003,0.11244103,-0.076563604,-0.15254062,0.22809589,0.1977637,-0.10277551,1,Stable,True,Health Care,207.86543678122925,future_price_target
2024-12-19,GILD,87.53699493408203,True,2025-06-17,2024-12-20,2025-06-17,0.1744693927146973,0.1832152108190783,105.2579574584961,0.19275892,0.21797253,0.1141857,0.35072985,0.23149668,57.300743,-0.08093474,-0.23340088,0.15797094,-0.04170905,-0.14554897,0.26258016,0.37302512,0.028836524,1,Stable,True,Health Care,200.37063007127554,future_price_target
2024-12-19,DRI,173.96987915039062,True,2025-06-17,2024-12-20,2025-06-17,0.20737760762676985,0.21612342573115084,216.3551788330078,0.1484435,0.7348095,0.16700925,0.26029554,0.16219784,58.118137,0.027325898,-0.15938462,0.111852035,0.058002472,-0.09105319,0.23114282,2.6703904,0.13810982,1,Stable,True,Consumer Discretionary,198.68243447882543,future_price_target
2024-12-19,FI,202.26,True,2025-06-17,2024-12-20,2025-06-17,-0.21554028546667178,-0.2067944673622908,163.44,0.50737816,0.6334691,0.1021012,0.3746092,0.2490211,59.11266,-0.21595094,-0.23060468,-0.13276896,-0.17571631,-0.13947955,0.046001807,0.0137633635,0.27406013,1,Stable,True,Financials,186.68652175777532,future_price_target
2024-12-19,FTNT,94.8499984741211,True,2025-06-17,2024-12-20,2025-06-17,0.049799244855588516,0.05854506295996952,102.87999725341797,0.6421399,0.52712727,0.21993828,0.58479536,0.39130688,62.292446,-0.212129,-0.34670636,-0.057344556,-0.15445596,-0.2027311,0.102659196,0.085946046,-0.13954492,1,Stable,True,Information Technology,185.12092963171344,future_price_target
2024-12-19,RJF,147.33262634277344,True,2025-06-17,2024-12-20,2025-06-17,-0.050465660982594515,-0.04171984287821351,145.1072540283203,0.34705365,0.7608666,0.13876286,0.22902954,0.13707648,62.502243,-0.28016195,-0.018666372,-0.11802411,-0.22979045,0.028850675,0.04650928,0.32152435,-0.07906426,1,Stable,True,Financials,183.5802081725555,future_price_target
2024-12-19,KMI,24.434444427490234,True,2025-06-17,2024-12-20,2025-06-17,0.03643586480086105,0.045181682905242056,26.132129669189453,0.57474047,0.54621184,0.13285452,0.35950166,0.2379698,62.403416,-0.2646589,-0.15769994,-0.21523881,-0.21525714,-0.079141214,-0.008768141,0.6312864,-0.075196356,1,Stable,True,Energy,180.76925230459247,future_price_target
2024-12-19,CME,220.3213348388672,True,2025-06-17,2024-12-20,2025-06-17,0.16108761238750818,0.16983343049188918,259.6003112792969,0.16416623,-0.088748485,0.09520846,0.22358453,0.1326363,56.219707,-0.05028486,-0.1296014,0.059418306,-0.01357051,-0.0678043,0.18798368,0.10159974,0.28628466,1,Stable,True,Financials,180.75964231757698,future_price_target
2024-12-19,EPAM,246.8000030517578,True,2025-06-17,2024-12-20,2025-06-17,-0.3296996344212794,-0.3209538163168984,168.5800018310547,-0.16452265,0.7911958,0.1754746,0.32988468,0.21594384,62.551025,-0.20557638,-0.07185626,0.49440733,-0.14493868,-0.011391401,0.60304844,-0.17225792,0.25791574,1,Stable,True,Unknown,179.65002344651407,future_price_target
2024-12-19,EQIX,887.3753051757812,True,2025-06-17,2024-12-20,2025-06-17,-0.042233489020167866,-0.03348767091578686,862.9172973632812,0.16158631,0.63888896,0.06905221,0.22514215,0.13390848,54.474594,-0.037506245,-0.18477398,0.06355584,-0.003232481,-0.11932711,0.19147442,0.24844013,0.20695443,1,Stable,True,Real Estate,177.09006716641534,future_price_target
2024-12-19,DVN,29.329627990722656,True,2025-06-17,2024-12-20,2025-06-17,0.13536887717878482,0.1441146952831658,33.831329345703125,-0.30840257,0.6281875,-0.2532662,-0.34926504,-0.49880123,34.747993,0.030227646,0.12107426,-0.04086247,0.0719015,0.21479008,0.077302575,0.52185583,0.308485,1,Stable,True,Energy,0.06592528988315932,difference_features
2024-12-19,DG,71.03309631347656,True,2025-06-17,2024-12-20,2025-06-17,0.49577467324890356,0.5045204913532846,110.50106811523438,-0.4204379,-0.09931085,-0.21850897,-0.42755598,-0.6269887,41.979782,0.12535273,0.31066537,-0.007118076,0.16621706,0.4776892,0.12584627,-0.08207782,0.019650407,1,Stable,True,Consumer Staples,0.03680195549802234,difference_features
2024-12-19,HLT,244.8494110107422,True,2025-06-17,2024-12-20,2025-06-17,-0.017410943823952238,-0.008665125719571232,246.35264587402344,0.37106264,0.95597315,0.07103213,0.1486185,0.06941153,56.6568,-0.09894122,-0.06722741,-0.22244413,-0.06246988,-0.016156558,-0.038822033,0.081993334,-0.09224829,1,Stable,True,Consumer Discretionary,0.0245724220729315,difference_features
2024-12-19,KDP,30.693769454956055,True,2025-06-17,2024-12-20,2025-06-17,0.021021109212683867,0.029766927317064873,31.578161239624023,0.02203614,0.14313073,-0.0616634,-0.007314868,-0.07649015,36.083687,0.14375913,-0.12520832,-0.029351009,0.18682413,-0.09066963,0.10906552,0.7512715,0.09032115,1,Stable,True,Consumer Staples,0.02409374898718013,difference_features
2024-12-19,PFE,22.851716995239258,True,2025-06-17,2024-12-20,2025-06-17,-0.06556708303367663,-0.05682126492929562,22.046714782714844,-0.028932836,0.22044602,-0.07457784,-0.05954606,-0.130541,43.42589,0.12867314,-0.035847217,-0.030613225,0.16647741,0.0052927136,0.106171176,0.20927271,0.14385901,1,Stable,True,Health Care,0.02309175959089425,difference_features
2024-12-19,MO,47.000648498535156,True,2025-06-17,2024-12-20,2025-06-17,0.14806180576654673,0.15680762387092773,55.242855072021484,0.36140704,-0.09393551,0.029407034,0.17381327,0.09110926,54.014027,-0.09161718,-0.13560794,-0.18759377,-0.058900416,-0.078608975,-0.0100569725,0.45209345,-0.01979748,1,Stable,True,Consumer Staples,0.022986736869987017,difference_features
2024-12-19,CPB,37.8814697265625,True,2025-06-17,2024-12-20,2025-06-17,-0.22705212603955063,-0.21830630793516964,29.554733276367188,-0.016542904,-0.11422692,-0.11613073,-0.06677093,-0.13825299,36.97206,0.102382794,-0.08651332,-0.05022803,0.14763193,-0.053130537,0.0857808,-0.03597516,0.27847114,1,Stable,True,Unknown,0.021953362449012942,difference_features
2024-12-19,PNR,98.97908782958984,True,2025-06-17,2024-12-20,2025-06-17,-0.05964539000875001,-0.050899571904369,94.8434829711914,0.43292618,1.0075524,0.078648955,0.36397532,0.24125506,55.04162,-0.079912454,-0.3146859,-0.06895086,-0.045730572,-0.21813516,0.08888894,0.06993495,-0.19746771,1,Stable,True,Industrials,0.021720668352730736,difference_features
2024-12-19,CINF,137.4554443359375,True,2025-06-17,2024-12-20,2025-06-17,0.002135538468287195,0.0108813565726682,141.23721313476562,0.4258475,0.66280216,0.043177105,0.20723085,0.1191808,53.015186,-0.11442071,-0.14939754,-0.21861665,-0.08098997,-0.08795132,-0.028233051,0.24159697,-0.028814584,1,Stable,True,Financials,0.021667095731691392,difference_features
2024-12-19,FOX,45.26060485839844,True,2025-06-17,2024-12-20,2025-06-17,0.06062237548411875,0.06936819358849976,49.11619567871094,0.6758508,0.31011465,0.19050309,0.45593423,0.3064994,65.17857,-0.13594049,-0.2600444,-0.21991658,-0.0871851,-0.15260215,-0.0024690926,-0.041573085,0.26641798,1,Stable,True,Communication Services,0.020467713509129327,difference_features
2024-12-19,HUM,230.00743103027344,True,2025-06-17,2024-12-20,2025-06-17,-0.02497809778607439,-0.016232279681693385,237.13751220703125,-0.4864252,0.44173926,-0.25017652,-0.36695826,-0.5263673,43.532482,0.04412934,0.12488349,0.11946693,0.09007625,0.22420347,0.34734476,0.35935614,-0.06516388,1,Stable,True,Health Care,0.0570729603704338,volume_features
2024-12-19,DVN,29.329627990722656,True,2025-06-17,2024-12-20,2025-06-17,0.13536887717878482,0.1441146952831658,33.831329345703125,-0.30840257,0.6281875,-0.2532662,-0.34926504,-0.49880123,34.747993,0.030227646,0.12107426,-0.04086247,0.0719015,0.21479008,0.077302575,0.52185583,0.308485,1,Stable,True,Energy,0.03190771631725983,volume_features
2024-12-19,FOXA,48.14634323120117,True,2025-06-17,2024-12-20,2025-06-17,0.08838686995798098,0.09713268806236199,53.569190979003906,0.6563494,0.3080325,0.17783803,0.44090062,0.29611996,63.21981,-0.09470223,-0.27748936,-0.2154488,-0.05142068,-0.16975683,-0.0011435449,0.58904463,0.3059372,1,Stable,True,Communication Services,0.021633175823543904,volume_features
2024-12-19,FOX,45.26060485839844,True,2025-06-17,2024-12-20,2025-06-17,0.06062237548411875,0.06936819358849976,49.11619567871094,0.6758508,0.31011465,0.19050309,0.45593423,0.3064994,65.17857,-0.13594049,-0.2600444,-0.21991658,-0.0871851,-0.15260215,-0.0024690926,-0.041573085,0.26641798,1,Stable,True,Communication Services,0.01828439728341205,volume_features
2024-12-19,DLTR,69.05999755859375,True,2025-06-17,2024-12-20,2025-06-17,0.33962263791708763,0.34836845602146865,98.3499984741211,-0.48308387,0.36869,-0.13671586,-0.35608393,-0.5093353,48.835636,0.11418723,0.33496407,0.12699994,0.14381826,0.46299592,0.35789192,-0.19357222,-0.096038274,1,Stable,True,Consumer Staples,0.016685872208929062,volume_features
2024-12-19,ETR,71.15850830078125,True,2025-06-17,2024-12-20,2025-06-17,0.08489614425097448,0.09364196235535549,78.49055480957031,0.5267696,-0.16189796,0.15387987,0.4341387,0.29141605,59.21684,-0.16908404,-0.27653357,-0.09263089,-0.124414295,-0.17005603,0.07561447,0.36120313,-0.0044628563,1,Stable,True,Utilities,0.01397675991089255,volume_features
2024-12-19,FTNT,94.8499984741211,True,2025-06-17,2024-12-20,2025-06-17,0.049799244855588516,0.05854506295996952,102.87999725341797,0.6421399,0.52712727,0.21993828,0.58479536,0.39130688,62.292446,-0.212129,-0.34670636,-0.057344556,-0.15445596,-0.2027311,0.102659196,0.085946046,-0.13954492,1,Stable,True,Information Technology,0.01281298866223014,volume_features
2024-12-19,FFIV,250.41000366210938,True,2025-06-17,2024-12-20,2025-06-17,0.13531759651560163,0.14406341461998262,288.5899963378906,0.39940763,0.936528,0.166643,0.46284622,0.3112356,61.89589,-0.10537447,-0.3228052,0.063438594,-0.0635007,-0.20516464,0.1825391,-0.07305426,-0.081897095,1,Stable,True,Information Technology,0.010746014862218621,volume_features
2024-12-19,GDDY,202.94000244140625,True,2025-06-17,2024-12-20,2025-06-17,-0.1419915699568519,-0.1332457518524709,178.0399932861328,0.8893957,0.9335118,0.22287269,0.43420497,0.29146227,70.724396,-0.21044813,-0.1563257,-0.45519075,-0.14646257,-0.07125369,-0.13744226,-0.09446759,0.16795306,1,Stable,True,Information Technology,0.009806917135537998,volume_features
2024-12-19,DG,71.03309631347656,True,2025-06-17,2024-12-20,2025-06-17,0.49577467324890356,0.5045204913532846,110.50106811523438,-0.4204379,-0.09931085,-0.21850897,-0.42755598,-0.6269887,41.979782,0.12535273,0.31066537,-0.007118076,0.16621706,0.4776892,0.12584627,-0.08207782,0.019650407,1,Stable,True,Consumer Staples,0.006287131166403641,volume_features
2024-12-19,FOXA,48.14634323120117,True,2025-06-17,2024-12-20,2025-06-17,0.08838686995798098,0.09713268806236199,53.569190979003906,0.6563494,0.3080325,0.17783803,0.44090062,0.29611996,63.21981,-0.09470223,-0.27748936,-0.2154488,-0.05142068,-0.16975683,-0.0011435449,0.58904463,0.3059372,1,Stable,True,Communication Services,0.08238005680686979,rolling_3y
2024-12-19,GDDY,202.94000244140625,True,2025-06-17,2024-12-20,2025-06-17,-0.1419915699568519,-0.1332457518524709,178.0399932861328,0.8893957,0.9335118,0.22287269,0.43420497,0.29146227,70.724396,-0.21044813,-0.1563257,-0.45519075,-0.14646257,-0.07125369,-0.13744226,-0.09446759,0.16795306,1,Stable,True,Information Technology,0.07012296734733042,rolling_3y
2024-12-19,FTNT,94.8499984741211,True,2025-06-17,2024-12-20,2025-06-17,0.049799244855588516,0.05854506295996952,102.87999725341797,0.6421399,0.52712727,0.21993828,0.58479536,0.39130688,62.292446,-0.212129,-0.34670636,-0.057344556,-0.15445596,-0.2027311,0.102659196,0.085946046,-0.13954492,1,Stable,True,Information Technology,0.06828161009285562,rolling_3y
2024-12-19,LYV,132.19000244140625,True,2025-06-17,2024-12-20,2025-06-17,0.08361610920159314,0.09236192730597415,145.58999633789062,0.39279315,0.9809549,0.19928785,0.39485076,0.26363903,63.919,-0.26764417,-0.15885258,0.002057612,-0.2105521,-0.07675342,0.13968037,-0.44576797,0.15515947,1,Stable,True,Communication Services,0.06493237156458065,rolling_3y
2024-12-19,K,78.1161557476,True,2025-06-17,2024-12-20,2025-06-17,0.0017415583008898606,0.010487376405270865,79.0925919435,0.5488404,-0.5202111,0.06802898,0.4365792,0.29311633,51.941433,-0.0023613325,-0.43264005,-0.112261206,0.031129502,-0.3141782,0.06296235,0.17956752,-0.34126064,1,Stable,True,Unknown,0.06410974564670241,rolling_3y
2024-12-19,FOX,45.26060485839844,True,2025-06-17,2024-12-20,2025-06-17,0.06062237548411875,0.06936819358849976,49.11619567871094,0.6758508,0.31011465,0.19050309,0.45593423,0.3064994,65.17857,-0.13594049,-0.2600444,-0.21991658,-0.0871851,-0.15260215,-0.0024690926,-0.041573085,0.26641798,1,Stable,True,Communication Services,0.0612853310233084,rolling_3y
2024-12-19,WMT,91.92903900146484,True,2025-06-17,2024-12-20,2025-06-17,0.018328368969987477,0.027074187074368483,93.24530029296875,0.8231756,0.35693955,0.17738023,0.3911347,0.26097137,64.68481,-0.07624214,-0.24117222,-0.4320409,-0.0351154,-0.14623535,-0.13225594,-0.09148825,0.1481555,1,Stable,True,Consumer Staples,0.06118888755514064,rolling_3y
2024-12-19,ETR,71.15850830078125,True,2025-06-17,2024-12-20,2025-06-17,0.08489614425097448,0.09364196235535549,78.49055480957031,0.5267696,-0.16189796,0.15387987,0.4341387,0.29141605,59.21684,-0.16908404,-0.27653357,-0.09263089,-0.124414295,-0.17005603,0.07561447,0.36120313,-0.0044628563,1,Stable,True,Utilities,0.05909594051964555,rolling_3y
2024-12-19,CBRE,125.6500015258789,True,2025-06-17,2024-12-20,2025-06-17,0.015255349105526632,0.024001167209907637,132.25999450683594,0.38977987,0.671121,0.050302085,0.46155635,0.31035346,50.92882,-0.07340478,-0.43466848,0.07177648,-0.04068199,-0.308814,0.18856063,0.21478696,0.2148189,1,Stable,True,Real Estate,0.04068690383411751,rolling_3y
2024-12-19,BMY,51.88094711303711,True,2025-06-17,2024-12-20,2025-06-17,-0.16679732371561493,-0.15805150561123393,44.480220794677734,0.13503587,0.01108943,0.10750688,0.3994157,0.2669064,54.826874,-0.16704193,-0.2596715,0.26437983,-0.12499677,-0.16109586,0.34759468,0.17681105,-0.20132318,1,Stable,True,Health Care,0.03195843328320633,rolling_3y
2024-12-19,BMY,51.88094711303711,True,2025-06-17,2024-12-20,2025-06-17,-0.16679732371561493,-0.15805150561123393,44.480220794677734,0.13503587,0.01108943,0.10750688,0.3994157,0.2669064,54.826874,-0.16704193,-0.2596715,0.26437983,-0.12499677,-0.16109586,0.34759468,0.17681105,-0.20132318,1,Stable,True,Health Care,0.8542356122581848,ranker
2024-12-19,FTNT,94.8499984741211,True,2025-06-17,2024-12-20,2025-06-17,0.049799244855588516,0.05854506295996952,102.87999725341797,0.6421399,0.52712727,0.21993828,0.58479536,0.39130688,62.292446,-0.212129,-0.34670636,-0.057344556,-0.15445596,-0.2027311,0.102659196,0.085946046,-0.13954492,1,Stable,True,Information Technology,0.6029831771136738,ranker
2024-12-19,FI,202.26,True,2025-06-17,2024-12-20,2025-06-17,-0.21554028546667178,-0.2067944673622908,163.44,0.50737816,0.6334691,0.1021012,0.3746092,0.2490211,59.11266,-0.21595094,-0.23060468,-0.13276896,-0.17571631,-0.13947955,0.046001807,0.0137633635,0.27406013,1,Stable,True,Financials,0.5575980921870117,ranker
2024-12-19,HUM,230.00743103027344,True,2025-06-17,2024-12-20,2025-06-17,-0.02497809778607439,-0.016232279681693385,237.13751220703125,-0.4864252,0.44173926,-0.25017652,-0.36695826,-0.5263673,43.532482,0.04412934,0.12488349,0.11946693,0.09007625,0.22420347,0.34734476,0.35935614,-0.06516388,1,Stable,True,Health Care,0.4581484949374805,ranker
2024-12-19,IRM,96.62854766845703,True,2025-06-17,2024-12-20,2025-06-17,-0.014288064353165526,-0.0055422462487845214,99.38372039794922,0.5206705,0.5902629,-0.09155401,0.14730747,0.06826948,42.014973,0.022257514,-0.29017124,-0.37336302,0.059120223,-0.24742118,-0.14352933,1.1825198,0.005656126,1,Stable,True,Real Estate,0.3694228139053435,ranker
2024-12-19,DVN,29.329627990722656,True,2025-06-17,2024-12-20,2025-06-17,0.13536887717878482,0.1441146952831658,33.831329345703125,-0.30840257,0.6281875,-0.2532662,-0.34926504,-0.49880123,34.747993,0.030227646,0.12107426,-0.04086247,0.0719015,0.21479008,0.077302575,0.52185583,0.308485,1,Stable,True,Energy,0.3658411688330213,ranker
2024-12-19,CBRE,125.6500015258789,True,2025-06-17,2024-12-20,2025-06-17,0.015255349105526632,0.024001167209907637,132.25999450683594,0.38977987,0.671121,0.050302085,0.46155635,0.31035346,50.92882,-0.07340478,-0.43466848,0.07177648,-0.04068199,-0.308814,0.18856063,0.21478696,0.2148189,1,Stable,True,Real Estate,0.35712406393509477,ranker
2024-12-19,EFX,250.12603759765625,True,2025-06-17,2024-12-20,2025-06-17,-0.014657672782848335,-0.005911854678467331,253.3230743408203,0.035434127,0.77412134,-0.08043908,0.07594437,0.00405037,40.330307,0.15856357,-0.20629126,0.040510245,0.20097113,-0.16870454,0.17658211,0.30154297,0.09823434,1,Stable,True,Industrials,0.355253064786866,ranker
2024-12-19,RVTY,110.00776672363281,True,2025-06-17,2024-12-20,2025-06-17,-0.17109859790347146,-0.16235277979909046,93.83159637451172,0.058206838,0.79882956,-0.06269803,0.07451995,0.002725605,41.11171,0.086884625,-0.16858959,0.01631311,0.12506624,-0.12651174,0.15350232,-0.20767663,0.1304601,1,Stable,True,Health Care,0.3440250486894583,ranker
2024-12-19,CTAS,179.93234252929688,True,2025-06-17,2024-12-20,2025-06-17,0.17957271436502203,0.18831853246940303,218.67137145996094,0.31549236,0.7377648,-0.09691688,0.05745087,-0.013287221,42.184265,-0.048125044,-0.17371437,-0.2580415,-0.022510871,-0.13530241,-0.08014572,2.3294544,0.38607535,1,Stable,True,Industrials,0.32028129872982375,ranker
2024-12-19,CBRE,125.6500015258789,True,2025-06-17,2024-12-20,2025-06-17,0.015255349105526632,0.024001167209907637,132.25999450683594,0.38977987,0.671121,0.050302085,0.46155635,0.31035346,50.92882,-0.07340478,-0.43466848,0.07177648,-0.04068199,-0.308814,0.18856063,0.21478696,0.2148189,1,Stable,True,Real Estate,-0.003185706213116646,elasticnet
2024-12-19,FTNT,94.8499984741211,True,2025-06-17,2024-12-20,2025-06-17,0.049799244855588516,0.05854506295996952,102.87999725341797,0.6421399,0.52712727,0.21993828,0.58479536,0.39130688,62.292446,-0.212129,-0.34670636,-0.057344556,-0.15445596,-0.2027311,0.102659196,0.085946046,-0.13954492,1,Stable,True,Information Technology,-0.0033178040757775307,elasticnet
2024-12-19,K,78.1161557476,True,2025-06-17,2024-12-20,2025-06-17,0.0017415583008898606,0.010487376405270865,79.0925919435,0.5488404,-0.5202111,0.06802898,0.4365792,0.29311633,51.941433,-0.0023613325,-0.43264005,-0.112261206,0.031129502,-0.3141782,0.06296235,0.17956752,-0.34126064,1,Stable,True,Unknown,-0.0038301944732666016,elasticnet
2024-12-19,FFIV,250.41000366210938,True,2025-06-17,2024-12-20,2025-06-17,0.13531759651560163,0.14406341461998262,288.5899963378906,0.39940763,0.936528,0.166643,0.46284622,0.3112356,61.89589,-0.10537447,-0.3228052,0.063438594,-0.0635007,-0.20516464,0.1825391,-0.07305426,-0.081897095,1,Stable,True,Information Technology,-0.004560563713312149,elasticnet
2024-12-19,ETR,71.15850830078125,True,2025-06-17,2024-12-20,2025-06-17,0.08489614425097448,0.09364196235535549,78.49055480957031,0.5267696,-0.16189796,0.15387987,0.4341387,0.29141605,59.21684,-0.16908404,-0.27653357,-0.09263089,-0.124414295,-0.17005603,0.07561447,0.36120313,-0.0044628563,1,Stable,True,Utilities,-0.004903923720121384,elasticnet
2024-12-19,FOX,45.26060485839844,True,2025-06-17,2024-12-20,2025-06-17,0.06062237548411875,0.06936819358849976,49.11619567871094,0.6758508,0.31011465,0.19050309,0.45593423,0.3064994,65.17857,-0.13594049,-0.2600444,-0.21991658,-0.0871851,-0.15260215,-0.0024690926,-0.041573085,0.26641798,1,Stable,True,Communication Services,-0.004964605905115604,elasticnet
2024-12-19,BMY,51.88094711303711,True,2025-06-17,2024-12-20,2025-06-17,-0.16679732371561493,-0.15805150561123393,44.480220794677734,0.13503587,0.01108943,0.10750688,0.3994157,0.2669064,54.826874,-0.16704193,-0.2596715,0.26437983,-0.12499677,-0.16109586,0.34759468,0.17681105,-0.20132318,1,Stable,True,Health Care,-0.00497740413993597,elasticnet
2024-12-19,FOXA,48.14634323120117,True,2025-06-17,2024-12-20,2025-06-17,0.08838686995798098,0.09713268806236199,53.569190979003906,0.6563494,0.3080325,0.17783803,0.44090062,0.29611996,63.21981,-0.09470223,-0.27748936,-0.2154488,-0.05142068,-0.16975683,-0.0011435449,0.58904463,0.3059372,1,Stable,True,Communication Services,-0.005072626285254955,elasticnet
2024-12-19,FICO,2044.8900146484375,True,2025-06-17,2024-12-20,2025-06-17,-0.15893378833645344,-0.15018797023207245,1776.93994140625,0.77429265,0.990841,0.06539452,0.36643925,0.24305987,53.95664,-0.1853201,-0.2957321,-0.4078534,-0.15656537,-0.19973385,-0.122989416,0.39427286,0.059339747,1,Stable,True,Information Technology,-0.0051016961224377155,elasticnet
2024-12-19,PNR,98.97908782958984,True,2025-06-17,2024-12-20,2025-06-17,-0.05964539000875001,-0.050899571904369,94.8434829711914,0.43292618,1.0075524,0.078648955,0.36397532,0.24125506,55.04162,-0.079912454,-0.3146859,-0.06895086,-0.045730572,-0.21813516,0.08888894,0.06993495,-0.19746771,1,Stable,True,Industrials,-0.005309149622917175,elasticnet
2024-12-19,DLTR,69.05999755859375,True,2025-06-17,2024-12-20,2025-06-17,0.33962263791708763,0.34836845602146865,98.3499984741211,-0.48308387,0.36869,-0.13671586,-0.35608393,-0.5093353,48.835636,0.11418723,0.33496407,0.12699994,0.14381826,0.46299592,0.35789192,-0.19357222,-0.096038274,1,Stable,True,Consumer Staples,0.038996219635009766,mlp
2024-12-19,DG,71.03309631347656,True,2025-06-17,2024-12-20,2025-06-17,0.49577467324890356,0.5045204913532846,110.50106811523438,-0.4204379,-0.09931085,-0.21850897,-0.42755598,-0.6269887,41.979782,0.12535273,0.31066537,-0.007118076,0.16621706,0.4776892,0.12584627,-0.08207782,0.019650407,1,Stable,True,Consumer Staples,0.03819593787193298,mlp
2024-12-19,BIIB,147.38999938964844,True,2025-06-17,2024-12-20,2025-06-17,-0.144678114794327,-0.135932296689946,126.55999755859375,-0.41439867,0.5062244,-0.22775958,-0.36406785,-0.5218118,30.06703,0.16525517,0.14362037,0.050330818,0.22574568,0.24778327,0.22065681,0.12428454,0.18917361,1,Stable,True,Health Care,0.022131264209747314,mlp
2024-12-19,HUM,230.00743103027344,True,2025-06-17,2024-12-20,2025-06-17,-0.02497809778607439,-0.016232279681693385,237.13751220703125,-0.4864252,0.44173926,-0.25017652,-0.36695826,-0.5263673,43.532482,0.04412934,0.12488349,0.11946693,0.09007625,0.22420347,0.34734476,0.35935614,-0.06516388,1,Stable,True,Health Care,0.017336785793304443,mlp
2024-12-19,REGN,701.62890625,True,2025-06-17,2024-12-20,2025-06-17,-0.281714871644662,-0.272969053540281,505.49639892578125,-0.16518353,0.80908835,-0.2852051,-0.32995585,-0.46956006,23.137583,0.2659269,0.016810209,-0.16477232,0.3607474,0.068933785,-0.081664175,0.2733547,0.34621993,1,Stable,True,Health Care,0.015828192234039307,mlp
2024-12-19,DVN,29.329627990722656,True,2025-06-17,2024-12-20,2025-06-17,0.13536887717878482,0.1441146952831658,33.831329345703125,-0.30840257,0.6281875,-0.2532662,-0.34926504,-0.49880123,34.747993,0.030227646,0.12107426,-0.04086247,0.0719015,0.21479008,0.077302575,0.52185583,0.308485,1,Stable,True,Energy,0.012430548667907715,mlp
2024-12-19,BRO,100.88019561767578,True,2025-06-17,2024-12-20,2025-06-17,0.04458604098550624,0.053331859089887246,106.91471862792969,0.450877,0.4669717,-0.007915243,0.15112792,0.071593866,47.86731,-0.057913136,-0.15990588,-0.29974908,-0.026717994,-0.10540386,-0.09322181,0.41990674,-0.046329103,1,Stable,True,Financials,0.011040151119232178,mlp
2024-12-19,AJG,274.9093322753906,True,2025-06-17,2024-12-20,2025-06-17,0.11228745288258159,0.1210332709869626,312.61053466796875,0.25370467,0.2879868,-0.02436176,0.0809798,0.008719464,47.849964,-0.050933797,-0.084924005,-0.17272487,-0.01900492,-0.037664756,-0.0100309,-0.09775162,1.3097836,1,Stable,True,Financials,0.010549962520599365,mlp
2024-12-19,PNW,79.05487060546875,True,2025-06-17,2024-12-20,2025-06-17,0.057918292338332025,0.06666411044271303,84.68383026123047,0.21783805,0.14411473,-0.022092361,0.14077644,0.06256072,44.641884,-0.039449345,-0.17965813,-0.07706161,-0.008427054,-0.12721178,0.07283606,0.21505411,-0.033540618,1,Stable,True,Utilities,0.01027822494506836,mlp
2024-12-19,AVB,203.8533239677,True,2025-06-17,2024-12-20,2025-06-17,-0.0653713156244827,-0.0566254975201017,196.7467256302,0.18447194,0.48648027,-0.013540183,0.07086405,-0.0006825442,47.924747,-0.0008779317,-0.11811446,-0.11360788,0.032562446,-0.07271391,0.037372936,0.3499721,-0.14327739,1,Stable,True,Real Estate,0.010271608829498291,mlp
2024-12-19,HUM,230.00743103027344,True,2025-06-17,2024-12-20,2025-06-17,-0.02497809778607439,-0.016232279681693385,237.13751220703125,-0.4864252,0.44173926,-0.25017652,-0.36695826,-0.5263673,43.532482,0.04412934,0.12488349,0.11946693,0.09007625,0.22420347,0.34734476,0.35935614,-0.06516388,1,Stable,True,Health Care,0.0629820892286638,cv_direction
2024-12-19,DVN,29.329627990722656,True,2025-06-17,2024-12-20,2025-06-17,0.13536887717878482,0.1441146952831658,33.831329345703125,-0.30840257,0.6281875,-0.2532662,-0.34926504,-0.49880123,34.747993,0.030227646,0.12107426,-0.04086247,0.0719015,0.21479008,0.077302575,0.52185583,0.308485,1,Stable,True,Energy,0.060747792747564845,cv_direction
2024-12-19,GDDY,202.94000244140625,True,2025-06-17,2024-12-20,2025-06-17,-0.1419915699568519,-0.1332457518524709,178.0399932861328,0.8893957,0.9335118,0.22287269,0.43420497,0.29146227,70.724396,-0.21044813,-0.1563257,-0.45519075,-0.14646257,-0.07125369,-0.13744226,-0.09446759,0.16795306,1,Stable,True,Information Technology,0.0159143159930972,cv_direction
2024-12-19,FOX,45.26060485839844,True,2025-06-17,2024-12-20,2025-06-17,0.06062237548411875,0.06936819358849976,49.11619567871094,0.6758508,0.31011465,0.19050309,0.45593423,0.3064994,65.17857,-0.13594049,-0.2600444,-0.21991658,-0.0871851,-0.15260215,-0.0024690926,-0.041573085,0.26641798,1,Stable,True,Communication Services,0.01427191240074131,cv_direction
2024-12-19,FOXA,48.14634323120117,True,2025-06-17,2024-12-20,2025-06-17,0.08838686995798098,0.09713268806236199,53.569190979003906,0.6563494,0.3080325,0.17783803,0.44090062,0.29611996,63.21981,-0.09470223,-0.27748936,-0.2154488,-0.05142068,-0.16975683,-0.0011435449,0.58904463,0.3059372,1,Stable,True,Communication Services,0.0102434824104717,cv_direction
2024-12-19,REGN,701.62890625,True,2025-06-17,2024-12-20,2025-06-17,-0.281714871644662,-0.272969053540281,505.49639892578125,-0.16518353,0.80908835,-0.2852051,-0.32995585,-0.46956006,23.137583,0.2659269,0.016810209,-0.16477232,0.3607474,0.068933785,-0.081664175,0.2733547,0.34621993,1,Stable,True,Health Care,0.01005199004047715,cv_direction
2024-12-19,DLTR,69.05999755859375,True,2025-06-17,2024-12-20,2025-06-17,0.33962263791708763,0.34836845602146865,98.3499984741211,-0.48308387,0.36869,-0.13671586,-0.35608393,-0.5093353,48.835636,0.11418723,0.33496407,0.12699994,0.14381826,0.46299592,0.35789192,-0.19357222,-0.096038274,1,Stable,True,Consumer Staples,0.009978116891689225,cv_direction
2024-12-19,FFIV,250.41000366210938,True,2025-06-17,2024-12-20,2025-06-17,0.13531759651560163,0.14406341461998262,288.5899963378906,0.39940763,0.936528,0.166643,0.46284622,0.3112356,61.89589,-0.10537447,-0.3228052,0.063438594,-0.0635007,-0.20516464,0.1825391,-0.07305426,-0.081897095,1,Stable,True,Information Technology,0.009934094721420464,cv_direction
2024-12-19,FTNT,94.8499984741211,True,2025-06-17,2024-12-20,2025-06-17,0.049799244855588516,0.05854506295996952,102.87999725341797,0.6421399,0.52712727,0.21993828,0.58479536,0.39130688,62.292446,-0.212129,-0.34670636,-0.057344556,-0.15445596,-0.2027311,0.102659196,0.085946046,-0.13954492,1,Stable,True,Information Technology,0.009235832427926033,cv_direction
2024-12-19,ETR,71.15850830078125,True,2025-06-17,2024-12-20,2025-06-17,0.08489614425097448,0.09364196235535549,78.49055480957031,0.5267696,-0.16189796,0.15387987,0.4341387,0.29141605,59.21684,-0.16908404,-0.27653357,-0.09263089,-0.124414295,-0.17005603,0.07561447,0.36120313,-0.0044628563,1,Stable,True,Utilities,0.00883965317169499,cv_direction
2025-06-16,PM,175.5621337890625,True,2025-12-08,2025-06-17,2025-12-08,-0.3223468222708167,-0.1779660884491493,144.45188903808594,0.86574775,0.2067766,0.20303275,0.53033835,0.39758334,63.535217,-0.12674516,-0.32820022,-0.3354094,-0.060551386,-0.2768098,-0.11910173,0.093334936,-0.1973991,1,Stable,True,Consumer Staples,0.02354921834122336,base_excess_lgbm
2025-06-16,CAH,160.24942016601562,True,2025-12-08,2025-06-17,2025-12-08,0.06924098293393288,0.21362171675560024,197.47586059570312,0.6698268,0.48591116,0.20610946,0.39922318,0.30801168,64.987305,-0.17199148,-0.17433052,-0.27060363,-0.10043961,-0.16848668,-0.09773141,0.07859365,-0.24443774,1,Stable,True,Health Care,0.02001888654987382,base_excess_lgbm
2025-06-16,CTVA,73.47737884521484,True,2025-12-08,2025-06-17,2025-12-08,-0.2627902422166056,-0.11840950839493823,64.79442596435547,0.44390815,0.7165436,0.17926274,0.32781082,0.25562605,63.801727,-0.11885911,-0.12501982,-0.11609733,-0.053185403,-0.13430957,-0.0047505796,-0.13622367,0.028675761,1,Stable,True,Materials,0.011307326464796732,base_excess_lgbm
2025-06-16,VRSN,276.8220520019531,True,2025-12-08,2025-06-17,2025-12-08,-0.25534352052031034,-0.110962786698643,248.62673950195312,0.56529194,0.4345773,0.15399747,0.45702264,0.34848952,59.076733,-0.1677335,-0.29385778,-0.108269304,-0.10485949,-0.26067314,0.007394016,-0.43859142,-0.13325883,1,Stable,True,Information Technology,0.006796254148530797,base_excess_lgbm
2025-06-16,CF,98.11863708496094,True,2025-12-08,2025-06-17,2025-12-08,-0.38150754932466063,-0.23712681550299328,76.14494323730469,0.37243947,0.4914668,0.2109065,0.21635793,0.16795556,67.6111,-0.16969226,0.100976035,-0.15608154,-0.087036625,0.0443262,-0.041657418,1.0577024,0.017899254,1,Stable,True,Materials,-0.004363404791795441,base_excess_lgbm
2025-06-16,CBOE,223.46865844726562,True,2025-12-08,2025-06-17,2025-12-08,-0.021005492581457966,0.12337524124020939,252.0679473876953,0.34087342,-0.088280305,0.057893496,0.16510837,0.12490857,52.29504,-0.0071043335,-0.1391576,-0.17576505,0.04391551,-0.16261703,-0.06143582,-0.31355992,-0.15025201,1,Stable,True,Financials,-0.005118792746613079,base_excess_lgbm
2025-06-16,CME,257.49237060546875,True,2025-12-08,2025-06-17,2025-12-08,-0.1369151039677061,0.007465629853961265,261.53839111328125,0.42833853,-0.038448054,0.047614817,0.16871282,0.12799747,51.871834,-0.035579704,-0.16047788,-0.2596257,0.014937416,-0.18312447,-0.121537626,0.46993002,-0.014746507,1,Stable,True,Financials,-0.005118792746613079,base_excess_lgbm
2025-06-16,WM,230.95835876464844,True,2025-12-08,2025-06-17,2025-12-08,-0.2402601589499372,-0.09587942512826986,208.49386596679688,0.18484706,0.27764,0.047355633,0.1499424,0.111806326,52.778133,-0.013408486,-0.11215469,-0.03490466,0.037859775,-0.13804331,0.049169444,-0.3326711,-0.12020409,1,Stable,True,Industrials,-0.005118792746613079,base_excess_lgbm
2025-06-16,VRSK,306.6836853027344,True,2025-12-08,2025-06-17,2025-12-08,-0.4304645888470561,-0.2860838550253887,217.3616485595703,0.18278933,0.375468,0.05542837,0.12633993,0.09106785,54.843117,-0.07617618,-0.049051702,-0.0564494,-0.022471324,-0.079949096,0.030169182,0.039575934,-0.1763149,1,Stable,True,Industrials,-0.005118792746613079,base_excess_lgbm
2025-06-16,TDG,1335.5650634765625,True,2025-12-08,2025-06-17,2025-12-08,-0.13426208075918009,0.01011865306248727,1347.1700439453125,0.1398642,0.7470938,0.051416628,0.13274929,0.096742146,51.590263,-0.046015825,-0.08376129,-0.007114917,0.006006101,-0.11224448,0.072809815,-0.16163899,-0.097720504,1,Stable,True,Industrials,-0.005118792746613079,base_excess_lgbm
2025-06-16,CPRT,48.38999938964844,True,2025-12-08,2025-06-17,2025-12-08,-0.34417240366724844,-0.19979166984558105,38.40999984741211,-0.10189313,0.6437754,-0.14872782,-0.17211294,-0.21678406,42.349976,-0.14061855,0.070720196,-0.070219815,-0.119313344,0.046546623,-0.002341047,0.58852553,0.6940196,1,Stable,True,Industrials,0.09415237903373921,absolute_target
2025-06-16,HUM,231.1857452392578,True,2025-12-08,2025-06-17,2025-12-08,-0.0748524576003273,0.06952827622134006,253.62527465820312,-0.3239491,0.37895212,-0.09575081,0.0051229396,-0.022795668,44.016495,0.104130596,-0.12005378,0.32907203,0.16209474,-0.16262206,0.47566804,0.31676275,0.017121114,1,Stable,True,Health Care,0.09142906141060443,absolute_target
2025-06-16,CVS,64.91899108886719,True,2025-12-08,2025-06-17,2025-12-08,0.01819344943309223,0.16257418325475959,74.78206634521484,0.18086767,0.36007467,0.11320452,0.5823995,0.43103683,51.090916,0.08621952,-0.5857788,0.40153182,0.13383667,-0.49775004,0.37176415,0.0066702664,-0.3182433,1,Stable,True,Health Care,0.08508551783464133,absolute_target
2025-06-16,SJM,90.68494415283203,True,2025-12-08,2025-06-17,2025-12-08,-0.057523902607093474,0.08685683121457388,97.67268371582031,-0.09982631,0.25966927,-0.123735845,-0.10725801,-0.14136319,39.558666,-0.040253572,-0.012238137,-0.0074316934,0.0040697157,-0.049226,0.07078117,-0.056019552,0.6466401,1,Stable,True,Consumer Staples,0.07642661891789268,absolute_target
2025-06-16,PM,175.5621337890625,True,2025-12-08,2025-06-17,2025-12-08,-0.3223468222708167,-0.1779660884491493,144.45188903808594,0.86574775,0.2067766,0.20303275,0.53033835,0.39758334,63.535217,-0.12674516,-0.32820022,-0.3354094,-0.060551386,-0.2768098,-0.11910173,0.093334936,-0.1973991,1,Stable,True,Consumer Staples,0.07584103216186987,absolute_target
2025-06-16,DG,110.80335235595703,True,2025-12-08,2025-06-17,2025-12-08,-0.03549299627361656,0.1088877375480508,122.53327941894531,-0.066670164,-0.15933959,0.34148943,0.5598835,0.41670558,64.67495,-0.18566477,-0.15957415,0.62655365,-0.09137745,-0.14334065,0.592679,-0.3115754,0.029726889,1,Stable,True,Consumer Staples,0.0754079880950926,absolute_target
2025-06-16,IT,409.1199951171875,True,2025-12-08,2025-06-17,2025-12-08,-0.5827517852875412,-0.43837105146587385,227.27999877929688,-0.061134603,0.8386239,-0.11247749,-0.14982754,-0.19022158,47.09503,-0.06433284,0.12678388,-0.08869293,-0.017254315,0.103580035,-0.020161614,-0.0020899791,0.12152894,1,Stable,True,Information Technology,0.07423566497907684,absolute_target
2025-06-16,ELV,368.783203125,True,2025-12-08,2025-06-17,2025-12-08,-0.2538259739547362,-0.10944524013306887,327.2528381347656,-0.27917638,0.14331847,-0.05746394,0.036280088,0.0077319304,43.322716,0.066918105,-0.16543663,0.31545648,0.1248977,-0.2093532,0.44206956,-0.051129535,0.031393275,1,Stable,True,Health Care,0.07317590283589664,absolute_target
2025-06-16,VRSN,276.8220520019531,True,2025-12-08,2025-06-17,2025-12-08,-0.25534352052031034,-0.110962786698643,248.62673950195312,0.56529194,0.4345773,0.15399747,0.45702264,0.34848952,59.076733,-0.1677335,-0.29385778,-0.108269304,-0.10485949,-0.26067314,0.007394016,-0.43859142,-0.13325883,1,Stable,True,Information Technology,0.06999295024029288,absolute_target
2025-06-16,CNC,54.68000030517578,True,2025-12-08,2025-06-17,2025-12-08,-0.45452458424273956,-0.3101438504210722,37.880001068115234,-0.19243832,0.13024133,-0.08838178,-0.084240474,-0.115907006,44.701626,-0.032065824,0.0013823956,0.108197846,0.015275627,-0.033914275,0.20480564,0.26836243,-0.13457702,1,Stable,True,Health Care,0.0699739299297936,absolute_target
2025-06-16,DRI,216.33590698242188,True,2025-12-08,2025-06-17,2025-12-08,-0.33195877588131695,-0.18757804205964956,175.77169799804688,0.57934713,0.6642803,0.14016855,0.24352507,0.19004461,56.711338,-0.075559184,-0.10602406,-0.33582205,-0.017870396,-0.12453906,-0.15999013,0.42146906,-0.0055176755,1,Stable,True,Consumer Discretionary,209.3421768696419,future_price_target
2025-06-16,CF,98.11863708496094,True,2025-12-08,2025-06-17,2025-12-08,-0.38150754932466063,-0.23712681550299328,76.14494323730469,0.37243947,0.4914668,0.2109065,0.21635793,0.16795556,67.6111,-0.16969226,0.100976035,-0.15608154,-0.087036625,0.0443262,-0.041657418,1.0577024,0.017899254,1,Stable,True,Materials,206.75655183341465,future_price_target
2025-06-16,NEM,57.508544921875,True,2025-12-08,2025-06-17,2025-12-08,0.38595951828788677,0.5303402521095542,88.61333465576172,0.44854897,0.46460024,0.23459457,0.5866767,0.43373618,59.136665,-0.057104185,-0.36406153,0.13812774,0.003031686,-0.29607224,0.17015064,0.28771812,0.0024468538,1,Stable,True,Materials,196.97682268131229,future_price_target
2025-06-16,MNST,63.880001068115234,True,2025-12-08,2025-06-17,2025-12-08,0.03338294695415378,0.17776368077582114,73.94000244140625,0.28350413,0.4071313,0.14116432,0.2550098,0.19923785,58.81337,-0.107037075,-0.13174617,-0.028494328,-0.04927787,-0.14632767,0.056620732,-0.03511675,-0.12531103,1,Stable,True,Consumer Staples,190.08241817620078,future_price_target
2025-06-16,TTWO,238.60000610351562,True,2025-12-08,2025-06-17,2025-12-08,-0.10328948116389045,0.04109125265777692,247.27999877929688,0.4943321,0.64428705,0.14133966,0.31547028,0.2462887,55.62268,-0.085889265,-0.1772744,-0.17886183,-0.027595688,-0.18017249,-0.048413858,-0.09166414,0.16033529,1,Stable,True,Communication Services,190.0804767518479,future_price_target
2025-06-16,PM,175.5621337890625,True,2025-12-08,2025-06-17,2025-12-08,-0.3223468222708167,-0.1779660884491493,144.45188903808594,0.86574775,0.2067766,0.20303275,0.53033835,0.39758334,63.535217,-0.12674516,-0.32820022,-0.3354094,-0.060551386,-0.2768098,-0.11910173,0.093334936,-0.1973991,1,Stable,True,Consumer Staples,189.68833607991982,future_price_target
2025-06-16,IBM,272.8442077636719,True,2025-12-08,2025-06-17,2025-12-08,-0.03861636254037501,0.10576437128129235,303.0074462890625,0.7181298,0.7120084,0.14989603,0.27543557,0.2153822,58.00168,-0.10948372,-0.10945901,-0.44269425,-0.047739983,-0.12515144,-0.21887736,0.045915797,-0.23261642,1,Stable,True,Information Technology,186.98569157332173,future_price_target
2025-06-16,WRB,70.58038330078125,True,2025-12-08,2025-06-17,2025-12-08,-0.2220372148585604,-0.07765648103689304,64.89458465576172,0.43768612,0.29861614,0.1146524,0.26163808,0.20450541,57.94035,-0.15204957,-0.11177169,-0.17604804,-0.09096709,-0.1281879,-0.051552743,-0.04998353,-0.2438284,1,Stable,True,Financials,186.12958820490303,future_price_target
2025-06-16,EBAY,76.72489929199219,True,2025-12-08,2025-06-17,2025-12-08,-0.0538174858585829,0.09056324796308446,83.3395767211914,0.4865492,0.569963,0.14980815,0.22556384,0.17549548,63.258522,-0.09003944,-0.04948522,-0.26098537,-0.028784178,-0.076638,-0.11398518,-0.050672438,-0.040069334,1,Stable,True,Consumer Discretionary,185.95544646863857,future_price_target
2025-06-16,MCK,716.6531372070312,True,2025-12-08,2025-06-17,2025-12-08,-0.04050136122915936,0.103879372592508,796.3867797851562,0.2360312,0.17765605,0.10329157,0.24491633,0.1911628,56.45522,-0.08630274,-0.16399792,0.00888513,-0.032345712,-0.17667994,0.08623401,-0.2738068,-0.1963174,1,Stable,True,Health Care,185.7942710487085,future_price_target
2025-06-16,VRSN,276.8220520019531,True,2025-12-08,2025-06-17,2025-12-08,-0.25534352052031034,-0.110962786698643,248.62673950195312,0.56529194,0.4345773,0.15399747,0.45702264,0.34848952,59.076733,-0.1677335,-0.29385778,-0.108269304,-0.10485949,-0.26067314,0.007394016,-0.43859142,-0.13325883,1,Stable,True,Information Technology,0.02444049667095244,difference_features
2025-06-16,WRB,70.58038330078125,True,2025-12-08,2025-06-17,2025-12-08,-0.2220372148585604,-0.07765648103689304,64.89458465576172,0.43768612,0.29861614,0.1146524,0.26163808,0.20450541,57.94035,-0.15204957,-0.11177169,-0.17604804,-0.09096709,-0.1281879,-0.051552743,-0.04998353,-0.2438284,1,Stable,True,Financials,0.014464904732110973,difference_features
2025-06-16,CTAS,219.80763244628906,True,2025-12-08,2025-06-17,2025-12-08,-0.3139412629376366,-0.1695605291159692,181.5933380126953,0.29481712,0.6665611,0.087089956,0.22161269,0.17226633,57.506096,-0.13879159,-0.075485855,-0.07320443,-0.0782156,-0.09920626,0.020873696,-0.48881206,-0.26283646,1,Stable,True,Industrials,0.012824302129361573,difference_features
2025-06-16,HCA,366.10589599609375,True,2025-12-08,2025-06-17,2025-12-08,0.1605405213440649,0.30492125516573226,482.74249267578125,0.09230216,0.32073608,0.09923674,0.244087,0.1904964,56.355892,-0.15429947,-0.13678801,0.15178484,-0.09920037,-0.15190092,0.20918567,0.63681144,-0.16276138,1,Stable,True,Health Care,0.01172405596357099,difference_features
2025-06-16,MNST,63.880001068115234,True,2025-12-08,2025-06-17,2025-12-08,0.03338294695415378,0.17776368077582114,73.94000244140625,0.28350413,0.4071313,0.14116432,0.2550098,0.19923785,58.81337,-0.107037075,-0.13174617,-0.028494328,-0.04927787,-0.14632767,0.056620732,-0.03511675,-0.12531103,1,Stable,True,Consumer Staples,0.011240596959734448,difference_features
2025-06-16,CTVA,73.47737884521484,True,2025-12-08,2025-06-17,2025-12-08,-0.2627902422166056,-0.11840950839493823,64.79442596435547,0.44390815,0.7165436,0.17926274,0.32781082,0.25562605,63.801727,-0.11885911,-0.12501982,-0.11609733,-0.053185403,-0.13430957,-0.0047505796,-0.13622367,0.028675761,1,Stable,True,Materials,0.009889636695159822,difference_features
2025-06-16,CF,98.11863708496094,True,2025-12-08,2025-06-17,2025-12-08,-0.38150754932466063,-0.23712681550299328,76.14494323730469,0.37243947,0.4914668,0.2109065,0.21635793,0.16795556,67.6111,-0.16969226,0.100976035,-0.15608154,-0.087036625,0.0443262,-0.041657418,1.0577024,0.017899254,1,Stable,True,Materials,0.0069608417066180026,difference_features
2025-06-16,ROL,55.75053405761719,True,2025-12-08,2025-06-17,2025-12-08,-0.06476755463066138,0.07961317919100598,59.860050201416016,0.19855058,0.33983,0.082314625,0.21396749,0.16598837,55.55928,-0.10493864,-0.113242246,0.015416905,-0.049327344,-0.13334733,0.0918522,-0.3753906,-0.17296162,1,Stable,True,Industrials,0.006817239247812156,difference_features
2025-06-16,STE,239.21141052246094,True,2025-12-08,2025-06-17,2025-12-08,-0.038884609181036395,0.10549612464063096,259.9732971191406,0.07849455,0.56907195,0.0774559,0.18602167,0.14269905,56.14389,-0.1113058,-0.11391567,0.10752712,-0.058749508,-0.13640232,0.17410973,-0.3301167,-0.039567824,1,Stable,True,Health Care,0.0067736577672899085,difference_features
2025-06-16,TJX,122.38304901123047,True,2025-12-08,2025-06-17,2025-12-08,0.11286617876646846,0.2572469125881358,152.30563354492188,0.17538238,0.5055422,0.004595041,0.031770922,0.0033711356,53.17107,-0.14048363,0.040691145,-0.14361146,-0.08953838,0.0032576427,-0.05124557,-0.1581992,0.08931926,1,Stable,True,Consumer Discretionary,0.005938131474805534,difference_features
2025-06-16,PM,175.5621337890625,True,2025-12-08,2025-06-17,2025-12-08,-0.3223468222708167,-0.1779660884491493,144.45188903808594,0.86574775,0.2067766,0.20303275,0.53033835,0.39758334,63.535217,-0.12674516,-0.32820022,-0.3354094,-0.060551386,-0.2768098,-0.11910173,0.093334936,-0.1973991,1,Stable,True,Consumer Staples,0.014026169450693356,volume_features
2025-06-16,CAH,160.24942016601562,True,2025-12-08,2025-06-17,2025-12-08,0.06924098293393288,0.21362171675560024,197.47586059570312,0.6698268,0.48591116,0.20610946,0.39922318,0.30801168,64.987305,-0.17199148,-0.17433052,-0.27060363,-0.10043961,-0.16848668,-0.09773141,0.07859365,-0.24443774,1,Stable,True,Health Care,0.01346874705037195,volume_features
2025-06-16,CTVA,73.47737884521484,True,2025-12-08,2025-06-17,2025-12-08,-0.2627902422166056,-0.11840950839493823,64.79442596435547,0.44390815,0.7165436,0.17926274,0.32781082,0.25562605,63.801727,-0.11885911,-0.12501982,-0.11609733,-0.053185403,-0.13430957,-0.0047505796,-0.13622367,0.028675761,1,Stable,True,Materials,0.008636999012750723,volume_features
2025-06-16,VRSN,276.8220520019531,True,2025-12-08,2025-06-17,2025-12-08,-0.25534352052031034,-0.110962786698643,248.62673950195312,0.56529194,0.4345773,0.15399747,0.45702264,0.34848952,59.076733,-0.1677335,-0.29385778,-0.108269304,-0.10485949,-0.26067314,0.007394016,-0.43859142,-0.13325883,1,Stable,True,Information Technology,0.002844220132413101,volume_features
2025-06-16,SJM,90.68494415283203,True,2025-12-08,2025-06-17,2025-12-08,-0.057523902607093474,0.08685683121457388,97.67268371582031,-0.09982631,0.25966927,-0.123735845,-0.10725801,-0.14136319,39.558666,-0.040253572,-0.012238137,-0.0074316934,0.0040697157,-0.049226,0.07078117,-0.056019552,0.6466401,1,Stable,True,Consumer Staples,-0.0022503958635360184,volume_features
2025-06-16,CME,257.49237060546875,True,2025-12-08,2025-06-17,2025-12-08,-0.1369151039677061,0.007465629853961265,261.53839111328125,0.42833853,-0.038448054,0.047614817,0.16871282,0.12799747,51.871834,-0.035579704,-0.16047788,-0.2596257,0.014937416,-0.18312447,-0.121537626,0.46993002,-0.014746507,1,Stable,True,Financials,-0.0038428217292791763,volume_features
2025-06-16,VTR,60.78314208984375,True,2025-12-08,2025-06-17,2025-12-08,0.1652624170903597,0.30964315091202704,79.5281982421875,0.30797738,0.37044358,-0.019909868,0.10431187,0.07131687,43.878567,0.022881787,-0.1700094,-0.20366551,0.075059906,-0.20260015,-0.090188265,0.056551013,-0.070139125,1,Stable,True,Real Estate,-0.0038672706466582195,volume_features
2025-06-16,SBAC,223.27752685546875,True,2025-12-08,2025-06-17,2025-12-08,-0.2998384845290011,-0.15545775070733373,187.2562255859375,0.19472998,0.083692305,0.065039754,0.17240965,0.13115564,54.677975,-0.054368027,-0.12599261,-0.02232033,-0.0024905223,-0.14911188,0.060212247,0.7833385,-0.2844179,1,Stable,True,Real Estate,-0.004472688687712118,volume_features
2025-06-16,TDG,1335.5650634765625,True,2025-12-08,2025-06-17,2025-12-08,-0.13426208075918009,0.01011865306248727,1347.1700439453125,0.1398642,0.7470938,0.051416628,0.13274929,0.096742146,51.590263,-0.046015825,-0.08376129,-0.007114917,0.006006101,-0.11224448,0.072809815,-0.16163899,-0.097720504,1,Stable,True,Industrials,-0.004501195036057328,volume_features
2025-06-16,HIG,123.69808197021484,True,2025-12-08,2025-06-17,2025-12-08,-0.10228212721832627,0.04209860660334108,128.56761169433594,0.2875221,0.59762543,0.06743307,0.18554164,0.14229423,52.270035,-0.09221056,-0.12958705,-0.10198046,-0.04051051,-0.15117726,-0.0034484714,0.029873136,-0.100518905,1,Stable,True,Financials,-0.004534369252354629,volume_features
2025-06-16,CVS,64.91899108886719,True,2025-12-08,2025-06-17,2025-12-08,0.01819344943309223,0.16257418325475959,74.78206634521484,0.18086767,0.36007467,0.11320452,0.5823995,0.43103683,51.090916,0.08621952,-0.5857788,0.40153182,0.13383667,-0.49775004,0.37176415,0.0066702664,-0.3182433,1,Stable,True,Health Care,0.08039951991650796,rolling_3y
2025-06-16,VRSN,276.8220520019531,True,2025-12-08,2025-06-17,2025-12-08,-0.25534352052031034,-0.110962786698643,248.62673950195312,0.56529194,0.4345773,0.15399747,0.45702264,0.34848952,59.076733,-0.1677335,-0.29385778,-0.108269304,-0.10485949,-0.26067314,0.007394016,-0.43859142,-0.13325883,1,Stable,True,Information Technology,0.06093823547882927,rolling_3y
2025-06-16,PM,175.5621337890625,True,2025-12-08,2025-06-17,2025-12-08,-0.3223468222708167,-0.1779660884491493,144.45188903808594,0.86574775,0.2067766,0.20303275,0.53033835,0.39758334,63.535217,-0.12674516,-0.32820022,-0.3354094,-0.060551386,-0.2768098,-0.11910173,0.093334936,-0.1973991,1,Stable,True,Consumer Staples,0.056732006364644844,rolling_3y
2025-06-16,NEM,57.508544921875,True,2025-12-08,2025-06-17,2025-12-08,0.38595951828788677,0.5303402521095542,88.61333465576172,0.44854897,0.46460024,0.23459457,0.5866767,0.43373618,59.136665,-0.057104185,-0.36406153,0.13812774,0.003031686,-0.29607224,0.17015064,0.28771812,0.0024468538,1,Stable,True,Materials,0.03968921610526639,rolling_3y
2025-06-16,CAH,160.24942016601562,True,2025-12-08,2025-06-17,2025-12-08,0.06924098293393288,0.21362171675560024,197.47586059570312,0.6698268,0.48591116,0.20610946,0.39922318,0.30801168,64.987305,-0.17199148,-0.17433052,-0.27060363,-0.10043961,-0.16848668,-0.09773141,0.07859365,-0.24443774,1,Stable,True,Health Care,0.0312577556483657,rolling_3y
2025-06-16,DG,110.80335235595703,True,2025-12-08,2025-06-17,2025-12-08,-0.03549299627361656,0.1088877375480508,122.53327941894531,-0.066670164,-0.15933959,0.34148943,0.5598835,0.41670558,64.67495,-0.18566477,-0.15957415,0.62655365,-0.09137745,-0.14334065,0.592679,-0.3115754,0.029726889,1,Stable,True,Consumer Staples,0.020891850386885985,rolling_3y
2025-06-16,GILD,108.01610565185547,True,2025-12-08,2025-06-17,2025-12-08,-0.014458524568234016,0.12992220925343334,118.93330383300781,0.7999274,0.369072,0.077361785,0.23394807,0.18231331,51.184307,0.034662873,-0.17966518,-0.56597936,0.08321345,-0.19278072,-0.2984562,-0.39731458,-0.10051663,1,Stable,True,Health Care,-0.029989303527805114,rolling_3y
2025-06-16,AMT,206.9842529296875,True,2025-12-08,2025-06-17,2025-12-08,-0.285335779473179,-0.14095504565151162,177.9411163330078,0.15489444,0.037490282,0.067956135,0.22851345,0.17789933,52.599453,-0.004102139,-0.20898353,0.07361901,0.046832554,-0.22188589,0.1408672,0.11837113,-0.22141305,1,Stable,True,Real Estate,-0.029989303527805114,rolling_3y
2025-06-16,WELL,147.74176025390625,True,2025-12-08,2025-06-17,2025-12-08,0.18936842353051733,0.3337491573521847,198.73849487304688,0.4929768,0.38684493,0.048900284,0.22760972,0.17716344,50.716724,-0.010400105,-0.20470282,-0.2653671,0.04064498,-0.21784319,-0.11663173,-0.16784139,-0.10991763,1,Stable,True,Real Estate,-0.029989303527805114,rolling_3y
2025-06-16,RSG,245.07652282714844,True,2025-12-08,2025-06-17,2025-12-08,-0.2907907241982328,-0.14640999037656544,209.60739135742188,0.34149435,0.35103393,0.06769828,0.22482446,0.17489201,54.172493,-0.057733487,-0.16426606,-0.11666989,-0.0051104072,-0.17942467,-0.011915356,-0.44484484,0.04934709,1,Stable,True,Industrials,-0.030263149624036468,rolling_3y
2025-06-16,CVS,64.91899108886719,True,2025-12-08,2025-06-17,2025-12-08,0.01819344943309223,0.16257418325475959,74.78206634521484,0.18086767,0.36007467,0.11320452,0.5823995,0.43103683,51.090916,0.08621952,-0.5857788,0.40153182,0.13383667,-0.49775004,0.37176415,0.0066702664,-0.3182433,1,Stable,True,Health Care,0.5262027147717252,ranker
2025-06-16,PM,175.5621337890625,True,2025-12-08,2025-06-17,2025-12-08,-0.3223468222708167,-0.1779660884491493,144.45188903808594,0.86574775,0.2067766,0.20303275,0.53033835,0.39758334,63.535217,-0.12674516,-0.32820022,-0.3354094,-0.060551386,-0.2768098,-0.11910173,0.093334936,-0.1973991,1,Stable,True,Consumer Staples,0.5039049732378436,ranker
2025-06-16,VRSN,276.8220520019531,True,2025-12-08,2025-06-17,2025-12-08,-0.25534352052031034,-0.110962786698643,248.62673950195312,0.56529194,0.4345773,0.15399747,0.45702264,0.34848952,59.076733,-0.1677335,-0.29385778,-0.108269304,-0.10485949,-0.26067314,0.007394016,-0.43859142,-0.13325883,1,Stable,True,Information Technology,0.3561814907950379,ranker
2025-06-16,NEM,57.508544921875,True,2025-12-08,2025-06-17,2025-12-08,0.38595951828788677,0.5303402521095542,88.61333465576172,0.44854897,0.46460024,0.23459457,0.5866767,0.43373618,59.136665,-0.057104185,-0.36406153,0.13812774,0.003031686,-0.29607224,0.17015064,0.28771812,0.0024468538,1,Stable,True,Materials,0.30896145412539,ranker
2025-06-16,CAH,160.24942016601562,True,2025-12-08,2025-06-17,2025-12-08,0.06924098293393288,0.21362171675560024,197.47586059570312,0.6698268,0.48591116,0.20610946,0.39922318,0.30801168,64.987305,-0.17199148,-0.17433052,-0.27060363,-0.10043961,-0.16848668,-0.09773141,0.07859365,-0.24443774,1,Stable,True,Health Care,0.2884130205342043,ranker
2025-06-16,CLX,117.21574401855469,True,2025-12-08,2025-06-17,2025-12-08,-0.3006054106596376,-0.15622467683797023,97.44329071044922,-0.02231605,0.24881293,-0.143088,-0.2325153,-0.29254228,40.103683,0.049366407,0.092593476,-0.21019925,0.106675,0.07848206,-0.16299665,0.1915827,0.0675953,1,Stable,True,Consumer Staples,0.2038779447542109,ranker
2025-06-16,CF,98.11863708496094,True,2025-12-08,2025-06-17,2025-12-08,-0.38150754932466063,-0.23712681550299328,76.14494323730469,0.37243947,0.4914668,0.2109065,0.21635793,0.16795556,67.6111,-0.16969226,0.100976035,-0.15608154,-0.087036625,0.0443262,-0.041657418,1.0577024,0.017899254,1,Stable,True,Materials,0.17881431125763408,ranker
2025-06-16,CTVA,73.47737884521484,True,2025-12-08,2025-06-17,2025-12-08,-0.2627902422166056,-0.11840950839493823,64.79442596435547,0.44390815,0.7165436,0.17926274,0.32781082,0.25562605,63.801727,-0.11885911,-0.12501982,-0.11609733,-0.053185403,-0.13430957,-0.0047505796,-0.13622367,0.028675761,1,Stable,True,Materials,0.1259620607087066,ranker
2025-06-16,AON,347.595458984375,True,2025-12-08,2025-06-17,2025-12-08,-0.163477343275334,-0.019096609453666646,341.70758056640625,0.19597565,0.39500654,-0.060384218,-0.006597358,-0.034524746,42.09725,0.074999675,-0.101227395,-0.202573,0.13158101,-0.14289618,-0.10651022,0.4784559,-0.07438031,1,Stable,True,Financials,0.08231039970594956,ranker
2025-06-16,DG,110.80335235595703,True,2025-12-08,2025-06-17,2025-12-08,-0.03549299627361656,0.1088877375480508,122.53327941894531,-0.066670164,-0.15933959,0.34148943,0.5598835,0.41670558,64.67495,-0.18566477,-0.15957415,0.62655365,-0.09137745,-0.14334065,0.592679,-0.3115754,0.029726889,1,Stable,True,Consumer Staples,0.0800751762211864,ranker
2025-06-16,CVS,64.91899108886719,True,2025-12-08,2025-06-17,2025-12-08,0.01819344943309223,0.16257418325475959,74.78206634521484,0.18086767,0.36007467,0.11320452,0.5823995,0.43103683,51.090916,0.08621952,-0.5857788,0.40153182,0.13383667,-0.49775004,0.37176415,0.0066702664,-0.3182433,1,Stable,True,Health Care,0.0038415733724832535,elasticnet
2025-06-16,PM,175.5621337890625,True,2025-12-08,2025-06-17,2025-12-08,-0.3223468222708167,-0.1779660884491493,144.45188903808594,0.86574775,0.2067766,0.20303275,0.53033835,0.39758334,63.535217,-0.12674516,-0.32820022,-0.3354094,-0.060551386,-0.2768098,-0.11910173,0.093334936,-0.1973991,1,Stable,True,Consumer Staples,0.002318485639989376,elasticnet
2025-06-16,NEM,57.508544921875,True,2025-12-08,2025-06-17,2025-12-08,0.38595951828788677,0.5303402521095542,88.61333465576172,0.44854897,0.46460024,0.23459457,0.5866767,0.43373618,59.136665,-0.057104185,-0.36406153,0.13812774,0.003031686,-0.29607224,0.17015064,0.28771812,0.0024468538,1,Stable,True,Materials,0.0021710721775889397,elasticnet
2025-06-16,VRSN,276.8220520019531,True,2025-12-08,2025-06-17,2025-12-08,-0.25534352052031034,-0.110962786698643,248.62673950195312,0.56529194,0.4345773,0.15399747,0.45702264,0.34848952,59.076733,-0.1677335,-0.29385778,-0.108269304,-0.10485949,-0.26067314,0.007394016,-0.43859142,-0.13325883,1,Stable,True,Information Technology,0.0008851448073983192,elasticnet
2025-06-16,DG,110.80335235595703,True,2025-12-08,2025-06-17,2025-12-08,-0.03549299627361656,0.1088877375480508,122.53327941894531,-0.066670164,-0.15933959,0.34148943,0.5598835,0.41670558,64.67495,-0.18566477,-0.15957415,0.62655365,-0.09137745,-0.14334065,0.592679,-0.3115754,0.029726889,1,Stable,True,Consumer Staples,-0.0003235451877117157,elasticnet
2025-06-16,CAH,160.24942016601562,True,2025-12-08,2025-06-17,2025-12-08,0.06924098293393288,0.21362171675560024,197.47586059570312,0.6698268,0.48591116,0.20610946,0.39922318,0.30801168,64.987305,-0.17199148,-0.17433052,-0.27060363,-0.10043961,-0.16848668,-0.09773141,0.07859365,-0.24443774,1,Stable,True,Health Care,-0.0010773073881864548,elasticnet
2025-06-16,CTVA,73.47737884521484,True,2025-12-08,2025-06-17,2025-12-08,-0.2627902422166056,-0.11840950839493823,64.79442596435547,0.44390815,0.7165436,0.17926274,0.32781082,0.25562605,63.801727,-0.11885911,-0.12501982,-0.11609733,-0.053185403,-0.13430957,-0.0047505796,-0.13622367,0.028675761,1,Stable,True,Materials,-0.0026963232085108757,elasticnet
2025-06-16,COR,289.7464599609375,True,2025-12-08,2025-06-17,2025-12-08,0.011853396772073338,0.1562341305937407,335.81646728515625,0.28193432,-0.010214227,0.10405997,0.29811433,0.23300715,56.355694,-0.0863183,-0.20393988,0.016180009,-0.031310473,-0.20633523,0.09161383,-0.19929582,-0.19618097,1,Stable,True,Health Care,-0.002933676354587078,elasticnet
2025-06-16,TTWO,238.60000610351562,True,2025-12-08,2025-06-17,2025-12-08,-0.10328948116389045,0.04109125265777692,247.27999877929688,0.4943321,0.64428705,0.14133966,0.31547028,0.2462887,55.62268,-0.085889265,-0.1772744,-0.17886183,-0.027595688,-0.18017249,-0.048413858,-0.09166414,0.16033529,1,Stable,True,Communication Services,-0.003484806977212429,elasticnet
2025-06-16,WRB,70.58038330078125,True,2025-12-08,2025-06-17,2025-12-08,-0.2220372148585604,-0.07765648103689304,64.89458465576172,0.43768612,0.29861614,0.1146524,0.26163808,0.20450541,57.94035,-0.15204957,-0.11177169,-0.17604804,-0.09096709,-0.1281879,-0.051552743,-0.04998353,-0.2438284,1,Stable,True,Financials,-0.004101037513464689,elasticnet
2025-06-16,HRL,28.496904373168945,True,2025-12-08,2025-06-17,2025-12-08,-0.33336673607961786,-0.18898600225795048,22.94347381591797,0.030820321,0.092216454,0.016464,-0.022468986,-0.05063079,52.781197,-0.038259868,0.052540094,-0.05328931,0.013013918,0.016930401,0.025991116,-0.33294562,0.056637872,1,Stable,True,Consumer Staples,0.013172626495361328,mlp
2025-06-16,PGR,250.07882690429688,True,2025-12-08,2025-06-17,2025-12-08,-0.3040404764767881,-0.15965974265512073,209.63072204589844,0.34306633,0.3702684,0.00092036225,0.13326412,0.09719654,48.62566,-0.03904628,-0.16274214,-0.20980221,0.00980027,-0.19044599,-0.090781964,0.18471605,0.0070031877,1,Stable,True,Financials,0.011855363845825195,mlp
2025-06-16,LMT,454.79351806640625,True,2025-12-08,2025-06-17,2025-12-08,-0.15899599053785748,-0.014615256716190126,459.9293212890625,0.04414651,0.21662304,0.012388245,-0.012324443,-0.04030655,53.813576,-0.0033993414,0.019902913,-0.056470953,0.047484748,-0.015471775,0.02347045,0.98916477,-0.07318031,1,Stable,True,Industrials,0.011328339576721191,mlp
2025-06-16,REG,67.63011932373047,True,2025-12-08,2025-06-17,2025-12-08,-0.16718795636923364,-0.02280722254756629,65.84358215332031,0.20627008,0.59344095,-0.013008306,-0.008890166,-0.03683545,47.99059,-0.02379469,-0.0043015433,-0.21516025,0.026455969,-0.03977226,-0.11739166,0.22009991,-0.011797661,1,Stable,True,Real Estate,0.010717302560806274,mlp
2025-06-16,VLTO,97.15567779541016,True,2025-12-08,2025-06-17,2025-12-08,-0.11982152984313596,0.024559203978531396,99.19562530517578,-0.029292753,0.7027983,-0.004864622,-0.032884788,-0.061343174,50.119633,-0.036018956,0.030358907,-0.0035920348,0.014085952,-0.0045141242,0.07536399,-0.18383388,-0.26128376,1,Stable,True,Industrials,0.01038852334022522,mlp
2025-06-16,AEP,98.03538513183594,True,2025-12-08,2025-06-17,2025-12-08,0.012913488166905546,0.1572942219885729,113.13292694091797,0.20215623,0.044676438,0.0072760563,0.13744877,0.10088231,49.078342,0.020960305,-0.16937569,-0.06470746,0.072284736,-0.19665822,0.023742326,0.12683848,-0.32464588,1,Stable,True,Utilities,0.010387808084487915,mlp
2025-06-16,UNP,219.6621856689453,True,2025-12-08,2025-06-17,2025-12-08,-0.0641131204021159,0.08026761341955145,233.00546264648438,0.014619954,0.7399026,-0.021848716,0.018389583,-0.009682992,46.26805,0.014017694,-0.05578013,0.0037696287,0.0653214,-0.09175274,0.08277971,-0.12735184,0.03453163,1,Stable,True,Industrials,0.009295076131820679,mlp
2025-06-16,EQIX,864.2699584960938,True,2025-12-08,2025-06-17,2025-12-08,-0.29978674952243267,-0.1554060157007653,728.8147583007812,0.1904682,0.8173273,0.016672397,-0.026037851,-0.05428837,55.430244,-0.028964967,0.07442381,-0.21650606,0.022847239,0.038211945,-0.121658236,0.1137657,-0.18349756,1,Stable,True,Real Estate,0.009230643510818481,mlp
2025-06-16,LKQ,36.08466339111328,True,2025-12-08,2025-06-17,2025-12-08,-0.35180587261970325,-0.2074251387980359,27.930665969848633,-0.06030245,0.5258536,-0.035505947,0.07182359,0.041455954,46.204494,-0.04113563,-0.13689089,0.13212603,0.005868435,-0.1720649,0.21062998,-0.1688029,-0.20884548,1,Stable,True,Unknown,0.009181350469589233,mlp
2025-06-16,AMCR,44.61164855957031,True,2025-12-08,2025-06-17,2025-12-08,-0.2347886104666422,-0.09040787664497485,40.04854202270508,-0.038513474,0.56017137,-0.022465639,0.003936105,-0.023977151,48.022453,0.02844017,-0.045093287,0.04244958,0.08009378,-0.08137919,0.12227439,-0.2495542,-0.14646833,1,Stable,True,Materials,0.009174883365631104,mlp
2025-06-16,PM,175.5621337890625,True,2025-12-08,2025-06-17,2025-12-08,-0.3223468222708167,-0.1779660884491493,144.45188903808594,0.86574775,0.2067766,0.20303275,0.53033835,0.39758334,63.535217,-0.12674516,-0.32820022,-0.3354094,-0.060551386,-0.2768098,-0.11910173,0.093334936,-0.1973991,1,Stable,True,Consumer Staples,0.02354921834122336,cv_direction
2025-06-16,CAH,160.24942016601562,True,2025-12-08,2025-06-17,2025-12-08,0.06924098293393288,0.21362171675560024,197.47586059570312,0.6698268,0.48591116,0.20610946,0.39922318,0.30801168,64.987305,-0.17199148,-0.17433052,-0.27060363,-0.10043961,-0.16848668,-0.09773141,0.07859365,-0.24443774,1,Stable,True,Health Care,0.02001888654987382,cv_direction
2025-06-16,CTVA,73.47737884521484,True,2025-12-08,2025-06-17,2025-12-08,-0.2627902422166056,-0.11840950839493823,64.79442596435547,0.44390815,0.7165436,0.17926274,0.32781082,0.25562605,63.801727,-0.11885911,-0.12501982,-0.11609733,-0.053185403,-0.13430957,-0.0047505796,-0.13622367,0.028675761,1,Stable,True,Materials,0.011307326464796732,cv_direction
2025-06-16,VRSN,276.8220520019531,True,2025-12-08,2025-06-17,2025-12-08,-0.25534352052031034,-0.110962786698643,248.62673950195312,0.56529194,0.4345773,0.15399747,0.45702264,0.34848952,59.076733,-0.1677335,-0.29385778,-0.108269304,-0.10485949,-0.26067314,0.007394016,-0.43859142,-0.13325883,1,Stable,True,Information Technology,0.006796254148530797,cv_direction
2025-06-16,CF,98.11863708496094,True,2025-12-08,2025-06-17,2025-12-08,-0.38150754932466063,-0.23712681550299328,76.14494323730469,0.37243947,0.4914668,0.2109065,0.21635793,0.16795556,67.6111,-0.16969226,0.100976035,-0.15608154,-0.087036625,0.0443262,-0.041657418,1.0577024,0.017899254,1,Stable,True,Materials,-0.004363404791795441,cv_direction
2025-06-16,CBOE,223.46865844726562,True,2025-12-08,2025-06-17,2025-12-08,-0.021005492581457966,0.12337524124020939,252.0679473876953,0.34087342,-0.088280305,0.057893496,0.16510837,0.12490857,52.29504,-0.0071043335,-0.1391576,-0.17576505,0.04391551,-0.16261703,-0.06143582,-0.31355992,-0.15025201,1,Stable,True,Financials,-0.005118792746613079,cv_direction
2025-06-16,CME,257.49237060546875,True,2025-12-08,2025-06-17,2025-12-08,-0.1369151039677061,0.007465629853961265,261.53839111328125,0.42833853,-0.038448054,0.047614817,0.16871282,0.12799747,51.871834,-0.035579704,-0.16047788,-0.2596257,0.014937416,-0.18312447,-0.121537626,0.46993002,-0.014746507,1,Stable,True,Financials,-0.005118792746613079,cv_direction
2025-06-16,WM,230.95835876464844,True,2025-12-08,2025-06-17,2025-12-08,-0.2402601589499372,-0.09587942512826986,208.49386596679688,0.18484706,0.27764,0.047355633,0.1499424,0.111806326,52.778133,-0.013408486,-0.11215469,-0.03490466,0.037859775,-0.13804331,0.049169444,-0.3326711,-0.12020409,1,Stable,True,Industrials,-0.005118792746613079,cv_direction
2025-06-16,VRSK,306.6836853027344,True,2025-12-08,2025-06-17,2025-12-08,-0.4304645888470561,-0.2860838550253887,217.3616485595703,0.18278933,0.375468,0.05542837,0.12633993,0.09106785,54.843117,-0.07617618,-0.049051702,-0.0564494,-0.022471324,-0.079949096,0.030169182,0.039575934,-0.1763149,1,Stable,True,Industrials,-0.005118792746613079,cv_direction
2025-06-16,TDG,1335.5650634765625,True,2025-12-08,2025-06-17,2025-12-08,-0.13426208075918009,0.01011865306248727,1347.1700439453125,0.1398642,0.7470938,0.051416628,0.13274929,0.096742146,51.590263,-0.046015825,-0.08376129,-0.007114917,0.006006101,-0.11224448,0.072809815,-0.16163899,-0.097720504,1,Stable,True,Industrials,-0.005118792746613079,cv_direction
2025-12-05,EA,203.5356516679,True,2026-06-02,2025-12-08,2026-06-02,-0.11707701513873393,-0.005593930357499,202.01,0.22180079,0.22325604,0.14288004,0.35231867,0.17186095,76.2202,-0.18281041,-0.15089032,0.13051789,-0.14509805,-0.03040272,0.09871902,-0.08093228,-0.31887302,1,Stable,True,Communication Services,0.01577406370260058,base_excess_lgbm
2025-12-05,JNJ,198.73348999023438,True,2026-06-02,2025-12-08,2026-06-02,0.0062809181338225745,0.11776400291505751,221.79611206054688,0.36591762,0.057329513,0.1388942,0.31879714,0.14676036,67.59367,-0.051572934,-0.18035412,-0.04712048,-0.026393112,-0.059151724,-0.037882194,-0.1749386,0.09214026,1,Stable,True,Health Care,0.004997622664372484,base_excess_lgbm
2025-12-05,VTR,79.14527893066406,True,2026-06-02,2025-12-08,2026-06-02,-0.10978314848087957,0.0016999363003553643,79.66339111328125,0.32246152,-0.2273852,0.16314831,0.30209258,0.13401295,69.96643,-0.09328159,-0.13329403,-0.020368934,-0.06320855,-0.02008953,-0.01829794,-0.24272324,0.009414869,1,Stable,True,Real Estate,0.0045931910149918705,base_excess_lgbm
2025-12-05,ROST,176.74285888671875,True,2026-06-02,2025-12-08,2026-06-02,0.15012876348407073,0.26161184826530565,223.38204956054688,0.17004019,0.8166426,0.19481058,0.35986707,0.17742725,68.8717,-0.067075685,-0.18269967,0.18982688,-0.03870205,-0.056369126,0.14757304,-0.076056264,0.14697804,1,Stable,True,Consumer Discretionary,0.0005601117542640654,base_excess_lgbm
2025-12-05,WELL,202.1319122314453,True,2026-06-02,2025-12-08,2026-06-02,-0.13222978988205783,-0.020746705100822885,194.61532592773438,0.56487924,0.062723875,0.19342075,0.36814338,0.18349493,68.342865,-0.1250802,-0.15066971,-0.19673586,-0.08844047,-0.028769895,-0.13712981,-0.18848751,0.0814832,1,Stable,True,Real Estate,0.0005601117542640654,base_excess_lgbm
2025-12-05,CAH,197.42620849609375,True,2026-06-02,2025-12-08,2026-06-02,-0.12677178777088594,-0.015288702989651013,194.4567108154297,0.6361526,-0.3192283,0.19676429,0.23199327,0.078673705,70.377464,-0.3040765,0.07632588,-0.40415937,-0.24454316,0.14801659,-0.2864899,-0.33456957,0.06062345,1,Stable,True,Health Care,-9.907493604524344e-05,base_excess_lgbm
2025-12-05,NEE,81.96663665771484,True,2026-06-02,2025-12-08,2026-06-02,-0.04054302254550969,0.07094006223572524,85.05699920654297,0.12364811,0.23564765,0.08883668,0.1431296,0.0038100656,63.957947,-0.15283915,0.030354768,0.019481495,-0.11957607,0.114114426,0.014413334,-0.15692115,-0.025422225,1,Stable,True,Utilities,-0.0028294335879519416,base_excess_lgbm
2025-12-05,HCA,484.2848205566406,True,2026-06-02,2025-12-08,2026-06-02,-0.3520403788771502,-0.24055729409591525,366.6152648925781,0.5001684,0.17873064,0.1728348,0.32279983,0.14979088,65.56051,-0.17775933,-0.11249629,-0.17736855,-0.13887897,-0.0009726137,-0.12860256,-0.3080831,0.0021664852,1,Stable,True,Health Care,-0.004163744513819742,base_excess_lgbm
2025-12-05,HII,302.325439453125,True,2026-06-02,2025-12-08,2026-06-02,-0.17489346529198924,-0.06341038051075432,293.6600036621094,0.624601,0.65071964,0.10248818,0.3409706,0.16343397,57.062004,-0.10652153,-0.23283431,-0.2836304,-0.081099786,-0.1028073,-0.19464439,0.5452803,-0.09346873,1,Stable,True,Industrials,-0.005187682428494362,base_excess_lgbm
2025-12-05,PLD,125.06951141357422,True,2026-06-02,2025-12-08,2026-06-02,0.014610284159019396,0.12609336894025433,139.39830017089844,0.13969478,0.5807449,0.11932581,0.22031252,0.06914729,61.570053,-0.09245703,-0.09575865,0.08061774,-0.06582754,0.0061861873,0.0655707,-0.09535568,-0.03541173,1,Stable,True,Real Estate,-0.0057658394444748354,base_excess_lgbm
2025-12-05,DG,130.52008056640625,True,2026-06-02,2025-12-08,2026-06-02,-0.248609391123643,-0.13712630634240808,105.73074340820312,0.7181669,0.2601767,0.2365217,0.17794342,0.033810355,63.51578,0.11611757,0.08565538,-0.5402235,0.10788044,0.15810058,-0.3802637,2.3753397,0.30708653,1,Stable,True,Consumer Staples,0.10563306648197422,absolute_target
2025-12-05,HII,302.325439453125,True,2026-06-02,2025-12-08,2026-06-02,-0.17489346529198924,-0.06341038051075432,293.6600036621094,0.624601,0.65071964,0.10248818,0.3409706,0.16343397,57.062004,-0.10652153,-0.23283431,-0.2836304,-0.081099786,-0.1028073,-0.19464439,0.5452803,-0.09346873,1,Stable,True,Industrials,0.07245800756447737,absolute_target
2025-12-05,CAH,197.42620849609375,True,2026-06-02,2025-12-08,2026-06-02,-0.12677178777088594,-0.015288702989651013,194.4567108154297,0.6361526,-0.3192283,0.19676429,0.23199327,0.078673705,70.377464,-0.3040765,0.07632588,-0.40415937,-0.24454316,0.14801659,-0.2864899,-0.33456957,0.06062345,1,Stable,True,Health Care,0.07209229468295156,absolute_target
2025-12-05,VLO,171.59983825683594,True,2026-06-02,2025-12-08,2026-06-02,0.39274629093418123,0.5042293757154162,257.2657775878906,0.30664548,0.5285177,0.1204267,0.28245163,0.118813865,53.821438,-0.116372876,-0.1704643,-0.024193853,-0.09057763,-0.054717995,-0.021465383,-0.21474059,-0.023183668,1,Stable,True,Energy,0.07137007732160748,absolute_target
2025-12-05,ALLE,157.82948303222656,True,2026-06-02,2025-12-08,2026-06-02,-0.29100263947317695,-0.17951955469194203,129.31692504882812,0.14515552,0.7131188,-0.03476147,0.16884635,0.02605754,39.58656,0.065868266,-0.2710023,0.023690835,0.090762794,-0.17586933,0.017700985,0.52210695,-0.11177183,1,Stable,True,Industrials,0.0710471908402008,absolute_target
2025-12-05,DVN,36.77530288696289,True,2026-06-02,2025-12-08,2026-06-02,0.13314068181714545,0.2446237665983804,45.89357376098633,0.024910608,0.52332735,0.10394975,0.08984518,-0.043924052,53.63443,0.086258054,-0.020691514,0.064934574,0.097555734,0.068738505,0.058654446,-0.11555453,0.080636,1,Stable,True,Energy,0.06935007682968737,absolute_target
2025-12-05,LDOS,185.28109741210938,True,2026-06-02,2025-12-08,2026-06-02,-0.4250095237716455,-0.3135264389904106,126.37359619140625,0.15025099,0.53314674,0.04438302,0.2629161,0.103463694,51.238518,-0.052096978,-0.2515872,0.1126651,-0.03292125,-0.13425142,0.09066742,0.23248923,-0.11680919,1,Stable,True,Industrials,0.06743663205863301,absolute_target
2025-12-05,SPG,176.3494415283203,True,2026-06-02,2025-12-08,2026-06-02,0.04590764563361115,0.15739073041484608,201.32135009765625,0.061150175,0.45064753,0.050424173,0.17025049,0.027258113,50.60961,0.017356232,-0.177537,0.10910031,0.037298903,-0.076624215,0.095088616,0.35175285,-0.18433851,1,Stable,True,Real Estate,0.06633090515719593,absolute_target
2025-12-05,EXPD,150.6934356689453,True,2026-06-02,2025-12-08,2026-06-02,-0.03965909394577173,0.0718239908354632,157.8699951171875,0.26623186,0.51664984,0.2360727,0.3228055,0.14979516,64.35708,-0.10267107,-0.08836576,0.05657363,-0.06686927,0.01876913,0.0409336,0.0787528,0.12961946,1,Stable,True,Industrials,0.06311843774606916,absolute_target
2025-12-05,INCY,102.5199966430664,True,2026-06-02,2025-12-08,2026-06-02,-0.15760510365637337,-0.04612201887513845,92.23999786376953,0.42329583,0.52046114,0.2064973,0.43948323,0.23432447,62.26467,-0.21521649,-0.24974203,0.0161874,-0.17957485,-0.1026416,0.00853318,0.15735228,0.03638195,1,Stable,True,Health Care,0.06007428697033749,absolute_target
2025-12-05,MRK,97.44719696044922,True,2026-06-02,2025-12-08,2026-06-02,0.0762494267967959,0.18773251157803084,114.82427978515625,0.0153486775,0.3962625,0.17194544,0.2438863,0.088280894,63.125183,-0.020169184,-0.06120825,0.22853763,0.002765447,0.037447594,0.20023271,0.073893234,0.14955078,1,Stable,True,Health Care,239.55672814553313,future_price_target
2025-12-05,MLM,622.714111328125,True,2026-06-02,2025-12-08,2026-06-02,-0.1817754693278456,-0.07029238454661069,576.9299926757812,0.066627495,0.6172214,0.040661603,0.15338455,0.01274101,52.443,0.037111938,-0.1627607,0.08675706,0.056744855,-0.06421431,0.07542311,-0.09426162,-0.009003954,1,Stable,True,Materials,227.9174597774271,future_price_target
2025-12-05,CAH,197.42620849609375,True,2026-06-02,2025-12-08,2026-06-02,-0.12677178777088594,-0.015288702989651013,194.4567108154297,0.6361526,-0.3192283,0.19676429,0.23199327,0.078673705,70.377464,-0.3040765,0.07632588,-0.40415937,-0.24454316,0.14801659,-0.2864899,-0.33456957,0.06062345,1,Stable,True,Health Care,225.21149501150407,future_price_target
2025-12-05,HCA,484.2848205566406,True,2026-06-02,2025-12-08,2026-06-02,-0.3520403788771502,-0.24055729409591525,366.6152648925781,0.5001684,0.17873064,0.1728348,0.32279983,0.14979088,65.56051,-0.17775933,-0.11249629,-0.17736855,-0.13887897,-0.0009726137,-0.12860256,-0.3080831,0.0021664852,1,Stable,True,Health Care,221.4548614945177,future_price_target
2025-12-05,REGN,715.59130859375,True,2026-06-02,2025-12-08,2026-06-02,-0.2518481128589104,-0.14036502807767548,602.216796875,-0.036321938,0.22740622,0.20809557,0.3781909,0.19081199,60.601562,-0.15394896,-0.11233258,0.41451284,-0.10970536,0.0028854758,0.35499388,-0.30857077,0.09504395,1,Stable,True,Health Care,220.2704153085249,future_price_target
2025-12-05,FOXA,68.06610870361328,True,2026-06-02,2025-12-08,2026-06-02,-0.15768683475451017,-0.046203749973275254,65.69000244140625,0.48775613,0.4937958,0.14858663,0.24213944,0.08687555,61.189667,-0.12371426,-0.07748768,-0.24561669,-0.092334025,0.023493662,-0.18320957,0.1474439,-0.07330604,1,Stable,True,Communication Services,210.5567370039998,future_price_target
2025-12-05,WMT,114.14891052246094,True,2026-06-02,2025-12-08,2026-06-02,-0.10990133768340239,0.0015817470978325419,112.78997802734375,0.24299389,-0.103795,0.13507272,0.22365947,0.071886234,59.699368,0.010697745,-0.10227624,-0.01933442,0.029460922,0.0006237924,-0.018452764,0.09654577,0.31520823,1,Stable,True,Consumer Staples,208.461744744642,future_price_target
2025-12-05,LOW,244.6653289794922,True,2026-06-02,2025-12-08,2026-06-02,-0.2595740369995775,-0.14809095221834254,205.3707733154297,-0.07632625,0.60303473,0.036751237,0.16169752,0.019922614,43.84192,0.15736446,-0.24506164,0.23802377,0.17840163,-0.1490205,0.22650287,-0.29548416,0.27737436,1,Stable,True,Consumer Discretionary,207.51998257607858,future_price_target
2025-12-05,ALLE,157.82948303222656,True,2026-06-02,2025-12-08,2026-06-02,-0.29100263947317695,-0.17951955469194203,129.31692504882812,0.14515552,0.7131188,-0.03476147,0.16884635,0.02605754,39.58656,0.065868266,-0.2710023,0.023690835,0.090762794,-0.17586933,0.017700985,0.52210695,-0.11177183,1,Stable,True,Industrials,200.58323625522928,future_price_target
2025-12-05,CBRE,160.86000061035156,True,2026-06-02,2025-12-08,2026-06-02,-0.28865020549319265,-0.17716712071195773,127.86000061035156,0.17304744,0.7323337,0.045806877,0.19955252,0.051988885,48.1326,0.10285117,-0.22993223,0.026505083,0.12078285,-0.12489254,0.019567773,-0.37505227,-0.13876152,1,Stable,True,Real Estate,199.7504164233981,future_price_target
2025-12-05,ROST,176.74285888671875,True,2026-06-02,2025-12-08,2026-06-02,0.15012876348407073,0.26161184826530565,223.38204956054688,0.17004019,0.8166426,0.19481058,0.35986707,0.17742725,68.8717,-0.067075685,-0.18269967,0.18982688,-0.03870205,-0.056369126,0.14757304,-0.076056264,0.14697804,1,Stable,True,Consumer Discretionary,0.0110095050745799,difference_features
2025-12-05,EA,203.5356516679,True,2026-06-02,2025-12-08,2026-06-02,-0.11707701513873393,-0.005593930357499,202.01,0.22180079,0.22325604,0.14288004,0.35231867,0.17186095,76.2202,-0.18281041,-0.15089032,0.13051789,-0.14509805,-0.03040272,0.09871902,-0.08093228,-0.31887302,1,Stable,True,Communication Services,0.009073447327881885,difference_features
2025-12-05,VTR,79.14527893066406,True,2026-06-02,2025-12-08,2026-06-02,-0.10978314848087957,0.0016999363003553643,79.66339111328125,0.32246152,-0.2273852,0.16314831,0.30209258,0.13401295,69.96643,-0.09328159,-0.13329403,-0.020368934,-0.06320855,-0.02008953,-0.01829794,-0.24272324,0.009414869,1,Stable,True,Real Estate,0.008120840642736629,difference_features
2025-12-05,JNJ,198.73348999023438,True,2026-06-02,2025-12-08,2026-06-02,0.0062809181338225745,0.11776400291505751,221.79611206054688,0.36591762,0.057329513,0.1388942,0.31879714,0.14676036,67.59367,-0.051572934,-0.18035412,-0.04712048,-0.026393112,-0.059151724,-0.037882194,-0.1749386,0.09214026,1,Stable,True,Health Care,0.006861125424342797,difference_features
2025-12-05,SRE,88.74612426757812,True,2026-06-02,2025-12-08,2026-06-02,-0.08117375885519774,0.03030932592603719,88.91456604003906,0.01710611,0.47085184,0.07297245,0.2483936,0.09189789,59.12306,-0.116830334,-0.15441296,0.23128748,-0.09297145,-0.044127807,0.20212033,-0.17280161,0.08827054,1,Stable,True,Utilities,0.003119975580009119,difference_features
2025-12-05,UHS,230.53770446777344,True,2026-06-02,2025-12-08,2026-06-02,-0.4804811494928995,-0.3689980647116646,142.35360717773438,0.16987589,0.5461731,0.18566477,0.35903308,0.17681378,63.880608,-0.19061466,-0.14686333,0.18915719,-0.15111952,-0.026454762,0.1471,-0.40183207,-0.14386603,1,Stable,True,Health Care,0.002950090453021048,difference_features
2025-12-05,LDOS,185.28109741210938,True,2026-06-02,2025-12-08,2026-06-02,-0.4250095237716455,-0.3135264389904106,126.37359619140625,0.15025099,0.53314674,0.04438302,0.2629161,0.103463694,51.238518,-0.052096978,-0.2515872,0.1126651,-0.03292125,-0.13425142,0.09066742,0.23248923,-0.11680919,1,Stable,True,Industrials,0.0019397846854825333,difference_features
2025-12-05,VLO,171.59983825683594,True,2026-06-02,2025-12-08,2026-06-02,0.39274629093418123,0.5042293757154162,257.2657775878906,0.30664548,0.5285177,0.1204267,0.28245163,0.118813865,53.821438,-0.116372876,-0.1704643,-0.024193853,-0.09057763,-0.054717995,-0.021465383,-0.21474059,-0.023183668,1,Stable,True,Energy,9.63951375230779e-06,difference_features
2025-12-05,PLD,125.06951141357422,True,2026-06-02,2025-12-08,2026-06-02,0.014610284159019396,0.12609336894025433,139.39830017089844,0.13969478,0.5807449,0.11932581,0.22031252,0.06914729,61.570053,-0.09245703,-0.09575865,0.08061774,-0.06582754,0.0061861873,0.0655707,-0.09535568,-0.03541173,1,Stable,True,Real Estate,-0.0002745017727490566,difference_features
2025-12-05,BIIB,181.3000030517578,True,2026-06-02,2025-12-08,2026-06-02,-0.06498563811680746,0.04649744666442747,188.8300018310547,0.12713706,0.29162315,0.25994724,0.3835471,0.19469087,64.28067,-0.06139399,-0.16546051,0.25641003,-0.03175018,-0.039462537,0.20219392,-0.38500324,0.1951707,1,Stable,True,Health Care,-0.00044436250377293197,difference_features
2025-12-05,EA,203.5356516679,True,2026-06-02,2025-12-08,2026-06-02,-0.11707701513873393,-0.005593930357499,202.01,0.22180079,0.22325604,0.14288004,0.35231867,0.17186095,76.2202,-0.18281041,-0.15089032,0.13051789,-0.14509805,-0.03040272,0.09871902,-0.08093228,-0.31887302,1,Stable,True,Communication Services,0.014545411540973802,volume_features
2025-12-05,JNJ,198.73348999023438,True,2026-06-02,2025-12-08,2026-06-02,0.0062809181338225745,0.11776400291505751,221.79611206054688,0.36591762,0.057329513,0.1388942,0.31879714,0.14676036,67.59367,-0.051572934,-0.18035412,-0.04712048,-0.026393112,-0.059151724,-0.037882194,-0.1749386,0.09214026,1,Stable,True,Health Care,0.0033006405136879356,volume_features
2025-12-05,VTR,79.14527893066406,True,2026-06-02,2025-12-08,2026-06-02,-0.10978314848087957,0.0016999363003553643,79.66339111328125,0.32246152,-0.2273852,0.16314831,0.30209258,0.13401295,69.96643,-0.09328159,-0.13329403,-0.020368934,-0.06320855,-0.02008953,-0.01829794,-0.24272324,0.009414869,1,Stable,True,Real Estate,0.0018841969563627415,volume_features
2025-12-05,ROST,176.74285888671875,True,2026-06-02,2025-12-08,2026-06-02,0.15012876348407073,0.26161184826530565,223.38204956054688,0.17004019,0.8166426,0.19481058,0.35986707,0.17742725,68.8717,-0.067075685,-0.18269967,0.18982688,-0.03870205,-0.056369126,0.14757304,-0.076056264,0.14697804,1,Stable,True,Consumer Discretionary,0.0013364865535204387,volume_features
2025-12-05,WELL,202.1319122314453,True,2026-06-02,2025-12-08,2026-06-02,-0.13222978988205783,-0.020746705100822885,194.61532592773438,0.56487924,0.062723875,0.19342075,0.36814338,0.18349493,68.342865,-0.1250802,-0.15066971,-0.19673586,-0.08844047,-0.028769895,-0.13712981,-0.18848751,0.0814832,1,Stable,True,Real Estate,0.0013364865535204387,volume_features
2025-12-05,GL,130.5664825439453,True,2026-06-02,2025-12-08,2026-06-02,0.02895977727836206,0.140442862059597,150.77383422851562,0.20992115,0.4509965,-0.017521514,0.09360009,-0.04048462,41.695343,0.0727627,-0.16985211,-0.116321065,0.09578692,-0.08088429,-0.10385592,-0.056260593,-0.20598897,1,Stable,True,Financials,0.0012578075829800103,volume_features
2025-12-05,CAH,197.42620849609375,True,2026-06-02,2025-12-08,2026-06-02,-0.12677178777088594,-0.015288702989651013,194.4567108154297,0.6361526,-0.3192283,0.19676429,0.23199327,0.078673705,70.377464,-0.3040765,0.07632588,-0.40415937,-0.24454316,0.14801659,-0.2864899,-0.33456957,0.06062345,1,Stable,True,Health Care,-0.00038947655590586066,volume_features
2025-12-05,NEE,81.96663665771484,True,2026-06-02,2025-12-08,2026-06-02,-0.04054302254550969,0.07094006223572524,85.05699920654297,0.12364811,0.23564765,0.08883668,0.1431296,0.0038100656,63.957947,-0.15283915,0.030354768,0.019481495,-0.11957607,0.114114426,0.014413334,-0.15692115,-0.025422225,1,Stable,True,Utilities,-0.0031324864448141836,volume_features
2025-12-05,ROL,60.71038818359375,True,2026-06-02,2025-12-08,2026-06-02,-0.362709812263786,-0.2512267274825511,44.82160568237305,0.25142434,0.010076375,0.07384213,0.08896514,-0.04473187,58.69633,-0.0077563114,-0.031041551,-0.1624592,0.0126077095,0.05898706,-0.14183035,-0.2594183,0.555224,1,Stable,True,Industrials,-0.004338190092179268,volume_features
2025-12-05,MSI,371.05242919921875,True,2026-06-02,2025-12-08,2026-06-02,0.013699764177151921,0.12518284895838686,414.1786804199219,-0.2403935,0.42085853,-0.13399987,-0.0790775,-0.2123391,27.453789,0.19686925,-0.155597,0.161316,0.24888198,-0.09716785,0.18979955,0.20162211,0.5590059,1,Stable,True,Information Technology,-0.005099953885508046,volume_features
2025-12-05,VTR,79.14527893066406,True,2026-06-02,2025-12-08,2026-06-02,-0.10978314848087957,0.0016999363003553643,79.66339111328125,0.32246152,-0.2273852,0.16314831,0.30209258,0.13401295,69.96643,-0.09328159,-0.13329403,-0.020368934,-0.06320855,-0.02008953,-0.01829794,-0.24272324,0.009414869,1,Stable,True,Real Estate,0.009048859876906071,rolling_3y
2025-12-05,INCY,102.5199966430664,True,2026-06-02,2025-12-08,2026-06-02,-0.15760510365637337,-0.04612201887513845,92.23999786376953,0.42329583,0.52046114,0.2064973,0.43948323,0.23432447,62.26467,-0.21521649,-0.24974203,0.0161874,-0.17957485,-0.1026416,0.00853318,0.15735228,0.03638195,1,Stable,True,Health Care,0.007201545931366131,rolling_3y
2025-12-05,EA,203.5356516679,True,2026-06-02,2025-12-08,2026-06-02,-0.11707701513873393,-0.005593930357499,202.01,0.22180079,0.22325604,0.14288004,0.35231867,0.17186095,76.2202,-0.18281041,-0.15089032,0.13051789,-0.14509805,-0.03040272,0.09871902,-0.08093228,-0.31887302,1,Stable,True,Communication Services,0.0007258800054009139,rolling_3y
2025-12-05,JNJ,198.73348999023438,True,2026-06-02,2025-12-08,2026-06-02,0.0062809181338225745,0.11776400291505751,221.79611206054688,0.36591762,0.057329513,0.1388942,0.31879714,0.14676036,67.59367,-0.051572934,-0.18035412,-0.04712048,-0.026393112,-0.059151724,-0.037882194,-0.1749386,0.09214026,1,Stable,True,Health Care,0.0007085063447597647,rolling_3y
2025-12-05,CAH,197.42620849609375,True,2026-06-02,2025-12-08,2026-06-02,-0.12677178777088594,-0.015288702989651013,194.4567108154297,0.6361526,-0.3192283,0.19676429,0.23199327,0.078673705,70.377464,-0.3040765,0.07632588,-0.40415937,-0.24454316,0.14801659,-0.2864899,-0.33456957,0.06062345,1,Stable,True,Health Care,0.0002718037402695758,rolling_3y
2025-12-05,GD,332.9193115234375,True,2026-06-02,2025-12-08,2026-06-02,-0.09793074700434869,0.013552337776886247,336.1306457519531,0.24085632,0.64153665,0.04707958,0.2192719,0.06829417,54.188797,-0.03661416,-0.19144401,-0.021584421,-0.016306475,-0.08289936,-0.020323656,0.25957608,-0.048507188,1,Stable,True,Industrials,0.00011148080063015772,rolling_3y
2025-12-05,HII,302.325439453125,True,2026-06-02,2025-12-08,2026-06-02,-0.17489346529198924,-0.06341038051075432,293.6600036621094,0.624601,0.65071964,0.10248818,0.3409706,0.16343397,57.062004,-0.10652153,-0.23283431,-0.2836304,-0.081099786,-0.1028073,-0.19464439,0.5452803,-0.09346873,1,Stable,True,Industrials,0.00010607253461866826,rolling_3y
2025-12-05,WELL,202.1319122314453,True,2026-06-02,2025-12-08,2026-06-02,-0.13222978988205783,-0.020746705100822885,194.61532592773438,0.56487924,0.062723875,0.19342075,0.36814338,0.18349493,68.342865,-0.1250802,-0.15066971,-0.19673586,-0.08844047,-0.028769895,-0.13712981,-0.18848751,0.0814832,1,Stable,True,Real Estate,-0.0007835792454426308,rolling_3y
2025-12-05,ALLE,157.82948303222656,True,2026-06-02,2025-12-08,2026-06-02,-0.29100263947317695,-0.17951955469194203,129.31692504882812,0.14515552,0.7131188,-0.03476147,0.16884635,0.02605754,39.58656,0.065868266,-0.2710023,0.023690835,0.090762794,-0.17586933,0.017700985,0.52210695,-0.11177183,1,Stable,True,Industrials,-0.0009000425259645513,rolling_3y
2025-12-05,LDOS,185.28109741210938,True,2026-06-02,2025-12-08,2026-06-02,-0.4250095237716455,-0.3135264389904106,126.37359619140625,0.15025099,0.53314674,0.04438302,0.2629161,0.103463694,51.238518,-0.052096978,-0.2515872,0.1126651,-0.03292125,-0.13425142,0.09066742,0.23248923,-0.11680919,1,Stable,True,Industrials,-0.0011400743635343125,rolling_3y
2025-12-05,EA,203.5356516679,True,2026-06-02,2025-12-08,2026-06-02,-0.11707701513873393,-0.005593930357499,202.01,0.22180079,0.22325604,0.14288004,0.35231867,0.17186095,76.2202,-0.18281041,-0.15089032,0.13051789,-0.14509805,-0.03040272,0.09871902,-0.08093228,-0.31887302,1,Stable,True,Communication Services,0.26303046371446,ranker
2025-12-05,JNJ,198.73348999023438,True,2026-06-02,2025-12-08,2026-06-02,0.0062809181338225745,0.11776400291505751,221.79611206054688,0.36591762,0.057329513,0.1388942,0.31879714,0.14676036,67.59367,-0.051572934,-0.18035412,-0.04712048,-0.026393112,-0.059151724,-0.037882194,-0.1749386,0.09214026,1,Stable,True,Health Care,0.12488485105445114,ranker
2025-12-05,INVH,26.25025749206543,True,2026-06-02,2025-12-08,2026-06-02,-0.003214949043011339,0.1082681357382236,28.577795028686523,-0.16222115,0.24594554,-0.08936964,-0.1714955,-0.3180927,41.783367,0.08067126,0.06673226,-0.009274349,0.106246464,0.16537273,-0.013907701,-0.25625473,0.11797134,1,Stable,True,Real Estate,0.12362967767118334,ranker
2025-12-05,PM,143.9843292236328,True,2026-06-02,2025-12-08,2026-06-02,0.08083155082051392,0.19231463560174886,172.2321014404297,0.18230587,-0.34213093,-0.0915989,-0.17986684,-0.32824826,41.775085,0.097439766,0.06848456,-0.36217272,0.12401387,0.1681072,-0.36853102,-0.0035666476,-0.12947178,1,Stable,True,Consumer Staples,0.12362967767118334,ranker
2025-12-05,CAH,197.42620849609375,True,2026-06-02,2025-12-08,2026-06-02,-0.12677178777088594,-0.015288702989651013,194.4567108154297,0.6361526,-0.3192283,0.19676429,0.23199327,0.078673705,70.377464,-0.3040765,0.07632588,-0.40415937,-0.24454316,0.14801659,-0.2864899,-0.33456957,0.06062345,1,Stable,True,Health Care,0.11828229552067168,ranker
2025-12-05,ALLE,157.82948303222656,True,2026-06-02,2025-12-08,2026-06-02,-0.29100263947317695,-0.17951955469194203,129.31692504882812,0.14515552,0.7131188,-0.03476147,0.16884635,0.02605754,39.58656,0.065868266,-0.2710023,0.023690835,0.090762794,-0.17586933,0.017700985,0.52210695,-0.11177183,1,Stable,True,Industrials,0.10333640788637016,ranker
2025-12-05,VRSK,219.625,True,2026-06-02,2025-12-08,2026-06-02,-0.2897521393619503,-0.1782690545807154,178.61279296875,-0.22993134,-0.08953446,-0.14418763,-0.28387126,-0.46385503,41.070866,0.2069117,0.11627941,-0.053939924,0.24196525,0.2383697,-0.075395525,-0.13472019,0.086323105,1,Stable,True,Industrials,0.08122106717687516,ranker
2025-12-05,CF,76.7559814453125,True,2026-06-02,2025-12-08,2026-06-02,0.3711932821634081,0.482676366944643,112.89830780029297,-0.15278125,0.28667173,-0.10352976,-0.21772271,-0.37550572,45.862164,0.05226482,0.12733038,-0.064941466,0.07583488,0.23871088,-0.08252546,-0.20673332,-0.05515726,1,Stable,True,Materials,0.07692967443136105,ranker
2025-12-05,ERIE,291.5567321777344,True,2026-06-02,2025-12-08,2026-06-02,-0.36425332552884737,-0.25277024074761245,206.35914611816406,-0.3055005,0.09252188,-0.09641516,-0.1645597,-0.3097561,45.27676,0.17176831,0.045636125,0.1409408,0.19807304,0.14109226,0.18199164,-0.28622144,-0.07197958,1,Stable,True,Financials,0.07445335923817482,ranker
2025-12-05,FDS,287.73406982421875,True,2026-06-02,2025-12-08,2026-06-02,-0.2108078074484262,-0.09932472266719128,255.82000732421875,-0.3944447,0.32297903,-0.1530837,-0.30537936,-0.49434912,41.248455,0.3629396,0.09292872,0.08906534,0.39898264,0.21346697,0.13444418,0.7050749,0.35672605,1,Stable,True,Financials,0.06744834296096254,ranker
2025-12-05,INCY,102.5199966430664,True,2026-06-02,2025-12-08,2026-06-02,-0.15760510365637337,-0.04612201887513845,92.23999786376953,0.42329583,0.52046114,0.2064973,0.43948323,0.23432447,62.26467,-0.21521649,-0.24974203,0.0161874,-0.17957485,-0.1026416,0.00853318,0.15735228,0.03638195,1,Stable,True,Health Care,-0.004555052146315575,elasticnet
2025-12-05,BIIB,181.3000030517578,True,2026-06-02,2025-12-08,2026-06-02,-0.06498563811680746,0.04649744666442747,188.8300018310547,0.12713706,0.29162315,0.25994724,0.3835471,0.19469087,64.28067,-0.06139399,-0.16546051,0.25641003,-0.03175018,-0.039462537,0.20219392,-0.38500324,0.1951707,1,Stable,True,Health Care,-0.006593618541955948,elasticnet
2025-12-05,REGN,715.59130859375,True,2026-06-02,2025-12-08,2026-06-02,-0.2518481128589104,-0.14036502807767548,602.216796875,-0.036321938,0.22740622,0.20809557,0.3781909,0.19081199,60.601562,-0.15394896,-0.11233258,0.41451284,-0.10970536,0.0028854758,0.35499388,-0.30857077,0.09504395,1,Stable,True,Health Care,-0.006827349774539471,elasticnet
2025-12-05,WELL,202.1319122314453,True,2026-06-02,2025-12-08,2026-06-02,-0.13222978988205783,-0.020746705100822885,194.61532592773438,0.56487924,0.062723875,0.19342075,0.36814338,0.18349493,68.342865,-0.1250802,-0.15066971,-0.19673586,-0.08844047,-0.028769895,-0.13712981,-0.18848751,0.0814832,1,Stable,True,Real Estate,-0.007122219540178776,elasticnet
2025-12-05,ROST,176.74285888671875,True,2026-06-02,2025-12-08,2026-06-02,0.15012876348407073,0.26161184826530565,223.38204956054688,0.17004019,0.8166426,0.19481058,0.35986707,0.17742725,68.8717,-0.067075685,-0.18269967,0.18982688,-0.03870205,-0.056369126,0.14757304,-0.076056264,0.14697804,1,Stable,True,Consumer Discretionary,-0.00742278341203928,elasticnet
2025-12-05,UHS,230.53770446777344,True,2026-06-02,2025-12-08,2026-06-02,-0.4804811494928995,-0.3689980647116646,142.35360717773438,0.16987589,0.5461731,0.18566477,0.35903308,0.17681378,63.880608,-0.19061466,-0.14686333,0.18915719,-0.15111952,-0.026454762,0.1471,-0.40183207,-0.14386603,1,Stable,True,Health Care,-0.007502628490328789,elasticnet
2025-12-05,EA,203.5356516679,True,2026-06-02,2025-12-08,2026-06-02,-0.11707701513873393,-0.005593930357499,202.01,0.22180079,0.22325604,0.14288004,0.35231867,0.17186095,76.2202,-0.18281041,-0.15089032,0.13051789,-0.14509805,-0.03040272,0.09871902,-0.08093228,-0.31887302,1,Stable,True,Communication Services,-0.007629666477441788,elasticnet
2025-12-05,HII,302.325439453125,True,2026-06-02,2025-12-08,2026-06-02,-0.17489346529198924,-0.06341038051075432,293.6600036621094,0.624601,0.65071964,0.10248818,0.3409706,0.16343397,57.062004,-0.10652153,-0.23283431,-0.2836304,-0.081099786,-0.1028073,-0.19464439,0.5452803,-0.09346873,1,Stable,True,Industrials,-0.008237709291279316,elasticnet
2025-12-05,HCA,484.2848205566406,True,2026-06-02,2025-12-08,2026-06-02,-0.3520403788771502,-0.24055729409591525,366.6152648925781,0.5001684,0.17873064,0.1728348,0.32279983,0.14979088,65.56051,-0.17775933,-0.11249629,-0.17736855,-0.13887897,-0.0009726137,-0.12860256,-0.3080831,0.0021664852,1,Stable,True,Health Care,-0.008827435784041882,elasticnet
2025-12-05,EXPD,150.6934356689453,True,2026-06-02,2025-12-08,2026-06-02,-0.03965909394577173,0.0718239908354632,157.8699951171875,0.26623186,0.51664984,0.2360727,0.3228055,0.14979516,64.35708,-0.10267107,-0.08836576,0.05657363,-0.06686927,0.01876913,0.0409336,0.0787528,0.12961946,1,Stable,True,Industrials,-0.008839045651257038,elasticnet
2025-12-05,EA,203.5356516679,True,2026-06-02,2025-12-08,2026-06-02,-0.11707701513873393,-0.005593930357499,202.01,0.22180079,0.22325604,0.14288004,0.35231867,0.17186095,76.2202,-0.18281041,-0.15089032,0.13051789,-0.14509805,-0.03040272,0.09871902,-0.08093228,-0.31887302,1,Stable,True,Communication Services,0.029696404933929443,mlp
2025-12-05,VTR,79.14527893066406,True,2026-06-02,2025-12-08,2026-06-02,-0.10978314848087957,0.0016999363003553643,79.66339111328125,0.32246152,-0.2273852,0.16314831,0.30209258,0.13401295,69.96643,-0.09328159,-0.13329403,-0.020368934,-0.06320855,-0.02008953,-0.01829794,-0.24272324,0.009414869,1,Stable,True,Real Estate,0.007227122783660889,mlp
2025-12-05,BF-B,29.86168098449707,True,2026-06-02,2025-12-08,2026-06-02,-0.27665123624539145,-0.16516815146415653,24.724470138549805,-0.23927298,0.42833626,0.08318909,0.19131327,0.04509658,57.465218,0.03829871,-0.07475731,0.43058625,0.053691946,0.023099411,0.44576117,0.32219088,0.19600944,1,Stable,True,Consumer Staples,0.004465311765670776,mlp
2025-12-05,CAH,197.42620849609375,True,2026-06-02,2025-12-08,2026-06-02,-0.12677178777088594,-0.015288702989651013,194.4567108154297,0.6361526,-0.3192283,0.19676429,0.23199327,0.078673705,70.377464,-0.3040765,0.07632588,-0.40415937,-0.24454316,0.14801659,-0.2864899,-0.33456957,0.06062345,1,Stable,True,Health Care,0.0034239888191223145,mlp
2025-12-05,RTX,169.26390075683594,True,2026-06-02,2025-12-08,2026-06-02,-0.08788772041966576,0.02359536436156917,173.6830291748047,0.47578314,0.55049235,0.06990029,0.17801969,0.0338751,56.774296,-0.10858722,-0.08841453,-0.29776347,-0.08501357,0.009887371,-0.2281298,-0.30668622,-0.08216253,1,Stable,True,Industrials,0.0029132068157196045,mlp
2025-12-05,MLM,622.714111328125,True,2026-06-02,2025-12-08,2026-06-02,-0.1817754693278456,-0.07029238454661069,576.9299926757812,0.066627495,0.6172214,0.040661603,0.15338455,0.01274101,52.443,0.037111938,-0.1627607,0.08675706,0.056744855,-0.06421431,0.07542311,-0.09426162,-0.009003954,1,Stable,True,Materials,0.0019056499004364014,mlp
2025-12-05,GD,332.9193115234375,True,2026-06-02,2025-12-08,2026-06-02,-0.09793074700434869,0.013552337776886247,336.1306457519531,0.24085632,0.64153665,0.04707958,0.2192719,0.06829417,54.188797,-0.03661416,-0.19144401,-0.021584421,-0.016306475,-0.08289936,-0.020323656,0.25957608,-0.048507188,1,Stable,True,Industrials,0.0015601515769958496,mlp
2025-12-05,LHX,276.41339111328125,True,2026-06-02,2025-12-08,2026-06-02,-0.013690398154580855,0.09779268662665408,306.876708984375,0.18333614,0.2821337,0.008671776,0.13369012,-0.004481805,49.45227,-0.015349097,-0.13714784,-0.04964602,0.004444152,-0.04103483,-0.045635596,-0.3996029,0.013949213,1,Stable,True,Industrials,0.0014612674713134766,mlp
2025-12-05,JNJ,198.73348999023438,True,2026-06-02,2025-12-08,2026-06-02,0.0062809181338225745,0.11776400291505751,221.79611206054688,0.36591762,0.057329513,0.1388942,0.31879714,0.14676036,67.59367,-0.051572934,-0.18035412,-0.04712048,-0.026393112,-0.059151724,-0.037882194,-0.1749386,0.09214026,1,Stable,True,Health Care,0.0011823475360870361,mlp
2025-12-05,VMC,293.1837158203125,True,2026-06-02,2025-12-08,2026-06-02,-0.15490960049570257,-0.04342651571446765,281.3172912597656,0.036850493,0.65473133,0.033343717,0.13279793,-0.0052690897,51.016186,0.052499622,-0.1536043,0.09594743,0.07219361,-0.057809703,0.085727066,-0.19923936,0.09503052,1,Stable,True,Materials,-0.00020828843116760254,mlp
2025-12-05,EA,203.5356516679,True,2026-06-02,2025-12-08,2026-06-02,-0.11707701513873393,-0.005593930357499,202.01,0.22180079,0.22325604,0.14288004,0.35231867,0.17186095,76.2202,-0.18281041,-0.15089032,0.13051789,-0.14509805,-0.03040272,0.09871902,-0.08093228,-0.31887302,1,Stable,True,Communication Services,0.01577406370260058,cv_direction
2025-12-05,JNJ,198.73348999023438,True,2026-06-02,2025-12-08,2026-06-02,0.0062809181338225745,0.11776400291505751,221.79611206054688,0.36591762,0.057329513,0.1388942,0.31879714,0.14676036,67.59367,-0.051572934,-0.18035412,-0.04712048,-0.026393112,-0.059151724,-0.037882194,-0.1749386,0.09214026,1,Stable,True,Health Care,0.004997622664372484,cv_direction
2025-12-05,VTR,79.14527893066406,True,2026-06-02,2025-12-08,2026-06-02,-0.10978314848087957,0.0016999363003553643,79.66339111328125,0.32246152,-0.2273852,0.16314831,0.30209258,0.13401295,69.96643,-0.09328159,-0.13329403,-0.020368934,-0.06320855,-0.02008953,-0.01829794,-0.24272324,0.009414869,1,Stable,True,Real Estate,0.0045931910149918705,cv_direction
2025-12-05,ROST,176.74285888671875,True,2026-06-02,2025-12-08,2026-06-02,0.15012876348407073,0.26161184826530565,223.38204956054688,0.17004019,0.8166426,0.19481058,0.35986707,0.17742725,68.8717,-0.067075685,-0.18269967,0.18982688,-0.03870205,-0.056369126,0.14757304,-0.076056264,0.14697804,1,Stable,True,Consumer Discretionary,0.0005601117542640654,cv_direction
2025-12-05,WELL,202.1319122314453,True,2026-06-02,2025-12-08,2026-06-02,-0.13222978988205783,-0.020746705100822885,194.61532592773438,0.56487924,0.062723875,0.19342075,0.36814338,0.18349493,68.342865,-0.1250802,-0.15066971,-0.19673586,-0.08844047,-0.028769895,-0.13712981,-0.18848751,0.0814832,1,Stable,True,Real Estate,0.0005601117542640654,cv_direction
2025-12-05,CAH,197.42620849609375,True,2026-06-02,2025-12-08,2026-06-02,-0.12677178777088594,-0.015288702989651013,194.4567108154297,0.6361526,-0.3192283,0.19676429,0.23199327,0.078673705,70.377464,-0.3040765,0.07632588,-0.40415937,-0.24454316,0.14801659,-0.2864899,-0.33456957,0.06062345,1,Stable,True,Health Care,-9.907493604524344e-05,cv_direction
2025-12-05,NEE,81.96663665771484,True,2026-06-02,2025-12-08,2026-06-02,-0.04054302254550969,0.07094006223572524,85.05699920654297,0.12364811,0.23564765,0.08883668,0.1431296,0.0038100656,63.957947,-0.15283915,0.030354768,0.019481495,-0.11957607,0.114114426,0.014413334,-0.15692115,-0.025422225,1,Stable,True,Utilities,-0.0028294335879519416,cv_direction
2025-12-05,HCA,484.2848205566406,True,2026-06-02,2025-12-08,2026-06-02,-0.3520403788771502,-0.24055729409591525,366.6152648925781,0.5001684,0.17873064,0.1728348,0.32279983,0.14979088,65.56051,-0.17775933,-0.11249629,-0.17736855,-0.13887897,-0.0009726137,-0.12860256,-0.3080831,0.0021664852,1,Stable,True,Health Care,-0.004163744513819742,cv_direction
2025-12-05,HII,302.325439453125,True,2026-06-02,2025-12-08,2026-06-02,-0.17489346529198924,-0.06341038051075432,293.6600036621094,0.624601,0.65071964,0.10248818,0.3409706,0.16343397,57.062004,-0.10652153,-0.23283431,-0.2836304,-0.081099786,-0.1028073,-0.19464439,0.5452803,-0.09346873,1,Stable,True,Industrials,-0.005187682428494362,cv_direction
2025-12-05,PLD,125.06951141357422,True,2026-06-02,2025-12-08,2026-06-02,0.014610284159019396,0.12609336894025433,139.39830017089844,0.13969478,0.5807449,0.11932581,0.22031252,0.06914729,61.570053,-0.09245703,-0.09575865,0.08061774,-0.06582754,0.0061861873,0.0655707,-0.09535568,-0.03541173,1,Stable,True,Real Estate,-0.0057658394444748354,cv_direction
