Date,Ticker,target_excess_simple_120d_next_close,target_simple_120d_next_close,elasticnet,base_lgbm,mlp,macro,lstm,candidate_elasticnet,candidate_base_lgbm,candidate_elasticnet_lgbm_equal,candidate_elasticnet_lgbm_lstm_equal,candidate_original_40_40_20,candidate_cv_locked_relu_4model
2024-07-01,AAPL,0.08139189022536536,0.15796469605629196,-0.012528895,-0.007657443184485149,-0.0048722625,0.012613421097558829,-0.010426639384689245,0.98,0.8942857142857142,0.937142857142857,0.9485714285714285,0.9520000000000001,0.9301936860618575
2024-07-01,ABBV,-0.0003620809655463103,0.07621072486538029,-0.016331643,-0.013139227789106863,-0.03714341,-0.04385572565715755,-0.022974913188547746,0.6285714285714286,0.6057142857142858,0.6171428571428572,0.5971428571428572,0.32971428571428574,0.33110026252796754
2024-07-01,ABT,0.04142383549104314,0.11799664132196974,-0.02041106,-0.013765245051417402,-0.021119863,-0.05444773908867078,-0.025887849855245906,0.1657142857142857,0.5457142857142857,0.3557142857142857,0.33999999999999997,0.37714285714285717,0.4391448401628899
2024-07-01,ACGL,-0.11968837974498378,-0.04311557391405718,-0.013918351,-0.007277509075954741,-0.030459225,-0.041373815229380335,-0.015477058919000641,0.9085714285714286,0.9328571428571428,0.9207142857142857,0.9176190476190476,0.4794285714285714,0.5173128781562957
2024-07-01,ACN,0.1394840470026816,0.2160568528336082,-0.02073209,-0.012769936807114418,-0.021084368,-0.03312519645879829,-0.025834583393826525,0.14857142857142858,0.6785714285714286,0.4135714285714286,0.3795238095238095,0.5605714285714286,0.43533294669810385
2024-07-01,ADP,0.1787084640050173,0.2552812698359439,-0.018218193,-0.02130548083474631,-0.031832457,-0.06203426310642768,-0.02308800149969218,0.38285714285714284,0.2357142857142857,0.3092857142857143,0.38999999999999996,0.25314285714285717,0.311497106636132
2024-07-01,AEE,0.19148236762160695,0.26805517345253355,-0.018374763,-0.02919731413817681,-0.0426386,-0.06685719405866766,-0.0283372253156607,0.36,0.07142857142857142,0.2157142857142857,0.19714285714285712,0.08914285714285715,0.18443452958682427
2024-07-01,AEP,0.0019755557412840796,0.07854836157221068,-0.015789133,-0.022454206676991606,-0.042984724,-0.053187572106223685,-0.0233192990978696,0.7,0.21428571428571427,0.45714285714285713,0.4819047619047619,0.23314285714285715,0.30287144594803334
2024-07-01,AFL,0.08241897258747524,0.15899177841840184,-0.014812149,-0.007549501966990332,-0.034695446,-0.04947454634439047,-0.023303028570178075,0.8114285714285714,0.9114285714285715,0.8614285714285714,0.7523809523809524,0.29600000000000004,0.41542033515583426
2024-07-01,AIG,-0.10095463668484769,-0.02438183085392109,-0.01645049,-0.013139227789106863,-0.02247256,-0.04328925514235342,-0.022581842625362867,0.6171428571428571,0.6057142857142858,0.6114285714285714,0.6047619047619047,0.49142857142857144,0.5687704740147577
2024-07-01,AIZ,0.21262886122237826,0.28920166705330486,-0.018486556,-0.0202397162795204,-0.027294517,-0.05444773908867078,-0.02448921238022849,0.34285714285714286,0.28,0.31142857142857144,0.34857142857142853,0.3291428571428572,0.3869949467797611
2024-07-01,AJG,0.008303835034632417,0.08487664086555902,-0.01451043,-0.014653531673269247,-0.029291898,-0.03936576121972112,-0.018528147080602225,0.8514285714285714,0.5071428571428571,0.6792857142857143,0.7338095238095238,0.49600000000000005,0.5205291033266423
2024-07-01,AKAM,-0.020748100789519698,0.0558247050414069,-0.025285829,-0.0026052941195755523,0.001530379,-0.04159359858097387,-0.02759562510986753,0.017142857142857144,0.9671428571428572,0.49214285714285716,0.3957142857142857,0.5994285714285715,0.6277910688629703
2024-07-01,ALL,0.14313907018042749,0.21971187601135408,-0.017300423,-0.012356105970647766,-0.015949607,-0.03403149480754841,-0.020469667532975987,0.49142857142857144,0.7042857142857143,0.5978571428571429,0.6442857142857142,0.6971428571428572,0.6552089823305879
2024-07-01,ALLE,0.06964499574481811,0.1462178015757447,-0.020389793,-0.01535578653020304,-0.019500554,-0.012367608272833345,-0.024487551067804897,0.16857142857142857,0.45285714285714285,0.3107142857142857,0.34904761904761905,0.6925714285714286,0.47224866437496515
2024-07-01,AMCR,-0.0718698906565883,0.004702915174338296,-0.016431293,-0.028843302554853793,-0.04626596,-0.05004804285076039,-0.024985734743887072,0.6228571428571429,0.1,0.36142857142857143,0.3666666666666667,0.1965714285714286,0.24412314347693664
2024-07-01,AME,0.0307873404278233,0.1073601462587499,-0.018611312,-0.01014825439513963,-0.025592893,-0.04023029164607001,-0.023060437641975767,0.32571428571428573,0.84,0.5828571428571429,0.5733333333333333,0.47600000000000003,0.4100913804772826
2024-07-01,AMGN,-0.21633932530540376,-0.13976651947447716,-0.01513337,-0.0265291183592063,-0.046860278,-0.03791317494444647,-0.021539797606054865,0.7771428571428571,0.1457142857142857,0.4614285714285714,0.5247619047619048,0.3582857142857143,0.3001852545115528
2024-07-01,AMP,0.1580050488315842,0.2345778546625108,-0.016153876,-0.019653291091481877,-0.012218535,-0.028208249946253157,-0.02204496688184112,0.6514285714285715,0.3057142857142857,0.4785714285714286,0.5257142857142857,0.748,0.7554102049596347
2024-07-01,AMT,-0.11403719561120526,-0.03746438978027866,-0.017927747,-0.023962211910210633,-0.032312393,-0.04115329811140352,-0.0363668166613801,0.4142857142857143,0.19142857142857142,0.3028571428571429,0.20857142857142857,0.2828571428571429,0.30028931028204814
2024-07-01,ANSS,-0.042087938817780925,0.034484867013145674,-0.020157054,-0.01470942529549969,-0.01926276,-0.005791936582849604,-0.029459390749133764,0.19142857142857142,0.49,0.3407142857142857,0.2604761904761905,0.6417142857142857,0.47771974303534404
2024-07-01,AON,0.1409735140533991,0.2175463198843257,-0.01886939,-0.012980853171842756,-0.023448288,-0.05444013863156046,-0.02449977446320284,0.3028571428571429,0.6257142857142857,0.4642857142857143,0.44952380952380955,0.37428571428571433,0.4397292265968519
2024-07-01,AOS,-0.2199938314541384,-0.1434210256232118,-0.01833089,-0.01688924778193091,-0.029889971,-0.016353155338926072,-0.024374587439337285,0.3742857142857143,0.4,0.3871428571428571,0.40476190476190477,0.548,0.3409246254518945
2024-07-01,APA,-0.34704724163390754,-0.2704744358029809,-0.02157225,-0.019985520383161627,-0.009726673,-0.03971683853045617,-0.031054840391147545,0.09714285714285714,0.28714285714285714,0.19214285714285714,0.15095238095238095,0.5434285714285714,0.5796569964328173
2024-07-01,APD,0.1057145933369722,0.1822873991678988,-0.018153453,-0.025195177870098645,-0.05306524,-0.03501275775959156,-0.02837906028517006,0.38857142857142857,0.18,0.28428571428571425,0.2419047619047619,0.27371428571428574,0.144289836843591
2024-07-01,APH,-0.026841437810679457,0.04973136802024714,-0.012996359,-0.019318923230193203,-0.024732322,0.026635052818253267,-0.013630810634194147,0.9685714285714285,0.32285714285714284,0.6457142857142857,0.7466666666666666,0.776,0.6465891583605723
2024-07-01,ATO,0.13677695728719386,0.21334976311812046,-0.017392043,-0.028900406598098866,-0.039412618,-0.05375549843478137,-0.027865010457645507,0.47714285714285715,0.09142857142857143,0.2842857142857143,0.24952380952380954,0.18685714285714286,0.2607107237750397
2024-07-01,AVB,0.019640488571996448,0.09621329440292305,-0.014066671,-0.017670495099865232,-0.022469044,-0.04328925514235342,-0.017167943321531872,0.9,0.3842857142857143,0.6421428571428571,0.7195238095238095,0.5491428571428572,0.6715810213944425
2024-07-01,AVY,-0.19474199443930257,-0.11816918860837598,-0.016509175,-0.013139227789106863,-0.020819485,-0.02751600929236375,-0.020106879134515705,0.6085714285714285,0.6057142857142858,0.6071428571428572,0.6580952380952381,0.6942857142857143,0.6084593091619244
2024-07-01,AWK,-0.08543112868645095,-0.008858322855524346,-0.016640935,-0.029285497915715924,-0.03673899,-0.04790910662075668,-0.029101478454277817,0.5942857142857143,0.06714285714285714,0.33071428571428574,0.2604761904761905,0.21142857142857144,0.3148956359358357
2024-07-01,AXP,0.19614076877097072,0.2727135746018973,-0.014206346,-0.0138956554341874,-0.03005743,-0.01518253144871783,-0.0168327243971248,0.88,0.5385714285714286,0.7092857142857143,0.7671428571428571,0.6428571428571429,0.5181368121117991
2024-07-01,AZO,0.05704042437922144,0.13361323021014804,-0.017468724,-0.011136907993363122,-0.024831116,-0.04320198309188931,-0.021399552059977886,0.4714285714285714,0.76,0.6157142857142857,0.6314285714285713,0.4777142857142857,0.47225743716414387
2024-07-01,BA,-0.12009557654132605,-0.04352277071039945,-0.020792155,-0.008061287071386217,0.009174287,-0.04717765252374449,-0.04444815019471306,0.14285714285714285,0.8857142857142857,0.5142857142857142,0.34571428571428564,0.5177142857142857,0.6780006975731118
2024-07-01,BAC,0.01566451235126856,0.09223731818219516,-0.014238217,-0.015008577987466609,-0.01366207,-0.013844897867177863,-0.02126726037006823,0.8742857142857143,0.47285714285714286,0.6735714285714286,0.6766666666666666,0.7977142857142857,0.8128289133383448
2024-07-01,BALL,-0.1360917710531858,-0.05951896522225919,-0.018494973,0.00259459715983567,-0.03132409,-0.004860755848430251,-0.01971404445747616,0.34,0.9771428571428571,0.6585714285714286,0.699047619047619,0.6354285714285715,0.3062577928054468
2024-07-01,BAX,-0.167032590198547,-0.09045978436762038,-0.025195748,-0.04330845717681623,-0.0020791888,-0.04495422093899281,-0.023694326617470847,0.02,0.01,0.015,0.1814285714285714,0.6154285714285715,0.6140235079290018
2024-07-01,BDX,-0.07456975296184618,0.002003052869080424,-0.01960105,-0.01470942529549969,-0.023629904,-0.058753644923133425,-0.028527803348815994,0.22857142857142856,0.49,0.35928571428571426,0.29095238095238096,0.28685714285714287,0.4050332700500965
2024-07-01,BF-B,-0.09524363789333598,-0.01867083206240938,-0.025537137,0.008562175202039028,0.0002232492,-0.048565791760181394,-0.027804031642540937,0.011428571428571429,0.9885714285714285,0.5,0.39714285714285713,0.5302857142857144,0.6164307262255883
2024-07-01,BG,-0.349414641076923,-0.27284183524599637,-0.016344963,-0.007549501966990332,-0.045775056,-0.04947454634439047,-0.02895320266985312,0.6257142857142857,0.9114285714285715,0.7685714285714286,0.5552380952380952,0.15428571428571428,0.24657715303882513
2024-07-01,BIIB,-0.43646269075183997,-0.35988988492091334,-0.017826106,-0.015673528999703586,-0.01131618,-0.03377893902406653,-0.03870013052195184,0.43142857142857144,0.44285714285714284,0.43714285714285717,0.2952380952380952,0.5908571428571429,0.6750832292000531
2024-07-01,BKR,0.09936217212124732,0.17593497795217392,-0.016048364,-0.007549501966990332,-0.060375333,-0.037570904758630626,-0.034358810014041806,0.6685714285714286,0.9114285714285715,0.79,0.5361904761904761,0.22571428571428573,0.22728290960968706
2024-07-01,BLK,0.2412095165944456,0.3177823224253722,-0.01758223,-0.028900406598098866,-0.039549112,-0.020976420546901516,-0.027523317020182583,0.45714285714285713,0.09142857142857143,0.2742857142857143,0.2533333333333333,0.41885714285714293,0.24926940245044277
2024-07-01,BMY,0.37838943411299764,0.4549622399439242,-0.024785364,-0.03450271235710492,-0.0006632507,-0.04495422093899281,-0.02723659965705906,0.02857142857142857,0.022857142857142857,0.025714285714285714,0.09238095238095237,0.5634285714285714,0.6192791814528694
2024-07-01,BR,0.07227610821545186,0.14884891404637846,-0.018312458,-0.027705188507292908,-0.028545618,-0.030416672955703456,-0.02660213669194366,0.37714285714285717,0.12142857142857143,0.2492857142857143,0.2519047619047619,0.48114285714285715,0.37248269154969355
2024-07-01,BRK-B,0.03666719763837693,0.11324000346930353,-0.01665669,-0.013139227789106863,-0.016566962,-0.04259701448846401,-0.021606972363910314,0.5914285714285714,0.6057142857142858,0.5985714285714285,0.6133333333333333,0.5862857142857143,0.6771500767371709
2024-07-01,BRO,0.07466770696957259,0.1512405128004992,-0.0141649125,-0.0138956554341874,-0.030388057,-0.03797727384871117,-0.01448764009871753,0.8857142857142857,0.5385714285714286,0.7121428571428572,0.7861904761904761,0.5182857142857143,0.5139032484728587
2024-07-01,BSX,0.08541273828590837,0.16198554411683497,-0.0130744465,-0.007071248828289475,-0.03449878,-0.03809146187800239,-0.006378706482295842,0.9657142857142857,0.9371428571428572,0.9514285714285715,0.9657142857142857,0.488,0.4795257261084591
2024-07-01,C,0.013025379471509752,0.08959818530243635,-0.014782086,-0.015008577987466609,-0.01361686,0.010032238439966035,-0.0213049066755968,0.82,0.47285714285714286,0.6464285714285714,0.6547619047619047,0.8440000000000001,0.7962956005810207
2024-07-01,CAG,-0.09680924090368467,-0.020236435072758074,-0.01863779,-0.013104155784095739,-0.025133878,-0.052586034840347184,-0.02432838408306974,0.32285714285714284,0.6171428571428571,0.47,0.4609523809523809,0.3674285714285715,0.41570339603110223
2024-07-01,CAH,0.1542539976039704,0.230826803434897,-0.020143986,-0.013427626246997873,-0.02093637,-0.03227318171304884,-0.026022245424918503,0.19428571428571428,0.5685714285714286,0.38142857142857145,0.3514285714285714,0.5657142857142857,0.4537803860344123
2024-07-01,CB,-0.0006524857190542688,0.07592032011187233,-0.015581633,-0.021112959679863274,-0.025382936,-0.05383170784191685,-0.019150102463677925,0.7171428571428572,0.25142857142857145,0.4842857142857143,0.5952380952380952,0.4354285714285715,0.5523091956336238
2024-07-01,CBOE,0.04806766201515271,0.12464046784607931,-0.018538862,-0.027480293441593945,-0.03277129,-0.03391501316793347,-0.02381460720951337,0.3314285714285714,0.12714285714285714,0.22928571428571426,0.32047619047619047,0.4548571428571429,0.2803450601694746
2024-07-01,CCI,-0.09696821919150864,-0.020395413360582038,-0.020311443,-0.01600770778978647,-0.019881338,-0.04555078367416679,-0.03277872105315895,0.1742857142857143,0.4257142857142857,0.3,0.21523809523809523,0.3965714285714286,0.46154032412999163
2024-07-01,CF,0.1377768743468956,0.2143496801778222,-0.019734895,-0.013427626246997873,-0.025437891,-0.03971683853045617,-0.027587024251701564,0.22,0.5685714285714286,0.3942857142857143,0.33142857142857146,0.41314285714285715,0.37031516682728444
2024-07-01,CFG,0.14160286783783974,0.21817567366876633,-0.015471777,-0.007549501966990332,-0.018887281,-0.030979262686972764,-0.0251796017038688,0.7314285714285714,0.9114285714285715,0.8214285714285714,0.6647619047619048,0.6040000000000001,0.6673729078123446
2024-07-01,CHD,-0.06479765126575429,0.011775154565172308,-0.01564451,-0.021974614712628505,-0.03279656,-0.06560746733252529,-0.01863331411033274,0.7085714285714285,0.2257142857142857,0.4671428571428571,0.5895238095238095,0.29085714285714287,0.4120635547128366
2024-07-01,CHRW,0.1491219130266891,0.2256947188576157,-0.015250136,-0.027450019686867104,-0.03842154,-0.04561765439726168,-0.0287803014951225,0.7657142857142857,0.13142857142857142,0.44857142857142857,0.3466666666666666,0.22742857142857145,0.36157324925909917
2024-07-01,CHTR,0.08158205413612443,0.15815485996705103,-0.021069102,0.008220921212375085,0.03238222,-0.04783139508901274,-0.04745611864976371,0.12285714285714286,0.9857142857142858,0.5542857142857143,0.37142857142857144,0.5188571428571428,0.682287708974134
2024-07-01,CI,-0.22004254286442057,-0.14346973703349397,-0.01890078,-0.007052499404527145,-0.016977668,-0.08197327342379016,-0.02212741919904295,0.29714285714285715,0.94,0.6185714285714285,0.618095238095238,0.416,0.5692290010458587
2024-07-01,CINF,0.15403030008051938,0.23060310591144598,-0.016265642,-0.018526020375887294,0.003291726,-0.05886846304624384,-0.02238039698051164,0.6342857142857142,0.36142857142857143,0.49785714285714283,0.5347619047619048,0.5605714285714286,0.848634383742069
2024-07-01,CL,-0.10942916180932746,-0.03285635597840087,-0.013096045,-0.021077682576942064,-0.036840767,-0.05802402496327463,-0.006695706010143961,0.96,0.2571428571428571,0.6085714285714285,0.7361904761904761,0.3251428571428572,0.4555065520394893
2024-07-01,CLX,0.17486630428221975,0.25143911011314635,-0.019285602,-0.025632942104787115,-0.028291583,-0.04725536405548844,-0.024876327379877272,0.2542857142857143,0.1742857142857143,0.2142857142857143,0.2704761904761904,0.3502857142857143,0.33814755634395244
2024-07-01,CMCSA,-0.05923453921433927,0.01733826661658733,-0.020523496,-0.012903067361826384,-0.020891994,-0.05072895196902109,-0.029064545423522055,0.16285714285714287,0.6442857142857142,0.4035714285714286,0.31,0.364,0.4430093118758526
2024-07-01,CME,0.14596647168817714,0.22253927751910374,-0.019286744,-0.019306072786942765,-0.021638215,-0.08197327342379016,-0.024503021829136988,0.25142857142857145,0.3271428571428571,0.28928571428571426,0.33190476190476187,0.32000000000000006,0.45925726598876554
2024-07-01,CMG,-0.06891812514158233,0.007654680689344272,-0.014896735,-0.0063165423962745874,-0.02897948,0.008268540363277909,-0.01618738371090724,0.7942857142857143,0.9514285714285714,0.8728571428571428,0.881904761904762,0.7102857142857143,0.51200502911805
2024-07-01,CMI,0.2511658097943089,0.32773861562523554,-0.017589841,-0.005801719099043179,-0.023240179,-0.03250173848260187,-0.020586281780359546,0.4542857142857143,0.9542857142857143,0.7042857142857143,0.7123809523809523,0.6211428571428572,0.504831227642353
2024-07-01,CMS,0.07049242740009859,0.1470652332310252,-0.017133417,-0.022602291378998246,-0.0410012,-0.08197327342379016,-0.025506796006264952,0.52,0.2057142857142857,0.3628571428571429,0.3514285714285714,0.124,0.26012450199584
2024-07-01,CNC,-0.1764368391674259,-0.09986403333649929,-0.021843,-0.01334013319014451,-0.013251334,-0.042892817254435375,-0.025966162932230735,0.08285714285714285,0.59,0.3364285714285714,0.3242857142857143,0.5377142857142858,0.5454306772557949
2024-07-01,CNP,0.00727882023442418,0.08385162606535078,-0.014638506,-0.030027806888795652,-0.04215908,-0.05892516730310123,-0.020136820949230597,0.8371428571428572,0.05714285714285714,0.4471428571428572,0.5504761904761905,0.24171428571428574,0.36126066610592633
2024-07-01,COF,0.2049681804856404,0.281540986316567,-0.016823754,-0.024976077431974473,-0.028972387,-0.03791317494444647,-0.023945281394426424,0.5657142857142857,0.18428571428571427,0.375,0.4128571428571428,0.45142857142857146,0.4279459769617203
2024-07-01,COO,0.003533541805764623,0.08010634763669122,-0.02053013,-0.013714011993258229,-0.022353113,-0.007831615115322028,-0.024227747190597074,0.16,0.5514285714285714,0.3557142857142857,0.3895238095238095,0.6777142857142857,0.4205251771582154
2024-07-01,COP,-0.2311681189026255,-0.1545953130716989,-0.020267598,-0.025658515934602614,-0.0093458295,-0.056509142773228216,-0.025260661169545777,0.18,0.16857142857142857,0.17428571428571427,0.23047619047619045,0.46914285714285714,0.6155755409192682
2024-07-01,COR,-0.0487637135259725,0.027809092304954097,-0.017846292,-0.011136907993363122,-0.028731167,-0.06519232469245807,-0.021392893331075205,0.4257142857142857,0.76,0.5928571428571429,0.617142857142857,0.3102857142857143,0.39461599342608156
2024-07-01,COST,0.03669489780933903,0.11326770364026563,-0.012035586,0.004627454050469507,-0.01658547,0.004469010138988571,0.0018323183770112602,1.0,0.98,0.99,0.9933333333333332,0.8731428571428572,0.8199534045225421
2024-07-01,CPAY,0.20513141416319428,0.2817042199941209,-0.020704243,-0.01571006191732736,-0.01607573,-0.034513327139607385,-0.02480773393534772,0.15142857142857144,0.4342857142857143,0.29285714285714287,0.32380952380952377,0.6154285714285715,0.5298937179101842
2024-07-01,CPB,-0.15045822387875818,-0.07388541804783157,-0.016469069,-0.028142065697114627,-0.04555893,-0.025224062883408258,-0.026002528712970333,0.6142857142857143,0.10857142857142857,0.36142857142857143,0.33999999999999997,0.39200000000000007,0.25040627571069873
2024-07-01,CPRT,-0.012027136007665876,0.06454566982326072,-0.01700952,-0.011959845452432734,-0.007927299,-0.008117373330608182,-0.02162906927939168,0.5371428571428571,0.72,0.6285714285714286,0.6323809523809523,0.84,0.7545161217083872
2024-07-01,CPT,-0.0034983593239964195,0.07307444650693018,-0.014662841,-0.017670495099865232,-0.039543808,-0.004897584153913372,-0.02129353134705472,0.8314285714285714,0.3842857142857143,0.6078571428571429,0.63,0.5622857142857143,0.38680140616893377
2024-07-01,CSCO,0.1813038916515272,0.2578766974824538,-0.019230722,-0.020928141318652033,-0.02671051,-0.05484948853035566,-0.028581387694897903,0.26,0.26142857142857145,0.26071428571428573,0.22428571428571428,0.26971428571428574,0.36584129678142446
2024-07-01,CSGP,-0.11402900003160008,-0.037456194200673476,-0.022060234,-0.019100726110709534,-0.015089393,-0.034784850701670846,-0.0227893280788021,0.07142857142857142,0.34,0.20571428571428574,0.32857142857142857,0.6577142857142858,0.5241885368706585
2024-07-01,CSX,-0.12668514334460676,-0.050112337513680154,-0.018948724,-0.025980842275165162,-0.026545227,-0.04590119996339082,-0.02500440681719161,0.2914285714285714,0.15857142857142856,0.22499999999999998,0.27476190476190476,0.3822857142857143,0.3852382628400356
2024-07-01,CTAS,-0.010836846707190512,0.06573595912373609,-0.014810713,-0.015008577987466609,-0.005683005,-0.01820150850110256,-0.017222082561689,0.8142857142857143,0.47285714285714286,0.6435714285714286,0.7185714285714285,0.8571428571428572,0.8633302296602972
2024-07-01,CTLT,,,-0.016155912,-0.01038275965897667,0.017180115,-0.03817743843938882,-0.016292656327769477,0.6485714285714286,0.8142857142857143,0.7314285714285714,0.7838095238095237,0.7788571428571429,0.8765197685518119
2024-07-01,CTRA,-0.1772890595323224,-0.10071625370139581,-0.017632954,-0.01953034980733232,-0.02436313,-0.04944813678656517,-0.024579116453088287,0.44857142857142857,0.31142857142857144,0.38,0.3876190476190476,0.3822857142857143,0.46954253887225406
2024-07-01,CTSH,0.08733461485519717,0.16390742068612377,-0.019330788,-0.01905760507164486,-0.027072906,-0.04485355685404545,-0.027598800586690724,0.24857142857142858,0.34285714285714286,0.2957142857142857,0.26380952380952377,0.3514285714285714,0.35398699291253505
2024-07-01,CVS,-0.28796518597746695,-0.21139238014654035,-0.02645426,-0.006759253227580575,0.012459755,-0.0531432126010797,-0.030821789372623115,0.005714285714285714,0.9428571428571428,0.47428571428571425,0.34095238095238095,0.5028571428571429,0.6393276974348823
2024-07-01,CVX,-0.14564903468100876,-0.06907622885008215,-0.017231297,-0.012876498962379782,-0.016315192,-0.04288750570066854,-0.024523331626250585,0.5,0.6514285714285715,0.5757142857142857,0.5219047619047619,0.5371428571428571,0.6449604158952094
2024-07-01,D,0.054884457431642636,0.13145726326256923,-0.017562035,-0.022602291378998246,-0.035373926,-0.06306747186231279,-0.024161768712478698,0.46,0.2057142857142857,0.33285714285714285,0.37809523809523804,0.20342857142857146,0.29117830514408644
2024-07-01,DD,-0.09387550784700446,-0.017302702016077864,-0.016160961,-0.026366227325511107,-0.030509293,-0.0383544138943527,-0.028974079716982883,0.6457142857142857,0.15,0.39785714285714285,0.3071428571428571,0.3451428571428572,0.4093418395604316
2024-07-01,DE,0.11267587867921247,0.18924868451013907,-0.0211409,-0.01887189014046176,-0.016382039,-0.03725943237917823,-0.027960014164314033,0.11428571428571428,0.3457142857142857,0.22999999999999998,0.21238095238095236,0.5457142857142858,0.5089273790256924
2024-07-01,DFS,0.23225064054726183,0.3088234463781884,-0.014460754,-0.015694384634929438,-0.023061752,-0.029083321316799384,-0.02386164290689375,0.8542857142857143,0.44,0.6471428571428571,0.5980952380952381,0.5994285714285714,0.6346721062669968
2024-07-01,DG,-0.47960881012954004,-0.40303600429861347,-0.019680884,-0.010887919415204948,-0.020959139,-0.034121249037063164,-0.022625644436017403,0.2257142857142857,0.7842857142857143,0.505,0.5319047619047619,0.6074285714285714,0.46934605223543224
2024-07-01,DGX,0.05548629984167647,0.13205910567260307,-0.01722527,-0.029173585158269805,-0.036675036,-0.060704036600674235,-0.029256630881472796,0.5028571428571429,0.07714285714285714,0.29000000000000004,0.23047619047619047,0.13942857142857143,0.28604418323386327
2024-07-01,DHR,-0.12497731701981349,-0.048404511188886896,-0.017056022,-0.016616678383595887,-0.031321228,-0.020889148496437405,-0.021384887804609377,0.5342857142857143,0.4142857142857143,0.4742857142857143,0.539047619047619,0.5645714285714286,0.3702586114722611
2024-07-01,DIS,0.07707095203272099,0.1536437578636476,-0.019691838,-0.025900022095415687,-0.03621781,-0.03779409942055583,-0.018973240648240346,0.22285714285714286,0.1657142857142857,0.19428571428571428,0.4057142857142857,0.4571428571428572,0.21689703474532568
2024-07-01,DLTR,-0.3955906190531495,-0.3190178132222229,-0.025120782,-0.0026052941195755523,-0.0015033484,-0.04883730676661705,-0.026596408028414023,0.022857142857142857,0.9671428571428572,0.49500000000000005,0.4166666666666667,0.536,0.6126686707257273
2024-07-01,DOC,-0.01735520924764819,0.05921759658327841,-0.016568244,-0.021222934179818645,-0.033890784,-0.03447132806672846,-0.029496166522459302,0.6057142857142858,0.24285714285714285,0.4242857142857143,0.31523809523809526,0.3577142857142857,0.34940138072175925
2024-07-01,DOV,-0.001309268466601482,0.07526353736432512,-0.01527147,-0.010243618857837802,-0.0006984472,0.001030716854437212,-0.01845765980730582,0.7628571428571429,0.8342857142857143,0.7985714285714286,0.8142857142857143,0.9257142857142858,0.8768761460058727
2024-07-01,DOW,-0.29663400716028876,-0.22006120132936216,-0.01981198,-0.021250889652852722,-0.0142971575,-0.04485355685404545,-0.024219022773021646,0.21428571428571427,0.24,0.22714285714285715,0.30476190476190473,0.5462857142857143,0.5783220324024546
2024-07-01,DPZ,-0.20536531103920383,-0.12879250520827723,-0.015440989,-0.008869996404447073,-0.011630833,-0.012887568419300437,-0.017781039494949094,0.7342857142857143,0.86,0.7971428571428572,0.8171428571428571,0.8537142857142859,0.7941293978415237
2024-07-01,DRI,0.22593302064629298,0.3025058264772196,-0.019960605,-0.013427626246997873,-0.02533701,-0.04725536405548844,-0.027258529205703978,0.20285714285714285,0.5685714285714286,0.38571428571428573,0.3314285714285714,0.3502857142857143,0.36867654964367336
2024-07-01,DTE,0.04097771737529003,0.11755052320621663,-0.017078152,-0.03081986059137953,-0.041075945,-0.061270507115478365,-0.027078862591671596,0.5314285714285715,0.03857142857142857,0.28500000000000003,0.27,0.13714285714285715,0.2600145597720533
2024-07-01,DUK,0.02884157132857537,0.10541437715950197,-0.016242119,-0.020922132837758966,-0.04497218,-0.08197327342379016,-0.02407092334157227,0.6371428571428571,0.26571428571428574,0.4514285714285714,0.45904761904761904,0.13371428571428573,0.2713813022250523
2024-07-01,DVA,0.02021310569410477,0.09678591152503137,-0.014802944,-0.008161976301387822,-0.019910842,-0.028475966301021893,-0.017952601734988083,0.8171428571428572,0.8814285714285715,0.8492857142857143,0.8509523809523809,0.716,0.6930863383238249
2024-07-01,DVN,-0.42105689087789044,-0.3444840850469639,-0.018846562,-0.011667784571223321,-0.02872932,-0.040483116948580894,-0.025533325334743957,0.30857142857142855,0.7271428571428571,0.5178571428571428,0.45285714285714285,0.3971428571428572,0.34932611816920167
2024-07-01,EA,-0.009749205881230155,0.06682359994969644,-0.016124716,-0.028966605167106776,-0.045802027,-0.05484948853035566,-0.025263246931005626,0.6542857142857142,0.08571428571428572,0.37,0.36,0.15657142857142858,0.25924091625048196
2024-07-01,EBAY,0.15509431080940975,0.23166711664033635,-0.015365608,-0.014603675537246655,-0.01230216,-0.01450168204344993,-0.0212868490295375,0.7514285714285714,0.5114285714285715,0.6314285714285715,0.6466666666666667,0.8028571428571429,0.7882624409043126
2024-07-01,ECL,-0.060429157332658384,0.01614364849826822,-0.01403119,-0.010346116128020092,-0.027484119,-0.038348960819356626,-0.014969894158751565,0.9028571428571428,0.8314285714285714,0.8671428571428571,0.8847619047619046,0.5451428571428572,0.5780742242508485
2024-07-01,ED,-0.04752236672583274,0.029050439105093865,-0.017993303,-0.029834305476222626,-0.05391261,-0.08197327342379016,-0.02646594726429913,0.4057142857142857,0.06,0.23285714285714285,0.24380952380952378,0.06685714285714286,0.14888583591172913
2024-07-01,EG,-0.10172129113519687,-0.025148485304270277,-0.016807903,-0.021202426083837253,-0.039621174,-0.06533059567789452,-0.025100868524891795,0.5742857142857143,0.24714285714285714,0.4107142857142857,0.3928571428571428,0.15600000000000003,0.289921565206587
2024-07-01,EIX,0.05591689831914817,0.13248970415007477,-0.017194375,-0.03081986059137953,-0.040526092,-0.058753644923133425,-0.02748615708942035,0.5057142857142857,0.03857142857142857,0.27214285714285713,0.2528571428571428,0.14800000000000002,0.25634679595296644
2024-07-01,ELV,-0.38885463591574054,-0.31228183008481397,-0.015209521,-0.018526020375887294,-0.027260125,-0.05047402971842544,-0.019868099452461638,0.7685714285714286,0.36142857142857143,0.565,0.6319047619047619,0.4182857142857143,0.5388529456051245
2024-07-01,EMN,-0.09836026057393585,-0.02178745474300925,-0.017257612,-0.011642576743264195,-0.009925008,-0.034907437090192714,-0.02461216297878277,0.4942857142857143,0.7314285714285714,0.6128571428571429,0.5419047619047619,0.6560000000000001,0.716207317140175
2024-07-01,EMR,0.06949111565195365,0.14606392148288025,-0.016868541,-0.011808520276721416,0.0008716285,-0.004425017536664462,-0.02123228744085348,0.5542857142857143,0.7228571428571429,0.6385714285714286,0.6542857142857142,0.8925714285714286,0.8145869447301924
2024-07-01,EOG,-0.1232996713945623,-0.0467268655636357,-0.017907348,-0.010423378765979551,-0.040403187,-0.04088486639026577,-0.026682542416017845,0.41714285714285715,0.8114285714285714,0.6142857142857143,0.4933333333333333,0.2845714285714286,0.22952347431992878
2024-07-01,EQT,0.09751376845596851,0.1740865742868951,-0.018342441,-0.02826341526005305,-0.04521832,-0.03247313034481299,-0.02765460001600409,0.37142857142857144,0.10571428571428572,0.23857142857142857,0.2238095238095238,0.33371428571428574,0.17251707475945022
2024-07-01,ES,-0.0455193681515734,0.031053437679353202,-0.019442156,-0.016729269453660493,-0.02761656,-0.03931508908877129,-0.031215285654136962,0.2342857142857143,0.4085714285714286,0.32142857142857145,0.23523809523809525,0.364,0.3312994794931423
2024-07-01,ESS,-0.028403946113859067,0.04816885971706753,-0.014114521,-0.017670495099865232,-0.031119883,-0.029467656764466714,-0.01768571004074653,0.8942857142857142,0.3842857142857143,0.6392857142857142,0.7138095238095238,0.5737142857142857,0.5022206051748013
2024-07-01,ETR,0.36783874562651764,0.44441155145744426,-0.016717838,-0.027237240077268347,-0.04140207,-0.060704036600674235,-0.023926963150339896,0.5857142857142857,0.13714285714285715,0.36142857142857143,0.40476190476190477,0.18914285714285717,0.280356573241905
2024-07-01,EVRG,0.11226883125592674,0.18884163708685334,-0.016929202,-0.02287546993916918,-0.0431149,-0.06203426310642768,-0.027833907184481664,0.5428571428571428,0.2,0.37142857142857144,0.3085714285714285,0.10742857142857144,0.24043465128213254
2024-07-01,EW,-0.256557516936299,-0.1799847111053724,-0.015915478,-0.010353557481931383,-0.0026539564,-0.014411368381981988,-0.020472530741473448,0.6885714285714286,0.8257142857142857,0.7571428571428571,0.7495238095238095,0.8605714285714287,0.8402980731163281
2024-07-01,EXC,0.017433961958903815,0.09400676778983041,-0.019231083,-0.026914741153288922,-0.024244338,-0.08197327342379016,-0.025560578047402,0.2571428571428571,0.14,0.19857142857142857,0.23904761904761904,0.26857142857142857,0.40743557087771354
2024-07-01,EXPD,-0.15137019339033883,-0.07479738755941223,-0.0176178,-0.0317537594695033,-0.048710674,-0.03430927972575947,-0.028785270829917615,0.4514285714285714,0.025714285714285714,0.23857142857142855,0.20571428571428568,0.2914285714285715,0.17219522656778186
2024-07-01,EXPE,0.4271712183212165,0.5037440241521431,-0.022295441,-0.010367634894585042,-0.005616784,-0.05108180891652227,-0.033890816394760805,0.06571428571428571,0.8185714285714286,0.44214285714285717,0.30523809523809525,0.4611428571428572,0.5958614626612135
2024-07-01,FANG,-0.3074852152810754,-0.2309124094501488,-0.015407863,-0.008924253194595135,0.0016408265,-0.028755553871130855,-0.020226225168115744,0.7428571428571429,0.8571428571428571,0.8,0.7847619047619048,0.8285714285714286,0.8845911779165961
2024-07-01,FAST,0.12857382880055662,0.20514663463148322,-0.020820677,-0.03148228328680586,-0.0042529404,-0.03801046163766189,-0.02062778763253279,0.14,0.02857142857142857,0.0842857142857143,0.2980952380952381,0.7154285714285714,0.6461510333790199
2024-07-01,FDS,0.09108923908173275,0.16766204491265935,-0.020074833,-0.012903067361826384,-0.022334576,-0.03381758550146022,-0.027831388819063343,0.19714285714285715,0.6442857142857142,0.4207142857142857,0.34238095238095234,0.5171428571428571,0.42836248414385275
2024-07-01,FDX,-0.14286615426158153,-0.06629334843065493,-0.013948854,-0.009228771032571218,-0.041261494,0.0008731506608641958,-0.029930167824929743,0.9057142857142857,0.8514285714285714,0.8785714285714286,0.6133333333333333,0.4428571428571429,0.37928687342598755
2024-07-01,FE,-0.014860976657928925,0.061711829172997675,-0.016746752,-0.022568408270868697,-0.042228222,-0.060704036600674235,-0.024578110005534844,0.58,0.21142857142857144,0.3957142857142857,0.399047619047619,0.16514285714285715,0.2654114766057327
2024-07-01,FI,0.3027029154355573,0.3792757212664839,-0.017383784,-0.011136907993363122,-0.018470705,-0.02677556470608603,-0.021193952572433995,0.48,0.76,0.62,0.6438095238095237,0.7057142857142857,0.6007180185737718
2024-07-01,FIS,0.015599071555261773,0.09217187738618837,-0.015319865,-0.012293598151352328,-0.02141741,-0.013844897867177863,-0.01928784200027753,0.7571428571428571,0.7085714285714285,0.7328571428571429,0.758095238095238,0.7382857142857143,0.6407712450787997
2024-07-01,FITB,0.09441511047170048,0.17098791630262708,-0.016306072,-0.02786739483248071,-0.04687512,-0.03633670319349503,-0.02502735741586563,0.6314285714285715,0.11714285714285715,0.3742857142857143,0.37238095238095237,0.3137142857142857,0.24310524191080896
2024-07-01,FOX,0.3780267939588383,0.45459959978976494,-0.013806054,-0.017670495099865232,-0.015546501,-0.0436303186572579,-0.013209748248429166,0.9171428571428571,0.3842857142857143,0.6507142857142857,0.7519047619047619,0.644,0.8114584399031574
2024-07-01,FOXA,0.36942749512766715,0.4460003009585938,-0.014122752,-0.017670495099865232,-0.023708016,-0.0436303186572579,-0.01584351927845669,0.8914285714285715,0.3842857142857143,0.6378571428571429,0.7261904761904762,0.5331428571428571,0.6399996326903102
2024-07-01,FRT,0.040922919387247486,0.11749572521817409,-0.017162133,-0.022602291378998246,-0.039318472,-0.05444773908867078,-0.02747127155038217,0.5171428571428571,0.2057142857142857,0.36142857142857143,0.3133333333333333,0.18628571428571428,0.2767597784972591
2024-07-01,FTV,-0.044672411774214625,0.031900394056711974,-0.020239282,-0.01080456314946032,-0.010796547,-0.04651321109691801,-0.021097457166713046,0.18571428571428572,0.7914285714285715,0.4885714285714286,0.5580952380952381,0.6,0.6129549486192524
2024-07-01,GD,-0.14505299190983886,-0.06848018607891226,-0.016052017,-0.014021290891402428,0.0013026893,-0.03815382093026088,-0.019728910900969242,0.6628571428571428,0.5314285714285715,0.5971428571428572,0.6561904761904761,0.7422857142857144,0.8547111048855526
2024-07-01,GDDY,0.3604637140635706,0.4370365198944972,-0.013346995,-0.01876996555139418,-0.022828728,0.008404143681732916,-0.014147794436059754,0.9457142857142857,0.3485714285714286,0.6471428571428571,0.7438095238095237,0.792,0.6809543832979533
2024-07-01,GILD,0.3009198533934647,0.3774926592243913,-0.02063977,-0.007546861248146166,-0.0029445887,-0.06669865680729561,-0.0373659113066915,0.15428571428571428,0.9285714285714286,0.5414285714285715,0.3657142857142857,0.39085714285714285,0.6415273784461221
2024-07-01,GIS,-0.05134165132578636,0.025231154505140244,-0.018974619,-0.013419821691151112,-0.023753166,-0.024570320318140017,-0.02444533081759149,0.2857142857142857,0.5742857142857143,0.43,0.4295238095238095,0.5988571428571429,0.42502849863376296
2024-07-01,GLW,0.17150349709813897,0.24807630292906557,-0.012475515,-0.008795627001793557,-0.017821133,-0.005561065572061687,-0.007969112934685668,0.9828571428571429,0.8685714285714285,0.9257142857142857,0.9447619047619047,0.838857142857143,0.7936244965900187
2024-07-01,GM,0.03219073832385483,0.10876354415478143,-0.014458921,-0.0084737949152323,-0.014200449,-0.013454038934104563,-0.019222063463749012,0.8571428571428571,0.8742857142857143,0.8657142857142857,0.8485714285714285,0.8234285714285714,0.8028555641930679
2024-07-01,GPC,-0.21231416068454564,-0.13574135485361905,-0.019185338,-0.010887919415204948,-0.030827701,-0.054762216479891546,-0.0217529881344092,0.26285714285714284,0.7842857142857143,0.5235714285714286,0.5604761904761904,0.31714285714285717,0.28812975348282654
2024-07-01,GPN,0.08245203999128059,0.1590248458222072,-0.028489895,-0.04646988081494308,0.015829861,-0.03887287356174749,-0.024229607321343168,0.002857142857142857,0.005714285714285714,0.004285714285714286,0.15428571428571428,0.6851428571428572,0.6491515469964837
2024-07-01,GRMN,0.22742397571933368,0.3039967815502603,-0.013597351,-0.007757055475752287,-0.029811561,-0.016279739377927854,-0.015427903616114295,0.9342857142857143,0.8914285714285715,0.9128571428571428,0.9133333333333333,0.6457142857142857,0.5406522479154614
2024-07-01,GS,0.15250326018229235,0.22907606601321895,-0.013320605,-0.02190974877215542,-0.01554656,-0.0159665824746417,-0.01628516638102132,0.9485714285714286,0.22857142857142856,0.5885714285714286,0.6895238095238095,0.8125714285714286,0.8186224530231346
2024-07-01,GWW,0.11861289435770794,0.19518570018863454,-0.018432721,-0.011136907993363122,-0.031853735,0.0042776986349589196,-0.019644988226794804,0.35714285714285715,0.76,0.5585714285714286,0.6352380952380952,0.6468571428571429,0.3066641188529597
2024-07-01,HAL,-0.2955053348694154,-0.21893252903848878,-0.021006644,-0.012356716735237147,-0.008354545,-0.03547723974433278,-0.0245357897845265,0.12571428571428572,0.7,0.4128571428571428,0.41238095238095235,0.6605714285714286,0.6082730390838306
2024-07-01,HAS,-0.044929422029758775,0.031643383801167824,-0.015498261,-0.009376747586591896,-0.0034920275,-0.014411368381981988,-0.018872971064193993,0.7285714285714285,0.8485714285714285,0.7885714285714285,0.8028571428571427,0.8754285714285714,0.8485725547664966
2024-07-01,HBAN,0.18360546037037953,0.26017826620130613,-0.017445575,-0.02660024873922253,-0.02635485,-0.03447132806672846,-0.02467828860492514,0.4742857142857143,0.14285714285714285,0.3085714285714286,0.3380952380952381,0.5022857142857143,0.4485872251670769
2024-07-01,HCA,-0.12326236935906085,-0.04668956352813425,-0.016628183,-0.013168559843589195,-0.012053877,-0.025150118628897263,-0.019090664771389564,0.6,0.5942857142857143,0.5971428571428572,0.6714285714285714,0.8005714285714286,0.7448033903008491
2024-07-01,HD,0.10880086279568621,0.1853736686266128,-0.01846283,-0.028000686433325962,-0.03295681,-0.016353155338926072,-0.025156821841833307,0.3514285714285714,0.11285714285714285,0.23214285714285715,0.2728571428571428,0.4988571428571429,0.2798445884938232
2024-07-01,HES,-0.20925632107715939,-0.13268351524623279,-0.018109785,-0.01271390478364786,-0.023361206,-0.046853614613803565,-0.02531827467564353,0.3914285714285714,0.6957142857142857,0.5435714285714286,0.4728571428571428,0.39885714285714285,0.4708543406600191
2024-07-01,HIG,0.026900599125777733,0.10347340495670433,-0.01536222,-0.014692709329712048,-0.005204141,-0.03545818759399114,-0.01860052481286341,0.7542857142857143,0.5014285714285714,0.6278571428571429,0.6976190476190476,0.7605714285714287,0.8499326158551117
2024-07-01,HII,-0.29819191628017727,-0.22161911044925067,-0.019895379,-0.012832736281114908,-0.018041283,-0.04557138660077475,-0.023106809488347126,0.2057142857142857,0.6585714285714286,0.43214285714285716,0.4709523809523809,0.5154285714285715,0.515082338573139
2024-07-01,HLT,0.08179134757987053,0.15836415341079713,-0.015412295,-0.008864297932623237,-0.017926633,0.005599627131189138,-0.021198960098319314,0.7371428571428571,0.8642857142857143,0.8007142857142857,0.7633333333333332,0.7977142857142858,0.7010932393231037
2024-07-01,HOLX,-0.10214060128856292,-0.025567795457636322,-0.018155932,-0.01271390478364786,-0.023017853,-0.06203426310642768,-0.02478029139050605,0.38571428571428573,0.6957142857142857,0.5407142857142857,0.4909523809523809,0.32742857142857146,0.47954643021817794
2024-07-01,HON,0.0053547814282079165,0.08192758725913452,-0.015034132,-0.03004276849932181,-0.047778457,-0.054157247876466245,-0.024230851901576665,0.7885714285714286,0.054285714285714284,0.42142857142857143,0.4314285714285714,0.192,0.2956167863685475
2024-07-01,HPQ,-0.11419050855532428,-0.03761770272439768,-0.013758735,-0.015210623711209365,-0.033030212,-0.029059703807671457,-0.02078634917616158,0.92,0.45714285714285713,0.6885714285714286,0.6971428571428571,0.528,0.4760674200792738
2024-07-01,HRL,-0.020450590908636844,0.056122214922289755,-0.020213306,-0.01490571369656346,-0.014345229,-0.03931508908877129,-0.023922718322991175,0.18857142857142858,0.48,0.3342857142857143,0.3876190476190476,0.6011428571428572,0.56871690566925
2024-07-01,HSIC,-0.012243517433642673,0.06432928839728393,-0.021781774,-0.015856025394903262,-0.016967297,-0.010121906779071587,-0.0264614384691211,0.08857142857142856,0.43,0.2592857142857143,0.2623809523809523,0.6971428571428572,0.4933176761537216
2024-07-01,HST,-0.0339092893926288,0.0426635164382978,-0.021686029,-0.019985520383161627,-0.017928123,-0.001990543180785661,-0.026338135164616177,0.09428571428571429,0.28714285714285714,0.19071428571428573,0.21857142857142858,0.7040000000000001,0.4751482298148752
2024-07-01,HSY,-0.14053269591979364,-0.06395989008886704,-0.018793082,-0.02841419231971771,-0.03197679,-0.06638143349394794,-0.02441636175240927,0.3142857142857143,0.10285714285714286,0.20857142857142857,0.2828571428571428,0.21314285714285716,0.2821344634955647
2024-07-01,HUM,-0.41549220135595044,-0.3389193955250238,-0.01914216,0.023155114394111057,0.05257708,-0.06890910641254078,-0.048729459020714405,0.26857142857142857,1.0,0.6342857142857143,0.42380952380952375,0.4177142857142857,0.7326463991100436
2024-07-01,IBM,0.20424657824803324,0.28081938407895984,-0.017317435,-0.011136907993363122,-0.019282758,-0.021370145999358995,-0.020981246172311282,0.48857142857142855,0.76,0.6242857142857143,0.6504761904761904,0.712,0.589147348632583
2024-07-01,ICE,-0.0030919966168190954,0.0734808092141075,-0.015853966,-0.01341240634927782,-0.049194574,-0.02751600929236375,-0.023440738901826352,0.6914285714285714,0.58,0.6357142857142857,0.598095238095238,0.41600000000000004,0.25939302437587314
2024-07-01,IEX,0.012019337891744974,0.08859214372267157,-0.02202686,-0.024158434547401336,-0.010742933,-0.04263372684563733,-0.02237309911248183,0.07428571428571429,0.18857142857142858,0.13142857142857145,0.2914285714285714,0.622857142857143,0.5756197025298458
2024-07-01,IFF,-0.1638012217443815,-0.08722841591345488,-0.014613861,-0.01357407808027827,-0.006502956,-0.01450169635499918,-0.016556902727381168,0.8428571428571429,0.56,0.7014285714285715,0.7628571428571428,0.8731428571428572,0.8714234935958667
2024-07-01,INCY,0.08981139959032572,0.16638420542125232,-0.017254163,-0.02565349473145155,-0.008762181,-0.0550938811968287,-0.033060175908706725,0.49714285714285716,0.17142857142857143,0.3342857142857143,0.23714285714285713,0.4154285714285715,0.7197816444812929
2024-07-01,INVH,-0.17796152495914705,-0.10138871912822045,-0.016032208,-0.010649261304142246,-0.027303785,-0.03329332346604321,-0.026748094052539896,0.6714285714285714,0.7971428571428572,0.7342857142857142,0.5723809523809523,0.4731428571428571,0.49062046949282495
2024-07-01,IP,0.19821215366356668,0.2747849594944933,-0.014331669,-0.018018916210992227,-0.03332764,-0.035565861109982895,-0.02254948915562873,0.8685714285714285,0.37142857142857144,0.62,0.6114285714285714,0.44114285714285717,0.45058388362814084
2024-07-01,IPG,-0.03729947130910202,0.03927333452182458,-0.021791153,-0.012769936807114418,-0.017014325,-0.05022622332238022,-0.027225300710697377,0.08571428571428572,0.6785714285714286,0.3821428571428572,0.33095238095238094,0.42857142857142855,0.4859123410602838
2024-07-01,IR,-0.05828490165724717,0.018287904173679426,-0.01622295,-0.01049269828307025,0.008611977,-0.005546322232653672,-0.01843203470905061,0.64,0.8057142857142857,0.7228571428571429,0.7647619047619048,0.9285714285714286,0.8616973640354518
2024-07-01,IRM,0.09487348041574911,0.1714462862466757,-0.012312456,-0.003535743695718518,-0.030758709,0.010522928236652275,-0.01823442052916009,0.9971428571428571,0.9628571428571429,0.98,0.937142857142857,0.6834285714285714,0.5417612838342134
2024-07-01,ITW,0.02868456269370459,0.10525736852463119,-0.021254562,-0.017550197557166265,-0.015726835,-0.056509142773228216,-0.026965962989443433,0.10571428571428572,0.39714285714285713,0.25142857142857145,0.24857142857142855,0.4057142857142857,0.5186383857165199
2024-07-01,J,0.10765192601736395,0.18422473184829055,-0.017352046,-0.012356105970647766,-0.019993782,-0.018856439567701236,-0.021147952527558384,0.4828571428571429,0.7042857142857143,0.5935714285714286,0.6271428571428571,0.7114285714285715,0.5723425887460495
2024-07-01,JBHT,-0.003589618896604113,0.07298318693432249,-0.02407585,-0.019670922493739623,-0.0068921447,-0.029448498253369853,-0.02525899424078539,0.037142857142857144,0.3028571428571429,0.17,0.22857142857142856,0.7091428571428572,0.5863788819951855
2024-07-01,JCI,0.14533399045754447,0.22190679628847107,-0.015804106,-0.012038494899785802,-0.00011050701,-0.010273963544910815,-0.020266148336580508,0.6971428571428572,0.7157142857142857,0.7064285714285714,0.7214285714285714,0.8851428571428572,0.8564199819934348
2024-07-01,JKHY,0.009518113850786408,0.08609091968171301,-0.018817551,-0.027480293441593945,-0.029170334,-0.04485355685404545,-0.02591415453025316,0.31142857142857144,0.12714285714285714,0.2192857142857143,0.2480952380952381,0.3451428571428572,0.33334066687447367
2024-07-01,JNJ,-0.07174825549233241,0.004824550338594191,-0.019343078,-0.019202574618244126,-0.030368447,-0.08197327342379016,-0.028647935669567165,0.24571428571428572,0.3314285714285714,0.2885714285714286,0.2419047619047619,0.16228571428571428,0.2838476595507735
2024-07-01,JNPR,-0.04616462285103514,0.03040818297989146,-0.01552671,-0.014692709329712048,0.010560572,-0.05435328750515206,-0.01745180421576209,0.7257142857142858,0.5014285714285714,0.6135714285714287,0.6976190476190476,0.6531428571428572,0.8943566479360466
2024-07-01,JPM,0.07451005365400748,0.15108285948493408,-0.014839894,-0.013597017151790784,-0.020903826,-0.01545901149132736,-0.02181963720314075,0.8028571428571428,0.5571428571428572,0.6799999999999999,0.6628571428571428,0.7022857142857144,0.6664780047824005
2024-07-01,K,0.3633751328644007,0.4399479386953273,-0.017192796,-0.021202426083837253,-0.033993095,-0.08197327342379016,-0.025098401829771976,0.5085714285714286,0.24714285714285714,0.37785714285714284,0.3719047619047619,0.1702857142857143,0.3213553250963903
2024-07-01,KDP,-0.08299137389097852,-0.00641856806005192,-0.015530987,-0.0304439408067872,-0.04847431,-0.08197327342379016,-0.019323360837428628,0.7228571428571429,0.045714285714285714,0.3842857142857143,0.5247619047619048,0.18285714285714286,0.2802014681520994
2024-07-01,KHC,-0.09964061174178515,-0.023067805910858552,-0.022533774,-0.020555716766191716,-0.01395309,-0.031875956682144616,-0.027160497170236254,0.054285714285714284,0.27,0.16214285714285714,0.18619047619047618,0.6297142857142858,0.5251715275536041
2024-07-01,KIM,0.15471940106555832,0.23129220689648491,-0.0170837,-0.029103048036324578,-0.04506612,-0.03791317494444647,-0.03339301125977853,0.5285714285714286,0.08285714285714285,0.3057142857142857,0.21619047619047618,0.24800000000000003,0.22305712866259453
2024-07-01,KMB,-0.10845285426234039,-0.03188004843141379,-0.014186286,-0.014653531673269247,-0.018365622,-0.03936576121972112,-0.014755470844471,0.8828571428571429,0.5071428571428571,0.6950000000000001,0.7728571428571428,0.6434285714285715,0.7424673722906564
2024-07-01,KMI,0.3194714313708543,0.39604423720178095,-0.014092505,-0.017670495099865232,-0.018199235,-0.04219526504677913,-0.016202742145503456,0.8971428571428571,0.3842857142857143,0.6407142857142857,0.7252380952380952,0.6194285714285714,0.7500988312835493
2024-07-01,KO,-0.07171955109419223,0.00485325473673437,-0.014161697,-0.012962700774437272,-0.04611495,-0.12218807159631365,-0.016929815134545882,0.8885714285714286,0.6342857142857142,0.7614285714285713,0.800952380952381,0.19542857142857145,0.3463927923071762
2024-07-01,KR,0.16409225590429272,0.24066506173521932,-0.018484024,-0.006641365674178937,-0.022262514,-0.05735836435522284,-0.020563318825744577,0.3457142857142857,0.9471428571428572,0.6464285714285715,0.6747619047619048,0.4297142857142857,0.4944160430447386
2024-07-01,KVUE,0.13907189722431537,0.21564470305524197,-0.022177756,-0.01334013319014451,-0.01261425,-0.04784387649574321,-0.02985934581796043,0.06857142857142857,0.59,0.3292857142857143,0.25,0.4582857142857143,0.5431093551153926
2024-07-01,L,0.03521099451596413,0.11178380034689073,-0.016910061,-0.022203283571059083,-0.029652238,-0.05806140426924401,-0.023269386712783453,0.5457142857142857,0.22285714285714286,0.3842857142857143,0.4352380952380952,0.2948571428571429,0.4058846740374141
2024-07-01,LDOS,-0.07871102794572124,-0.002138222114794641,-0.012414213,0.006616109586057105,-0.032060266,-0.045456425126032124,-0.007356012268199011,0.9942857142857143,0.9828571428571429,0.9885714285714287,0.9876190476190476,0.43828571428571433,0.520083853864992
2024-07-01,LH,0.05800064864810878,0.13457345447903538,-0.019564252,-0.019320333898371938,-0.02884823,-0.04023029164607001,-0.03132528273351011,0.23142857142857143,0.31857142857142856,0.275,0.2033333333333333,0.34285714285714286,0.31190744521460023
2024-07-01,LHX,-0.11220167984017335,-0.03562887400924675,-0.014740174,-0.007549501966990332,-0.04273653,-0.048451562558782586,-0.020362367418531202,0.8228571428571428,0.9114285714285715,0.8671428571428572,0.8276190476190475,0.3017142857142857,0.3507837985853752
2024-07-01,LIN,-0.08410960933994147,-0.007536803509014867,-0.01804932,-0.007840370554074747,-0.024527729,-0.04888166627176104,-0.024067637784547923,0.40285714285714286,0.8885714285714286,0.6457142857142857,0.5895238095238096,0.39485714285714285,0.45053494064633093
2024-07-01,LKQ,-0.18461693267894208,-0.10804412684801547,-0.022405678,-0.01974944088804306,-0.014170796,-0.04604229561663208,-0.024005263871383783,0.06,0.3,0.18,0.28095238095238095,0.54,0.5310873068891991
2024-07-01,LLY,-0.22723175198870935,-0.15065894615778275,-0.0127396425,-0.02968405402635419,-0.021904618,0.01821859041640646,-0.019716350525363677,0.9742857142857143,0.06285714285714286,0.5185714285714286,0.6047619047619047,0.7794285714285716,0.7069269492005247
2024-07-01,LMT,-0.01401955493886739,0.06255325089205921,-0.015984565,-0.0259129904656564,-0.04080102,-0.05189379418645777,-0.025531195619831762,0.6771428571428572,0.16285714285714287,0.42000000000000004,0.38857142857142857,0.21142857142857147,0.31429407002999477
2024-07-01,LNT,0.09649647879532122,0.17306928462624782,-0.016658708,-0.029173585158269805,-0.040391386,-0.06203426310642768,-0.028832363813933296,0.5885714285714285,0.07714285714285714,0.33285714285714285,0.2676190476190476,0.11771428571428572,0.2858353239656045
2024-07-01,LOW,0.09318501099000778,0.16975781682093438,-0.01937202,-0.013715696174741662,-0.021462798,-0.004860755848430251,-0.02311768608618192,0.23714285714285716,0.5485714285714286,0.3928571428571429,0.4438095238095238,0.7085714285714286,0.4593554738830678
2024-07-01,LVS,0.16977056082808276,0.24634336665900936,-0.023408579,-0.020319637271073148,-0.00994274,-0.038666242402937874,-0.02601384563160976,0.04857142857142857,0.27714285714285714,0.16285714285714287,0.20666666666666664,0.5937142857142857,0.5632589796386949
2024-07-01,LYB,-0.27878939228327826,-0.20221658645235166,-0.01896664,-0.012980853171842756,-0.021415055,-0.05484948853035566,-0.025295188161619096,0.2885714285714286,0.6257142857142857,0.45714285714285713,0.41619047619047617,0.3668571428571429,0.47704227627499307
2024-07-01,MA,0.11428573396645239,0.190858539797379,-0.0190395,-0.004812265308923831,-0.021416664,-0.04416131620015604,-0.022448535501760895,0.28,0.96,0.62,0.6133333333333333,0.5005714285714286,0.4785977375856718
2024-07-01,MAA,0.033415424051304404,0.109988229882231,-0.015391552,-0.010649261304142246,-0.030208051,-0.032427108740680215,-0.023915121665843933,0.7457142857142857,0.7971428571428572,0.7714285714285714,0.6799999999999999,0.4937142857142857,0.4624480013219599
2024-07-01,MAR,0.11273560800979401,0.1893084138407206,-0.017873012,-0.01220495290670466,-0.025851518,-0.019109335371026614,-0.022393410032862784,0.4228571428571429,0.7114285714285714,0.5671428571428572,0.58,0.6240000000000001,0.44001926034016947
2024-07-01,MAS,0.08087933378870032,0.15745213961962692,-0.019889798,-0.012832736281114908,-0.02133435,-0.02864676254383603,-0.021517215439074516,0.20857142857142857,0.6585714285714286,0.4335714285714286,0.5071428571428571,0.6582857142857144,0.4597312223058251
2024-07-01,MCD,0.1186083532338437,0.1951811590647703,-0.021466304,-0.012769936807114418,-0.018501997,-0.05444773908867078,-0.028687841989021544,0.1,0.6785714285714286,0.3892857142857143,0.3080952380952381,0.3731428571428571,0.45933139239135634
2024-07-01,MCK,-0.08288661882050583,-0.006313812989579226,-0.0134505,-0.01368939518652213,-0.018163532,-0.04259028920555841,-0.01079229155328067,0.9371428571428572,0.5542857142857143,0.7457142857142858,0.82,0.6325714285714286,0.767021657926197
2024-07-01,MCO,0.02206938294414089,0.09864218877506749,-0.014318182,-0.017670495099865232,-0.027842194,0.0099420108127653,-0.02176723004125082,0.8714285714285714,0.3842857142857143,0.6278571428571429,0.6290476190476191,0.6737142857142858,0.553456933709459
2024-07-01,MDLZ,-0.17139942093882338,-0.09482661510789679,-0.019766126,-0.01601452479826985,-0.024441838,-0.06163703807552345,-0.027808081021369238,0.21714285714285714,0.42142857142857143,0.3192857142857143,0.2757142857142857,0.26857142857142857,0.3836568492682991
2024-07-01,MDT,-0.021007449721034945,0.055565356109891655,-0.02025782,-0.014698085772134202,-0.024012327,-0.054762216479891546,-0.02621489700961806,0.18285714285714286,0.49714285714285716,0.34,0.32,0.32857142857142857,0.38539829970991024
2024-07-01,MET,0.10262064823514408,0.17919345406607068,-0.017648246,-0.019894203659414397,-0.031160533,-0.058753644923133425,-0.024237589259194458,0.44571428571428573,0.29428571428571426,0.37,0.39619047619047615,0.25542857142857145,0.3392233097788058
2024-07-01,MKC,0.05875728799221683,0.13533009382314343,-0.01807938,-0.015097762611673879,-0.022601962,-0.0693522927608397,-0.025026904739120052,0.39714285714285713,0.46285714285714286,0.43,0.41047619047619044,0.30514285714285716,0.48656123585975114
2024-07-01,MLM,-0.07590875068365097,0.0006640551472756328,-0.018715454,-0.011136907993363122,-0.036967695,0.0009713352958134852,-0.019269123873011287,0.3171428571428571,0.76,0.5385714285714286,0.6295238095238094,0.6114285714285714,0.2350730269524248
2024-07-01,MMM,0.20927824386060126,0.28585104969152786,-0.014584191,-0.018027105221139997,-0.041865706,-0.04099867532907342,-0.02085126392009122,0.8485714285714285,0.36857142857142855,0.6085714285714285,0.6428571428571428,0.3662857142857143,0.36950776288359766
2024-07-01,MNST,-0.02833605956512017,0.04823674626580643,-0.021873206,-0.015856025394903262,-0.016777903,-0.054762216479891546,-0.027224622257212693,0.08,0.43,0.255,0.2471428571428571,0.4068571428571429,0.4914229559675426
2024-07-01,MO,0.11555128974907483,0.19212409558000143,-0.012970522,-0.011352740974825358,-0.013709843,-0.036104895711056545,-0.011501806750238446,0.9714285714285714,0.7371428571428571,0.8542857142857143,0.8895238095238094,0.7314285714285715,0.849903848106384
2024-07-01,MOH,-0.06722345313802211,0.009349352692904487,-0.026236909,-0.03514537213150366,0.0030404925,-0.048565791760181394,-0.024410328683425415,0.008571428571428572,0.02,0.014285714285714287,0.15428571428571428,0.586857142857143,0.6340516019516688
2024-07-01,MOS,-0.19618681136293722,-0.11961400553201063,-0.023524873,-0.008928971929177148,0.00032445788,-0.03721321931887493,-0.03498087098424923,0.045714285714285714,0.8542857142857143,0.45,0.30857142857142855,0.6068571428571429,0.625802203048653
2024-07-01,MPC,-0.3025015440245912,-0.22592873819366455,-0.018863896,-0.008288391547430293,-0.006875515,-0.030159053751011366,-0.019064945318676217,0.3057142857142857,0.8771428571428571,0.5914285714285714,0.6685714285714285,0.8011428571428572,0.6889963312781513
2024-07-01,MRK,-0.29755526193097226,-0.22098245610004566,-0.016050447,-0.013139227789106863,-0.031165242,-0.04288750570066854,-0.019362877383109524,0.6657142857142857,0.6057142857142858,0.6357142857142857,0.6904761904761905,0.4337142857142858,0.4190127257938364
2024-07-01,MRO,,,-0.016003754,-0.012789239552456663,-0.038937658,-0.031137876130220978,-0.026595920530380325,0.6742857142857143,0.6628571428571428,0.6685714285714286,0.5333333333333333,0.3897142857142858,0.33207197135043565
2024-07-01,MS,0.18318720766193777,0.2597600134928644,-0.014987289,-0.012962700774437272,-0.045413494,-0.030888934713955582,-0.026379197326182713,0.7914285714285715,0.6342857142857142,0.7128571428571429,0.5657142857142857,0.356,0.31070717426959565
2024-07-01,MSCI,0.16091956034040777,0.23749236617133437,-0.02112858,-0.012769936807114418,-0.01993692,-0.03770067132908446,-0.02757443467114467,0.11714285714285715,0.6785714285714286,0.39785714285714285,0.3347619047619047,0.5045714285714286,0.44080545796992204
2024-07-01,MSI,0.14404052318953292,0.22061332902045952,-0.013184435,-0.01437520183398495,-0.015683949,0.0007286394841010832,-0.01397758124011863,0.9514285714285714,0.52,0.7357142857142858,0.8038095238095238,0.8645714285714285,0.8188805871587844
2024-07-01,MTB,0.18986878578763836,0.26644159161856495,-0.014670823,-0.007549501966990332,-0.032423884,-0.030327196572987457,-0.022760603885904097,0.8285714285714286,0.9114285714285715,0.8700000000000001,0.7742857142857144,0.4971428571428571,0.4498374291912224
2024-07-01,MTCH,0.0697767850304433,0.1463495908613699,-0.024388637,0.012351348819377736,0.0005056262,-0.03721321931887493,-0.02921410060946837,0.03428571428571429,0.9914285714285714,0.5128571428571429,0.380952380952381,0.6262857142857143,0.625979358497088
2024-07-01,NDAQ,0.22744181409370576,0.30401461992463236,-0.017988227,-0.01962345588528274,-0.020151138,-0.03928748403713571,-0.02469141398401216,0.4085714285714286,0.30857142857142855,0.35857142857142854,0.37047619047619046,0.52,0.5386772836614473
2024-07-01,NDSN,-0.15475507573375621,-0.07818226990282962,-0.021998584,-0.01912905048871646,-0.015912175,-0.029474305420178225,-0.024065312621115303,0.07714285714285714,0.3357142857142857,0.2064285714285714,0.29761904761904756,0.6771428571428572,0.5128526784587863
2024-07-01,NEE,-0.04609716580749543,0.030475640023431172,-0.015066677,-0.017670495099865232,-0.02952972,-0.037570904758630626,-0.019440755755626517,0.78,0.3842857142857143,0.5821428571428572,0.6528571428571428,0.5091428571428571,0.4918940713277222
2024-07-01,NEM,-0.14885065163324093,-0.07227784580231433,-0.016192593,-0.025257114805623943,-0.069846034,-0.05019994715001909,-0.03372954216046063,0.6428571428571429,0.17714285714285713,0.41000000000000003,0.28476190476190477,0.11085714285714285,0.21700565062999913
2024-07-01,NI,0.20991345066393788,0.2864862564948645,-0.015408915,-0.012962700774437272,-0.028943717,-0.04288750570066854,-0.022771497332749274,0.74,0.6342857142857142,0.687142857142857,0.6504761904761904,0.42228571428571426,0.4918198951899229
2024-07-01,NOC,0.005777749653877479,0.08235055548480408,-0.019860078,-0.01470942529549969,-0.025796473,-0.042473026374148785,-0.027604595522994525,0.21142857142857144,0.49,0.3507142857142857,0.2995238095238095,0.3891428571428572,0.3617437382558559
2024-07-01,NSC,0.021621041515113834,0.09819384734604043,-0.020769041,-0.01535578653020304,-0.02042666,-0.03288952353665626,-0.02288494284291379,0.1457142857142857,0.45285714285714285,0.29928571428571427,0.3890476190476191,0.6222857142857143,0.4532898885474261
2024-07-01,NTRS,0.1587863378298792,0.2353591436608058,-0.017538663,-0.02328521502763698,-0.029730797,-0.03447132806672846,-0.028080086951895192,0.46285714285714286,0.19428571428571428,0.32857142857142857,0.2761904761904762,0.41257142857142864,0.36781530636221627
2024-07-01,NUE,-0.3287807628606898,-0.2522079570297632,-0.02233573,-0.04814571971458624,-0.012617141,-0.04137649277332873,-0.022418066874654752,0.06285714285714286,0.002857142857142857,0.03285714285714286,0.22285714285714284,0.6177142857142858,0.55139787322039
2024-07-01,NVR,0.032811039754737995,0.1093838455856646,-0.01717289,-0.013525604724850869,-0.02255112,-0.030451775154970693,-0.022596966297081106,0.5142857142857142,0.5628571428571428,0.5385714285714285,0.5552380952380952,0.6125714285714285,0.5325681495479705
2024-07-01,NWS,0.007599141556877839,0.08417194738780444,-0.014706232,-0.007549501966990332,-0.034766465,-0.004331113639109245,-0.02221846114173716,0.8257142857142857,0.9114285714285715,0.8685714285714285,0.7838095238095237,0.5794285714285714,0.42022869266086094
2024-07-01,NWSA,-0.06441155889559166,0.012161246935334935,-0.014455548,-0.015709840702475053,-0.02917245,-0.009592264569750574,-0.02091395010158109,0.86,0.43714285714285717,0.6485714285714286,0.6685714285714285,0.6394285714285715,0.5239026605077204
2024-07-01,O,-0.047276873968703365,0.029295931862223235,-0.01887925,-0.019957325236417755,-0.041953027,-0.05444773908867078,-0.03152669580360793,0.3,0.2914285714285714,0.2957142857142857,0.21523809523809523,0.13314285714285715,0.1674521617828487
2024-07-01,OKE,0.16633949919255786,0.24291230502348446,-0.014894109,-0.015008577987466609,-0.008348167,-0.03500401692419374,-0.02142994093510156,0.7971428571428572,0.47285714285714286,0.635,0.6423809523809523,0.7154285714285714,0.8397796630834194
2024-07-01,OMC,-0.06421335218879695,0.012359453642129647,-0.018070322,-0.02130548083474631,-0.03313166,-0.049960770800296275,-0.023130736206355904,0.4,0.2357142857142857,0.31785714285714284,0.3928571428571428,0.3062857142857143,0.2949652619143556
2024-07-01,ORLY,0.09897149364747584,0.17554429947840244,-0.017708847,-0.011136907993363122,-0.029068291,-0.03128283525803271,-0.02185665897201786,0.44,0.76,0.6,0.6085714285714285,0.5365714285714286,0.38557813454827844
2024-07-01,OTIS,-0.09353992041005874,-0.016967114579132136,-0.016815858,-0.01302146850897905,-0.015506923,-0.009592264569750574,-0.022961366584201198,0.5685714285714286,0.62,0.5942857142857143,0.5847619047619048,0.7754285714285716,0.6879228756124413
2024-07-01,OXY,-0.314157037261497,-0.2375842314305704,-0.018094981,-0.011667784571223321,-0.026888907,-0.04328925514235342,-0.025277294512594178,0.3942857142857143,0.7271428571428571,0.5607142857142857,0.4861904761904762,0.3925714285714286,0.4113135513720799
2024-07-01,PAYX,0.11951228674577358,0.19608509257670018,-0.018592108,-0.025980842275165162,-0.028166413,-0.054762216479891546,-0.023685768443464518,0.32857142857142857,0.15857142857142856,0.24357142857142855,0.3347619047619047,0.3314285714285714,0.3679144943989508
2024-07-01,PCAR,0.0033121319867321225,0.07988493781765872,-0.019002292,-0.010619769879923475,-0.034944654,-0.004757320791453249,-0.019844394018122536,0.28285714285714286,0.8028571428571428,0.5428571428571428,0.618095238095238,0.6062857142857143,0.2410042964672969
2024-07-01,PCG,0.08443452938309115,0.16100733521401775,-0.01787906,-0.02234825447515695,-0.05098164,-0.059320115437937554,-0.028160645440330166,0.42,0.21857142857142858,0.3192857142857143,0.26904761904761904,0.09028571428571429,0.15687581412029156
2024-07-01,PEG,0.09619510991664332,0.17276791574756992,-0.013604992,-0.02302052661208091,-0.014652252,-0.03808016069228745,-0.01382788227595039,0.9314285714285714,0.19714285714285715,0.5642857142857143,0.6904761904761905,0.6994285714285715,0.8214648148511701
2024-07-01,PEP,-0.1274083424234553,-0.05083553659252871,-0.018464072,-0.028000686433325962,-0.033112466,-0.08197327342379016,-0.02629126571080489,0.3485714285714286,0.11285714285714285,0.2307142857142857,0.24619047619047618,0.1582857142857143,0.2734026916378902
2024-07-01,PFE,-0.10110620067624163,-0.024533394845315026,-0.01675356,-0.029173585158269805,-0.03649214,-0.05181326301353445,-0.029886251441004617,0.5771428571428572,0.07714285714285714,0.3271428571428572,0.24761904761904763,0.188,0.31211439393320284
2024-07-01,PFG,-0.0842522227192489,-0.007679416888322299,-0.018366868,-0.027705188507292908,-0.034075797,-0.05444773908867078,-0.026190258140103832,0.3657142857142857,0.12142857142857143,0.24357142857142858,0.25666666666666665,0.22571428571428573,0.2700673841448883
2024-07-01,PG,-0.03895935929315594,0.037613446537770656,-0.015202634,-0.019782108592828387,-0.053299993,-0.06560746733252529,-0.014675779518436979,0.7714285714285715,0.29714285714285715,0.5342857142857143,0.6666666666666666,0.21885714285714286,0.28833182015656855
2024-07-01,PGR,0.061065342296208996,0.1376381481271356,-0.015165243,-0.008161976301387822,-0.015983224,-0.042859590267774056,-0.017089709996529513,0.7742857142857142,0.8814285714285715,0.8278571428571428,0.8442857142857143,0.634857142857143,0.7509844481619892
2024-07-01,PKG,0.22256935481504989,0.2991421606459765,-0.017189845,-0.012886982548507965,-0.01308471,-0.04288750570066854,-0.023392414816785487,0.5114285714285715,0.6485714285714286,0.5800000000000001,0.5619047619047619,0.5880000000000001,0.697322863503071
2024-07-01,PLD,-0.14913009359497817,-0.07255728776405157,-0.02143054,-0.012769936807114418,-0.013089359,-0.02577654987619144,-0.030839204509753207,0.10285714285714286,0.6785714285714286,0.39071428571428574,0.28428571428571425,0.6405714285714286,0.5485598657637898
2024-07-01,PM,0.15929430257474056,0.23586710840566716,-0.013605055,-0.01427794892391792,-0.04191175,-0.046501170881241775,-0.013780028839932838,0.9285714285714286,0.5228571428571429,0.7257142857142858,0.799047619047619,0.3605714285714286,0.39985818243454396
2024-07-01,PNC,0.1588821628544727,0.2354549686853993,-0.017115189,-0.021079318558141498,-0.037486672,-0.03791317494444647,-0.027390959057498762,0.5228571428571429,0.2542857142857143,0.38857142857142857,0.33238095238095244,0.3222857142857143,0.286081271302763
2024-07-01,PNR,0.2946090888004357,0.3711818946313623,-0.017932419,-0.011136907993363122,-0.029436648,-0.025064369191063165,-0.020407648572297217,0.4114285714285714,0.76,0.5857142857142857,0.637142857142857,0.5937142857142857,0.3695534179989331
2024-07-01,PNW,0.0643869513894228,0.1409597572203494,-0.015840467,-0.02738147700569796,-0.04143676,-0.059320115437937554,-0.02558882709820725,0.6942857142857143,0.13428571428571429,0.41428571428571426,0.3819047619047619,0.15657142857142858,0.3106226964137511
2024-07-01,PPG,-0.10319286028002514,-0.02662005444909854,-0.02255505,-0.020555716766191716,-0.011731207,-0.047561295953566306,-0.02883857323589248,0.05142857142857143,0.27,0.16071428571428573,0.1519047619047619,0.47485714285714287,0.5475872874274162
2024-07-01,PPL,0.12497363798035291,0.2015464438112795,-0.017105684,-0.03081986059137953,-0.039738268,-0.06203426310642768,-0.02602629031067737,0.5257142857142857,0.03857142857142857,0.28214285714285714,0.28428571428571425,0.14914285714285716,0.27027500658955195
2024-07-01,PRU,-0.06105601161097782,0.015516794219948782,-0.01504384,-0.012038494899785802,-0.0053980947,-0.034980399415065803,-0.02193338711875949,0.7857142857142857,0.7157142857142857,0.7507142857142857,0.708095238095238,0.7211428571428572,0.8535343280687269
2024-07-01,PSA,-0.015434426060040383,0.061138379770886216,-0.017518606,-0.03010748403639357,-0.039486945,-0.03430927972575947,-0.0331148475775919,0.4657142857142857,0.05142857142857143,0.25857142857142856,0.1857142857142857,0.31942857142857145,0.2517691877110926
2024-07-01,PSX,-0.2772934022905886,-0.20072059645966198,-0.01913771,-0.01278393386661448,-0.028842837,-0.038576816436234944,-0.02155758791448278,0.2742857142857143,0.6657142857142857,0.47,0.5295238095238095,0.47600000000000003,0.3418813717685109
2024-07-01,PTC,-0.05092896277194034,0.025643843058986263,-0.016809983,-0.013139227789106863,-0.024383724,-0.00863719463806571,-0.02379489274409991,0.5714285714285714,0.6057142857142858,0.5885714285714285,0.5609523809523809,0.6554285714285715,0.5110919422077957
2024-07-01,REG,0.13590325971815723,0.21247606554908383,-0.01663529,-0.029285497915715924,-0.03609997,-0.05444773908867078,-0.032616658285172934,0.5971428571428572,0.06714285714285714,0.3321428571428572,0.2385714285714286,0.16914285714285715,0.32525849896643627
2024-07-01,REGN,-0.4047275082248821,-0.3281547023939555,-0.013427338,-0.014833448500664235,-0.014374256,-0.019634193741269686,-0.014763235991722051,0.94,0.4828571428571429,0.7114285714285714,0.7828571428571428,0.8154285714285715,0.8275941142428304
2024-07-01,RF,0.13043848754827594,0.20701129337920254,-0.01656893,-0.026366227325511107,-0.036452234,-0.03456165603974564,-0.028249227427508704,0.6028571428571429,0.15,0.37642857142857145,0.3052380952380952,0.3514285714285714,0.32427362320304437
2024-07-01,RJF,0.198180569393588,0.2747533752245146,-0.016856065,-0.011230223529270063,-0.0029932857,-0.028208249946253157,-0.023331453973958655,0.56,0.74,0.65,0.6095238095238096,0.7697142857142857,0.7870747141125908
2024-07-01,ROL,-0.11582288179081976,-0.03925007595989316,-0.014833402,-0.016808840067100008,-0.014652044,-0.026145137674711265,-0.020362804369533756,0.8057142857142857,0.4042857142857143,0.605,0.6519047619047619,0.7605714285714286,0.7767446556276719
2024-07-01,ROP,-0.14099004793408906,-0.06441724210316246,-0.015615391,-0.01341240634927782,-0.04591766,-0.03329332346604321,-0.025228985030028975,0.7142857142857143,0.58,0.6471428571428571,0.5476190476190476,0.35028571428571426,0.27761245473228036
2024-07-01,ROST,-0.03870648474446167,0.03786632108646493,-0.015754811,-0.01341240634927782,-0.04435271,-0.02677556470608603,-0.024197645871917237,0.7028571428571428,0.58,0.6414285714285715,0.5828571428571427,0.42742857142857144,0.2949294206239498
2024-07-01,RSG,-0.01880324355711225,0.05776956227381435,-0.015317176,-0.008864297932623237,-0.00182271,-0.06235066492735626,-0.01933819919923774,0.76,0.8642857142857143,0.8121428571428572,0.809047619047619,0.5651428571428572,0.8694035976877866
2024-07-01,RTX,0.09588987000193763,0.17246267583286423,-0.016107924,-0.010353557481931383,0.011401564,-0.046280987574923035,-0.015101631516219679,0.6571428571428571,0.8257142857142857,0.7414285714285714,0.8,0.7085714285714286,0.8745384287481796
2024-07-01,RVTY,0.02820138459116653,0.10477419042209313,-0.019127853,-0.020928141318652033,-0.028398752,-0.02864676254383603,-0.027130221745115812,0.27714285714285714,0.26142857142857145,0.2692857142857143,0.25857142857142856,0.4925714285714286,0.34050422752544396
2024-07-01,SBAC,0.01022622181726475,0.08679902764819135,-0.02385866,0.017865462801193593,0.0072819293,-0.0371540263443083,-0.036734751870878185,0.04,0.9971428571428571,0.5185714285714286,0.35142857142857137,0.616,0.6383928056890513
2024-07-01,SBUX,0.08246795697974191,0.1590407628106685,-0.022419807,-0.010367634894585042,-0.012510896,-0.04717765252374449,-0.029421104181210696,0.05714285714285714,0.8185714285714286,0.4378571428571429,0.32619047619047614,0.468,0.5414045402736741
2024-07-01,SCHW,-0.0669588782565683,0.009613927574358305,-0.015918542,-0.007549501966990332,-0.01888758,-0.028774720461057283,-0.02508743649381584,0.6857142857142857,0.9114285714285715,0.7985714285714286,0.6533333333333333,0.6211428571428572,0.6505610389600244
2024-07-01,SHW,0.1004259885346658,0.1769987943655924,-0.019137774,-0.019306072786942765,-0.023386776,-0.012367608272833345,-0.023785603323043032,0.2714285714285714,0.3271428571428571,0.29928571428571427,0.369047619047619,0.6622857142857144,0.4331701324987096
2024-07-01,SJM,-0.06451386238652188,0.012058943444404722,-0.02029638,-0.01601452479826985,-0.022291243,-0.06267024683140855,-0.029229342224259276,0.17714285714285713,0.42142857142857143,0.29928571428571427,0.23761904761904762,0.27885714285714286,0.4218503273636486
2024-07-01,SLB,-0.2775558412906851,-0.20098303545975849,-0.021002103,-0.018638886839080528,-0.009072244,-0.034694522728653664,-0.028220905364325137,0.12857142857142856,0.35428571428571426,0.2414285714285714,0.21619047619047616,0.6171428571428572,0.5960965806069013
2024-07-01,SNA,0.2774364684147971,0.3540092742457237,-0.020961631,-0.015658828859168184,-0.018681675,-0.033034868485781105,-0.026658448331172615,0.13428571428571429,0.44571428571428573,0.29000000000000004,0.27809523809523806,0.5754285714285715,0.46964370830686214
2024-07-01,SO,0.009672923392322424,0.08624572922324902,-0.014597245,-0.007549501966990332,-0.032290697,-0.05218786486733896,-0.01719450859456636,0.8457142857142858,0.9114285714285715,0.8785714285714286,0.8761904761904761,0.3708571428571429,0.4660167020439391
2024-07-01,SPG,0.11292215716345239,0.18949496299437898,-0.016506577,-0.024976077431974473,-0.037938297,-0.021237969175437254,-0.024563891687307764,0.6114285714285714,0.18428571428571427,0.39785714285714285,0.4014285714285714,0.46457142857142864,0.31821443768301966
2024-07-01,SPGI,0.019144808006818753,0.09571761383774535,-0.015751597,-0.028882644512667564,-0.045579195,-0.04485355685404545,-0.02591489813324465,0.7057142857142857,0.09714285714285714,0.40142857142857147,0.3685714285714286,0.22914285714285715,0.2791905151880228
2024-07-01,SRE,0.09490566170390763,0.17147846753483423,-0.016442101,-0.03025517786826682,-0.034273148,-0.060704036600674235,-0.02802520073894449,0.62,0.04857142857142857,0.3342857142857143,0.28095238095238095,0.16571428571428573,0.34863089452833784
2024-07-01,STE,-0.12149975361718732,-0.04492694778626072,-0.01694141,-0.03081986059137953,-0.045224667,-0.026150299427078746,-0.025059549135100105,0.54,0.03857142857142857,0.2892857142857143,0.31476190476190474,0.4045714285714286,0.23092310707953245
2024-07-01,STLD,-0.17155342874113408,-0.09498062291020748,-0.017683638,-0.006641365674178937,-0.03022474,-0.030532151280514126,-0.02159922181913492,0.44285714285714284,0.9471428571428572,0.6950000000000001,0.6785714285714286,0.5314285714285715,0.3631176145422459
2024-07-01,STT,0.2644898936670286,0.34106269949795515,-0.018342497,-0.02234825447515695,-0.04349178,-0.04542002736884958,-0.029997048286737202,0.36857142857142855,0.21857142857142858,0.2935714285714286,0.22238095238095237,0.18857142857142856,0.1780618770886215
2024-07-01,STZ,-0.19004045089643995,-0.11346764506551334,-0.01774855,-0.02634800349862363,-0.027004153,-0.05484948853035566,-0.024794268206251004,0.43714285714285717,0.15428571428571428,0.2957142857142857,0.32666666666666666,0.3125714285714286,0.4231397612183026
2024-07-01,SYF,0.29996015512389707,0.37653296095482364,-0.013902616,-0.016327298697115845,-0.027406842,-0.01047398263831125,-0.020701253810864607,0.9114285714285715,0.41714285714285715,0.6642857142857144,0.6838095238095238,0.6622857142857144,0.5799690904896632
2024-07-01,SYK,0.01649158676664321,0.09306439259756981,-0.016736034,-0.012873061917556137,-0.010819048,-0.04259701448846401,-0.019805359354138546,0.5828571428571429,0.6542857142857142,0.6185714285714285,0.6695238095238094,0.6542857142857144,0.7452932892661926
2024-07-01,SYY,0.02921190413164866,0.10578470996257526,-0.020554256,-0.014570983380002568,-0.02236399,-0.05484948853035566,-0.02438251546035536,0.15714285714285714,0.5142857142857142,0.3357142857142857,0.3695238095238095,0.376,0.4172647549531825
2024-07-01,T,0.16614485682004532,0.24271766265097192,-0.013651403,-0.016808840067100008,-0.00780499,-0.061130153264262195,-0.020771386131675645,0.9257142857142857,0.4042857142857143,0.665,0.6823809523809523,0.5354285714285715,0.8877379374721583
2024-07-01,TAP,0.11532872635840744,0.19190153218933403,-0.0253933,-0.04330845717681623,-0.0010378361,-0.0441715039233137,-0.023468668944701725,0.014285714285714285,0.01,0.012142857142857143,0.18142857142857144,0.6262857142857142,0.6177641259029758
2024-07-01,TDG,-0.022383779989698517,0.05418902584122808,-0.015061343,-0.009651235850695964,-0.024346352,0.008694604858426068,-0.014775767162376288,0.7828571428571428,0.8457142857142858,0.8142857142857143,0.8504761904761904,0.7708571428571429,0.5950807344398542
2024-07-01,TDY,0.13845216547750272,0.21502497130842932,-0.020972809,-0.012769936807114418,-0.018312454,-0.034603655112624566,-0.02982079191240599,0.13142857142857142,0.6785714285714286,0.405,0.30142857142857143,0.5285714285714287,0.4741130990416599
2024-07-01,TEL,-0.1100649368086297,-0.033492130977703094,-0.015635025,-0.021572745084762552,-0.023317456,-0.004331113639109245,-0.021708476418783935,0.7114285714285714,0.23142857142857143,0.4714285714285714,0.5266666666666666,0.7108571428571429,0.5865879470061871
2024-07-01,TFC,0.04479875737732689,0.12137156320825349,-0.01596678,-0.010649261304142246,-0.026612163,-0.022023888564627236,-0.026785741481335827,0.68,0.7971428571428572,0.7385714285714287,0.5742857142857143,0.5371428571428571,0.5099463061132598
2024-07-01,TFX,-0.23046962034312743,-0.15389681451220083,-0.020954292,-0.014138626283187761,-0.01014477,-0.035829879635766074,-0.03119931054576079,0.13714285714285715,0.5285714285714286,0.33285714285714285,0.24380952380952378,0.5777142857142857,0.5855790152202938
2024-07-01,TGT,-0.1585833630462467,-0.08201055721532012,-0.018924708,-0.0002905556828295923,-0.024031878,-0.040097806104450406,-0.020959406485055065,0.29428571428571426,0.9714285714285714,0.6328571428571428,0.657142857142857,0.5251428571428571,0.4307319195324695
2024-07-01,TJX,0.03777415764427508,0.11434696347520168,-0.01244294,-0.01827604120987721,-0.017123044,-0.03597460575558353,-0.009454806999808435,0.9914285714285714,0.3657142857142857,0.6785714285714286,0.7771428571428571,0.7022857142857143,0.8017926458135571
2024-07-01,TMO,-0.09372335589165567,-0.017150550060729075,-0.01869287,-0.012980853171842756,-0.026274472,-0.020976420546901516,-0.022882506476012657,0.32,0.6257142857142857,0.47285714285714286,0.5057142857142857,0.6097142857142858,0.40307759040225044
2024-07-01,TMUS,0.1559257474862227,0.2324985533171493,-0.013395109,-0.007549501966990332,-0.034180343,-0.12084192089258654,-0.01094738894037507,0.9428571428571428,0.9114285714285715,0.9271428571428572,0.94,0.2822857142857143,0.4767434685392853
2024-07-01,TPR,0.5281552577741419,0.6047280636050685,-0.015930384,-0.02005516071934783,-0.034303814,-0.025064369191063165,-0.019679867924818774,0.6828571428571428,0.28285714285714286,0.4828571428571429,0.5828571428571429,0.5531428571428572,0.3820699296608494
2024-07-01,TRGP,0.2866927956906349,0.36326560152156145,-0.013862708,0.012484061720464667,-0.019481272,0.033748226864279356,-0.024093180884285942,0.9142857142857143,0.9942857142857143,0.9542857142857143,0.7933333333333333,0.748,0.7238210689877633
2024-07-01,TRMB,0.19770677143928625,0.27427957727021285,-0.018253239,-0.011136907993363122,-0.02696371,-0.025064369191063165,-0.0210736495150443,0.38,0.76,0.5700000000000001,0.6133333333333333,0.6200000000000001,0.41324882337167973
2024-07-01,TRV,0.11573387730330753,0.19230668313423413,-0.01836854,-0.011136907993363122,-0.027710706,-0.03982937438331265,-0.020396235052664934,0.3628571428571429,0.76,0.5614285714285714,0.6219047619047618,0.4925714285714286,0.38833139315677156
2024-07-01,TSCO,-0.0550061153378992,0.021566690493027396,-0.014825903,-0.010167716933061694,-0.013287663,-0.01545901149132736,-0.015729924935367137,0.8085714285714286,0.8371428571428572,0.822857142857143,0.8514285714285713,0.8360000000000001,0.799900630486521
2024-07-01,TSN,-0.04685939591031105,0.029713409920615556,-0.016839992,-0.012737358161240915,-0.025576204,-0.016792669947444373,-0.024218126405669362,0.5628571428571428,0.6914285714285714,0.6271428571428571,0.5723809523809523,0.6034285714285714,0.48885348383505434
2024-07-01,TT,0.08958376310351027,0.16615656893443687,-0.014380536,-0.007277509075954741,-0.030820668,0.008178667387449972,-0.01618988522731518,0.8657142857142858,0.9328571428571428,0.8992857142857142,0.8985714285714286,0.6845714285714286,0.4971743894408352
2024-07-01,TTWO,0.1000842158467174,0.176657021677644,-0.017770883,-0.028900406598098866,-0.04393524,-0.034709094223988615,-0.028913066080590195,0.4342857142857143,0.09142857142857143,0.26285714285714284,0.21904761904761905,0.29942857142857143,0.19934705288926763
2024-07-01,TXT,-0.18024918711051016,-0.10367638127958356,-0.018501893,-0.011136907993363122,-0.027608216,-0.03023519214868734,-0.021400263088215975,0.3342857142857143,0.76,0.5471428571428572,0.5847619047619047,0.5720000000000001,0.38052943521222343
2024-07-01,TYL,0.11285741599649224,0.18943022182741884,-0.012469351,-0.01860636679754501,-0.017073452,-0.015670775200195552,-0.008120520388506568,0.9857142857142858,0.35714285714285715,0.6714285714285715,0.7742857142857142,0.812,0.8018588434716646
2024-07-01,UDR,0.005260202289351451,0.08183300812027805,-0.014657518,-0.007549501966990332,-0.050751805,-0.028208249946253157,-0.020760142225414537,0.8342857142857143,0.9114285714285715,0.8728571428571429,0.8219047619047619,0.4514285714285714,0.30982950044673896
2024-07-01,UHS,-0.09973759149189851,-0.02316478566097191,-0.014851004,-0.011579277768737519,-0.009034187,-0.012978683141814863,-0.019386446902098217,0.8,0.7342857142857143,0.7671428571428571,0.7771428571428571,0.8542857142857143,0.8366769899340165
2024-07-01,ULTA,0.017544597318932917,0.09411740314985952,-0.024918396,-0.019400446241712874,-0.0029209256,-0.04883730676661705,-0.02492652732140726,0.025714285714285714,0.3142857142857143,0.16999999999999998,0.23999999999999996,0.5554285714285715,0.609095505003786
2024-07-01,UNH,-0.06535640845387233,0.011216397377054267,-0.01749836,-0.03085750441858601,-0.05401188,-0.06709588183819985,-0.031358652760203914,0.4685714285714286,0.03142857142857143,0.25,0.1857142857142857,0.03314285714285715,0.16310188879481485
2024-07-01,UNP,-0.06177451137499243,0.01479829445593417,-0.019368686,-0.015494228445700161,-0.029230893,-0.05484948853035566,-0.026122646431245834,0.24285714285714285,0.44857142857142857,0.3457142857142857,0.3257142857142857,0.2611428571428572,0.3063304865965984
2024-07-01,UPS,-0.1215161170389498,-0.044943311208023196,-0.021196939,-0.012769936807114418,-0.017649114,-0.03441820816888996,-0.02930851010770412,0.10857142857142857,0.6785714285714286,0.39357142857142857,0.2976190476190476,0.548,0.48329508756516226
2024-07-01,USB,0.13565337402500713,0.21222617985593373,-0.020014506,-0.01470942529549969,-0.023028731,-0.03125649805502368,-0.029259740085521825,0.2,0.49,0.345,0.2661904761904762,0.5062857142857142,0.4091283449735763
2024-07-01,V,0.11252722205778234,0.18910002788870894,-0.01843757,-0.02039862097713625,-0.028959274,-0.04520895930950141,-0.022974222379122115,0.35428571428571426,0.2742857142857143,0.3142857142857143,0.3961904761904762,0.39542857142857146,0.36096227661832814
2024-07-01,VICI,-0.011441470426327358,0.06513133540459924,-0.019369978,-0.016651516136315665,-0.03138089,-0.03725943237917823,-0.03267246445409045,0.24,0.4114285714285714,0.32571428571428573,0.2333333333333333,0.3371428571428572,0.2538688155278936
2024-07-01,VLO,-0.31507506641524274,-0.23850226058431612,-0.016858678,-0.018639277158710794,-0.02060479,-0.013691805091364712,-0.019678416663391263,0.5571428571428572,0.3514285714285714,0.4542857142857143,0.5647619047619047,0.7480000000000001,0.5937524877995898
2024-07-01,VLTO,0.029249914295501292,0.10582272012642789,-0.014220344,-0.0138956554341874,-0.027408004,-0.01691494289587201,-0.0129708978005315,0.8771428571428571,0.5385714285714286,0.7078571428571429,0.7909523809523809,0.6805714285714286,0.5722107310581588
2024-07-01,VMC,0.0009941379980950293,0.07756694382902163,-0.01783093,-0.011136907993363122,-0.03042382,0.004190426584494805,-0.02010587381022962,0.42857142857142855,0.76,0.5942857142857143,0.6504761904761904,0.6565714285714286,0.35559812890622183
2024-07-01,VRSK,-0.05718311879350377,0.01938968703742283,-0.012466088,-0.005580884373124295,-0.018561512,-0.03603743504474672,-0.00590652195249934,0.9885714285714285,0.9571428571428572,0.9728571428571429,0.9809523809523809,0.6885714285714286,0.7738194797671839
2024-07-01,VRSN,0.05332826261991688,0.12990106845084348,-0.021170342,-0.012769936807114418,-0.017982632,-0.05484948853035566,-0.030775459087144033,0.11142857142857143,0.6785714285714286,0.395,0.289047619047619,0.35428571428571426,0.47438962400357393
2024-07-01,VRTX,-0.23806128141612326,-0.16148847558519666,-0.013134081,-0.015180976002594514,-0.016772807,-0.04328925514235342,-0.010964614245321531,0.9542857142857143,0.46,0.7071428571428572,0.7923809523809524,0.6354285714285715,0.8019989108512001
2024-07-01,VTR,0.06602659502729086,0.14259940085821746,-0.01310284,-0.00869017978399424,-0.009744406,-0.013532356155666532,-0.018563222227146615,0.9571428571428572,0.8714285714285714,0.9142857142857144,0.8895238095238094,0.8560000000000001,0.8827359187728787
2024-07-01,VTRS,0.14733455823973088,0.22390736407065748,-0.02036358,-0.0133763931888387,-0.023498237,-0.04049955554613528,-0.024252884790818583,0.17142857142857143,0.5857142857142857,0.37857142857142856,0.40095238095238095,0.4754285714285714,0.3946718396309352
2024-07-01,VZ,-0.07372619786309151,0.0028466079678350904,-0.016052982,-0.00981242182377602,-0.031136274,-0.0662997079864147,-0.02397472672496875,0.66,0.8428571428571429,0.7514285714285714,0.6628571428571428,0.23485714285714288,0.4133882524492628
2024-07-01,WAB,0.16777729281814457,0.24435009864907117,-0.014630434,-0.0138956554341874,-0.023658574,-0.020409275740546427,-0.013402809264080986,0.84,0.5385714285714286,0.6892857142857143,0.7766666666666666,0.7137142857142857,0.6258305171251625
2024-07-01,WEC,0.1563006649265252,0.2328734707574518,-0.019164648,-0.019320333898371938,-0.03626156,-0.08197327342379016,-0.02992093681377552,0.26571428571428574,0.31857142857142856,0.29214285714285715,0.22333333333333333,0.10171428571428573,0.21187517829724256
2024-07-01,WELL,0.11221838340265411,0.1887911892335807,-0.012583826,-0.011076072131004765,-0.018829823,-0.019634193741269686,-0.008324825310419497,0.9771428571428571,0.78,0.8785714285714286,0.9114285714285713,0.7788571428571429,0.765863688980534
2024-07-01,WFC,0.09262098067642457,0.16919378650735117,-0.01444301,-0.015078773567995692,-0.017008185,-0.03364145064411099,-0.019046768606276895,0.8628571428571429,0.4657142857142857,0.6642857142857143,0.7180952380952381,0.706857142857143,0.760936812250386
2024-07-01,WM,-0.08707931136841593,-0.01050650553748933,-0.015547359,-0.010353557481931383,0.008514881,-0.046280987574923035,-0.01960755084899496,0.72,0.8257142857142857,0.7728571428571429,0.7790476190476191,0.6788571428571428,0.8851920346722675
2024-07-01,WMB,0.2125241123285754,0.289096918159502,-0.013712965,-0.01442126641212269,-0.019858837,-0.03516943364683301,-0.01769406490336093,0.9228571428571428,0.5171428571428571,0.72,0.7666666666666666,0.6577142857142858,0.7321458056477551
2024-07-01,WMT,0.28537604758273727,0.3619488534136639,-0.0130752865,-0.010453249200716906,-0.024551392,-0.04656380841998875,-0.0070808814078810135,0.9628571428571429,0.8085714285714286,0.8857142857142857,0.9199999999999999,0.5131428571428571,0.6474619147144598
2024-07-01,WRB,0.04972664537450858,0.12629945120543518,-0.01734894,-0.011136907993363122,-0.01786822,-0.0662997079864147,-0.021273574255891773,0.4857142857142857,0.76,0.6228571428571429,0.6419047619047619,0.4348571428571429,0.6188894960457002
2024-07-01,WTW,0.1387138353885357,0.2152866412194623,-0.016900152,-0.013139227789106863,-0.019916475,-0.04219526504677913,-0.022479364697689207,0.5514285714285714,0.6057142857142858,0.5785714285714285,0.5847619047619047,0.5405714285714286,0.5965970268133427
2024-07-01,WY,-0.06297082611972979,0.01360197971119681,-0.024760235,-0.042451496315618745,-0.0040109158,-0.014576572171929111,-0.025813585033822015,0.03142857142857143,0.014285714285714285,0.022857142857142857,0.12,0.7668571428571428,0.6021061991542637
2024-07-01,WYNN,-0.04005686703352159,0.03651593879740501,-0.021712173,-0.01912905048871646,-0.017291784,-0.029474305420178225,-0.02296924068838605,0.09142857142857143,0.3357142857142857,0.21357142857142855,0.32999999999999996,0.6754285714285715,0.49017009681946266
2024-07-01,XEL,0.2013050863236094,0.277877892154536,-0.021090075,-0.014256385563315575,-0.007013023,-0.06669865680729561,-0.035056233237882616,0.12,0.5257142857142857,0.32285714285714284,0.22285714285714284,0.37657142857142856,0.6045754422142664
2024-07-01,XOM,-0.1342072070198985,-0.057634401188971895,-0.016906962,0.0010021104076675745,-0.022435784,-0.04113479017792113,-0.02277088739857347,0.5485714285714286,0.9742857142857143,0.7614285714285715,0.700952380952381,0.5148571428571429,0.5493107740425603
2024-07-01,XYL,-0.18612020074919453,-0.10954739491826793,-0.0153662935,-0.01085979955843155,-0.0055279136,0.005599627131189138,-0.015832210784322454,0.7485714285714286,0.7885714285714286,0.7685714285714286,0.8142857142857143,0.9257142857142858,0.8459658739816829
2024-07-01,YUM,-0.04861777198034009,0.027955033850586508,-0.018500118,-0.012945251086479898,-0.02680388,-0.05484948853035566,-0.02318763194461141,0.33714285714285713,0.64,0.48857142857142855,0.5057142857142857,0.3462857142857143,0.39886851098882004
2024-07-01,ZBH,-0.06633367582749491,0.010239130003431686,-0.023672713,-0.04078621948808087,-0.00871405,-0.056421870722764104,-0.023757280136592104,0.04285714285714286,0.017142857142857144,0.03,0.19047619047619047,0.5091428571428572,0.5811594270263125
2024-12-19,A,-0.14225518428030481,-0.13350936617592382,-0.012260357,-0.010915259369616683,-0.01008299,-0.013583298202333843,-0.014434881753071083,0.42032967032967034,0.5508241758241759,0.48557692307692313,0.44276556776556775,0.5131868131868133,0.6166966256389123
2024-12-19,AAPL,-0.23813826934952728,-0.2293924512451463,-0.010940268,-0.00796445822810165,0.003219813,-0.005955540792099799,-0.01210941738623738,0.5961538461538461,0.7774725274725275,0.6868131868131868,0.6556776556776556,0.8076923076923077,0.8328066807100064
2024-12-19,ABBV,0.06745506641505562,0.07620088451943663,-0.012500191,-0.008959662889921956,-0.02826026,-0.027129070896390755,-0.012994862083627361,0.39285714285714285,0.7184065934065934,0.5556318681318682,0.5361721611721612,0.22252747252747254,0.29991940632660613
2024-12-19,ABT,0.1607377390357391,0.1694835571401201,-0.011243465,-0.011821155664850086,-0.0070108473,-0.010335214419556147,-0.012604079362181797,0.5357142857142857,0.46703296703296704,0.5013736263736264,0.5119047619047619,0.6637362637362638,0.7087713840342951
2024-12-19,ACGL,-0.01797756178623354,-0.009231743681852533,-0.015127287,-0.017438198846842678,-0.025963634,-0.014970869317842419,-0.01602111883728699,0.1620879120879121,0.14560439560439561,0.15384615384615385,0.18223443223443223,0.28956043956043953,0.2628241997171576
2024-12-19,ACN,-0.14920519958167308,-0.1404593814772921,-0.0090735955,-0.0065462515993954815,-0.020419985,-0.016496424564934414,-0.010410224337114351,0.8379120879120879,0.8736263736263736,0.8557692307692308,0.8342490842490842,0.4252747252747253,0.5859635617144507
2024-12-19,ADM,0.08586949619023346,0.09461531429461446,-0.018501062,-0.019742116017964557,-0.027410477,-0.014265595183516689,-0.019948560730778383,0.06593406593406594,0.11538461538461539,0.09065934065934067,0.09432234432234432,0.26483516483516484,0.20103189662959972
2024-12-19,ADP,0.048339914073303535,0.05708573217768454,-0.008617319,-0.005848721425529599,-0.030554622,-0.015097185817677956,-0.009537808370192096,0.8873626373626373,0.9409340659340659,0.9141483516483516,0.8969780219780219,0.3467032967032967,0.4186457038298056
2024-12-19,AEE,0.06381369452668752,0.07255951263106852,-0.008223766,-0.005848721425529599,-0.02673006,-0.010887137872836192,-0.008964788852974581,0.9120879120879121,0.9409340659340659,0.926510989010989,0.9262820512820513,0.5214285714285715,0.5131711528863047
2024-12-19,AEP,0.10700097982660108,0.11574679793098208,-0.011546386,-0.010043748450034772,-0.031927675,0.0045725595677519396,-0.012226022973890704,0.5164835164835165,0.657967032967033,0.5872252747252747,0.5801282051282051,0.5379120879120879,0.2650304255789166
2024-12-19,AES,-0.17115406524747112,-0.16240824714309013,-0.022074196,-0.04386590359096955,-0.010670811,-0.030363313323049375,-0.024794787400462752,0.03021978021978022,0.009615384615384616,0.019917582417582416,0.02518315018315018,0.31153846153846154,0.47551919007408266
2024-12-19,AFL,-0.0035071012291288785,0.005238716875252126,-0.009744822,-0.008604467804453456,-0.012039185,-0.012508657188986137,-0.010431246164132492,0.728021978021978,0.7431318681318682,0.7355769230769231,0.7532051282051282,0.6192307692307693,0.7117783139478733
2024-12-19,AIG,0.16161302480036524,0.17035884290474623,-0.014553724,-0.015551033336381373,-0.020022303,-0.004726906073825558,-0.016627431368674405,0.2087912087912088,0.23076923076923078,0.21978021978021978,0.2097069597069597,0.5428571428571428,0.3743943455923498
2024-12-19,AIZ,-0.06751336052813936,-0.05876754242375836,-0.008676786,-0.0065462515993954815,-0.021575749,-0.014303249843968358,-0.009763351674017762,0.8818681318681318,0.8736263736263736,0.8777472527472527,0.869047619047619,0.4714285714285715,0.5914433132410319
2024-12-19,AJG,0.11228745288258159,0.1210332709869626,-0.011460664,-0.012691871842754453,0.006508678,-0.010335214419556147,-0.012039356747948706,0.5247252747252747,0.37774725274725274,0.45123626373626374,0.5004578754578755,0.7472527472527473,0.8197172394199133
2024-12-19,AKAM,-0.18822229316973088,-0.1794764750653499,-0.012000809,-0.012511947916682847,-0.00048616529,-0.010766053541979561,-0.01256939751859929,0.4532967032967033,0.41208791208791207,0.4326923076923077,0.4679487179487179,0.6989010989010989,0.7556133733089632
2024-12-19,ALL,0.02527072478165006,0.034016542886031065,-0.009423265,-0.010172756950145448,-0.020111024,-0.022211641738713934,-0.010093383536155203,0.7802197802197802,0.6181318681318682,0.6991758241758241,0.738095238095238,0.3983516483516484,0.5761403509891764
2024-12-19,ALLE,0.030013295506654006,0.03875911361103501,-0.009914018,-0.009493728465290842,-0.01756543,-0.011040488553881877,-0.01056149739531852,0.7060439560439561,0.6813186813186813,0.6936813186813187,0.7206959706959707,0.5851648351648352,0.5963671201462774
2024-12-19,AMCR,-0.017918846285334897,-0.00917302818095389,-0.0128264045,-0.02426619618252916,-0.026139408,-0.015539850857982694,-0.013769195073349694,0.36813186813186816,0.08791208791208792,0.22802197802197804,0.29212454212454214,0.31043956043956045,0.33049574101050966
2024-12-19,AME,-0.04796506028352919,-0.039219242179148184,-0.011645346,-0.00889705786559098,-0.0042946637,-0.016499509607510697,-0.014121195691650237,0.49175824175824173,0.7293956043956044,0.610576923076923,0.5343406593406592,0.5049450549450549,0.7223574839325252
2024-12-19,AMGN,0.11122252674822067,0.11996834485260167,-0.017304957,-0.0403182541328586,-0.029553473,-0.014300896472531579,-0.018067695661480573,0.09065934065934066,0.02197802197802198,0.05631868131868132,0.08699633699633699,0.23736263736263738,0.15914536346614694
2024-12-19,AMP,-0.05065358157494092,-0.04190776347055991,-0.009153081,-0.006255532320196893,-0.007862508,-0.007059815308678301,-0.01078908392423376,0.8269230769230769,0.9052197802197802,0.8660714285714286,0.8237179487179487,0.7412087912087914,0.7948236578138345
2024-12-19,AMT,0.19170797500236064,0.20045379310674163,-0.014384076,-0.04043234390846487,-0.033391804,-0.022955877283697697,-0.013944829574752893,0.21153846153846154,0.019230769230769232,0.11538461538461539,0.20787545787545786,0.1543956043956044,0.13807579411319978
2024-12-19,AON,-0.026266812183460705,-0.0175209940790797,-0.009005081,-0.009834629035565633,-0.023758233,-0.013835758536408135,-0.009362458511180685,0.8461538461538461,0.6675824175824175,0.7568681318681318,0.7967032967032966,0.4675824175824176,0.5412519116814235
2024-12-19,AOS,-0.0792486716817271,-0.07050285357734609,-0.017226763,-0.030863334726231303,-0.015849054,-0.028551943300914224,-0.018775604108101224,0.09340659340659341,0.06318681318681318,0.0782967032967033,0.09706959706959706,0.2840659340659341,0.4158877925542625
2024-12-19,APA,0.005789355256866096,0.0145351733612471,-0.023695536,-0.02169394315349651,-0.008211583,-0.004475987206761925,-0.02607050049022402,0.02197802197802198,0.10164835164835165,0.061813186813186816,0.048534798534798536,0.634065934065934,0.504245688435499
2024-12-19,APD,-0.058024580766366504,-0.0492787626619855,-0.009146561,-0.009238433464602463,-0.008329183,-0.013422669562011663,-0.010993549036211227,0.8296703296703297,0.7142857142857143,0.771978021978022,0.75,0.6060439560439561,0.7878980041090733
2024-12-19,ARE,-0.2705670813423471,-0.26182126323796606,-0.017554352,-0.017370791832391604,-0.028671086,-0.013539561881065506,-0.0180577709422041,0.07692307692307693,0.1565934065934066,0.11675824175824176,0.1282051282051282,0.27582417582417584,0.17582818822291701
2024-12-19,ATO,0.09397558555621578,0.10272140366059679,-0.009189537,-0.010172756950145448,-0.01994881,-0.013005086016592818,-0.009866873575494055,0.8186813186813187,0.6181318681318682,0.7184065934065934,0.7591575091575091,0.5274725274725275,0.5966132666597782
2024-12-19,AVB,-0.0653713156244827,-0.0566254975201017,-0.011831948,-0.012691871842754453,0.0075665414,-0.008355476833565686,-0.012595598709851389,0.46703296703296704,0.37774725274725274,0.4223901098901099,0.46016483516483514,0.7692307692307694,0.8078259294746898
2024-12-19,AVY,-0.07472305843903038,-0.06597724033464937,-0.016752012,-0.03184996525456274,-0.023863524,-0.0066925886879413456,-0.019673133988703774,0.10714285714285714,0.0521978021978022,0.07967032967032966,0.08974358974358973,0.45384615384615384,0.2750295669777674
2024-12-19,AWK,0.12409136022849289,0.1328371783328739,-0.013455983,-0.014498617328942899,-0.023984104,-0.007330994001216688,-0.014065792445593792,0.30494505494505497,0.2664835164835165,0.2857142857142857,0.31868131868131866,0.4983516483516484,0.34038368620999104
2024-12-19,AZO,0.09919429961698512,0.10794011772136612,-0.010737905,-0.012774107206950871,-0.00932315,-0.011473839333875505,-0.013312504110645773,0.6208791208791209,0.3695054945054945,0.4951923076923077,0.483974358974359,0.5945054945054945,0.693092264880588
2024-12-19,BA,0.12043370044578018,0.1291795185501612,-0.016420797,-0.031245633603818608,-0.03293836,-0.018434818538458454,-0.02438996166343258,0.12087912087912088,0.057692307692307696,0.08928571428571429,0.07326007326007325,0.11923076923076924,0.10487252013078639
2024-12-19,BAC,0.0048699779304960545,0.013615796034877059,-0.011735515,-0.013470019080759944,-0.016991407,0.0016409499964582536,-0.012874812041209239,0.48626373626373626,0.32142857142857145,0.40384615384615385,0.43956043956043955,0.6697802197802197,0.5345421913464601
2024-12-19,BALL,-0.010022243710132812,-0.0012764256057518075,-0.014786109,-0.017438198846842678,-0.02688694,-0.01179044613087602,-0.015924418771192522,0.1978021978021978,0.14560439560439561,0.1717032967032967,0.19597069597069594,0.3648351648351648,0.2571969670626006
2024-12-19,BAX,0.016102750327229652,0.02484856843161066,-0.01586104,-0.015942358156005042,-0.03232187,-0.01754465628318305,-0.016437720878261015,0.13186813186813187,0.21428571428571427,0.17307692307692307,0.1858974358974359,0.15824175824175823,0.11607686449839098
2024-12-19,BBY,-0.1873288443070726,-0.17858302620269162,-0.011837098,-0.011278447053531827,-0.023672491,-0.014633883292019258,-0.013679784107078227,0.4642857142857143,0.5137362637362637,0.489010989010989,0.4697802197802197,0.35604395604395606,0.4052140855284285
2024-12-19,BDX,-0.25442729307183076,-0.24568147496744977,-0.014045869,-0.013333547435025307,-0.017032176,-0.007330994001216688,-0.016439543153216767,0.24175824175824176,0.3241758241758242,0.28296703296703296,0.2582417582417582,0.5434065934065934,0.4441357508606871
2024-12-19,BEN,0.11789021616907393,0.12663603427345493,-0.016046181,-0.017115610257402002,-0.030983418,-0.01215362465748814,-0.019945255497143828,0.12637362637362637,0.16346153846153846,0.1449175824175824,0.1314102564102564,0.2692307692307692,0.14352208385645882
2024-12-19,BF-B,-0.3743888043445044,-0.36564298624012337,-0.013451548,-0.013775251637868115,-0.01993677,-0.012878024068008113,-0.015118078730898047,0.3076923076923077,0.30494505494505497,0.30631868131868134,0.3058608058608059,0.4285714285714286,0.4153871215473843
2024-12-19,BG,0.09458922241008652,0.10333504051446753,-0.02223073,-0.03514711299661333,-0.015144706,-0.030770235060943316,-0.02429514023712392,0.027472527472527472,0.04395604395604396,0.03571428571428571,0.038461538461538464,0.265934065934066,0.4041350688068268
2024-12-19,BIIB,-0.144678114794327,-0.135932296689946,-0.027312918,-0.022150508964122604,0.0072436035,0.005102721865389298,-0.02930777504917942,0.008241758241758242,0.0989010989010989,0.05357142857142857,0.04029304029304028,0.7796703296703298,0.6390287321181671
2024-12-19,BKNG,0.04522743929720175,0.05397325740158276,-0.0090694,-0.011281868780787288,-0.006378889,-0.009083605235611062,-0.013365140970843008,0.8406593406593407,0.510989010989011,0.6758241758241759,0.6025641025641025,0.6703296703296703,0.8139459242842442
2024-12-19,BKR,-0.015599437783385002,-0.006853619679003997,-0.010667499,-0.008255177507300237,-0.013903588,-0.005818545491249888,-0.01143926802109621,0.6346153846153846,0.7651098901098901,0.6998626373626373,0.6854395604395604,0.6961538461538461,0.6439651505642817
2024-12-19,BLK,-0.0564362533090995,-0.047690435204718495,-0.007881217,-0.007663399355830957,-0.022851914,-0.014095289340948407,-0.00853013484787813,0.9395604395604396,0.8090659340659341,0.8743131868131868,0.9006410256410255,0.48681318681318686,0.5865739343071633
2024-12-19,BMY,-0.16679732371561493,-0.15805150561123393,-0.0067356406,-0.009813179727905946,-0.021599293,-0.017113939810836042,-0.008064583897537517,0.989010989010989,0.6758241758241759,0.8324175824175825,0.8827838827838828,0.4472527472527472,0.628505894138221
2024-12-19,BR,0.05569738638544876,0.06444320448982976,-0.010508998,-0.008668148196379748,-0.008852392,-0.012427314220641283,-0.011671466884055032,0.6401098901098901,0.739010989010989,0.6895604395604396,0.6703296703296703,0.6104395604395605,0.7123444831880805
2024-12-19,BRK-B,0.05806794615797374,0.06681376426235475,-0.010953257,-0.013054883857641964,-0.0011430681,-0.011040488553881877,-0.011917425247503274,0.5934065934065934,0.3489010989010989,0.47115384615384615,0.5155677655677655,0.7027472527472528,0.798584700347795
2024-12-19,BRO,0.04458604098550624,0.053331859089887246,-0.009956294,-0.011884274207491432,0.00702402,-0.012091073643567292,-0.010869243730947937,0.7032967032967034,0.45467032967032966,0.5789835164835165,0.6259157509157509,0.7302197802197803,0.8856389394649864
2024-12-19,BSX,0.13493048147017409,0.14367629957455508,-0.010522802,-0.006758803430018596,-0.016224146,-0.013073090199047404,-0.012186918182093606,0.6373626373626373,0.842032967032967,0.7396978021978022,0.6845238095238095,0.5137362637362638,0.6005452264726597
2024-12-19,BXP,-0.020418601913291354,-0.011672783808910348,-0.00815946,-0.005994827735411325,-0.0071857274,-0.0023239083042351327,-0.008659366439288423,0.9175824175824175,0.9285714285714286,0.9230769230769231,0.9294871794871795,0.8357142857142857,0.8422024966504038
2024-12-19,CAG,-0.19119262606514162,-0.18244680796076063,-0.0139674,-0.037149752851325095,-0.014813632,-0.015788797059171914,-0.014816879170279776,0.25,0.038461538461538464,0.14423076923076922,0.20512820512820512,0.41318681318681316,0.49206014593180286
2024-12-19,CAH,0.39664063079465167,0.4053864488990327,-0.0095987525,-0.006758803430018596,-0.024482578,-0.015052791264159572,-0.011549619649030536,0.7554945054945055,0.842032967032967,0.7987637362637363,0.7458791208791209,0.37747252747252746,0.4860313427222455
2024-12-19,CB,0.03684583702233292,0.045591655126713926,-0.01157764,-0.011408970951609964,-0.00924477,-0.010335214419556147,-0.013161596296540375,0.510989010989011,0.5054945054945055,0.5082417582417582,0.49908424908424903,0.628021978021978,0.6586681530998388
2024-12-19,CBOE,0.1745087027250364,0.1832545208294174,-0.010054381,-0.010052844851236307,0.002568245,0.011172718442430528,-0.010133937467733072,0.6785714285714286,0.6497252747252747,0.6641483516483517,0.7119963369963369,0.9406593406593408,0.8635634168652713
2024-12-19,CBRE,0.015255349105526632,0.024001167209907637,-0.0053466726,-0.013500573168379439,-0.049471468,-0.015218930553170288,-0.007401426025916644,1.0,0.31868131868131866,0.6593406593406593,0.7719780219780219,0.3159340659340659,0.37104420245299646
2024-12-19,CCI,0.11129061609380378,0.12003643419818479,-0.013253219,-0.04649750077008338,-0.033699185,-0.03847604957238517,-0.013451056754002627,0.33516483516483514,0.0027472527472527475,0.16895604395604394,0.26190476190476186,0.12472527472527475,0.17705869847123584
2024-12-19,CDW,-0.023472122377263913,-0.014726304272882906,-0.019586954,-0.022302281058134678,-0.022414893,-0.0006047423806269308,-0.022009258917670353,0.054945054945054944,0.09203296703296704,0.07348901098901099,0.07005494505494506,0.5098901098901099,0.28302366075979885
2024-12-19,CF,0.21173091340411204,0.22047673150849303,-0.010240643,-0.011884274207491432,0.00024455786,-0.02107809345681528,-0.011955746286338427,0.6593406593406593,0.45467032967032966,0.5570054945054945,0.5718864468864469,0.5456043956043957,0.8328717438769826
2024-12-19,CHD,-0.09705067862122117,-0.08830486051684017,-0.013721845,-0.012511947916682847,-0.012049556,0.002533347630519306,-0.017080887271957192,0.27197802197802196,0.41208791208791207,0.34203296703296704,0.28846153846153844,0.6681318681318681,0.5436602701186545
2024-12-19,CHRW,-0.10017253611110509,-0.09142671800672408,-0.008857579,-0.010466795131266889,-0.0120535195,-0.013422669562011663,-0.010045807110400503,0.8571428571428571,0.5824175824175825,0.7197802197802198,0.7527472527472527,0.5989010989010989,0.7520117182359934
2024-12-19,CI,0.13078214311992467,0.13952796122430566,-0.01732184,-0.010070770544209913,-0.027897745,-0.026581355318626456,-0.01880716954022987,0.08516483516483517,0.6456043956043956,0.3653846153846154,0.28663003663003667,0.15879120879120884,0.1974914231880736
2024-12-19,CINF,0.002135538468287195,0.0108813565726682,-0.009293529,-0.007171774119098101,-0.031854838,-0.02022798947390182,-0.00927915805613572,0.8076923076923077,0.8228021978021978,0.8152472527472527,0.841117216117216,0.2851648351648352,0.3715918180737056
2024-12-19,CL,-0.03481312282998282,-0.026067304725601814,-0.01386109,-0.012462036515443396,-0.020828158,0.0042587667215086365,-0.01570625644186285,0.26373626373626374,0.43956043956043955,0.3516483516483516,0.3223443223443223,0.6000000000000001,0.37856189860709155
2024-12-19,CLX,-0.2540196156498611,-0.2452737975454801,-0.008796353,-0.0065462515993954815,-0.028845847,0.0036295315155947827,-0.010202523320243299,0.8653846153846154,0.8736263736263736,0.8695054945054945,0.846153846153846,0.6131868131868132,0.45046125543467347
2024-12-19,CMCSA,-0.08943431216207753,-0.08068849405769653,-0.01329129,-0.008910262861928486,-0.025669366,-0.01139012348136778,-0.013939760121937548,0.3241758241758242,0.7239010989010989,0.5240384615384616,0.4812271062271062,0.41703296703296705,0.3240896065632508
2024-12-19,CME,0.16108761238750818,0.16983343049188918,-0.00950544,-0.0065462515993954815,-0.016881466,0.0015043466823862549,-0.010728871067228533,0.7692307692307693,0.8736263736263736,0.8214285714285714,0.7976190476190476,0.7181318681318681,0.6380538035965398
2024-12-19,CMG,-0.1782948409727732,-0.1695490228683922,-0.014714025,-0.01480786424175886,-0.028600603,-0.004630114062700852,-0.02559011995309535,0.20054945054945056,0.25274725274725274,0.22664835164835165,0.16117216117216115,0.42032967032967034,0.21950763528496497
2024-12-19,CMI,-0.10346750876143729,-0.09472169065705628,-0.008098412,-0.00673668027386542,-0.017900705,-0.013902808583300463,-0.00955910863947072,0.9258241758241759,0.8516483516483516,0.8887362637362637,0.8791208791208791,0.5225274725274727,0.6645905117782651
2024-12-19,CMS,0.04495083151542335,0.05369664961980436,-0.01022367,-0.010305907740302796,-0.005195558,0.0049130513623852675,-0.011282449790911012,0.6620879120879121,0.5961538461538461,0.6291208791208791,0.6465201465201464,0.8494505494505495,0.7738328472055398
2024-12-19,CNC,-0.08712785637428333,-0.07838203826990232,-0.015418379,-0.016576619552341635,-0.034769207,-0.02851664201189934,-0.01728314570083792,0.14835164835164835,0.18269230769230768,0.16552197802197802,0.1652930402930403,0.08571428571428572,0.10457571123583964
2024-12-19,CNP,0.10279725662100991,0.11154307472539092,-0.013373304,-0.012272555054350449,-0.03423032,-0.019135116040102533,-0.01988951293481044,0.3131868131868132,0.4423076923076923,0.37774725274725274,0.2875457875457875,0.11923076923076925,0.15994965442237258
2024-12-19,COO,-0.27287252679803664,-0.2641267086936556,-0.011304814,-0.009432097564562921,-0.038587183,-0.007017201154973384,-0.01245898304387945,0.5302197802197802,0.6936813186813187,0.6119505494505495,0.5902014652014651,0.4142857142857143,0.22499470524424045
2024-12-19,COP,0.012010299234331513,0.020756117338712517,-0.01810307,-0.011938553376200287,-0.028659612,-0.014265595183516689,-0.020197233342618026,0.06868131868131869,0.45054945054945056,0.25961538461538464,0.2042124542124542,0.24560439560439562,0.17348931708506538
2024-12-19,COR,0.2843597713163505,0.2931055894207315,-0.01312471,-0.012511947916682847,-0.007930964,-0.006599617609554541,-0.01603021104802352,0.3598901098901099,0.41208791208791207,0.38598901098901095,0.33608058608058605,0.6500000000000001,0.6237306279081336
2024-12-19,COST,0.018511692678457994,0.027257510782839,-0.011159395,-0.009255703136514077,-0.005428225,-0.004031219230295835,-0.013508779412815926,0.5521978021978022,0.7115384615384616,0.6318681318681318,0.5677655677655677,0.7406593406593407,0.7262028729504394
2024-12-19,CPAY,-0.056647402794236065,-0.04790158468985506,-0.0081482185,-0.005848721425529599,-0.03660789,-0.001774128512377586,-0.008489318819840497,0.9203296703296703,0.9409340659340659,0.9306318681318682,0.9391025641025641,0.5472527472527473,0.371773336486583
2024-12-19,CPB,-0.22705212603955063,-0.21830630793516964,-0.014851147,-0.017438198846842678,-0.029815048,-0.036952847696729955,-0.015084616622237977,0.18681318681318682,0.14560439560439561,0.16620879120879123,0.21336996336996336,0.13626373626373628,0.18612372678305275
2024-12-19,CPRT,-0.1842868865760333,-0.1755410684716523,-0.012147121,-0.009827199066403757,-0.005852431,-0.010582029426793045,-0.01716635100917975,0.43131868131868134,0.6730769230769231,0.5521978021978022,0.4267399267399268,0.589010989010989,0.6761581164477439
2024-12-19,CPT,0.008603982785704416,0.01734980089008542,-0.012112241,-0.011229047025538357,-0.01716438,-0.006599617609554541,-0.012528680974486705,0.4340659340659341,0.5247252747252747,0.4793956043956044,0.49999999999999994,0.6230769230769231,0.5143145520566534
2024-12-19,CSCO,0.12273609354666938,0.1314819116510504,-0.009394347,-0.006255532320196893,-0.005756706,-0.014095289340948407,-0.009950326497404325,0.7939560439560439,0.9052197802197802,0.8495879120879121,0.8420329670329669,0.6351648351648351,0.8141636116801265
2024-12-19,CSGP,0.10953521016367808,0.11828102826805909,-0.0148236565,-0.015551033336381373,-0.029163092,-0.01179044613087602,-0.01596663490160878,0.19230769230769232,0.23076923076923078,0.21153846153846156,0.2216117216117216,0.3313186813186813,0.20230373926282347
2024-12-19,CSX,0.008050804862654097,0.016796622967035102,-0.014845394,-0.014268132445236883,-0.029881537,-0.0051346067837092476,-0.01548371400158943,0.18956043956043955,0.27472527472527475,0.23214285714285715,0.24816849816849818,0.43736263736263736,0.18109387750832015
2024-12-19,CTAS,0.17957271436502203,0.18831853246940303,-0.01132685,-0.0077249642864249,-0.034896106,-0.011389229934038575,-0.010966362587729728,0.5274725274725275,0.8035714285714286,0.6655219780219781,0.679945054945055,0.3835164835164836,0.24202407259342976
2024-12-19,CTRA,0.13777158396381442,0.1465174020681954,-0.016584465,-0.015551033336381373,-0.029604107,-0.01179044613087602,-0.022539892082684837,0.11263736263736264,0.23076923076923078,0.1717032967032967,0.13095238095238096,0.2873626373626374,0.16238081495770137
2024-12-19,CTSH,0.0046199739041977855,0.01336579200857879,-0.009826256,-0.0060612732561527135,-0.02267164,-0.0070710761676669644,-0.010769900154323785,0.717032967032967,0.9217032967032966,0.8193681318681318,0.7944139194139194,0.5895604395604396,0.514526201729275
2024-12-19,CTVA,0.2889221866744048,0.2976680047787858,-0.012046791,-0.012511947916682847,0.007380128,-0.01139012348136778,-0.013291346444387194,0.44505494505494503,0.41208791208791207,0.42857142857142855,0.44047619047619047,0.698901098901099,0.7970504392869203
2024-12-19,CVS,0.5386639494936548,0.5474097675980358,-0.02005415,-0.022263769521942072,-0.015853435,-0.0258696056290489,-0.02127986532512849,0.04945054945054945,0.09615384615384616,0.07280219780219781,0.07326007326007325,0.282967032967033,0.39804220342620755
2024-12-19,CVX,0.05764659936408123,0.06639241746846224,-0.015870439,-0.01477120655793839,-0.028998762,-0.016021454407527835,-0.018798874891838648,0.12912087912087913,0.2554945054945055,0.1923076923076923,0.17216117216117216,0.2043956043956044,0.18041540585617957
2024-12-19,D,0.01756610198929666,0.026311920093677665,-0.010104962,-0.010052844851236307,-1.6957521e-05,0.004495467816966423,-0.011196190745936344,0.6730769230769231,0.6497252747252747,0.661401098901099,0.6717032967032966,0.8813186813186813,0.8360517568292279
2024-12-19,DD,-0.1303579703052642,-0.12161215220088319,-0.013960485,-0.015452748085350219,-0.014459759,0.000650721095275921,-0.015330469865278161,0.25274725274725274,0.23626373626373626,0.2445054945054945,0.26007326007326004,0.6505494505494506,0.5027353464142377
2024-12-19,DE,0.20968213631646576,0.21842795442084675,-0.010052776,-0.006758803430018596,-0.026928723,-0.023347322644984743,-0.013179177614331824,0.6840659340659341,0.842032967032967,0.7630494505494505,0.668040293040293,0.24835164835164836,0.4230693333457935
2024-12-19,DG,0.49577467324890356,0.5045204913532846,-0.031609543,-0.0054459961052160345,0.027393252,0.06268772445541762,-0.03973520097196909,0.0027472527472527475,0.9532967032967034,0.47802197802197804,0.31959706959706957,0.7994505494505495,0.6422377115663247
2024-12-19,DGX,0.17156874106958955,0.18031455917397055,-0.010789417,-0.013054883857641964,-0.0067274272,-0.010335214419556147,-0.011597342341519233,0.6153846153846154,0.3489010989010989,0.48214285714285715,0.5329670329670328,0.6862637362637363,0.7412619363324989
2024-12-19,DHI,-0.1444974146434603,-0.1357515965390793,-0.011636879,-0.019913438107673063,-0.065056175,-0.030408131996057124,-0.01220486868952193,0.49725274725274726,0.11263736263736264,0.30494505494505497,0.39285714285714285,0.13021978021978023,0.1827209449169838
2024-12-19,DHR,-0.14995036658461744,-0.14120454848023645,-0.0150741255,-0.040018164963464775,-0.020323902,-0.01754465628318305,-0.01648255459138513,0.16483516483516483,0.024725274725274724,0.09478021978021978,0.13003663003663002,0.29670329670329676,0.3529294423941576
2024-12-19,DIS,0.04570386013963591,0.05444967824401692,-0.01162986,-0.009366773010608986,-0.005061686,-0.015537697344596577,-0.019383349997116994,0.5,0.6978021978021978,0.5989010989010989,0.43772893772893773,0.46263736263736266,0.7082374980529051
2024-12-19,DLR,-0.0075713177602710745,0.00117450034410993,-0.0102921445,-0.006468084150820007,-0.0084192455,-0.022434797763580788,-0.011304707698652309,0.6538461538461539,0.8942307692307693,0.7740384615384616,0.7413003663003662,0.4906593406593407,0.7267916560312019
2024-12-19,DLTR,0.33962263791708763,0.34836845602146865,-0.027762666,0.004808242048057965,0.02887839,0.05887604300238009,-0.03932030847629069,0.005494505494505495,0.9752747252747253,0.49038461538461536,0.3287545787545787,0.8,0.6449849643135774
2024-12-19,DOC,-0.13533880669872564,-0.12659298859434465,-0.01189321,-0.0077249642864249,-0.035212666,-0.007722475289299115,-0.011902541550478363,0.46153846153846156,0.8035714285714286,0.632554945054945,0.625,0.4236263736263737,0.2159450787138682
2024-12-19,DOV,-0.07330905671410025,-0.06456323860971924,-0.011940326,-0.012691871842754453,-0.0024461448,0.008793109712523046,-0.01390747265633587,0.45879120879120877,0.37774725274725274,0.4182692307692307,0.4116300366300366,0.828021978021978,0.7364840107250447
2024-12-19,DOW,-0.23925529317842742,-0.23050947507404643,-0.02061268,-0.04386590359096955,-0.013087124,-0.015973414454106473,-0.02145561988361971,0.04120879120879121,0.009615384615384616,0.025412087912087912,0.040750915750915745,0.37912087912087916,0.448225792935501
2024-12-19,DPZ,0.07632136817621062,0.08506718628059162,-0.018850483,-0.01930412774098814,-0.01991418,-0.01880946400465492,-0.031251432793754176,0.06318681318681318,0.12087912087912088,0.09203296703296704,0.0641025641025641,0.260989010989011,0.3286430337204221
2024-12-19,DRI,0.20737760762676985,0.21612342573115084,-0.009554146,-0.014125809485472395,-0.018572152,-0.02267749301704976,-0.013594024454497866,0.760989010989011,0.2967032967032967,0.5288461538461539,0.4972527472527472,0.3291208791208791,0.5872427335093209
2024-12-19,DTE,0.10727418187028527,0.11601999997466628,-0.010990563,-0.009352956198202011,-0.0077207386,-0.010335214419556147,-0.012177234986113925,0.5851648351648352,0.7032967032967034,0.6442307692307693,0.6217948717948718,0.665934065934066,0.7156955197928305
2024-12-19,DUK,0.07091955330734002,0.07966537141172103,-0.010869628,-0.010538254773705596,-0.009667963,-0.007386593755984203,-0.01168531459550349,0.6043956043956044,0.5673076923076923,0.5858516483516483,0.6002747252747251,0.695054945054945,0.6862384758251855
2024-12-19,DVA,-0.10976663456863887,-0.10102081646425787,-0.011814439,-0.011229047025538357,-0.008795083,-0.027129070896390755,-0.013186813357859675,0.47527472527472525,0.5247252747252747,0.5,0.49175824175824173,0.4225274725274726,0.655462644610486
2024-12-19,DVN,0.13536887717878482,0.1441146952831658,-0.026155157,0.062034804956469854,0.0002734363,0.009420032997374341,-0.02757638725460016,0.013736263736263736,0.9972527472527473,0.5054945054945055,0.34340659340659335,0.7697802197802197,0.6056591765794693
2024-12-19,EA,0.011162602492574074,0.01990842059695508,-0.011639558,-0.01593149140718639,-0.02569303,-0.008529986525212781,-0.012825042459917014,0.4945054945054945,0.21703296703296704,0.3557692307692308,0.4084249084249084,0.4873626373626374,0.3818988045678125
2024-12-19,EBAY,0.19202575942593197,0.20077157753031297,-0.0091557,-0.0065462515993954815,-0.031554252,-0.0226688382954522,-0.010938924188457873,0.8241758241758241,0.8736263736263736,0.8489010989010989,0.8040293040293041,0.2406593406593407,0.3781870947266143
2024-12-19,ECL,0.09351460857761164,0.10226042668199264,-0.013337106,-0.010043748450034772,-0.0200153,-0.01126144342882504,-0.015138004261971575,0.31868131868131866,0.657967032967033,0.4883241758241758,0.4262820512820512,0.46153846153846156,0.4154537026605864
2024-12-19,ED,0.136752490994864,0.145498309099245,-0.012378635,-0.009433283551572821,-0.029841393,0.0045725595677519396,-0.013033265415114396,0.41208791208791207,0.6868131868131868,0.5494505494505495,0.5311355311355311,0.5445054945054946,0.2621036074313652
2024-12-19,EFX,-0.014657672782848335,-0.005911854678467331,-0.011012725,-0.007904888212496507,-0.04238805,-0.0037470356682006672,-0.011430553454721064,0.5824175824175825,0.7912087912087912,0.6868131868131868,0.6776556776556776,0.4697802197802198,0.23268407170742642
2024-12-19,EG,-0.06424380599095968,-0.05549798788657867,-0.015340789,-0.013082833869733298,-0.027023762,-0.01215362465748814,-0.017051119877907372,0.1510989010989011,0.33653846153846156,0.24381868131868134,0.2239010989010989,0.3368131868131868,0.23666875328791637
2024-12-19,EIX,-0.3738306890894016,-0.36508487098502057,-0.010295143,-0.011475945051831275,-0.012732893,-0.010335214419556147,-0.01094918371482489,0.6510989010989011,0.5,0.5755494505494505,0.6208791208791209,0.6510989010989012,0.6737192980579997
2024-12-19,ELV,0.025313624193301756,0.03405944229768276,-0.02407032,-0.04386590359096955,-0.007897079,-0.008161970044322222,-0.0257250212827611,0.019230769230769232,0.009615384615384616,0.014423076923076924,0.017857142857142856,0.5818681318681318,0.5069273365758389
2024-12-19,EMN,-0.1731800311001371,-0.1644342129957561,-0.01402338,-0.04353303023438104,-0.016502649,-0.006250107949480786,-0.015193626203568641,0.2445054945054945,0.016483516483516484,0.1304945054945055,0.1868131868131868,0.589010989010989,0.4560172957430167
2024-12-19,EOG,0.055397914876340285,0.06414373298072129,-0.014904961,-0.014268132445236883,-0.028943807,-0.014265595183516689,-0.015743571650305634,0.17857142857142858,0.27472527472527475,0.22664835164835168,0.2371794871794872,0.2730769230769231,0.2051773186924549
2024-12-19,EPAM,-0.3296996344212794,-0.3209538163168984,-0.008461233,-0.014259725501270967,-0.0074186325,-0.017898555925285994,-0.010490744878740894,0.8956043956043956,0.28846153846153844,0.592032967032967,0.6556776556776556,0.5456043956043957,0.8258258107851214
2024-12-19,EQIX,-0.042233489020167866,-0.03348767091578686,-0.0092061665,-0.0065462515993954815,-0.023061812,-0.014326757961708389,-0.009930100259962441,0.8159340659340659,0.8736263736263736,0.8447802197802198,0.8406593406593407,0.4467032967032967,0.5389737626190376
2024-12-19,EQT,0.36877578528574034,0.37752160339012136,-0.011097547,-0.01318715567459976,-0.030805796,-0.010292144653028381,-0.019052657539171285,0.5631868131868132,0.3324175824175824,0.44780219780219777,0.34065934065934067,0.3307692307692308,0.2914618073279606
2024-12-19,ERIE,-0.15911091610743677,-0.15036509800305578,-0.009554044,-0.01852001661437701,-0.062376887,-0.017009808071528673,-0.010544553563755018,0.7637362637362637,0.12637362637362637,0.44505494505494503,0.5558608058608059,0.24010989010989012,0.27825864132434
2024-12-19,ES,0.12837887572318865,0.13712469382756964,-0.01247455,-0.010324316297124506,-0.029521495,0.005861951071494363,-0.012915924266428826,0.3983516483516483,0.5892857142857143,0.49381868131868134,0.4977106227106226,0.5626373626373626,0.2719141235748776
2024-12-19,ESS,0.00766624154298458,0.016412059647365584,-0.01257568,-0.012511947916682847,-0.009595633,-0.007722475289299115,-0.013188515293903252,0.38461538461538464,0.41208791208791207,0.3983516483516484,0.423076923076923,0.6598901098901099,0.6110351088906434
2024-12-19,ETR,0.08489614425097448,0.09364196235535549,-0.0067522693,0.005363897302267356,-0.01527974,0.0029941979922836095,-0.008365065933869157,0.9862637362637363,0.978021978021978,0.9821428571428572,0.9752747252747251,0.7956043956043957,0.7418984277862143
2024-12-19,EVRG,0.10007293870603808,0.10881875681041908,-0.009769152,-0.010172756950145448,-0.008991003,-0.013005086016592818,-0.010636272669817329,0.7225274725274725,0.6181318681318682,0.6703296703296704,0.7005494505494505,0.6214285714285714,0.739331199995238
2024-12-19,EXC,0.15728162609801005,0.16602744420239104,-0.011083209,-0.009352956198202011,-0.00897795,0.002799015545568069,-0.012282943561172288,0.5686813186813187,0.7032967032967034,0.635989010989011,0.608974358974359,0.7697802197802199,0.6849503612778115
2024-12-19,EXPD,0.01917601824441708,0.027921836348798086,-0.015186748,-0.01654716610129099,-0.011734456,-0.008404772270481965,-0.01821565672227058,0.1565934065934066,0.19505494505494506,0.1758241758241758,0.1648351648351648,0.571978021978022,0.5113464600754649
2024-12-19,EXR,0.019854009779726525,0.02859982788410753,-0.013891472,-0.031593071203191415,-0.028644413,-0.016927421973491265,-0.014338418982911156,0.25824175824175827,0.054945054945054944,0.1565934065934066,0.22619047619047616,0.25,0.24486332010703338
2024-12-19,FANG,-0.007841511911392691,0.0009043061929883133,-0.021021895,-0.02116154768556731,-0.016479045,-0.024819020539363485,-0.022357487601543463,0.038461538461538464,0.10714285714285714,0.0728021978021978,0.06684981684981683,0.27472527472527475,0.38332621167776243
2024-12-19,FAST,0.11434522510566082,0.12309104321004183,-0.009090446,-0.01048136491663501,-0.035823256,-0.006410196586859619,-0.009834552290994343,0.8351648351648352,0.5755494505494505,0.7053571428571428,0.7522893772893773,0.4950549450549451,0.34432293996594204
2024-12-19,FDS,-0.12837469812305266,-0.11962888001867167,-0.010050915,-0.006468084150820007,-0.0111500025,-0.015043176467780814,-0.012145103651091508,0.6895604395604396,0.8942307692307693,0.7918956043956045,0.7220695970695971,0.5186813186813187,0.7064719741527284
2024-12-19,FDX,-0.19727813629773824,-0.18853231819335725,-0.01579202,-0.017115610257402002,-0.029394418,-0.019774897672622277,-0.01644988102669756,0.1346153846153846,0.16346153846153846,0.14903846153846154,0.16804029304029303,0.18186813186813186,0.1786928727223604
2024-12-19,FE,0.010688429291714556,0.01943424739609556,-0.012080329,-0.011752067715182692,-0.023930699,-0.006599617609554541,-0.012781915473847032,0.4423076923076923,0.4848901098901099,0.4635989010989011,0.4839743589743589,0.5428571428571429,0.3930166366917175
2024-12-19,FFIV,0.13531759651560163,0.14406341461998262,-0.0065276865,0.010196013281275847,-0.0138711035,0.0016869532787725321,-0.008073574087931641,0.9917582417582418,0.9807692307692307,0.9862637362637363,0.9844322344322343,0.8032967032967033,0.7724477489867843
2024-12-19,FI,-0.21554028546667178,-0.2067944673622908,-0.007029784,-0.002248509573499791,-0.028964996,-0.011316194569239432,-0.007802326234357478,0.9725274725274725,0.9697802197802198,0.9711538461538461,0.9780219780219779,0.4961538461538462,0.48541255808801353
2024-12-19,FICO,-0.15893378833645344,-0.15018797023207245,-0.0067713903,-0.00843798674651661,-0.03695801,-0.00663410169246312,-0.007501459226236545,0.9835164835164835,0.7568681318681318,0.8701923076923077,0.9116300366300365,0.5115384615384616,0.39198133927701834
2024-12-19,FIS,-0.010807179767822512,-0.0020613616634415077,-0.011266266,-0.011821155664850086,0.001579076,-0.012091073643567292,-0.012187763090896165,0.532967032967033,0.46703296703296704,0.5,0.5238095238095237,0.6840659340659341,0.7988540606930558
2024-12-19,FITB,-0.10464653262321909,-0.09590071451883808,-0.009416378,-0.008779468778800537,-0.0078111887,-0.00885425602862337,-0.00925075807286309,0.782967032967033,0.7335164835164835,0.7582417582417582,0.804945054945055,0.7489010989010989,0.785681413193216
2024-12-19,FMC,-0.15216651148480806,-0.14342069338042707,-0.016858477,-0.03283574079457425,-0.027914792,-0.03179570311156571,-0.016097658894614893,0.10164835164835165,0.04945054945054945,0.07554945054945054,0.12637362637362637,0.15604395604395604,0.20354794508881843
2024-12-19,FOX,0.06062237548411875,0.06936819358849976,-0.0068567675,0.016318868919236142,-0.015332282,-0.013175470461891488,-0.007931207800173114,0.9807692307692307,0.9917582417582418,0.9862637362637363,0.987179487179487,0.6038461538461539,0.7389460077279716
2024-12-19,FOXA,0.08838686995798098,0.09713268806236199,-0.006912877,0.011204278517218998,-0.015124679,-0.013175470461891488,-0.008097687525878422,0.978021978021978,0.9835164835164835,0.9807692307692307,0.9798534798534797,0.606043956043956,0.7448376118227584
2024-12-19,FRT,-0.14001862167644605,-0.13127280357206506,-0.010985535,-0.011821155664850086,0.0018262267,-0.012091073643567292,-0.01137408660432144,0.5879120879120879,0.46703296703296704,0.5274725274725275,0.5741758241758241,0.7065934065934066,0.8247372172581683
2024-12-19,FTNT,0.049799244855588516,0.05854506295996952,-0.005793605,0.011214928179835446,-0.014602631,-0.020262445738627954,-0.008901841738063278,0.9972527472527473,0.9862637362637363,0.9917582417582418,0.9716117216117216,0.493956043956044,0.760750758409784
2024-12-19,FTV,-0.071895078592899,-0.06314926048851799,-0.013251746,-0.011229047025538357,-0.007245213,0.007063622976240698,-0.01568810245739802,0.33791208791208793,0.5247252747252747,0.43131868131868134,0.37637362637362637,0.7604395604395604,0.6312453115024678
2024-12-19,GD,0.06985752718103101,0.07860334528541202,-0.015632479,-0.016759111602444296,-0.026578575,-0.01179044613087602,-0.01717882792796122,0.1401098901098901,0.1717032967032967,0.1559065934065934,0.1607142857142857,0.3521978021978022,0.23974750002853773
2024-12-19,GDDY,-0.1419915699568519,-0.1332457518524709,-0.0074609937,0.015436289700587363,-0.019066125,-0.004814120680295548,-0.009569300528041665,0.967032967032967,0.989010989010989,0.9780219780219781,0.9377289377289376,0.6846153846153846,0.6606015476575325
2024-12-19,GEHC,-0.10637171970187075,-0.09762590159748974,-0.012571476,-0.009433283551572821,-0.027864277,-0.005691325405647555,-0.013730746931822763,0.3873626373626374,0.6868131868131868,0.5370879120879121,0.49999999999999994,0.49725274725274726,0.3070062122473946
2024-12-19,GEN,0.07043906902838548,0.07918488713276649,-0.01106029,-0.013054883857641964,-0.011846811,-0.015927996174717237,-0.011410458265509063,0.5796703296703297,0.3489010989010989,0.4642857142857143,0.5311355311355311,0.5120879120879122,0.6629350193136259
2024-12-19,GILD,0.1744693927146973,0.1832152108190783,-0.007507859,-0.0087012847802151,-0.015699744,-0.016369052217106647,-0.008573744880541703,0.9642857142857143,0.7362637362637363,0.8502747252747254,0.8836996336996337,0.5186813186813186,0.7290116593545958
2024-12-19,GIS,-0.15719228508074334,-0.14844646697636235,-0.012464561,-0.02498814173199606,-0.016916335,0.003049357692096714,-0.013887760184319958,0.4010989010989011,0.0782967032967033,0.2396978021978022,0.2953296703296703,0.6681318681318682,0.505454502798284
2024-12-19,GL,0.08743141962785131,0.09617723773223232,-0.00784627,-0.006096825739351804,-0.029826313,-0.019428540291569225,-0.008785638877120713,0.9423076923076923,0.9120879120879121,0.9271978021978022,0.9304029304029304,0.32032967032967036,0.45107802850505885
2024-12-19,GLW,0.07043955714144615,0.07918537524582715,-0.008989608,-0.0065462515993954815,-0.024507433,-0.00663410169246312,-0.010094733755659223,0.8489010989010989,0.8736263736263736,0.8612637362637363,0.8452380952380951,0.5851648351648352,0.5194829630395489
2024-12-19,GPC,0.03942161518462085,0.04816743328900186,-0.017011516,-0.016956612887391514,-0.031309903,-0.0315814738827402,-0.019592316968071132,0.09615384615384616,0.16758241758241757,0.13186813186813187,0.12545787545787546,0.09175824175824177,0.13010603110444396
2024-12-19,GPN,-0.3263317391233603,-0.31758592101897926,-0.01026405,-0.007171774119098101,-0.018130034,-0.006396447277747842,-0.01110691139154306,0.6565934065934066,0.8228021978021978,0.7396978021978022,0.7257326007326007,0.6428571428571428,0.5639357719773134
2024-12-19,GRMN,-0.05471766338644512,-0.04597184528206411,-0.008706056,-0.011767351736532726,-0.0063686073,-0.02356804035378166,-0.010567208279899917,0.8736263736263736,0.4807692307692308,0.6771978021978022,0.7087912087912087,0.5175824175824175,0.8341376210988863
2024-12-19,GWW,-0.04821567973225836,-0.039469861627877356,-0.0091221575,-0.007930852888536111,-0.031293362,-0.006410196586859619,-0.009851007439481248,0.8324175824175825,0.7857142857142857,0.8090659340659341,0.8205128205128205,0.5263736263736264,0.3945721340821483
2024-12-19,HAL,-0.10895486311698,-0.10020904501259899,-0.02051035,-0.011748187648182718,-0.019575536,-0.007750729050626554,-0.02468236211043062,0.046703296703296704,0.489010989010989,0.26785714285714285,0.19139194139194138,0.46813186813186813,0.32562403254897726
2024-12-19,HAS,0.18853636731977833,0.19728218542415932,-0.012487935,-0.02679365271269581,-0.042073816,-0.016157085167674484,-0.01305069426604054,0.3956043956043956,0.07142857142857142,0.23351648351648352,0.31959706959706957,0.20494505494505494,0.1682151093845591
2024-12-19,HCA,0.2231132810715101,0.2318590991758911,-0.013770196,-0.03774912808590802,-0.027274936,-0.015788797059171914,-0.015386937279326086,0.2692307692307692,0.03159340659340659,0.1504120879120879,0.19551282051282048,0.2664835164835165,0.2749181825208556
2024-12-19,HD,-0.10916696128764947,-0.10042114318326846,-0.00989996,-0.013619968358142023,-0.0019107163,-0.008923424890740448,-0.01110321695875696,0.7087912087912088,0.3131868131868132,0.510989010989011,0.5741758241758241,0.7554945054945055,0.8322557005040764
2024-12-19,HES,0.12473039863320791,0.13347621673758892,-0.017520363,-0.014647180258343688,-0.032075763,-0.013539561881065506,-0.020952549120503206,0.07967032967032966,0.26373626373626374,0.1717032967032967,0.14194139194139194,0.21813186813186813,0.10446663297390062
2024-12-19,HIG,0.14765597629153204,0.15640179439591304,-0.011222443,-0.01109518329568829,-0.017818302,-0.013583298202333843,-0.012260779782697188,0.5467032967032966,0.5439560439560439,0.5453296703296703,0.5494505494505494,0.471978021978022,0.5328294232755346
2024-12-19,HLT,-0.017410943823952238,-0.008665125719571232,-0.010824391,-0.008255177507300237,-0.008478314,0.002689032033924407,-0.012811934255038907,0.6098901098901099,0.7651098901098901,0.6875,0.6314102564102564,0.7631868131868134,0.7066840833813277
2024-12-19,HOLX,-0.11356089137723523,-0.10481507327285422,-0.014202105,-0.016073545439640128,-0.029739171,-0.008404772270481965,-0.014137232049449815,0.23351648351648352,0.20604395604395603,0.21978021978021978,0.27289377289377287,0.4104395604395605,0.2069104529602306
2024-12-19,HON,-0.027157250860226113,-0.01841143275584511,-0.012310291,-0.00953647978720517,-0.0032007694,-0.01358184428816146,-0.01632039410260711,0.41483516483516486,0.6785714285714286,0.5467032967032968,0.43772893772893773,0.5472527472527472,0.7070266721262735
2024-12-19,HRL,-0.041380304551382176,-0.03263448644700117,-0.012408717,-0.012511947916682847,-0.008717507,-0.01171892775378436,-0.013978390321865564,0.40934065934065933,0.41208791208791207,0.4107142857142857,0.4038461538461538,0.5857142857142856,0.6332398876916052
2024-12-19,HSIC,-0.003876096409003311,0.004869721695377693,-0.012034991,-0.012511947916682847,0.0057020485,-0.012878024068008113,-0.012894049357707767,0.4478021978021978,0.41208791208791207,0.42994505494505497,0.456043956043956,0.6692307692307692,0.7884012759420503
2024-12-19,HST,-0.12619966354805223,-0.11745384544367123,-0.01366294,-0.012511947916682847,-0.00480482,0.004383551290160621,-0.017168705931779542,0.29120879120879123,0.41208791208791207,0.3516483516483516,0.29212454212454214,0.7434065934065934,0.64350597686716
2024-12-19,HSY,5.5771384012264294e-05,0.008801589488393269,-0.014861788,-0.01395434478931521,-0.031591445,-0.014265595183516689,-0.015913104658855138,0.18406593406593408,0.29945054945054944,0.24175824175824176,0.24358974358974356,0.23681318681318686,0.15198796403341505
2024-12-19,HUM,-0.02497809778607439,-0.016232279681693385,-0.027260683,0.07054907514784646,0.0058811605,0.017198912329475124,-0.02950080317348998,0.01098901098901099,1.0,0.5054945054945055,0.3406593406593406,0.7901098901098902,0.6328139875202633
2024-12-19,IBM,0.27542251730791245,0.28416833541229347,-0.007964572,-0.007954118635029546,-0.022090167,-0.016197473614664698,-0.00893985699769537,0.9340659340659341,0.7815934065934066,0.8578296703296704,0.8814102564102564,0.4428571428571429,0.6018256108536776
2024-12-19,ICE,0.2019991779661644,0.2107449960705454,-0.010984497,-0.009352956198202011,-0.018579155,-0.012091073643567292,-0.011338867040260187,0.5906593406593407,0.7032967032967034,0.646978021978022,0.6556776556776557,0.5263736263736265,0.534302092128238
2024-12-19,IDXX,0.2540252839276368,0.2627711020320178,-0.017506218,-0.017139104937494175,-0.030319363,-0.0006047423806269308,-0.02003199307952568,0.08241758241758242,0.15934065934065933,0.12087912087912087,0.11355311355311354,0.41923076923076924,0.13580179788478186
2024-12-19,IEX,-0.17434539817810688,-0.16559958007372588,-0.011742625,-0.012691871842754453,-0.002359748,0.00497210743953504,-0.013855396626197704,0.4835164835164835,0.37774725274725274,0.43063186813186816,0.4235347985347985,0.8203296703296704,0.7467537591169465
2024-12-19,IFF,-0.12924659481254727,-0.12050077670816628,-0.015073536,-0.031178892258191322,-0.024147362,-0.016775151977843048,-0.016562350844945437,0.16758241758241757,0.06043956043956044,0.11401098901098901,0.14102564102564102,0.26648351648351654,0.2883539781458254
2024-12-19,INCY,-0.009181593538615902,-0.00043577543423489734,-0.011132372,-0.011821155664850086,-0.0046955645,-0.027834345030716485,-0.012283856107770915,0.554945054945055,0.46703296703296704,0.510989010989011,0.5247252747252747,0.47197802197802197,0.7439010873241021
2024-12-19,INVH,0.05281727395425574,0.06156309205863675,-0.016582258,-0.014267186923293809,-0.031427592,-0.01179044613087602,-0.018156812966987443,0.11538461538461539,0.28434065934065933,0.19986263736263737,0.18177655677655677,0.28681318681318685,0.13376100677929254
2024-12-19,IP,-0.149954525994733,-0.141208707890352,-0.008653769,-0.0065462515993954815,-0.016274631,-0.016929775344928046,-0.010905002142784536,0.8846153846153846,0.8736263736263736,0.8791208791208791,0.825091575091575,0.45769230769230773,0.6845862170825587
2024-12-19,IPG,-0.19577252112250862,-0.18702670301812763,-0.012288268,-0.011229047025538357,-0.012762725,-0.010402875015367444,-0.014184159716010556,0.4175824175824176,0.5247252747252747,0.47115384615384615,0.43864468864468864,0.5741758241758241,0.5861369979355119
2024-12-19,IRM,-0.014288064353165526,-0.0055422462487845214,-0.009181674,-0.006285683640843594,-0.04575199,-0.0315699418407181,-0.009157927452352051,0.8214285714285714,0.8983516483516484,0.8598901098901099,0.8772893772893773,0.2054945054945055,0.3147954088599374
2024-12-19,ISRG,-0.032238004852432535,-0.023492186748051532,-0.009653671,-0.006758803430018596,-0.01806745,0.0007575196033368513,-0.01081816254006028,0.739010989010989,0.842032967032967,0.7905219780219781,0.7715201465201464,0.6912087912087913,0.5957913262784029
2024-12-19,IT,-0.1849697515887958,-0.1762239334844148,-0.011102369,-0.011821155664850086,-0.002731979,0.008039575775958983,-0.011881748282846105,0.5604395604395604,0.46703296703296704,0.5137362637362637,0.5485347985347986,0.8675824175824176,0.770249441548924
2024-12-19,ITW,-0.06564385100455426,-0.05689803290017326,-0.011062707,-0.013054883857641964,-0.009225965,-0.011040488553881877,-0.012494882085967043,0.5769230769230769,0.3489010989010989,0.4629120879120879,0.48992673992673985,0.6236263736263736,0.683906981671296
2024-12-19,J,-0.0482043454470422,-0.03945852734266119,-0.010053126,-0.010172756950145448,-0.013769478,-0.01080848014268847,-0.011097101374695752,0.6813186813186813,0.6181318681318682,0.6497252747252747,0.6675824175824177,0.6241758241758243,0.664170223835849
2024-12-19,JBHT,-0.18691217768320123,-0.17816635957882024,-0.011830627,-0.012511947916682847,0.0008121133,0.004081560102803149,-0.012112475178267983,0.4697802197802198,0.41208791208791207,0.4409340659340659,0.49084249084249076,0.8615384615384616,0.7747036033293659
2024-12-19,JKHY,0.01817974025686655,0.02692555836124755,-0.01181668,-0.011821155664850086,-0.017289251,-0.010335214419556147,-0.013792504748819857,0.4725274725274725,0.46703296703296704,0.4697802197802198,0.4523809523809524,0.5373626373626375,0.5189317126921176
2024-12-19,JNJ,0.06356364282998407,0.07230946093436508,-0.013213215,-0.01424887229951898,-0.020047426,0.0045725595677519396,-0.013841047831410037,0.3489010989010989,0.29120879120879123,0.32005494505494503,0.3507326007326007,0.6434065934065935,0.42458257082427986
2024-12-19,JNPR,-0.032078176717627346,-0.02333235861324634,-0.013184752,-0.011229047025538357,-0.0052213967,-0.006599617609554541,-0.013793957270490431,0.3543956043956044,0.5247252747252747,0.43956043956043955,0.4313186813186813,0.7087912087912088,0.6631968144173815
2024-12-19,JPM,0.13847905846911612,0.14722487657349712,-0.010726844,-0.008585813770567519,-0.017418146,-0.005750671299341717,-0.01077347255725281,0.6263736263736264,0.75,0.6881868131868132,0.706043956043956,0.6703296703296704,0.5725584632787866
2024-12-19,K,0.0017415583008898606,0.010487376405270865,-0.005838209,-0.010844296649756491,-0.04190421,0.012314765751058814,-0.007383623757991372,0.9945054945054945,0.5576923076923077,0.7760989010989011,0.8507326007326006,0.6131868131868132,0.38340906354818083
2024-12-19,KDP,0.021021109212683867,0.029766927317064873,-0.0135213435,-0.01656765646312885,-0.015073389,-0.007017201154973384,-0.015426476643962924,0.29945054945054944,0.18956043956043955,0.2445054945054945,0.2573260073260073,0.586813186813187,0.5039823753855172
2024-12-19,KHC,-0.14126583698762946,-0.13252001888324846,-0.01394288,-0.01654716610129099,-0.021300584,-0.008404772270481965,-0.014969113812484721,0.2554945054945055,0.19505494505494506,0.22527472527472525,0.25457875457875456,0.49615384615384617,0.3716773304784249
2024-12-19,KIM,-0.10010609194935514,-0.09136027384497414,-0.008685893,-0.009834629035565633,-0.018131852,-0.014760945240603963,-0.00861610812316441,0.8791208791208791,0.6675824175824175,0.7733516483516483,0.8305860805860805,0.5098901098901099,0.6421879426502753
2024-12-19,KMB,-0.008870070695872962,-0.0001242525914919579,-0.014360435,-0.013082833869733298,-0.019248337,0.009444655532288621,-0.016238314509781183,0.21703296703296704,0.33653846153846156,0.2767857142857143,0.25961538461538464,0.634065934065934,0.3921151259842519
2024-12-19,KMI,0.03643586480086105,0.045181682905242056,-0.0075679133,-0.014208578116950296,-0.011862516,-0.017259681814800833,-0.008314209075005128,0.9615384615384616,0.29395604395604397,0.6277472527472527,0.7417582417582417,0.5532967032967033,0.7956768123348269
2024-12-19,KO,0.12046950088860488,0.12921531899298588,-0.013272365,-0.02498814173199606,-0.016007513,-0.005174198821637825,-0.014329158804981056,0.32967032967032966,0.0782967032967033,0.20398351648351648,0.25869963369963367,0.6181318681318682,0.49486410835578026
2024-12-19,KR,0.06796190407150882,0.07670772217588982,-0.009603113,-0.0065462515993954815,-0.01481095,-0.015421165090274238,-0.01067337002819194,0.7527472527472527,0.8736263736263736,0.8131868131868132,0.7939560439560439,0.5082417582417582,0.6715506623239057
2024-12-19,KVUE,-0.005460212998829579,0.0032856051055514257,-0.008505011,-0.012116726038314046,-0.0010018647,-0.013422669562011663,-0.009940637101293337,0.8928571428571429,0.4478021978021978,0.6703296703296704,0.7234432234432234,0.689010989010989,0.9055030823730603
2024-12-19,L,0.053857742482223664,0.06260356058660467,-0.011563829,-0.013776222604816018,-0.020324826,-0.01104855060746295,-0.01309146548403828,0.5137362637362637,0.3021978021978022,0.40796703296703296,0.43498168498168494,0.49340659340659343,0.4742905497974499
2024-12-19,LDOS,0.028779486471474457,0.03752530457585546,-0.0132380035,-0.008596475206006812,-0.028935045,-0.017421892889146338,-0.013442335987496175,0.34065934065934067,0.7472527472527473,0.543956043956044,0.5128205128205128,0.254945054945055,0.2655163426178704
2024-12-19,LEN,-0.21959724329876215,-0.21085142519438116,-0.013325968,-0.03774912808590802,-0.038611084,-0.03179570311156571,-0.013130688641978498,0.32142857142857145,0.03159340659340659,0.17651098901098902,0.27976190476190477,0.12637362637362637,0.15218453104534307
2024-12-19,LH,0.1327344881084151,0.1414803062127961,-0.010804509,-0.015054414764557067,-0.017660052,-0.013591459084540217,-0.011790767556057544,0.6126373626373627,0.24175824175824176,0.42719780219780223,0.49267399267399264,0.4840659340659341,0.5581328799476154
2024-12-19,LHX,0.17826506457599126,0.18701088268037225,-0.014142694,-0.016073545439640128,-0.028239518,-0.014265595183516689,-0.01470790735338525,0.23626373626373626,0.20604395604395603,0.22115384615384615,0.26007326007326004,0.30109890109890114,0.24572116890193016
2024-12-19,LIN,0.0845878448930847,0.0933336629974657,-0.013586003,-0.013607584583391215,-0.016378284,-0.007618684590123576,-0.014948225570113816,0.29395604395604397,0.3159340659340659,0.30494505494505497,0.3086080586080586,0.5686813186813187,0.4764275363255738
2024-12-19,LKQ,0.013024329643149942,0.021770147747530947,-0.016972091,-0.014267186923293809,-0.032850534,-0.01880946400465492,-0.01921655631930827,0.0989010989010989,0.28434065934065933,0.1916208791208791,0.16895604395604394,0.13351648351648351,0.10124930003549151
2024-12-19,LMT,-0.014503576845500838,-0.005757758741119834,-0.011619158,-0.02679365271269581,-0.046357244,-0.005591782367056668,-0.012119591519886858,0.5054945054945055,0.07142857142857142,0.28846153846153844,0.3873626373626373,0.43681318681318687,0.19998932860452207
2024-12-19,LNT,0.02790768578426918,0.036653503888650185,-0.009683119,-0.012257028506397535,0.0016541183,-0.008032369734390324,-0.010251465465830282,0.7362637362637363,0.44505494505494503,0.5906593406593407,0.6593406593406592,0.8054945054945054,0.8737097680936626
2024-12-19,LOW,-0.1449917755640053,-0.1362459574596243,-0.009538537,-0.007518748590471365,-0.007762432,-0.015642816217232767,-0.01062983073339009,0.7664835164835165,0.8131868131868132,0.7898351648351649,0.781135531135531,0.5681318681318681,0.7787847259843669
2024-12-19,LUV,-0.05342537812138403,-0.044679560017003024,-0.010692397,-0.007022101463717083,-0.022168368,-0.022584464746600332,-0.014294088044071153,0.6291208791208791,0.8282967032967034,0.7287087912087913,0.6094322344322345,0.2862637362637363,0.4852550758172856
2024-12-19,LVS,-0.1997484794852653,-0.19100266138088431,-0.01004219,-0.007022101463717083,-0.023155093,-0.02022677427493492,-0.014639673217414582,0.695054945054945,0.8282967032967034,0.7616758241758241,0.6213369963369964,0.27692307692307694,0.48356487376459956
2024-12-19,LYB,-0.16322729905784977,-0.15448148095346878,-0.01952879,-0.04386590359096955,-0.015943438,-0.020512980202931973,-0.020407926204668518,0.06043956043956044,0.009615384615384616,0.03502747252747253,0.05357142857142856,0.30714285714285716,0.40032772947255557
2024-12-19,LYV,0.08361610920159314,0.09236192730597415,-0.0077426126,-0.001528075517523801,-0.014612228,0.0016869532787725321,-0.009304860418641814,0.9478021978021978,0.9725274725274725,0.9601648351648351,0.9358974358974358,0.775824175824176,0.7414607850497748
2024-12-19,MA,0.07299907960804032,0.08174489771242133,-0.009730743,-0.006758803430018596,-0.017258018,-0.013665878380901043,-0.011445300467033084,0.7307692307692307,0.842032967032967,0.7864010989010989,0.7422161172161171,0.4978021978021978,0.6123674608521658
2024-12-19,MAA,-0.01820295908465973,-0.009457140980278722,-0.011470442,-0.011641610694916215,-0.0014868975,-0.010335214419556147,-0.01204570511875805,0.521978021978022,0.49175824175824173,0.5068681318681318,0.5366300366300366,0.7170329670329672,0.7710397327243294
2024-12-19,MAR,-0.10215700368989898,-0.09341118558551798,-0.010730468,-0.006731382184518494,-0.0028607547,-0.005926267026779642,-0.014160869768230912,0.6236263736263736,0.8543956043956044,0.739010989010989,0.6181318681318682,0.7324175824175825,0.7838653780757721
2024-12-19,MAS,-0.17967706866426345,-0.17093125055988245,-0.009778284,-0.00791045744760121,-0.028267145,-0.011458072099300722,-0.010835544326353325,0.7197802197802198,0.7884615384615384,0.7541208791208791,0.7463369963369964,0.4505494505494506,0.41265934037465124
2024-12-19,MCD,0.0014537110351092904,0.010199529139490295,-0.009716649,-0.013191351991940528,0.0013979673,-0.013005086016592818,-0.011304135313803077,0.7335164835164835,0.3282967032967033,0.5309065934065934,0.5801282051282051,0.682967032967033,0.8664815868914449
2024-12-19,MCK,0.2433682128195215,0.2521140309239025,-0.014651483,-0.01566422703857576,-0.026430637,-0.03322570548853403,-0.021696904193535455,0.20604395604395603,0.21978021978021978,0.2129120879120879,0.16391941391941392,0.13736263736263737,0.26104401446196723
2024-12-19,MCO,0.005574524843597788,0.014320342947978792,-0.011064681,-0.011821155664850086,0.0016719401,-0.00942692221564916,-0.011481370858204052,0.5741758241758241,0.46703296703296704,0.5206043956043955,0.5631868131868132,0.7604395604395604,0.8179378902357857
2024-12-19,MDLZ,0.12520174654618113,0.13394756465056212,-0.015307939,-0.039250182551364976,-0.017231613,-0.009510390600718347,-0.016042481107878676,0.15384615384615385,0.027472527472527472,0.09065934065934067,0.1382783882783883,0.517032967032967,0.4118698619376178
2024-12-19,MDT,0.07239427838687862,0.08114009649125963,-0.012002834,-0.011752067715182692,-0.032050103,-0.006599617609554541,-0.013315187640204798,0.45054945054945056,0.4848901098901099,0.4677197802197802,0.46474358974358976,0.432967032967033,0.2387575473974848
2024-12-19,MET,-0.03863014256974283,-0.029884324465361822,-0.009990995,-0.010172756950145448,-0.0070471466,-0.0029798843716846595,-0.011226734847344351,0.6978021978021978,0.6181318681318682,0.657967032967033,0.6684981684981685,0.7840659340659342,0.7647371461940424
2024-12-19,MKC,-0.07261743359334794,-0.06387161548896693,-0.010507741,-0.011491206315806381,-0.0012079775,-0.010335214419556147,-0.011187802250103079,0.6428571428571429,0.49725274725274726,0.570054945054945,0.6117216117216117,0.737912087912088,0.8154402549608385
2024-12-19,MKTX,-0.030483813244033917,-0.02173799513965291,-0.008356984,-0.0028679113398941847,-0.041151434,-0.01928349247504638,-0.009303040961927566,0.9065934065934066,0.967032967032967,0.9368131868131868,0.9212454212454212,0.25934065934065936,0.3532760423809106
2024-12-19,MLM,0.0088115939468071,0.017557412051188104,-0.013670656,-0.012511947916682847,-0.01652649,0.004081560102803149,-0.015378331497072949,0.28846153846153844,0.41208791208791207,0.35027472527472525,0.3296703296703296,0.6527472527472528,0.46864945779729905
2024-12-19,MMM,0.1021100041731268,0.1108558222775078,-0.0076192426,-0.003420250827976219,-0.0144324,0.0023975241410199148,-0.009100127010073273,0.9532967032967034,0.9615384615384616,0.9574175824175825,0.9441391941391941,0.7923076923076924,0.7528365881362369
2024-12-19,MNST,0.20509790381275064,0.21384372191713164,-0.0132896975,-0.012511947916682847,0.0050829947,-0.027129070896390755,-0.015236669769690138,0.3269230769230769,0.41208791208791207,0.3695054945054945,0.3443223443223443,0.4730769230769231,0.7412863734793582
2024-12-19,MO,0.14806180576654673,0.15680762387092773,-0.009844454,-0.01048136491663501,-0.015825927,0.0022427058488353746,-0.010109364938245477,0.7142857142857143,0.5755494505494505,0.6449175824175823,0.700091575091575,0.7510989010989011,0.6405861239699089
2024-12-19,MOH,-0.01665141645877398,-0.007905598354392975,-0.012915162,-0.008910262861928486,-0.024518043,-0.027129070896390755,-0.014387942813544332,0.36538461538461536,0.7239010989010989,0.5446428571428571,0.483058608058608,0.23131868131868133,0.3458233286667669
2024-12-19,MOS,0.5164753451529821,0.5252211632573631,-0.017311852,-0.014960967914265362,-0.030296117,-0.01215362465748814,-0.021495351452327047,0.08791208791208792,0.24725274725274726,0.1675824175824176,0.1346153846153846,0.2675824175824176,0.13868958984240112
2024-12-19,MPC,0.28101267970957605,0.28975849781395707,-0.021024775,-0.022302281058134678,-0.017362684,-0.0258696056290489,-0.022449947341472726,0.03571428571428571,0.09203296703296704,0.06387362637362637,0.059981684981684984,0.2598901098901099,0.36291347664269
2024-12-19,MRK,-0.19541794060338155,-0.18667212249900056,-0.020604752,-0.013643441332230449,-0.02074641,-0.019180010083392696,-0.02561023543364617,0.04395604395604396,0.31043956043956045,0.1771978021978022,0.12728937728937728,0.24725274725274726,0.3014843167544707
2024-12-19,MSCI,-0.09603484050015118,-0.08728902239577017,-0.008427729,-0.005848721425529599,-0.027971089,-0.015097185817677956,-0.009273716595441997,0.8983516483516484,0.9409340659340659,0.9196428571428572,0.9116300366300367,0.3906593406593407,0.4831481864872628
2024-12-19,MSFT,0.09037909595942209,0.0991249140638031,-0.015437463,-0.0209850766655387,-0.0072755516,0.0008200327506095252,-0.02047506235374967,0.14560439560439561,0.10989010989010989,0.12774725274725274,0.11446886446886448,0.6758241758241759,0.5611525874838482
2024-12-19,MSI,-0.13935684420065372,-0.13061102609627273,-0.009346849,-0.0060612732561527135,-0.03224674,-0.01614777090736337,-0.009993327789903278,0.7967032967032966,0.9217032967032966,0.8592032967032966,0.8466117216117215,0.3027472527472528,0.3591809888709796
2024-12-19,MTB,-0.053858737961368516,-0.04511291985698751,-0.008198144,-0.010143237002055194,-0.06230578,-0.00663410169246312,-0.008357789234308771,0.9148351648351648,0.6401098901098901,0.7774725274725274,0.8397435897435896,0.48461538461538467,0.33480410337711913
2024-12-19,MTD,-0.07388552639487488,-0.06513970829049387,-0.016669363,-0.016759111602444296,-0.02871111,-0.010263217367498257,-0.01934078891394079,0.10989010989010989,0.1717032967032967,0.1407967032967033,0.13324175824175824,0.35769230769230775,0.18427901980082273
2024-12-19,NDAQ,0.10458180634970361,0.11332762445408462,-0.00771353,-0.007954118635029546,-0.030481368,-0.015097185817677956,-0.008325244181433732,0.9505494505494505,0.7815934065934066,0.8660714285714286,0.8997252747252746,0.3686813186813187,0.44393787749276653
2024-12-19,NDSN,0.019852540980625957,0.02859835908500696,-0.014868495,-0.037673625000885405,-0.03225869,-0.006250107949480786,-0.015003296263672923,0.1813186813186813,0.03571428571428571,0.10851648351648352,0.1758241758241758,0.40769230769230774,0.14019249632843225
2024-12-19,NEE,0.010346663881538055,0.01909248198591906,-0.012561233,-0.010324316297124506,-0.028128713,-0.012878024068008113,-0.01373652770879343,0.3901098901098901,0.5892857142857143,0.48969780219780223,0.46749084249084244,0.36208791208791213,0.30079146764949066
2024-12-19,NEM,0.5362654753690793,0.5450112934734603,-0.014915137,-0.03430177999022106,-0.033178926,-0.013676826533143364,-0.014496617587784455,0.17582417582417584,0.046703296703296704,0.11126373626373627,0.19047619047619047,0.2532967032967033,0.1268992992999914
2024-12-19,NFLX,0.3340516405824953,0.34279745868687633,-0.0088165775,-0.015125433814579994,-0.014160782,-0.009224319045542422,-0.014368866700459766,0.8626373626373627,0.23901098901098902,0.5508241758241759,0.488095238095238,0.5835164835164834,0.7113177382501275
2024-12-19,NI,0.09321919424061789,0.1019650123449989,-0.008364884,-0.0065462515993954815,-0.022921443,-0.014391911683352226,-0.009076865244708658,0.9010989010989011,0.8736263736263736,0.8873626373626373,0.8983516483516483,0.46373626373626375,0.5712067790210372
2024-12-19,NKE,-0.21976164091659142,-0.21101582281221043,-0.013414058,-0.015016725180278927,-0.013239175,-0.013583298202333843,-0.022269137985021975,0.31043956043956045,0.2445054945054945,0.2774725274725275,0.2042124542124542,0.42912087912087915,0.5341450449238628
2024-12-19,NOC,0.07455326897305427,0.08329908707743527,-0.011072722,-0.01158536771158473,-0.02625963,-0.010335214419556147,-0.011528075883686066,0.5714285714285714,0.4945054945054945,0.532967032967033,0.5695970695970696,0.48461538461538467,0.39998717562414726
2024-12-19,NSC,0.07309749622726382,0.08184331433164482,-0.0108329505,-0.010770894517011848,-0.01249209,-0.0024487876215850872,-0.010801329465387841,0.6071428571428571,0.5604395604395604,0.5837912087912087,0.6346153846153846,0.7483516483516485,0.6614102765068343
2024-12-19,NTRS,0.07708814249167063,0.08583396059605164,-0.009409046,-0.006255532320196893,-0.020394176,-0.014888411079682107,-0.009787329272724103,0.7884615384615384,0.9052197802197802,0.8468406593406593,0.8475274725274725,0.46648351648351655,0.5725979245350715
2024-12-19,NVR,-0.16386049497655591,-0.15511467687217492,-0.010669692,-0.008395867370070493,-0.051535457,-0.009346724880306701,-0.011340982130508083,0.6318681318681318,0.760989010989011,0.6964285714285714,0.6877289377289377,0.39340659340659334,0.23883267025848098
2024-12-19,NWS,0.0317704203393029,0.040516238443683905,-0.01208102,-0.00889705786559098,-0.012269884,0.0016409499964582536,-0.014748836111083002,0.43956043956043955,0.7293956043956044,0.5844780219780219,0.5013736263736264,0.6862637362637363,0.5978604605559091
2024-12-19,NWSA,-0.008622779537848941,0.00012303856653206324,-0.013539825,-0.01811572971824744,-0.019262403,0.005954448592957816,-0.016663245018044462,0.2967032967032967,0.1304945054945055,0.21359890109890112,0.20467032967032966,0.6153846153846154,0.4160100004643162
2024-12-19,O,0.11263834964421685,0.12138416774859785,-0.01243049,-0.02679365271269581,-0.041933894,-0.005174198821637825,-0.012632301232591448,0.4065934065934066,0.07142857142857142,0.239010989010989,0.33608058608058605,0.432967032967033,0.1745507566934583
2024-12-19,OKE,-0.17673427130509087,-0.16798845320070988,-0.009008871,-0.006959222288474986,-0.03349483,-0.02111853681063371,-0.009430398422738457,0.8434065934065934,0.8324175824175825,0.8379120879120879,0.8489010989010989,0.26098901098901106,0.35825211149778663
2024-12-19,OMC,-0.21557845557835784,-0.20683263747397684,-0.012605733,-0.008959662889921956,-0.026025265,0.000782828734881649,-0.01341081902912138,0.38186813186813184,0.7184065934065934,0.5501373626373627,0.5178571428571428,0.5543956043956044,0.3376182085360093
2024-12-19,ORLY,0.08385453113890332,0.09260034924328432,-0.009637208,-0.0060612732561527135,-0.0274373,-0.015530536597671583,-0.011479918336533477,0.7445054945054945,0.9217032967032966,0.8331043956043955,0.7724358974358975,0.3445054945054945,0.4384618437338005
2024-12-19,OTIS,0.01886784932450948,0.027613667428890484,-0.013852967,-0.01902293861993242,-0.014466912,-0.013897091048577144,-0.015506811745298579,0.2664835164835165,0.12362637362637363,0.19505494505494506,0.22252747252747251,0.45329670329670335,0.5052260397715757
2024-12-19,OXY,-0.022691742629440608,-0.013945924525059604,-0.0229427,-0.012902954505419445,-0.012116581,-0.016134611271224803,-0.02766726990658442,0.024725274725274724,0.3598901098901099,0.19230769230769232,0.1336996336996337,0.37362637362637363,0.45380261001742245
2024-12-19,PAYX,0.09935337646019805,0.10809919456457906,-0.009432035,-0.007786328004051626,-0.011211216,-0.013710360150918548,-0.010867379746017944,0.7774725274725275,0.7980769230769231,0.7877747252747254,0.766025641025641,0.5763736263736264,0.737315904426856
2024-12-19,PCAR,-0.13807903849875788,-0.1293332203943769,-0.012630376,-0.012546655480545699,-0.015015334,-0.004735904070763656,-0.01722880211358655,0.37637362637362637,0.38461538461538464,0.3804945054945055,0.30952380952380953,0.5983516483516483,0.5286846830878426
2024-12-19,PCG,-0.32323475945200897,-0.31448894134762795,-0.010434518,-0.012774107206950871,0.00079384446,-0.010752797964974992,-0.011723619288537927,0.6483516483516484,0.3695054945054945,0.5089285714285714,0.5480769230769231,0.7241758241758242,0.8333221875687676
2024-12-19,PEG,-0.040752451775288065,-0.03200663367090706,-0.0101185795,-0.011228127844527116,-0.0021800697,-0.01686169845559718,-0.010757988574787793,0.6703296703296703,0.5384615384615384,0.6043956043956044,0.6520146520146519,0.5934065934065935,0.818762760136029
2024-12-19,PEP,-0.14570313999549794,-0.13695732189111695,-0.014701512,-0.01654716610129099,-0.022467464,-0.0050385680614911795,-0.01606168122358937,0.2032967032967033,0.19505494505494506,0.1991758241758242,0.20970695970695968,0.5219780219780219,0.332901005004021
2024-12-19,PFE,-0.06556708303367663,-0.05682126492929562,-0.0150373345,-0.014268132445236883,-0.029276788,-0.013375047846784798,-0.0158091459299459,0.17032967032967034,0.27472527472527475,0.22252747252747254,0.23351648351648352,0.29285714285714287,0.1935317201943795
2024-12-19,PFG,-0.009445415520427531,-0.0006995974160465268,-0.013672793,-0.010143252351833524,-0.026315272,0.0037677672565598454,-0.01477452494602988,0.2857142857142857,0.6346153846153846,0.46016483516483514,0.41758241758241754,0.5521978021978022,0.29564570456879347
2024-12-19,PG,-0.053844252023392256,-0.04509843391901125,-0.012448566,-0.012511947916682847,0.00689891,0.0045725595677519396,-0.014849859359642857,0.40384615384615385,0.41208791208791207,0.40796703296703296,0.3791208791208791,0.8329670329670329,0.7746489871004467
2024-12-19,PGR,0.12048610771425795,0.12923192581863896,-0.0100519955,-0.011228127844527116,0.0021919906,-0.01189142287929435,-0.010609958748905116,0.6868131868131868,0.5384615384615384,0.6126373626373627,0.6639194139194139,0.7313186813186814,0.8618091281518984
2024-12-19,PHM,-0.11169123874668561,-0.10294542064230461,-0.011483831,-0.024680375127529252,-0.048292786,-0.01894509476480156,-0.012155590045899502,0.5192307692307693,0.08516483516483517,0.30219780219780223,0.39468864468864473,0.1917582417582418,0.20267390626373016
2024-12-19,PKG,-0.18063910481273115,-0.17189328670835016,-0.008289246,-0.0065462515993954815,-0.029971808,-0.015097185817677956,-0.009207978294146262,0.9093406593406593,0.8736263736263736,0.8914835164835164,0.8965201465201464,0.35989010989010994,0.43407455769768694
2024-12-19,PLD,0.02723745537045409,0.0359832734748351,-0.014958151,-0.015596732996964817,-0.03613755,-0.01179044613087602,-0.014436991488660124,0.17307692307692307,0.22527472527472528,0.1991758241758242,0.2509157509157509,0.29890109890109895,0.11021354502435314
2024-12-19,PM,0.49773329899928587,0.5064791171036669,-0.008723467,-0.009834629035565633,-0.022425622,0.0032119479701759376,-0.009063595836416588,0.8708791208791209,0.6675824175824175,0.7692307692307692,0.8205128205128205,0.7098901098901099,0.5735604041268132
2024-12-19,PNC,-0.09338750473410594,-0.08464168662972493,-0.0085223,-0.010143237002055194,-0.05892977,0.0007575196033368513,-0.008378571510799168,0.8901098901098901,0.6401098901098901,0.7651098901098901,0.8296703296703296,0.5351648351648352,0.3281967076440279
2024-12-19,PNR,-0.05964539000875001,-0.050899571904369,-0.006944023,-0.00843798674651661,-0.032278687,1.916043688773286e-05,-0.00813223296657219,0.9752747252747253,0.7568681318681318,0.8660714285714286,0.9024725274725274,0.5730769230769232,0.41704548497962385
2024-12-19,PNW,0.057918292338332025,0.06666411044271303,-0.010043804,-0.011228127844527116,0.004051417,-0.010335214419556147,-0.010527180795834782,0.6923076923076923,0.5384615384615384,0.6153846153846154,0.6703296703296703,0.7791208791208791,0.87279716263462
2024-12-19,PODD,0.13313063567918273,0.14187645378356373,-0.008361478,-0.014739889071200872,-0.0044071376,-0.026748463540748054,-0.01188906218319433,0.9038461538461539,0.25824175824175827,0.5810439560439561,0.5924908424908424,0.49230769230769234,0.8634957869338389
2024-12-19,POOL,-0.18458729613330713,-0.17584147802892613,-0.010451812,-0.011771982966497474,-0.0029877126,-0.014138471825369052,-0.011526036604134596,0.6456043956043956,0.47802197802197804,0.5618131868131868,0.5897435897435898,0.6192307692307693,0.7957609950508627
2024-12-19,PPG,-0.10332891247287976,-0.09458309436849875,-0.014228429,-0.015633125460435545,-0.017378092,-0.010160631494493104,-0.016315102572361337,0.22802197802197802,0.22252747252747251,0.22527472527472525,0.2243589743589743,0.5071428571428571,0.4292792199018754
2024-12-19,PPL,0.039474784487727364,0.04822060259210837,-0.009414143,-0.013191351991940528,-0.0017460585,-0.013005086016592818,-0.010601790357733225,0.7857142857142857,0.3282967032967033,0.5570054945054945,0.6277472527472527,0.6857142857142858,0.8612880909481699
2024-12-19,PRU,-0.10930200540943678,-0.10055618730505578,-0.0134683475,-0.012511947916682847,-0.00624758,0.006077268057569567,-0.014814103766047759,0.3021978021978022,0.41208791208791207,0.3571428571428571,0.34798534798534797,0.7802197802197802,0.634955150215046
2024-12-19,PSA,-0.0017324370175232206,0.007013381086857784,-0.011625225,-0.010324316297124506,-0.04000452,-0.012878024068008113,-0.011893443985082979,0.5027472527472527,0.5892857142857143,0.5460164835164836,0.5682234432234432,0.3197802197802198,0.21385191902316453
2024-12-19,PSX,0.14077913757484342,0.14952495567922441,-0.019688852,-0.019703604481771952,-0.022369027,-0.02922191614622507,-0.021214257790238486,0.0521978021978022,0.11813186813186813,0.08516483516483517,0.08241758241758242,0.1989010989010989,0.2841972730738505
2024-12-19,PTC,-0.11563356123286227,-0.10688774312848126,-0.013227716,-0.016736332884439577,-0.020923823,0.005964793836248424,-0.015608749231401963,0.34615384615384615,0.17582417582417584,0.260989010989011,0.2646520146520146,0.6153846153846154,0.4044715272156011
2024-12-19,REG,-0.03976094489497593,-0.03101512679059493,-0.009475192,-0.010172756950145448,-0.021924227,-0.013005086016592818,-0.009905903402067177,0.771978021978022,0.6181318681318682,0.695054945054945,0.7417582417582418,0.5065934065934066,0.5491128432370507
2024-12-19,REGN,-0.281714871644662,-0.272969053540281,-0.02470175,0.0233646667669987,-0.00029081106,0.022771947889489982,-0.024866199385552047,0.016483516483516484,0.9945054945054945,0.5054945054945055,0.34798534798534797,0.7736263736263737,0.5998322005853061
2024-12-19,RF,-0.08209961819050592,-0.07335380008612491,-0.009317329,-0.01048136491663501,-0.023937553,-0.006077948545519028,-0.008815655403719385,0.8021978021978022,0.5755494505494505,0.6888736263736264,0.7706043956043955,0.632967032967033,0.520885686193829
2024-12-19,RJF,-0.050465660982594515,-0.04171984287821351,-0.009847986,-0.012851858465636901,-0.002591461,-0.02356804035378166,-0.012790742769882294,0.7115384615384616,0.36538461538461536,0.5384615384615384,0.5329670329670328,0.49725274725274726,0.8219047574662743
2024-12-19,RMD,0.04994480617790877,0.05869062428228978,-0.008110589,-0.008163807510975982,-0.01167202,-0.018557459172595197,-0.009338616751714782,0.9230769230769231,0.771978021978022,0.8475274725274726,0.8598901098901098,0.531868131868132,0.7861479160519841
2024-12-19,ROL,0.20090271300675147,0.20964853111113246,-0.014115199,-0.013647335090946981,-0.02268356,-0.013191816914251414,-0.016435866475352133,0.23901098901098902,0.3076923076923077,0.2733516483516484,0.25366300366300365,0.3648351648351648,0.3408891333747324
2024-12-19,ROP,0.06526982425901896,0.07401564236339997,-0.015625795,-0.014268132445236883,-0.02744174,0.002693988987294569,-0.017951154611557666,0.14285714285714285,0.27472527472527475,0.2087912087912088,0.19047619047619047,0.493956043956044,0.22437687378360693
2024-12-19,ROST,-0.13822914093540706,-0.12948332283102607,-0.0133688385,-0.012511947916682847,-0.0032429993,-0.010254123405013553,-0.016473816351781356,0.3159340659340659,0.41208791208791207,0.364010989010989,0.3104395604395604,0.6351648351648352,0.6718936042512454
2024-12-19,RSG,0.219819062544406,0.228564880648787,-0.012163185,-0.012511947916682847,-0.014575928,-0.010812272316217163,-0.013567556093951296,0.4258241758241758,0.41208791208791207,0.4189560439560439,0.4249084249084249,0.5620879120879121,0.560340353614099
2024-12-19,RTX,0.2789621378626972,0.2877079559670782,-0.00944145,-0.007496567887656046,-0.0068283975,-0.013005086016592818,-0.010476944231925533,0.7747252747252747,0.8159340659340659,0.7953296703296704,0.792124542124542,0.6505494505494506,0.796182365873152
2024-12-19,RVTY,-0.17109859790347146,-0.16235277979909046,-0.011231843,-0.010223672376106378,-0.031369776,-0.0037470356682006672,-0.012253759543113562,0.5412087912087912,0.6002747252747253,0.5707417582417582,0.5673076923076923,0.493956043956044,0.28727824296855187
2024-12-19,SBAC,0.12502888518925107,0.13377470329363206,-0.011241563,-0.009432097564562921,-0.051900238,-0.009929403404436167,-0.011908000202445255,0.5384615384615384,0.6936813186813187,0.6160714285714286,0.613095238095238,0.37637362637362637,0.20443307750854994
2024-12-19,SCHW,0.1962331588952181,0.2049789769995991,-0.0142089445,-0.011342413853537672,-0.021623582,-0.03393097962285975,-0.0211801875050621,0.23076923076923078,0.5082417582417582,0.3695054945054945,0.27289377289377287,0.19065934065934068,0.3526396094784631
2024-12-19,SHW,-0.04634638854057725,-0.037600570436196246,-0.009241354,-0.005186695503504059,-0.012859106,-0.010072698194055282,-0.009737637474897358,0.8104395604395604,0.9560439560439561,0.8832417582417582,0.8736263736263735,0.6884615384615385,0.7249127468392186
2024-12-19,SJM,-0.13146158800047034,-0.12271576989608933,-0.013203265,-0.010915259369616683,-0.0243105,-0.011987476731276222,-0.013456941242260602,0.3516483516483517,0.5508241758241759,0.4512362637362638,0.4482600732600733,0.4214285714285715,0.35024798251136013
2024-12-19,SLB,-0.01397753101494535,-0.005231712910564346,-0.019540418,-0.017394171852724127,-0.022696376,-0.004726906073825558,-0.022187351489312345,0.057692307692307696,0.15384615384615385,0.10576923076923078,0.09065934065934066,0.48846153846153845,0.275042367933113
2024-12-19,SNA,-0.10300724677665526,-0.09426142867227426,-0.007817112,-0.006068178136691178,-0.008542925,-0.007439449993781632,-0.008596926044199336,0.945054945054945,0.9148351648351648,0.929945054945055,0.9358974358974359,0.7697802197802198,0.8267608418271767
2024-12-19,SO,0.07646191812117932,0.08520773622556033,-0.011225214,-0.010223672376106378,-0.02124837,0.002799015545568069,-0.012112722619871934,0.5439560439560439,0.6002747252747253,0.5721153846153846,0.5773809523809523,0.6510989010989012,0.4760947126435217
2024-12-19,SOLV,0.07998678914837266,0.08873260725275367,-0.0074396445,-0.021201544232845287,-0.032273978,-0.0226688382954522,-0.00868739723292418,0.9697802197802198,0.1043956043956044,0.5370879120879121,0.6712454212454212,0.27582417582417584,0.4161397150646068
2024-12-19,SPG,-0.06957874619313296,-0.060832928088751966,-0.009653216,-0.010172756950145448,-0.019175977,-0.012096793812685832,-0.010688971813151779,0.7417582417582418,0.6181318681318682,0.679945054945055,0.7042124542124542,0.5362637362637362,0.5812608653415765
2024-12-19,SPGI,0.013819450411090574,0.022565268515471578,-0.011092953,-0.010538254773705596,-0.0041909516,-0.011040488553881877,-0.011576463399345288,0.5659340659340659,0.5673076923076923,0.5666208791208791,0.5902014652014651,0.6873626373626374,0.7548685088011629
2024-12-19,SRE,-0.14757432791267042,-0.13882850980828942,-0.010176806,-0.007786328004051626,-0.013768792,-0.011811662917777585,-0.011236696767408665,0.6648351648351648,0.7980769230769231,0.731456043956044,0.7165750915750916,0.5967032967032968,0.6600525449538062
2024-12-19,STE,0.13950963696755495,0.14825545507193594,-0.014797732,-0.017438198846842678,-0.022734642,-0.008404772270481965,-0.015194849884029183,0.19505494505494506,0.14560439560439561,0.17032967032967034,0.21245421245421242,0.4763736263736264,0.32463765725031274
2024-12-19,STT,-0.010634524123740092,-0.0018887060193590877,-0.00790311,-0.007663399355830957,-0.026157737,-0.008387337120614038,-0.007986553554102901,0.9368131868131868,0.8090659340659341,0.8729395604395604,0.9107142857142856,0.5818681318681319,0.5316704000045558
2024-12-19,STZ,-0.29528121708484717,-0.28653539898046615,-0.016772602,-0.016576619552341635,-0.023123235,-0.014265595183516689,-0.020068387850293627,0.1043956043956044,0.18269230769230768,0.14354395604395603,0.12774725274725274,0.3065934065934066,0.28262309120071283
2024-12-19,SWK,-0.2085870786732018,-0.19984126056882082,-0.011196678,-0.027207831657695903,-0.07311958,-0.012289255417634785,-0.01281681319472866,0.5494505494505495,0.06593406593406594,0.3076923076923077,0.3772893772893773,0.28901098901098904,0.19713191471545724
2024-12-19,SYK,0.02005884335252696,0.028804661456907965,-0.012157336,-0.012511947916682847,-0.004140228,-0.007722475289299115,-0.013891191675173841,0.42857142857142855,0.41208791208791207,0.4203296703296703,0.4148351648351648,0.6967032967032968,0.7053378475845867
2024-12-19,SYY,-0.030928934684409146,-0.02218311658002814,-0.011103843,-0.013054883857641964,-0.010091782,-0.010335214419556147,-0.013452412328165504,0.5576923076923077,0.3489010989010989,0.4532967032967033,0.4505494505494505,0.6142857142857143,0.6628019975224481
2024-12-19,T,0.2351290045271947,0.2438748226315757,-0.00933451,-0.0065462515993954815,-0.0242652,0.002060499829330346,-0.01014500695670801,0.7994505494505495,0.8736263736263736,0.8365384615384616,0.826007326007326,0.6510989010989011,0.5116324443603357
2024-12-19,TAP,-0.16325865425448965,-0.15451283615010866,-0.010092531,-0.0060612732561527135,-0.028347343,-0.014496638117215481,-0.011421375569442846,0.6758241758241759,0.9217032967032966,0.7987637362637363,0.7532051282051282,0.3510989010989011,0.3946198669447261
2024-12-19,TDG,0.10819179533534765,0.11693761343972865,-0.012100135,-0.011229047025538357,-0.0039618015,0.007063622976240698,-0.014618632226354221,0.4368131868131868,0.5247252747252747,0.4807692307692308,0.43498168498168494,0.8032967032967033,0.7101973550819779
2024-12-19,TDY,0.041334425654815064,0.05008024375919607,-0.009315952,-0.005848721425529599,-0.023926646,-0.012904011096711892,-0.010269995403711594,0.804945054945055,0.9409340659340659,0.8729395604395604,0.8466117216117215,0.4796703296703297,0.5220388259374468
2024-12-19,TEL,0.14017353845725947,0.14891935656164046,-0.014269516,-0.01493023598209147,-0.012783676,0.004658314593291736,-0.016581087641753058,0.22527472527472528,0.25,0.23763736263736263,0.22252747252747251,0.6879120879120879,0.515979645816269
2024-12-19,TFC,-0.08544163343533238,-0.07669581533095138,-0.010887058,-0.013054883857641964,-0.018160075,-0.0016932486444310915,-0.009956307087697545,0.6016483516483516,0.3489010989010989,0.47527472527472525,0.5915750915750915,0.6978021978021978,0.5450540397914787
2024-12-19,TFX,-0.3456481242071769,-0.33690230610279587,-0.017743252,-0.036862164365103436,-0.024688393,-0.030745118021880295,-0.01708801516836623,0.07142857142857142,0.04120879120879121,0.05631868131868131,0.09706959706959706,0.1807692307692308,0.24000460085838912
2024-12-19,TJX,0.005866697292911465,0.01461251539729247,-0.011583874,-0.00930864323248631,-0.0052377284,-0.012427314220641283,-0.013210396402755616,0.5082417582417582,0.7087912087912088,0.6085164835164836,0.5622710622710623,0.6087912087912088,0.7140231076005208
2024-12-19,TMO,-0.2626435115421229,-0.2538976934377419,-0.014310137,-0.024795614875135385,-0.01764372,-0.011683833370148328,-0.01573406290347498,0.21978021978021978,0.08241758241758242,0.1510989010989011,0.18772893772893773,0.4697802197802198,0.4203695911419332
2024-12-19,TMUS,0.003419288460397756,0.01216510656477876,-0.0089740995,-0.005848721425529599,-0.031630903,-0.023841763440861845,-0.009129376411334867,0.8516483516483516,0.9409340659340659,0.8962912087912087,0.9024725274725274,0.2697802197802198,0.3885326137930327
2024-12-19,TRGP,-0.040174516657214485,-0.03142869855283348,-0.0075950557,-0.007404627401733118,-0.028976113,-0.022434797763580788,-0.008170956732118102,0.9560439560439561,0.8186813186813187,0.8873626373626373,0.9157509157509156,0.328021978021978,0.4776971546477836
2024-12-19,TROW,-0.19816001368575797,-0.18941419558137698,-0.013698138,-0.01811572971824744,-0.020244718,0.005964793836248424,-0.018477435284395133,0.2774725274725275,0.1304945054945055,0.20398351648351648,0.1817765567765568,0.5961538461538461,0.3907686774403436
2024-12-19,TRV,0.09852637945410372,0.10727219755848473,-0.009563004,-0.010172756950145448,-0.013128996,-0.0226688382954522,-0.010649751191628913,0.7582417582417582,0.6181318681318682,0.6881868131868132,0.7115384615384615,0.46373626373626375,0.7017122149207353
2024-12-19,TSCO,-0.055087430726835966,-0.04634161262245496,-0.013711624,-0.010043748450034772,-0.018091708,-0.010402875015367444,-0.015664718944000483,0.27472527472527475,0.657967032967033,0.46634615384615385,0.40064102564102566,0.4862637362637363,0.428285714428059
2024-12-19,TSN,-0.049103311340974884,-0.04035749323659388,-0.01269616,-0.012511947916682847,-0.002604425,0.004154976022333097,-0.013144120099156983,0.37362637362637363,0.41208791208791207,0.39285714285714285,0.423076923076923,0.820879120879121,0.7065560164335376
2024-12-19,TT,0.11569823070581998,0.12444404881020099,-0.009610187,-0.010172756950145448,-0.003964156,-0.002021917116877662,-0.011244468350176954,0.75,0.6181318681318682,0.6840659340659341,0.6840659340659341,0.8104395604395604,0.820877402965099
2024-12-19,TTWO,0.29652429608539543,0.30527011418977645,-0.010780734,-0.007789721196347856,0.000118881464,-0.02267749301704976,-0.01482089065523495,0.6181318681318682,0.7939560439560439,0.706043956043956,0.5787545787545787,0.4774725274725275,0.8108366112175259
2024-12-19,TXT,-0.00808050254924973,0.0006653155551312739,-0.016341947,-0.016576619552341635,-0.03312269,0.00173741294283789,-0.01755785097308779,0.12362637362637363,0.18269230769230768,0.15315934065934067,0.15521978021978022,0.41868131868131875,0.10680105664665825
2024-12-19,TYL,-0.04980819802792523,-0.04106237992354422,-0.009405274,-0.010172756950145448,-0.015261263,-0.01559161776041928,-0.009360430504595226,0.7912087912087912,0.6181318681318682,0.7046703296703296,0.7628205128205128,0.521978021978022,0.6766847073291304
2024-12-19,UDR,-0.04590567110789322,-0.03715985300351221,-0.0121887615,-0.011461686768844608,0.0037678778,-0.008355476833565686,-0.012931754047126244,0.4230769230769231,0.5027472527472527,0.46291208791208793,0.47619047619047616,0.7516483516483516,0.7747276872938313
2024-12-19,UHS,-0.05301271197272404,-0.04426689386834303,-0.013230644,-0.017852377791842768,-0.0369727,-0.030272501235910486,-0.013902598225832521,0.3434065934065934,0.13736263736263737,0.2403846153846154,0.2939560439560439,0.12142857142857144,0.16280931595514236
2024-12-19,UNH,-0.3841242355208275,-0.37537841741644645,-0.012616758,-0.008139143231424993,-0.031449825,-0.027129070896390755,-0.01241809233244199,0.3791208791208791,0.7747252747252747,0.5769230769230769,0.5677655677655677,0.19120879120879122,0.2294381254554992
2024-12-19,UNP,-0.02276751552046972,-0.014021697416088717,-0.013167375,-0.010915259369616683,-0.024942309,-0.007722475289299115,-0.01372422439368854,0.35714285714285715,0.5508241758241759,0.45398351648351654,0.44551282051282054,0.4884615384615385,0.3393911572424641
2024-12-19,UPS,-0.19111462256255682,-0.18236880445817583,-0.01574738,-0.014268132445236883,-0.027514666,-0.030272501235910486,-0.0183507260191299,0.13736263736263737,0.27472527472527475,0.20604395604395606,0.18406593406593408,0.15054945054945057,0.21868848398723126
2024-12-19,USB,-0.09777956507573915,-0.08903374697135814,-0.008826653,-0.010143237002055194,-0.04501024,-0.00663410169246312,-0.009234792171101082,0.8598901098901099,0.6401098901098901,0.75,0.8003663003663003,0.48076923076923084,0.3291285145360891
2024-12-19,V,0.12133325468127544,0.13007907278565645,-0.010125157,-0.002945646074312106,0.0025331378,-0.01707432635143237,-0.012698569363289721,0.6675824175824175,0.9642857142857143,0.8159340659340659,0.7197802197802197,0.5692307692307692,0.8515404967015124
2024-12-19,VICI,0.1290818068720222,0.1378276249764032,-0.011804426,-0.009433283551572821,-0.038470984,-0.006599617609554541,-0.012238241178102209,0.47802197802197804,0.6868131868131868,0.5824175824175825,0.576007326007326,0.42857142857142855,0.20974357013766273
2024-12-19,VLO,0.20670637831285033,0.21545219641723132,-0.021283578,-0.008578774088293108,-0.017513871,-0.0258696056290489,-0.0239191270739224,0.03296703296703297,0.7527472527472527,0.39285714285714285,0.2774725274725275,0.25549450549450553,0.35656849933724993
2024-12-19,VLTO,-0.07198766562937896,-0.06324184752499795,-0.011706689,-0.010043748450034772,-0.02430448,-0.005111717022914211,-0.012986306184248824,0.489010989010989,0.657967032967033,0.573489010989011,0.5489926739926739,0.5527472527472528,0.3991755417456023
2024-12-19,VMC,-0.020318239128092372,-0.011572421023711366,-0.01199085,-0.017891154240077582,-0.029613763,-0.0014371727028421543,-0.014003415742762669,0.45604395604395603,0.1346153846153846,0.29532967032967034,0.32600732600732596,0.4851648351648352,0.2830730753365201
2024-12-19,VRSK,0.10427175157502545,0.11301756967940646,-0.0131155625,-0.01594238322334428,-0.01796338,-0.017506209536921526,-0.015589563770547087,0.3626373626373626,0.21153846153846154,0.28708791208791207,0.28296703296703296,0.33846153846153854,0.46126251245798583
2024-12-19,VRSN,0.42323135676093726,0.4319771748653183,-0.011779817,-0.00819814236954092,-0.009411663,-0.014296733218865947,-0.014902019937026108,0.4807692307692308,0.7692307692307693,0.625,0.5228937728937728,0.48901098901098905,0.6412451581091728
2024-12-19,VRTX,0.10382246658214268,0.11256828468652369,-0.017696846,-0.014713172302895672,-0.02597487,-0.01880946400465492,-0.017573701890596483,0.07417582417582418,0.260989010989011,0.1675824175824176,0.1639194139194139,0.22472527472527473,0.22980436309855745
2024-12-19,VTR,0.0751725628051351,0.0839183809095161,-0.009745462,-0.008604467804453456,-0.011583567,-0.010335214419556147,-0.009903875959130018,0.7252747252747253,0.7431318681318682,0.7342032967032968,0.7687728937728937,0.6884615384615385,0.720858284485157
2024-12-19,VTRS,-0.29010958939026477,-0.28136377128588375,-0.0099873,-0.01048136491663501,-0.013712615,-0.0200816896580035,-0.010196855272932744,0.7005494505494505,0.5755494505494505,0.6380494505494505,0.6927655677655677,0.4835164835164836,0.6764424668407871
2024-12-19,VZ,0.07504276498250619,0.08378858308688719,-0.013861126,-0.016094035801477988,-0.013266891,-0.035565276581221376,-0.014487629651983532,0.260989010989011,0.20054945054945056,0.23076923076923078,0.2710622710622711,0.3395604395604396,0.5228043279405326
2024-12-19,WAB,0.03484577222120245,0.043591590325583456,-0.009233668,-0.0065462515993954815,-0.024588495,0.0016584121833593509,-0.010844037942594647,0.8131868131868132,0.8736263736263736,0.8434065934065934,0.804945054945055,0.6236263736263737,0.5020374020306434
2024-12-19,WAT,-0.08224646263237521,-0.07350064452799421,-0.008038461,-0.005848721425529599,-0.029809028,-0.012832575761319019,-0.009433393649807697,0.9313186813186813,0.9409340659340659,0.9361263736263736,0.9134615384615384,0.4274725274725275,0.4493311167756481
2024-12-19,WEC,0.11206743180421111,0.12081324990859212,-0.008694901,-0.012853224077360713,-0.0036142766,0.0036295315155947827,-0.009523351918579021,0.8763736263736264,0.3626373626373626,0.6195054945054945,0.7014652014652014,0.8857142857142859,0.8725820175135689
2024-12-19,WELL,0.2208373617988663,0.22958317990324728,-0.008964825,-0.010172756950145448,-0.0036763847,-0.013005086016592818,-0.00921797628770181,0.8543956043956044,0.6181318681318682,0.7362637362637363,0.7921245421245421,0.6983516483516484,0.8643916513507356
2024-12-19,WM,0.1377589502154858,0.14650476831986678,-0.01400333,-0.012511947916682847,-0.004720092,-0.014633883292019258,-0.016548295147274066,0.24725274725274726,0.41208791208791207,0.32967032967032966,0.2857142857142857,0.49835164835164836,0.6311969553159948
2024-12-19,WMB,0.10399808434377278,0.11274390244815378,-0.008724559,-0.006255532320196893,-0.013647288,-0.01564301891465546,-0.009425713941712401,0.8681318681318682,0.9052197802197802,0.8866758241758241,0.8823260073260072,0.5395604395604396,0.7357700071744675
2024-12-19,WMT,0.018328368969987477,0.027074187074368483,-0.007569045,-0.004384983694156613,-0.01857999,-0.014314095376210844,-0.009196428576819236,0.9587912087912088,0.9587912087912088,0.9587912087912088,0.9423076923076923,0.5082417582417582,0.6608478005446171
2024-12-19,WRB,0.23732821605437962,0.2460740341587606,-0.0109102,-0.013054883857641964,-0.01533249,-0.02247152941564179,-0.01188093606564498,0.5989010989010989,0.3489010989010989,0.4739010989010989,0.5228937728937728,0.41208791208791207,0.6011846719348681
2024-12-19,WST,-0.34968272291302716,-0.34093690480864614,-0.014276096,-0.01064349835748761,-0.022004694,-0.031921770399584895,-0.020510817947344773,0.22252747252747251,0.5631868131868132,0.39285714285714285,0.29029304029304026,0.19175824175824177,0.3464875399686039
2024-12-19,WTW,-0.06581645955391223,-0.05707064144953122,-0.009623057,-0.006758803430018596,-0.027095944,-0.014391911683352226,-0.010860020190157372,0.7472527472527473,0.842032967032967,0.7946428571428572,0.7715201465201464,0.38186813186813184,0.4464225235548257
2024-12-19,WY,-0.05373400316612607,-0.04498818506174506,-0.012700102,-0.010324316297124506,-0.027483225,-0.014633883292019258,-0.013267458465760643,0.3708791208791209,0.5892857142857143,0.4800824175824176,0.4757326007326007,0.32032967032967036,0.30601227170722534
2024-12-19,WYNN,-0.02228717753728514,-0.013541359432904134,-0.013689159,-0.011229047025538357,-0.019342631,-0.02010196457522642,-0.017491794774150533,0.2802197802197802,0.5247252747252747,0.4024725274725275,0.3223443223443223,0.28406593406593406,0.40816534082283934
2024-12-19,XEL,-0.010179161876967642,-0.001433343772586637,-0.008077577,-0.005848721425529599,-0.025631607,0.0027988589957794654,-0.009341092858699196,0.9285714285714286,0.9409340659340659,0.9347527472527473,0.9171245421245421,0.6631868131868133,0.5388321405287981
2024-12-19,XOM,0.08768411988495108,0.09642993798933208,-0.015145539,-0.016073545439640128,-0.024447888,-0.013375047846784798,-0.01586265193582262,0.15934065934065933,0.20604395604395603,0.18269230769230768,0.20512820512820512,0.34780219780219784,0.27983211798962354
2024-12-19,XYL,0.06825964139456077,0.07700545949894178,-0.016456679,-0.016576619552341635,-0.031476915,0.002693988987294569,-0.019305038956828696,0.11813186813186813,0.18269230769230768,0.1504120879120879,0.14056776556776557,0.4346153846153847,0.13056233383396532
2024-12-19,YUM,0.05911048287767996,0.06785630098206097,-0.013269096,-0.010915259369616683,-0.005017072,-0.007738242523873901,-0.01582376133037974,0.3324175824175824,0.5508241758241759,0.4416208791208791,0.37866300366300365,0.6560439560439562,0.6573547898241675
2024-12-19,ZBH,-0.16290248759399314,-0.15415666948961215,-0.013686076,-0.012511947916682847,-0.0005147755,-0.014633883292019258,-0.01636056588063719,0.28296703296703296,0.41208791208791207,0.3475274725274725,0.304029304029304,0.5307692307692308,0.6894885994007055
2024-12-19,ZTS,-0.02169205057010702,-0.012946232465726015,-0.014366562,-0.017438198846842678,-0.023574144,-0.013375047846784798,-0.014612638953974237,0.21428571428571427,0.14560439560439561,0.17994505494505494,0.23534798534798534,0.3802197802197802,0.3216142086137738
2025-06-16,ABBV,0.07768912166434366,0.22206985548601102,-0.007800603,-0.01013343955623463,-0.002933383,-0.07613353532919065,-0.005147569783110817,0.7372881355932204,0.6292372881355932,0.6832627118644068,0.6546610169491525,0.44661016949152543,0.7230999704839199
2025-06-16,ABT,-0.2131487538857095,-0.06876802006404215,-0.0060345414,-0.00555480152388539,-0.025494963,-0.04836897301427785,0.0007987700831409879,0.8813559322033898,0.9576271186440678,0.9194915254237288,0.925141242937853,0.5847457627118644,0.41400749434139233
2025-06-16,ACGL,-0.1356175513240989,0.008763182497568467,-0.011092382,-0.012936440545316473,0.0049031973,-0.059501028562910445,-0.007332437607713157,0.3983050847457627,0.2711864406779661,0.3347457627118644,0.3601694915254237,0.5423728813559322,0.7310146086001286
2025-06-16,ACN,-0.28602448786448154,-0.14164375404281418,-0.017462302,-0.0011370126411791885,-0.026057333,-0.05691819247213054,-0.010897089255933084,0.046610169491525424,0.9830508474576272,0.5148305084745763,0.39406779661016944,0.22033898305084748,0.10359570686951572
2025-06-16,ADM,-0.05511112499040126,0.0892696088312661,-0.008897513,-0.010375229661439122,-0.01877582,-0.08399117771205075,-0.006297338990814323,0.6440677966101694,0.597457627118644,0.6207627118644068,0.57909604519774,0.2330508474576271,0.4307789162786307
2025-06-16,ADP,-0.2990726183623489,-0.1546918845406815,-0.009857955,-0.011410626906515996,-0.0251953,-0.056476047063791966,-0.0033072872873053816,0.538135593220339,0.5529661016949152,0.5455508474576272,0.6193502824858756,0.385593220338983,0.3010221759586147
2025-06-16,AEE,-0.08451343729557445,0.0598672965260929,-0.00911966,-0.010103128885010637,0.0056340694,-0.050598682423924034,-0.0048509060789945395,0.6186440677966102,0.6567796610169492,0.6377118644067796,0.6327683615819208,0.793220338983051,0.8258191306341155
2025-06-16,AEP,0.012913488166905546,0.1572942219885729,-0.007655143,-0.01013343955623463,0.007150054,-0.049911904794052296,-0.0035758947604754513,0.7584745762711864,0.6292372881355932,0.6938559322033898,0.7055084745762712,0.8347457627118645,0.8803872355383906
2025-06-16,AFL,-0.07457617648708068,0.06980455733458668,-0.010996616,-0.012356824469617668,-0.0008510947,-0.057486793980119716,-0.007771851866947882,0.423728813559322,0.4322033898305085,0.4279661016949152,0.4067796610169491,0.5279661016949153,0.6784528364204531
2025-06-16,AIG,-0.23297716923616327,-0.08859643541449591,-0.005944141,-0.006623712644704049,-0.02778688,-0.055178316345079685,-0.0018435776140566067,0.8940677966101694,0.8580508474576272,0.8760593220338984,0.8622881355932203,0.4093220338983051,0.37225913619231216
2025-06-16,AIZ,-0.017393862452498493,0.12698687136916886,-0.013113417,-0.01284592872258179,-0.0021683574,-0.05654638269032174,-0.010145487974952207,0.211864406779661,0.3220338983050847,0.26694915254237284,0.24293785310734461,0.5050847457627119,0.5683982509607272
2025-06-16,AJG,-0.388365429859846,-0.24398469603817863,-0.0075331326,-0.009534693686229709,7.8737736e-05,-0.058589471284238255,-0.004076043837476508,0.7838983050847458,0.7076271186440678,0.7457627118644068,0.7259887005649717,0.583050847457627,0.8224757918251288
2025-06-16,ALL,-0.12105496051939732,0.02332577330227004,-0.010033773,-0.011765911826864931,-0.031434953,-0.08028089972196581,-0.006666467447077222,0.5211864406779662,0.4957627118644068,0.5084745762711864,0.4929378531073446,0.12033898305084746,0.2010038103044777
2025-06-16,ALLE,0.02164977855534539,0.16603051237701275,-0.01050421,-0.011830914987713707,-0.012444079,-0.056093900068763865,-0.005519908459877349,0.4788135593220339,0.4703389830508475,0.4745762711864407,0.5056497175141242,0.47457627118644063,0.470008148220588
2025-06-16,AMCR,-0.2347886104666422,-0.09040787664497485,-0.011736358,-0.01284592872258179,0.011102825,-0.05670503253884575,-0.008586376521232949,0.3305084745762712,0.3220338983050847,0.326271186440678,0.3135593220338983,0.6016949152542374,0.7572858131023841
2025-06-16,AME,-0.005692083766453776,0.13868865005521358,-0.0126246605,-0.01284592872258179,-0.00057548285,-0.04709693569171349,-0.008722826997422509,0.25,0.3220338983050847,0.2860169491525424,0.28248587570621464,0.7415254237288136,0.6293280591322623
2025-06-16,AMGN,-0.019934208966439132,0.12444652485522822,-0.0074316314,-0.009175104582692165,-0.0099105835,-0.05816257906214332,-0.004970800836065025,0.809322033898305,0.7182203389830508,0.763771186440678,0.7125706214689266,0.45254237288135596,0.6275330989896333
2025-06-16,AMT,-0.285335779473179,-0.14095504565151162,-0.0055005495,-0.006623712644704049,-0.023113549,-0.05608576799541771,-0.003106470223031437,0.9194915254237288,0.8580508474576272,0.888771186440678,0.8524011299435028,0.41779661016949154,0.45845648291880015
2025-06-16,ANSS,,,-0.011673721,-0.01405299747985271,-0.0006377101,-0.02757264347473814,-0.006251669210651735,0.3389830508474576,0.211864406779661,0.2754237288135593,0.3502824858757062,0.8288135593220339,0.6615580163355482
2025-06-16,AON,-0.163477343275334,-0.019096609453666646,-0.011886335,-0.012184609644941263,-0.019290209,-0.054912387723479034,-0.008598883440860995,0.3220338983050847,0.4449152542372881,0.3834745762711864,0.35028248587570615,0.39576271186440676,0.3075133922287057
2025-06-16,AOS,-0.07147156783500037,0.07290916598666698,-0.01365465,-0.013389150467069549,-0.014526188,-0.05809456839190841,-0.010485232826925643,0.17796610169491525,0.24152542372881355,0.2097457627118644,0.19491525423728812,0.31610169491525425,0.32752424429802635
2025-06-16,APD,-0.28126169730719386,-0.13688096348552647,-0.012935473,-0.013389150467069549,-0.007072389,-0.03740995070118293,-0.009841672616075502,0.2288135593220339,0.24152542372881355,0.2351694915254237,0.22740112994350278,0.6745762711864407,0.4790850363175544
2025-06-16,ATO,-0.03536654612488442,0.10901418769678294,-0.00841606,-0.009824093166886908,0.0015556514,-0.049911904794052296,-0.002759891856439019,0.6822033898305084,0.690677966101695,0.6864406779661016,0.7203389830508474,0.8127118644067799,0.8018564770871539
2025-06-16,AVB,-0.2681799014214418,-0.12379916759977447,-0.013001289,-0.01284592872258179,0.005443394,-0.05654638269032174,-0.009658539736040462,0.22033898305084745,0.3220338983050847,0.2711864406779661,0.2542372881355932,0.5779661016949152,0.6808092408548791
2025-06-16,AVY,-0.12537399499296928,0.019006738828698078,-0.013478958,-0.01284592872258179,0.0050397515,-0.055961857100607255,-0.009862030759727042,0.1864406779661017,0.3220338983050847,0.2542372881355932,0.23728813559322032,0.5949152542372882,0.660933038697637
2025-06-16,AWK,-0.22169696995773333,-0.07731623613606597,-0.0074971435,-0.009175104582692165,-0.006824374,-0.04265329648695899,-0.003837955214677894,0.8008474576271186,0.7182203389830508,0.7595338983050848,0.7365819209039547,0.7635593220338983,0.6865440419040594
2025-06-16,AZO,-0.09935276633771958,0.04502796748394777,-0.008198688,-0.011980304960444292,0.0017971098,-0.05064315103547214,-0.0034568696618022705,0.711864406779661,0.4555084745762712,0.583686440677966,0.6419491525423728,0.785593220338983,0.8137739087293715
2025-06-16,BALL,-0.274987741596024,-0.13060700777435663,-0.011785511,-0.010273134778533193,-0.016013622,-0.059903115757791246,-0.008742985667770445,0.326271186440678,0.6038135593220338,0.4650423728813559,0.3990112994350282,0.29067796610169494,0.35212241844063347
2025-06-16,BDX,-0.01711826337946573,0.12726247044220163,-0.020196127,-0.04857231006453319,-0.019836068,-0.06648851179473694,-0.01680371147283024,0.01694915254237288,0.00423728813559322,0.01059322033898305,0.015536723163841807,0.1728813559322034,0.18062907870276268
2025-06-16,BG,-0.05444654637963907,0.08993418744202829,-0.008711107,-0.011507676377810116,-0.024142355,-0.0591717291185875,-0.007251167211118707,0.6610169491525424,0.5296610169491526,0.5953389830508475,0.5381355932203389,0.2559322033898305,0.34482176057354247
2025-06-16,BIIB,0.2813462409111471,0.4257269747328145,-0.016034469,-0.018134866173871098,-0.021637857,-0.0691034112686218,-0.013402812149705533,0.08050847457627118,0.08050847457627118,0.08050847457627118,0.0790960451977401,0.16779661016949154,0.18394648505036124
2025-06-16,BMY,-0.020709685677905418,0.12367104814376194,-0.015880842,-0.019800358494137377,-0.026085138,-0.06526604114065258,-0.012363320316945845,0.1059322033898305,0.059322033898305086,0.0826271186440678,0.09463276836158191,0.1364406779661017,0.11440527352419776
2025-06-16,BR,-0.18764390855771082,-0.043263174736043464,-0.0096471645,-0.011410626906515996,-0.03109765,-0.05654638269032174,-0.0046166967316328975,0.5635593220338984,0.5529661016949152,0.5582627118644068,0.5826271186440677,0.2974576271186441,0.22184502581853643
2025-06-16,BRK-B,-0.11594108856735949,0.028439645254307866,-0.008945867,-0.006590008753680731,-0.0038681626,-0.05655654842291018,-0.00619783967268727,0.6313559322033898,0.8771186440677966,0.7542372881355932,0.6709039548022597,0.5279661016949153,0.6665109784536666
2025-06-16,BRO,-0.4236457810339107,-0.2792650472122433,-0.010078445,-0.01049522521158914,-0.010056555,-0.05002840172820264,-0.0076840112830984155,0.5127118644067796,0.5932203389830508,0.5529661016949152,0.4915254237288135,0.5889830508474576,0.5202214273211495
2025-06-16,BSX,-0.2219390426655175,-0.07755830884385016,-0.007482661,-0.01013343955623463,0.0011282265,-0.055859605060450006,-0.0035649615891492244,0.8050847457627118,0.6292372881355932,0.7171610169491525,0.722457627118644,0.6822033898305084,0.8388109641183841
2025-06-16,CAG,-0.31919278035176246,-0.17481204653009508,-0.018081248,-0.024317378214528413,-0.02794993,-0.04033296956899851,-0.015000819202387314,0.038135593220338986,0.029661016949152543,0.03389830508474576,0.036723163841807904,0.42033898305084744,0.06548203466692068
2025-06-16,CAH,0.06924098293393288,0.21362171675560024,-0.0022950293,0.01531399806709478,-0.0028763413,-0.05027744667964002,0.0052108404092848,0.9788135593220338,0.9957627118644068,0.9872881355932204,0.9901129943502823,0.7872881355932203,0.8157317169402946
2025-06-16,CB,-0.09705858446146817,0.047322149360199184,-0.010246806,-0.011765911826864931,-0.036640823,-0.05229302699898173,-0.006036051566298375,0.5,0.4957627118644068,0.4978813559322034,0.5070621468926553,0.37966101694915255,0.18726033438537457
2025-06-16,CBOE,-0.021005492581457966,0.12337524124020939,-0.007156213,-0.004678755916101993,-0.019628525,-0.04249370555960226,-0.0024793578009859544,0.8305084745762712,0.972457627118644,0.9014830508474576,0.8665254237288135,0.6474576271186442,0.4755031389195847
2025-06-16,CCI,-0.21488494959998458,-0.07050421577831723,-0.008331616,-0.0074802329554640844,-0.011032522,-0.05507895744448302,-0.006331313871567793,0.6949152542372882,0.8177966101694916,0.7563559322033899,0.6638418079096045,0.5076271186440678,0.561771766279768
2025-06-16,CF,-0.38150754932466063,-0.23712681550299328,-0.0066458276,-0.005155802948945015,-0.0014720857,-0.08435656036834782,0.000783160308243545,0.8686440677966102,0.9661016949152542,0.9173728813559322,0.9223163841807909,0.5084745762711864,0.8238197838546653
2025-06-16,CHD,-0.29011623543013615,-0.1457355016084688,-0.014306663,-0.01591392757734725,-0.02156195,-0.051719782584713846,-0.010453751079927152,0.16101694915254236,0.15889830508474576,0.15995762711864406,0.16313559322033896,0.41016949152542376,0.2157098320457058
2025-06-16,CHRW,0.5093703910268037,0.6537511248484711,-0.015351963,-0.01591392757734725,-0.02090466,-0.0614116354605644,-0.012675887637653262,0.13135593220338984,0.15889830508474576,0.1451271186440678,0.1292372881355932,0.20254237288135593,0.21229876961560898
2025-06-16,CI,-0.29205940043243683,-0.14767866661076948,-0.007225774,-0.01002410110676491,-0.006617427,-0.05458248519070775,-0.0037677394816484095,0.826271186440678,0.6758474576271186,0.7510593220338984,0.7351694915254238,0.6152542372881356,0.7007700245015708
2025-06-16,CINF,-0.021092600843299197,0.12328813297836816,-0.010937617,-0.012959841000852103,-0.043423057,-0.054432996384657185,-0.007673202994492008,0.4364406779661017,0.2669491525423729,0.3516949152542373,0.3587570621468926,0.302542372881356,0.15702850818804812
2025-06-16,CL,-0.2747009040053342,-0.13032017018366682,-0.012679333,-0.01284592872258179,0.0053647757,-0.05418331891658232,-0.007357418672318795,0.24152542372881355,0.3220338983050847,0.2817796610169491,0.3234463276836158,0.690677966101695,0.6895351696039894
2025-06-16,CLX,-0.3006054106596376,-0.15622467683797023,-0.020873427,-0.024403319982838848,-0.019177914,-0.04109494223398155,-0.016862532929106465,0.012711864406779662,0.025423728813559324,0.019067796610169493,0.019774011299435026,0.5042372881355932,0.2009138753022954
2025-06-16,CMCSA,-0.35724613688361795,-0.21286540306195056,-0.013590001,-0.01284592872258179,-0.013650924,-0.061135785625765694,-0.011388807336645775,0.18220338983050846,0.3220338983050847,0.2521186440677966,0.21468926553672313,0.2847457627118644,0.3419624723519166
2025-06-16,CME,-0.1369151039677061,0.007465629853961265,-0.006995594,-0.004678755916101993,-0.016409397,-0.04461067111502539,-0.0012333791719644355,0.847457627118644,0.972457627118644,0.909957627118644,0.9004237288135593,0.6864406779661018,0.5376419988452495
2025-06-16,CMS,-0.10886692773839554,0.035513806083271815,-0.009519285,-0.011410626906515996,-0.001095295,-0.050598682423924034,-0.005726952707736936,0.5805084745762712,0.5529661016949152,0.5667372881355932,0.5642655367231638,0.7279661016949153,0.7271425798381514
2025-06-16,CNC,-0.45452458424273956,-0.3101438504210722,-0.014623518,-0.01591392757734725,-0.029877037,-0.07243526100273277,-0.009189488292785417,0.15254237288135594,0.15889830508474576,0.15572033898305085,0.1843220338983051,0.1211864406779661,0.08651876406461619
2025-06-16,CNP,-0.06534668430018373,0.07903404952148363,-0.00753167,-0.009824093166886908,-0.0040942132,-0.04730345348526497,-0.0014183253942976898,0.788135593220339,0.690677966101695,0.739406779661017,0.7796610169491525,0.7923728813559322,0.721713261884499
2025-06-16,COR,0.011853396772073338,0.1562341305937407,-0.003976656,-0.0074858381669572795,-0.010982454,-0.044528038167386735,0.00228527113529718,0.9661016949152542,0.8135593220338984,0.8898305084745763,0.9166666666666666,0.761864406779661,0.6664870065601567
2025-06-16,COST,-0.23409257943241876,-0.0897118456107514,-0.010880948,-0.019146769726238817,-0.00802201,-0.05948278835630823,-0.003558295903343755,0.4406779661016949,0.07203389830508475,0.2563559322033898,0.41666666666666663,0.476271186440678,0.5375699208814125
2025-06-16,CPB,-0.17685519428656513,-0.03247446046489777,-0.019734472,-0.02792005190490367,-0.022602648,-0.04894977702881273,-0.01604445505064839,0.0211864406779661,0.012711864406779662,0.01694915254237288,0.0211864406779661,0.4177966101694916,0.14672090169482666
2025-06-16,CPRT,-0.34417240366724844,-0.19979166984558105,-0.017981268,-0.022018481518709443,-0.02627194,-0.06488581811498667,-0.014258324188510125,0.0423728813559322,0.046610169491525424,0.04449152542372881,0.04802259887005649,0.12627118644067797,0.08626674055214803
2025-06-16,CPT,-0.24120372300648793,-0.09682298918482057,-0.010607293,-0.011765911826864931,-0.01955828,-0.05743271001264573,-0.0074320126465843555,0.4745762711864407,0.4957627118644068,0.48516949152542377,0.4562146892655367,0.3220338983050848,0.3501715961748595
2025-06-16,CSCO,0.0773132524185347,0.22169398624020206,-0.007651262,-0.0066469741090584775,-0.018251091,-0.022909486768385424,-0.0016683891962747943,0.7627118644067796,0.836864406779661,0.7997881355932204,0.8142655367231638,0.6991525423728815,0.48668883604107893
2025-06-16,CSX,-0.0039646481096992925,0.14041608571196806,-0.0110042,-0.008343728636179947,-0.0019191504,-0.0541907725096618,-0.006781660171968386,0.4194915254237288,0.7796610169491526,0.5995762711864407,0.5522598870056497,0.6338983050847459,0.64926144195288
2025-06-16,CTAS,-0.3139412629376366,-0.1695605291159692,-0.0057912767,-0.006623712644704049,-0.004049897,-0.047978038032962717,-0.0008180633220938975,0.902542372881356,0.8580508474576272,0.8802966101694916,0.8834745762711864,0.7915254237288135,0.763284850826317
2025-06-16,CTSH,-0.12288171377123855,0.021499020050428804,-0.011567,-0.01284592872258179,-0.0018241107,-0.03740995070118293,-0.006412354280528909,0.3559322033898305,0.3220338983050847,0.3389830508474576,0.38418079096045193,0.793220338983051,0.6339155452732795
2025-06-16,CTVA,-0.2627902422166056,-0.11840950839493823,-0.0037158541,0.006219237113813422,0.0025939345,-0.05304545818597316,0.0035941720074625302,0.9745762711864406,0.9915254237288136,0.9830508474576272,0.9844632768361581,0.8076271186440678,0.9149324392787915
2025-06-16,CVS,0.01819344943309223,0.16257418325475959,0.0017347904,-0.02444901788152258,-0.026061952,-0.0496851857576573,0.00016678101914050295,1.0,0.0211864406779661,0.510593220338983,0.6454802259887005,0.5508474576271186,0.4367231145782823
2025-06-16,CVX,-0.12291753119237422,0.02146320262929313,-0.010005987,-0.008161589939845011,-0.008453071,-0.06059725450579907,-0.009211947404546887,0.5254237288135594,0.8008474576271186,0.663135593220339,0.521186440677966,0.36610169491525424,0.5513415589690217
2025-06-16,D,-0.032627432462366074,0.11175330135930128,-0.010137226,-0.011765911826864931,-0.019134939,-0.055153415764082864,-0.0043546860044863115,0.5042372881355932,0.4957627118644068,0.5,0.5550847457627118,0.4669491525423729,0.3826900523097361
2025-06-16,DG,-0.03549299627361656,0.1088877375480508,2.2994354e-05,-0.014541197972518143,-0.00751251,-0.03600437088653806,-0.00607647062142668,0.9872881355932204,0.19915254237288135,0.5932203389830508,0.5649717514124294,0.728813559322034,0.7253540249140152
2025-06-16,DGX,-0.1191951634579804,0.02518557036368696,-0.0060333326,-0.0063410877462186065,-0.0036846995,-0.049771983204101075,-0.00034027220750205804,0.885593220338983,0.8813559322033898,0.8834745762711864,0.8926553672316384,0.7754237288135595,0.7663055565236845
2025-06-16,DHI,0.13396463478990175,0.2783453686115691,-0.015262831,-0.01691356427267415,-0.024908006,-0.07881004680992733,-0.014334013288164884,0.13983050847457626,0.11016949152542373,0.125,0.09887005649717512,0.10423728813559323,0.1539855911096084
2025-06-16,DOC,-0.13192936907584382,0.012451364745823534,-0.015410554,-0.020128532362470187,-0.022069573,-0.04855754881616416,-0.01334304926984912,0.1271186440677966,0.05508474576271186,0.09110169491525423,0.08757062146892655,0.4432203389830509,0.1968637352639679
2025-06-16,DPZ,-0.2287195797526814,-0.08433884593101404,-0.009597205,-0.011410626906515996,-0.0094356835,-0.05819974338765688,-0.00605721381904632,0.5677966101694916,0.5529661016949152,0.5603813559322034,0.5459039548022598,0.4347457627118644,0.5529770622037873
2025-06-16,DRI,-0.33195877588131695,-0.18757804205964956,-0.00553206,-0.011767039811941132,-0.020749718,-0.05183221509812514,0.0028840233132595167,0.9152542372881356,0.4745762711864407,0.6949152542372882,0.78954802259887,0.5754237288135593,0.4971493301559402
2025-06-16,DTE,-0.15139873335787077,-0.007017999536203412,-0.007562142,-0.009175104582692165,-0.0068258643,-0.049911904794052296,-0.0034613055412167255,0.7796610169491526,0.7182203389830508,0.7489406779661016,0.7507062146892655,0.7093220338983051,0.6782499181483176
2025-06-16,DUK,-0.1231574261124335,0.021223307709233866,-0.008856118,-0.010103128885010637,-0.007607132,-0.04675774757703292,-0.004361629709740431,0.6483050847457628,0.6567796610169492,0.652542372881356,0.655367231638418,0.7254237288135593,0.6131833375732394
2025-06-16,DVA,-0.28693433603504703,-0.14255360221337965,-0.013937559,-0.01591392757734725,-0.026656508,-0.07673141948610017,-0.010552815286315463,0.17372881355932204,0.15889830508474576,0.1663135593220339,0.16454802259887003,0.11016949152542374,0.12711027828142557
2025-06-16,EA,0.21226502397452615,0.3566457577961935,-0.011589357,-0.009897620826568882,-0.01978904,-0.07854582603459294,-0.010220417324304707,0.3516949152542373,0.6822033898305084,0.5169491525423728,0.4081920903954802,0.1788135593220339,0.29886288185253224
2025-06-16,EBAY,-0.0538174858585829,0.09056324796308446,-0.0060509224,-0.011180761247433352,0.0036131144,-0.08428035010188764,0.002958216080597145,0.8771186440677966,0.5805084745762712,0.728813559322034,0.8135593220338982,0.5576271186440678,0.8877846880572158
2025-06-16,ECL,-0.15804422930056802,-0.013663495478900667,-0.008093517,-0.006199256425163677,-0.0054250658,-0.052128471051293285,-0.0027569703919074606,0.7161016949152542,0.8919491525423728,0.8040254237288136,0.8001412429378532,0.690677966101695,0.6770258050259959
2025-06-16,ED,-0.1869022664214541,-0.04252153259978675,-0.0070000677,-0.013600895057612299,-0.01425755,-0.024860069947813687,-0.003813877148200192,0.8432203389830508,0.2330508474576271,0.538135593220339,0.5918079096045197,0.702542372881356,0.5646389133209513
2025-06-16,EG,-0.21831024228664025,-0.07392950846497291,-0.012500059,-0.012389513771742649,-0.0022972822,-0.057486793980119716,-0.009117272175918078,0.2711864406779661,0.4152542372881356,0.3432203389830508,0.3121468926553672,0.47796610169491527,0.5813011108406859
2025-06-16,ELV,-0.2538259739547362,-0.10944524013306887,-0.0104325395,-0.012356824469617668,-0.013610721,-0.07390611391477124,-0.007036016322994179,0.4830508474576271,0.4322033898305085,0.4576271186440678,0.4505649717514124,0.31186440677966104,0.45470759971329466
2025-06-16,EQIX,-0.29978674952243267,-0.1554060157007653,-0.013028355,-0.019179459028363797,0.0053144097,-0.05646374974268309,-0.008355407343624492,0.21610169491525424,0.06567796610169492,0.1408898305084746,0.1956214689265537,0.6016949152542374,0.6759405698628821
2025-06-16,ERIE,-0.33872258722658,-0.1943418534049126,-0.01597568,-0.0163597696156714,-0.028086782,-0.07415701322945947,-0.012469296866638275,0.08898305084745763,0.13135593220338984,0.11016949152542374,0.11158192090395479,0.09915254237288136,0.08140710638106616
2025-06-16,ES,-0.07700501002898893,0.06737572379267842,-0.006895332,-0.0056082509211688725,-0.014123321,-0.05892716573808262,-0.001451291041849349,0.8559322033898306,0.9449152542372882,0.9004237288135594,0.885593220338983,0.4423728813559322,0.5780152430584031
2025-06-16,ESS,-0.23800884134054134,-0.09362810751887397,-0.010658221,-0.011765911826864931,-0.018447608,-0.05654638269032174,-0.008278388045225574,0.4661016949152542,0.4957627118644068,0.4809322033898305,0.42655367231638414,0.3533898305084746,0.37269856217766456
2025-06-16,ETR,0.018146285747119767,0.16252701956878712,-0.008343612,-0.01013343955623463,0.009397149,-0.058589471284238255,-0.0035952917027404965,0.690677966101695,0.6292372881355932,0.659957627118644,0.6814971751412429,0.6415254237288136,0.8740287086124999
2025-06-16,EVRG,-0.025001837402173405,0.11937889641949395,-0.00792544,-0.009824093166886908,-0.0015485287,-0.049911904794052296,-0.0032571115577859945,0.7330508474576272,0.690677966101695,0.7118644067796611,0.731638418079096,0.7805084745762713,0.7720934382691321
2025-06-16,EW,0.006431379703978363,0.15081211352564572,-0.011729811,-0.013962689755911258,-0.0005672574,-0.056622399591207094,-0.0042842939664406105,0.3347457627118644,0.22033898305084745,0.2775423728813559,0.4081920903954802,0.6186440677966102,0.6695816622657753
2025-06-16,EXC,-0.10409869042894179,0.040282043392725564,-0.0067524947,-0.009094716368345027,-0.0029765666,-0.04640326634372174,-0.001990677026241762,0.8601694915254238,0.7288135593220338,0.7944915254237288,0.8036723163841807,0.8101694915254238,0.7666333790803056
2025-06-16,EXE,-0.12848432461463896,0.015896409207028398,-0.004733638,-0.011738195403365997,-0.016917467,-0.0802340425198903,-0.0003607190687418896,0.9533898305084746,0.5169491525423728,0.7351694915254237,0.7923728813559321,0.3457627118644068,0.5708386921456562
2025-06-16,EXPD,0.16332611642965297,0.30770685025132033,-0.011167846,-0.01287904834609568,-0.040484577,-0.06158375062213809,-0.008347497916342435,0.3898305084745763,0.2754237288135593,0.3326271186440678,0.32485875706214684,0.14322033898305087,0.14271572915759026
2025-06-16,EXR,-0.26554595119607005,-0.12116521737440267,-0.009775374,-0.011410626906515996,-0.024096072,-0.05819974338765688,-0.006969709814651219,0.5466101694915254,0.5529661016949152,0.5497881355932204,0.5134180790960452,0.27372881355932205,0.3097960107226116
2025-06-16,FAST,-0.15266486545621558,-0.00828413163454822,-0.007691729,-0.0066469741090584775,-0.015640795,-0.053565801916841946,-0.002088522919761592,0.7542372881355932,0.836864406779661,0.7955508474576272,0.800141242937853,0.5601694915254238,0.5130369650530906
2025-06-16,FDS,-0.4625828537294213,-0.31820211990775393,-0.01689668,-0.01609082302266214,-0.02984035,-0.05174426394697211,-0.011857001129457345,0.0635593220338983,0.13983050847457626,0.10169491525423728,0.11158192090395479,0.32288135593220346,0.05698018386525767
2025-06-16,FE,0.005067550978115537,0.1494482847997829,-0.010671486,-0.01748172162543321,-0.009267986,-0.05518662987294083,-0.004476607704163123,0.461864406779661,0.1016949152542373,0.2817796610169492,0.40254237288135586,0.5576271186440678,0.5260935476569641
2025-06-16,FIS,-0.32058476800739844,-0.17620403418573105,-0.011670472,-0.010273134778533193,-0.009509027,-0.07905898175271775,-0.007507644673140916,0.3432203389830508,0.6038135593220338,0.47351694915254233,0.44562146892655363,0.3220338983050848,0.4723766017495678
2025-06-16,FRT,-0.11770615660813696,0.02667457721353039,-0.015879305,-0.015720959723028324,-0.024397552,-0.05507552977828327,-0.012543598129370498,0.11016949152542373,0.17584745762711865,0.1430084745762712,0.13206214689265536,0.3076271186440678,0.15103963275063362
2025-06-16,GD,0.06151354816885271,0.20589428199052007,-0.009511252,-0.007584151785813044,-0.01491937,-0.05760382186066115,-0.0038361085326490477,0.5847457627118644,0.809322033898305,0.6970338983050848,0.6963276836158192,0.41864406779661023,0.46472703541038685
2025-06-16,GILD,-0.014458524568234016,0.12992220925343334,-0.005414283,-0.006623712644704049,-0.026478767,-0.055969920938921086,-0.0012949390067938365,0.923728813559322,0.8580508474576272,0.8908898305084746,0.8848870056497176,0.4,0.3966701622376535
2025-06-16,GIS,-0.2570786642041921,-0.11269793038252474,-0.017276708,-0.014720200020344661,-0.027325928,-0.0475021894310787,-0.014045438565557917,0.05084745762711865,0.19491525423728814,0.1228813559322034,0.10310734463276836,0.3957627118644068,0.08111793641493116
2025-06-16,GL,-0.02573169417765081,0.11864903964401655,-0.007410939,-0.00967702460539549,-0.013245255,-0.05613545489524871,-0.004088948008471223,0.8177966101694916,0.7033898305084746,0.7605932203389831,0.7344632768361582,0.490677966101695,0.5802846869921521
2025-06-16,GPC,-0.05208998018211439,0.09229075363955297,-0.00979239,-0.011410626906515996,-0.026011974,-0.0585186539166429,-0.005423906988065644,0.5423728813559322,0.5529661016949152,0.5476694915254237,0.5600282485875705,0.2830508474576271,0.2845254598940203
2025-06-16,GWW,-0.22264571878215775,-0.07826498496049039,-0.012371646,-0.013289894118530873,0.00067162514,-0.053462245898238545,-0.007307281933331842,0.2754237288135593,0.2542372881355932,0.26483050847457623,0.3149717514124294,0.676271186440678,0.6519938127863876
2025-06-16,HCA,0.1605405213440649,0.30492125516573226,-0.005280894,-0.006623712644704049,-0.010683358,-0.07460500108401602,0.00109462911308068,0.9364406779661016,0.8580508474576272,0.8972457627118644,0.91454802259887,0.4406779661016949,0.6669967877690416
2025-06-16,HD,-0.12892365637980593,0.01545707744186142,-0.014259769,-0.01691356427267415,-0.019436836,-0.055642946571621235,-0.010747998501192957,0.1652542372881356,0.11016949152542373,0.13771186440677965,0.14406779661016947,0.34661016949152545,0.24679515847900524
2025-06-16,HIG,-0.10228212721832627,0.04209860660334108,-0.0066441083,-0.0056082509211688725,-0.026076704,-0.0554972268740657,-0.0017338345224231517,0.8728813559322034,0.9449152542372882,0.9088983050847458,0.8855932203389829,0.4169491525423729,0.38981624443652585
2025-06-16,HOLX,0.022597750743346634,0.166978484565014,-0.0150789,-0.01754049027762503,-0.002137959,-0.07557169031784448,-0.013229924738417434,0.1440677966101695,0.09322033898305085,0.11864406779661017,0.10734463276836156,0.3661016949152543,0.5459243278820561
2025-06-16,HON,-0.21562727690077418,-0.07124654307910683,-0.012360717,-0.008908292506342877,-0.01076597,-0.05427340545730045,-0.007110177445841717,0.2796610169491525,0.7351694915254238,0.5074152542372882,0.4823446327683616,0.5203389830508475,0.4331067041134919
2025-06-16,HRL,-0.33336673607961786,-0.18898600225795048,-0.0128979245,-0.014187196494091843,0.008885175,-0.050598682423924034,-0.007812026242358167,0.2330508474576271,0.2033898305084746,0.21822033898305085,0.2655367231638418,0.7525423728813561,0.7101349045633145
2025-06-16,HSIC,-0.10589731296488722,0.03848342085678014,-0.011069818,-0.01281323942045681,-0.00722602,-0.059501028562910445,-0.008228326461902587,0.4067796610169492,0.375,0.3908898305084746,0.3679378531073446,0.40423728813559323,0.5382951764238
2025-06-16,HSY,-0.057344175664621105,0.08703655815704625,-0.011385252,-0.00857967410599973,-0.026159614,-0.055765735074354755,-0.00924809275827245,0.3728813559322034,0.7627118644067796,0.5677966101694916,0.45621468926553665,0.28559322033898304,0.20338665416710539
2025-06-16,HUM,-0.0748524576003273,0.06952827622134006,-0.011271027,-0.011627487480507062,-0.013753414,-0.07379026685827461,-0.009844073641761111,0.3771186440677966,0.5254237288135594,0.451271186440678,0.3700564971751412,0.26440677966101694,0.40582753185696124
2025-06-16,IBM,-0.03861636254037501,0.10576437128129235,-0.0047904076,-0.013075875357695853,-0.014712274,-0.05268007552967609,0.0007296777295097128,0.9491525423728814,0.2605932203389831,0.6048728813559322,0.7125706214689265,0.6110169491525423,0.5971709246872007
2025-06-16,ICE,-0.27433905311983664,-0.12995831929816926,-0.005860877,-0.006623712644704049,-0.025861025,-0.052649930518035036,-0.002245866105453149,0.8983050847457628,0.8580508474576272,0.878177966101695,0.853813559322034,0.4847457627118644,0.41111976835155334
2025-06-16,IFF,-0.26277692477570674,-0.1183961909540394,-0.015501578,-0.015720959723028324,-0.022596717,-0.061135785625765694,-0.011361020083865336,0.1228813559322034,0.17584745762711865,0.149364406779661,0.1475988700564972,0.20084745762711864,0.186047308959734
2025-06-16,INCY,0.26093826602133174,0.40531899984299913,-0.010332601,-0.008508821421589301,-0.0025212169,-0.08130880769515626,-0.0057429297847515,0.4915254237288136,0.7711864406779662,0.6313559322033899,0.6059322033898304,0.4211864406779662,0.6537765219945989
2025-06-16,INVH,-0.3341700181838897,-0.1897892843622223,-0.009757804,-0.011410626906515996,-0.030479193,-0.055879962383269505,-0.006036791821334418,0.5508474576271186,0.5529661016949152,0.5519067796610169,0.5416666666666666,0.3101694915254238,0.22318856341701382
2025-06-16,IT,-0.5827517852875412,-0.43837105146587385,-0.017203392,-0.002815877816355079,-0.029722989,-0.04451910583720844,-0.013795709291047481,0.05508474576271186,0.9788135593220338,0.5169491525423728,0.36723163841807904,0.40508474576271186,0.055383787652037116
2025-06-16,ITW,-0.10288983369878776,0.04149090012287959,-0.0133922305,-0.01284592872258179,-0.0022692978,-0.04873669899084359,-0.010436980630339609,0.19491525423728814,0.3220338983050847,0.2584745762711864,0.23022598870056493,0.6669491525423729,0.5567987699519406
2025-06-16,J,-0.049068402066590563,0.09531233175507679,-0.012813917,-0.013962689755911258,-0.0011623502,-0.04717580466999264,-0.008170732359777725,0.23728813559322035,0.22033898305084745,0.2288135593220339,0.2627118644067796,0.735593220338983,0.6018630283118
2025-06-16,JKHY,-0.13374665134639027,0.010634082475277085,-0.01105504,-0.012679040406217678,-0.029340863,-0.05819329351088305,-0.005857528045293108,0.4110169491525424,0.3961864406779661,0.4036016949152542,0.45268361581920896,0.25084745762711863,0.190882971237306
2025-06-16,JNJ,0.196933141206014,0.34131387502768135,-0.008835677,-0.010103128885010637,-0.0054292083,-0.05418331891658232,-0.005465829721553422,0.652542372881356,0.6567796610169492,0.6546610169491526,0.6299435028248588,0.611864406779661,0.6481231260934989
2025-06-16,JNPR,,,-0.01252819,-0.01284592872258179,0.003982693,-0.049730179832749036,-0.007919422556003312,0.2584745762711864,0.3220338983050847,0.2902542372881356,0.30932203389830504,0.7423728813559323,0.6692692817485623
2025-06-16,K,-0.08941467505847009,0.054966058763197274,-0.011465457,-0.012184609644941263,-0.017068446,-0.1342227302742513,-0.007580672810227182,0.3644067796610169,0.4449152542372881,0.4046610169491525,0.3983050847457627,0.2211864406779661,0.359455830646531
2025-06-16,KDP,-0.24792523244636963,-0.10354449862470227,-0.010795765,-0.01281323942045681,-0.017118573,-0.05132992866534388,-0.006884662422132409,0.4491525423728814,0.375,0.4120762711864407,0.4244350282485876,0.5135593220338983,0.3864849924942262
2025-06-16,KHC,-0.16322841486465653,-0.018847681042989173,-0.01597559,-0.018047333003987316,-0.02860856,-0.044550562722633656,-0.012543914574271403,0.09322033898305085,0.0847457627118644,0.08898305084745763,0.09463276836158191,0.41440677966101697,0.07717132438229214
2025-06-16,KIM,-0.16949693565537302,-0.025116201833705665,-0.0144961765,-0.01637034252818639,-0.0022568107,-0.05507552977828327,-0.012219862281441807,0.15677966101694915,0.1271186440677966,0.1419491525423729,0.13559322033898302,0.5457627118644068,0.5456108956590829
2025-06-16,KMB,-0.3369406912850055,-0.1925599574633381,-0.011439491,-0.012728614082254933,0.008033335,-0.049251301341516715,-0.0068303367437697405,0.3686440677966102,0.3855932203389831,0.3771186440677966,0.40254237288135597,0.7974576271186442,0.7493676557457236
2025-06-16,KMI,-0.12907268015282766,0.015308053668839694,-0.009546567,-0.011410626906515996,-0.024738431,-0.06260663853780417,-0.005181414695422844,0.576271186440678,0.5529661016949152,0.5646186440677966,0.5741525423728813,0.2627118644067797,0.31510100511843486
2025-06-16,KO,-0.12045127584618062,0.023929457975486738,-0.007597664,-0.008699635623425976,-0.00611642,-0.04706039590986578,-0.001660982125272924,0.7711864406779662,0.7542372881355932,0.7627118644067796,0.7909604519774011,0.7796610169491525,0.6912404095634979
2025-06-16,KR,-0.17331441875778228,-0.028933684936114923,-0.008995231,-0.010103128885010637,-0.015142173,-0.034618661110683464,-0.004104332881456952,0.6271186440677966,0.6567796610169492,0.6419491525423728,0.6539548022598869,0.6796610169491525,0.47028359888761934
2025-06-16,KVUE,-0.3452269896835914,-0.20084625586192403,-0.011130466,-0.01284592872258179,0.008402437,-0.055269262820579486,-0.007619594967958176,0.3940677966101695,0.3220338983050847,0.3580508474576271,0.36440677966101687,0.6652542372881356,0.7587756690362777
2025-06-16,L,0.005906993217080381,0.15028772703874774,-0.009304566,-0.010927015120532499,-0.021182507,-0.05532686669375271,-0.004968785760142484,0.6059322033898306,0.5847457627118644,0.5953389830508475,0.6016949152542372,0.4279661016949153,0.3799834498698859
2025-06-16,LDOS,0.10084791098877682,0.24522864481044418,-0.010831052,-0.011271190021618945,-0.0015993118,-0.07748443683710998,-0.006540079918736405,0.4449152542372881,0.576271186440678,0.510593220338983,0.4957627118644068,0.4423728813559322,0.6661124200022971
2025-06-16,LEN,0.0194847169506161,0.16386545077228346,-0.01861792,-0.02039527621713263,-0.028508365,-0.06287638146147113,-0.020512119660159388,0.025423728813559324,0.05084745762711865,0.038135593220338986,0.029661016949152543,0.10593220338983052,0.055096123822721346
2025-06-16,LH,-0.1372153668368674,0.007165366984799969,-0.007266878,-0.00532562602268343,-0.009552538,-0.04959800493129339,-0.0011966218364037329,0.8220338983050848,0.961864406779661,0.8919491525423728,0.8898305084745761,0.7110169491525424,0.6409758102791069
2025-06-16,LHX,-0.011990284588868388,0.13239044923279897,-0.00702867,-0.010165299523898177,-0.00076267123,-0.05281186095090126,0.0016844790178843754,0.8389830508474576,0.614406779661017,0.7266949152542372,0.8050847457627118,0.7830508474576272,0.833699760865893
2025-06-16,LIN,-0.29373953547310416,-0.14935880165143678,-0.008375398,-0.008254566696291817,-0.0045066774,-0.050035689434130046,-0.0037334843211255693,0.6864406779661016,0.788135593220339,0.7372881355932204,0.7288135593220337,0.711864406779661,0.6761400574180295
2025-06-16,LKQ,-0.35180587261970325,-0.2074251387980359,-0.0094037885,-0.011953848651003754,0.010041833,-0.08028089972196581,-0.005915202388803556,0.6016949152542372,0.461864406779661,0.5317796610169492,0.5353107344632768,0.5211864406779662,0.8482449098703262
2025-06-16,LMT,-0.15899599053785748,-0.014615256716190126,-0.012510534,-0.01751441092755819,0.007739246,-0.07707575733874093,-0.007367682223631504,0.2669491525423729,0.09745762711864407,0.1822033898305085,0.25564971751412424,0.4974576271186441,0.7115364579274426
2025-06-16,LNT,-0.049685982426874914,0.09469475139479244,-0.010118828,-0.011765911826864931,-0.017260581,-0.052604222531158845,-0.0063209859011145435,0.5084745762711864,0.4957627118644068,0.5021186440677966,0.4957627118644068,0.5033898305084746,0.40433880138867084
2025-06-16,LOW,0.022721005516060266,0.16710173933772762,-0.015604337,-0.015603645082701465,-0.030822277,-0.05700474031041711,-0.012560652814288675,0.11864406779661017,0.1864406779661017,0.15254237288135594,0.13559322033898305,0.16949152542372883,0.06375182364389663
2025-06-16,LW,-0.027103944589497803,0.11727678923216955,-0.015901828,-0.015720959723028324,-0.014167726,-0.07969452346787163,-0.028565373975076767,0.1016949152542373,0.17584745762711865,0.13877118644067798,0.09392655367231638,0.19237288135593222,0.3037529668954599
2025-06-16,MA,-0.19278584162376597,-0.04840510780209861,-0.009265816,-0.01026745326922531,-0.019356608,-0.054432996384657185,-0.0020634051057523486,0.6101694915254238,0.6101694915254238,0.6101694915254238,0.6779661016949152,0.5076271186440678,0.4133281317102589
2025-06-16,MAA,-0.2460567656561946,-0.10167603183452724,-0.0110384645,-0.012389513771742649,-0.0036409497,-0.05611167768628566,-0.008218303069666456,0.4152542372881356,0.4152542372881356,0.4152542372881356,0.385593220338983,0.5211864406779662,0.5984389176171439
2025-06-16,MCD,-0.07216866800813902,0.07221206581352833,-0.010779097,-0.012356824469617668,-0.0028441548,-0.04852005510009687,-0.005965746550600423,0.4533898305084746,0.4322033898305085,0.44279661016949157,0.4731638418079096,0.7322033898305085,0.6323877077834441
2025-06-16,MCK,-0.04050136122915936,0.103879372592508,-0.005283236,-0.008215173088944216,-0.011388838,-0.04836897301427785,0.0016355588965253614,0.9322033898305084,0.7944915254237288,0.8633474576271186,0.894774011299435,0.7194915254237289,0.6412611328693283
2025-06-16,MDLZ,-0.30660941445740564,-0.16222868063573825,-0.007565633,-0.006199256425163677,-0.01513958,-0.05151479639853118,-0.002853373070647097,0.7754237288135594,0.8919491525423728,0.833686440677966,0.8170903954802259,0.590677966101695,0.5249528905584887
2025-06-16,MDT,0.04948878932690276,0.19386952314857012,-0.0083048865,-0.011980304960444292,0.0040114224,-0.058589471284238255,-0.004841485062230488,0.6991525423728814,0.4555084745762712,0.5773305084745763,0.5939265536723164,0.5915254237288137,0.8255177475056961
2025-06-16,MKC,-0.2613393183505347,-0.11695858452886733,-0.013417974,-0.012389513771742649,-0.017983437,-0.05572676867824435,-0.010131369446650274,0.1906779661016949,0.4152542372881356,0.3029661016949152,0.268361581920904,0.37033898305084745,0.2862409902200682
2025-06-16,MKTX,-0.3995685233549582,-0.2551877895332908,-0.012590385,-0.008908292506342877,-0.011122644,-0.021210416117240748,-0.008993449546515122,0.2542372881355932,0.7351694915254238,0.4947033898305085,0.41596045197740106,0.6483050847457628,0.40691882933948537
2025-06-16,MLM,0.007967487835260273,0.15234822165692763,-0.01108967,-0.008626569657620894,0.00066924095,-0.05135326529178398,-0.004981435079975936,0.4025423728813559,0.7584745762711864,0.5805084745762712,0.5889830508474576,0.743220338983051,0.69614270776871
2025-06-16,MNST,0.03338294695415378,0.17776368077582114,-0.005247042,-0.013075875357695853,-0.012404293,-0.05281186095090126,0.0014201944080927242,0.940677966101695,0.2605932203389831,0.600635593220339,0.7182203389830508,0.6372881355932204,0.6358132868427863
2025-06-16,MO,-0.14337863342974197,0.0010021003919253868,-0.007060442,-0.0056082509211688725,-0.02149129,-0.042916018111092614,-0.001961504196859507,0.8347457627118644,0.9449152542372882,0.8898305084745763,0.8686440677966101,0.638135593220339,0.45854110218038313
2025-06-16,MOH,-0.6125407962261499,-0.4681600624044825,-0.012057782,-0.012389513771742649,-0.015117347,-0.07390611391477124,-0.007478879831648757,0.3093220338983051,0.4152542372881356,0.3622881355932204,0.3728813559322034,0.2830508474576271,0.3630844920457393
2025-06-16,MRK,0.13189978333362998,0.27628051715529733,-0.018441647,-0.016766430448398106,-0.02940759,-0.06810182079260099,-0.015669910865938594,0.029661016949152543,0.1228813559322034,0.07627118644067797,0.06214689265536723,0.088135593220339,0.04883343015069225
2025-06-16,MSCI,-0.1594021359512939,-0.015021402129626549,-0.014872458,-0.01691356427267415,-0.023142874,-0.033133235682534,-0.011042323338443447,0.1483050847457627,0.11016949152542373,0.1292372881355932,0.13559322033898302,0.5042372881355932,0.18372587380761132
2025-06-16,MSI,-0.2284281615781741,-0.08404742775650675,-0.016101344,-0.015973508382335282,-0.02764842,-0.07549014832092524,-0.011911597481226322,0.07627118644067797,0.1461864406779661,0.11122881355932204,0.11652542372881355,0.10508474576271186,0.08836605832470162
2025-06-16,NEE,-0.007134048766226336,0.13724668505544102,-0.009884749,-0.008744550768453582,-0.007861197,-0.08057889323045843,-0.006305918603190079,0.5338983050847458,0.7457627118644068,0.6398305084745763,0.5889830508474576,0.3483050847457627,0.5682226072190685
2025-06-16,NEM,0.38595951828788677,0.5303402521095542,0.0011055274,-0.026583059144975527,-0.005054891,-0.08257708345537709,0.002002462067038689,0.9957627118644068,0.01694915254237288,0.5063559322033898,0.6596045197740112,0.46779661016949153,0.7798155370032092
2025-06-16,NI,-0.07837992959116599,0.06600080423050136,-0.008466737,-0.01002410110676491,-0.0023109019,-0.05750352738024109,-0.0036879637221305505,0.6779661016949152,0.6758474576271186,0.6769067796610169,0.6899717514124293,0.5669491525423729,0.7251827207514623
2025-06-16,NOC,-0.03719550279113079,0.10718523103053657,-0.009720432,-0.011912513407260223,-0.025805771,-0.07781445346751159,-0.005511991686552952,0.5550847457627118,0.4661016949152542,0.510593220338983,0.5310734463276836,0.20593220338983054,0.2939145644404688
2025-06-16,NSC,0.037016582252471536,0.1813973160741389,-0.008920509,-0.006706493968829597,0.0018750131,-0.047851941722222124,-0.004862908947101858,0.6398305084745762,0.8305084745762712,0.7351694915254237,0.6963276836158192,0.8152542372881357,0.7891892898181372
2025-06-16,NVR,-0.08068358880473789,0.06369714501692947,-0.015941605,-0.019078448011397405,-0.023829311,-0.05780539600207152,-0.014139492205988521,0.09745762711864407,0.07627118644067797,0.08686440677966102,0.07768361581920905,0.20847457627118646,0.15650337524764288
2025-06-16,NWS,-0.22067994541332778,-0.07629921159166042,-0.010035857,-0.012503710625094092,-0.013439,-0.05313291363415,-0.00547097364643365,0.5169491525423728,0.4025423728813559,0.4597457627118644,0.49858757062146886,0.5491525423728814,0.47474986405233355
2025-06-16,NWSA,-0.21434631149213254,-0.06996557767046518,-0.011222815,-0.012679040406217678,-0.009163618,-0.05421586903737694,-0.007261701435837723,0.3855932203389831,0.3961864406779661,0.3908898305084746,0.40042372881355925,0.5398305084745763,0.5008270608077715
2025-06-16,O,-0.11980678167290201,0.024573952148765343,-0.0077711204,-0.006143683813326965,-0.0053569674,-0.04642465656142317,-0.003525751805606516,0.7415254237288136,0.9004237288135594,0.8209745762711864,0.79590395480226,0.7694915254237288,0.6871315827249755
2025-06-16,OMC,-0.0780760077850433,0.06630472603662406,-0.01837864,-0.02315452508504275,-0.027754664,-0.057194042306929246,-0.015622019190507517,0.03389830508474576,0.0423728813559322,0.03813559322033898,0.03813559322033898,0.17627118644067796,0.06941877477636944
2025-06-16,ORLY,-0.03953842257571691,0.10484231124595045,-0.009056281,-0.010103128885010637,0.005024612,-0.050598682423924034,-0.004409382375447182,0.6228813559322034,0.6567796610169492,0.6398305084745763,0.6440677966101696,0.790677966101695,0.8143064460582754
2025-06-16,OTIS,-0.23260050483535066,-0.08821977101368329,-0.010402928,-0.011648597186538075,-0.017545015,-0.05719762159028283,-0.007993748682263463,0.4872881355932203,0.5211864406779662,0.5042372881355932,0.45056497175141236,0.33644067796610166,0.391260007403725
2025-06-16,PAYX,-0.3943279280430575,-0.24994719422139017,-0.008060641,-0.00682880398726589,-0.0018501282,-0.05340447241913384,-0.0015096355704534957,0.7203389830508474,0.826271186440678,0.7733050847457628,0.7994350282485876,0.7347457627118645,0.7615745477174043
2025-06-16,PCG,-0.03798726086265565,0.1063934729590117,-0.024026964,-0.038049626976502,-0.008465052,-0.06617010725710479,-0.01982596992120885,0.00423728813559322,0.00847457627118644,0.006355932203389831,0.009887005649717513,0.2932203389830509,0.369642924970127
2025-06-16,PEG,-0.16494356511650884,-0.020562831294841488,-0.012307307,-0.01284592872258179,0.004339248,-0.05956542130394688,-0.008735663923875783,0.2966101694915254,0.3220338983050847,0.30932203389830504,0.2966101694915254,0.5084745762711865,0.6883654414748901
2025-06-16,PEP,0.004145436964555965,0.14852617078622332,-0.015983624,-0.015119504326689613,-0.022527695,-0.04346461881863649,-0.013622175428033251,0.0847457627118644,0.1906779661016949,0.13771186440677965,0.11581920903954801,0.4754237288135594,0.174361031518001
2025-06-16,PFE,-0.03286960137813595,0.1115111324435314,-0.012676305,-0.01284592872258179,0.006166637,-0.05927624891410999,-0.008572168145182368,0.2457627118644068,0.3220338983050847,0.2838983050847458,0.28672316384180785,0.5347457627118645,0.6964307522692418
2025-06-16,PG,-0.25957083606991566,-0.11519010224824831,-0.013198339,-0.01284592872258179,-0.0027793944,-0.052712466004543844,-0.008702534403071869,0.19915254237288135,0.3220338983050847,0.260593220338983,0.26694915254237284,0.6135593220338983,0.5470803367120518
2025-06-16,PGR,-0.3040404764767881,-0.15965974265512073,-0.007740627,-0.01013343955623463,0.009594053,-0.054466638134211126,-0.004170171503410719,0.7457627118644068,0.6292372881355932,0.6875,0.682909604519774,0.7516949152542374,0.8966500017323474
2025-06-16,PM,-0.3223468222708167,-0.1779660884491493,0.00029585604,0.02148441075922996,-0.0050145388,-0.04493906095883718,0.005318836273001124,0.9915254237288136,1.0,0.9957627118644068,0.9971751412429377,0.828813559322034,0.781924726698953
2025-06-16,PNW,-0.14137479103719583,0.003005942784471527,-0.009570664,-0.011410626906515996,-0.0041397214,-0.048571733023430694,-0.005973291501166259,0.5720338983050848,0.5529661016949152,0.5625,0.5515536723163842,0.7076271186440678,0.6391539940493504
2025-06-16,POOL,-0.30727555423282216,-0.16289482041115477,-0.016921619,-0.015973508382335282,-0.03155577,-0.057194042306929246,-0.014273325372053508,0.059322033898305086,0.1461864406779661,0.1027542372881356,0.08545197740112993,0.1516949152542373,0.03460058790362897
2025-06-16,PPL,-0.12222111035865565,0.022159623463011698,-0.009676314,-0.011410626906515996,-0.009252459,-0.050598682423924034,-0.0051140204077330265,0.559322033898305,0.5529661016949152,0.5561440677966101,0.5713276836158192,0.6364406779661017,0.5603188401960559
2025-06-16,PSA,-0.21696464957142034,-0.07258391574975298,-0.010702058,-0.01281323942045681,-0.013520896,-0.05661120862468935,-0.007910005494800521,0.4576271186440678,0.375,0.4163135593220339,0.394774011299435,0.3974576271186441,0.44696107465464874
2025-06-16,REG,-0.16718795636923364,-0.02280722254756629,-0.012241587,-0.01284592872258179,0.012073457,-0.05628069858811147,-0.008073126060254295,0.3008474576271186,0.3220338983050847,0.31144067796610164,0.3192090395480226,0.638135593220339,0.7512164561426283
2025-06-16,RMD,-0.14011234310790407,0.004268390713763282,-0.009429915,-0.008277917444015645,-0.0037875772,-0.06546282595263908,-0.0022648539296677393,0.597457627118644,0.7838983050847458,0.6906779661016949,0.7274011299435028,0.5008474576271187,0.6649098472265033
2025-06-16,ROL,-0.06476755463066138,0.07961317919100598,-0.005964889,-0.006623712644704049,-0.01136294,-0.049527419823596194,0.0008752367331236813,0.8898305084745762,0.8580508474576272,0.8739406779661016,0.8975988700564972,0.702542372881356,0.629557452820309
2025-06-16,ROP,-0.3478629208537206,-0.20348218703205326,-0.009173889,-0.010103128885010637,-0.010792732,-0.05380111627951943,-0.005567441874474189,0.614406779661017,0.6567796610169492,0.6355932203389831,0.6115819209039548,0.5584745762711866,0.5450937100616994
2025-06-16,ROST,0.24010130563440266,0.38448203945607,-0.015677864,-0.015720959723028324,-0.023771524,-0.05869914930359759,-0.009769953204686547,0.11440677966101695,0.17584745762711865,0.1451271186440678,0.1687853107344633,0.2245762711864407,0.1685679603275515
2025-06-16,RSG,-0.2907907241982328,-0.14640999037656544,-0.0055950964,-0.006623712644704049,-0.018618524,-0.04691896851480887,0.0008091709489374804,0.9110169491525424,0.8580508474576272,0.8845338983050848,0.9032485875706215,0.6711864406779662,0.5329847382073561
2025-06-16,RTX,0.020465023556935497,0.16484575737860285,-0.004642586,-0.013358500256181297,-0.015678942,-0.08330778781244279,-0.0005380084546336306,0.9576271186440678,0.25,0.603813559322034,0.7019774011299436,0.33728813559322035,0.5802262905552855
2025-06-16,SBAC,-0.2998384845290011,-0.15545775070733373,-0.0069931643,-0.0056082509211688725,-0.019545496,-0.056003135047779054,-0.003531888576363329,0.8516949152542372,0.9449152542372882,0.8983050847457628,0.846045197740113,0.44491525423728817,0.4867213000165573
2025-06-16,SHW,-0.1517075098219852,-0.007326776000317836,-0.012330799,-0.013389150467069549,0.00271672,-0.05654638269032174,-0.007812613360665379,0.2923728813559322,0.24152542372881355,0.2669491525423729,0.2966101694915254,0.5847457627118644,0.6753227422378508
2025-06-16,SJM,-0.057523902607093474,0.08685683121457388,-0.015342981,-0.016302390375533042,-0.030599058,-0.06526604114065258,-0.011626738019534028,0.13559322033898305,0.13559322033898305,0.13559322033898305,0.13559322033898305,0.1076271186440678,0.07292567046032786
2025-06-16,SNA,0.0023313405516791896,0.14671207437334655,-0.014024281,-0.016796249632347292,-0.02250892,-0.05535137961308197,-0.01042086623884126,0.1694915254237288,0.11864406779661017,0.1440677966101695,0.15536723163841806,0.32881355932203393,0.20783635182680824
2025-06-16,SO,-0.1610302916296946,-0.016649557808027234,-0.008681555,-0.008838018662282456,-0.0032713711,-0.050598682423924034,-0.003735719778318382,0.6652542372881356,0.7415254237288136,0.7033898305084746,0.7048022598870056,0.7186440677966103,0.6962224804843737
2025-06-16,SPGI,-0.15863616912724818,-0.014255435305580823,-0.010610684,-0.011765911826864931,-0.013616264,-0.03740995070118293,-0.006061535552264378,0.4703389830508475,0.4957627118644068,0.48305084745762716,0.4929378531073446,0.6618644067796611,0.449538380695153
2025-06-16,STE,-0.038884609181036395,0.10549612464063096,-0.0066889506,-0.0056082509211688725,-0.010248005,-0.05021825447409937,-0.0007651774680303425,0.864406779661017,0.9449152542372882,0.9046610169491526,0.9011299435028248,0.6872881355932204,0.6444057814533091
2025-06-16,STZ,-0.24789691414625564,-0.1035161803245883,-0.023224462,-0.023459710847967677,-0.011663526,-0.06457322509594603,-0.0225847054878787,0.00847457627118644,0.03389830508474576,0.0211864406779661,0.01694915254237288,0.26440677966101694,0.3081889452560591
2025-06-16,SYK,-0.19314491898450856,-0.0487641851628412,-0.009984653,-0.011765911826864931,-0.02051425,-0.05346431209193905,-0.005334486440032379,0.5296610169491526,0.4957627118644068,0.5127118644067796,0.538135593220339,0.47372881355932206,0.3621266287018028
2025-06-16,SYY,-0.1518298168571562,-0.007449083035488858,-0.012526051,-0.012711729708342659,-0.0009635389,-0.054067471860085696,-0.00831231489416373,0.2627118644067797,0.3898305084745763,0.326271186440678,0.3220338983050847,0.6305084745762712,0.6208405986642472
2025-06-16,T,-0.22726288595653116,-0.08288215213486382,-0.004573713,-0.008215173088944216,-0.022842199,-0.05608576799541771,0.00023661362780782146,0.961864406779661,0.7944915254237288,0.8781779661016949,0.8919491525423728,0.4474576271186441,0.4785999340244333
2025-06-16,TAP,-0.1805856399544382,-0.036204906132770824,-0.016722247,-0.017713614701842427,-0.025222361,-0.04021712251250189,-0.012992060452450353,0.06779661016949153,0.08898305084745763,0.07838983050847458,0.08333333333333333,0.4627118644067797,0.1256128916634359
2025-06-16,TDG,-0.13426208075918009,0.01011865306248727,-0.008047899,-0.005717479103991596,-0.0067823827,-0.053586627827428714,-0.002003036459942778,0.7245762711864406,0.9194915254237288,0.8220338983050848,0.8206214689265536,0.6610169491525424,0.6668263712445179
2025-06-16,TDY,-0.0973411193115836,0.04703961451008376,-0.01030673,-0.011765911826864931,-0.022419572,-0.05654638269032174,-0.005947048612518267,0.4957627118644068,0.4957627118644068,0.4957627118644068,0.5098870056497176,0.36016949152542377,0.32782960109795667
2025-06-16,TJX,0.11286617876646846,0.2572469125881358,-0.010942262,-0.014154507191966863,-0.0036363602,-0.055879962383269505,-0.004575444748318999,0.4322033898305085,0.2076271186440678,0.31991525423728817,0.4251412429378531,0.5991525423728814,0.6140920053689555
2025-06-16,TMUS,-0.21326478470363316,-0.06888405088196581,-0.009450797,-0.008496252645191011,-0.0011359453,-0.07379026685827461,-0.007147741715899725,0.5932203389830508,0.7754237288135594,0.6843220338983051,0.5988700564971751,0.45932203389830517,0.7255665985058557
2025-06-16,TRV,-0.08163749804939543,0.06274323577227192,-0.008255053,-0.006143683813326965,-0.0073159933,-0.056917044230789415,-0.0036822812758386045,0.7076271186440678,0.9004237288135594,0.8040254237288136,0.7761299435028248,0.5271186440677966,0.6452586106547379
2025-06-16,TSCO,-0.0895830997571194,0.05479763406454796,-0.0123384725,-0.01284592872258179,0.008497268,-0.07923413233466181,-0.009375572021521384,0.288135593220339,0.3220338983050847,0.30508474576271183,0.2796610169491525,0.4576271186440678,0.7226882374723935
2025-06-16,TSN,-0.09873534497229183,0.04564538884937552,-0.0131799,-0.012184609644941263,-0.018024445,-0.04943454871791005,-0.010285837504385047,0.2033898305084746,0.4449152542372881,0.3241525423728814,0.27824858757062143,0.4932203389830509,0.2874560665214747
2025-06-16,TTWO,-0.10328948116389045,0.04109125265777692,-0.0037826123,-0.013929826385833358,-0.010233521,-0.06519658903036041,0.0006655592116244311,0.9703389830508474,0.2288135593220339,0.5995762711864406,0.7076271186440678,0.4627118644067797,0.6831515075468523
2025-06-16,TYL,-0.35169778263265616,-0.20731704881098878,-0.012354778,-0.01284592872258179,-0.0007277131,-0.05654638269032174,-0.00852183871385397,0.2838983050847458,0.3220338983050847,0.3029661016949152,0.3008474576271186,0.5508474576271186,0.6356805615108763
2025-06-16,UDR,-0.2735737081473968,-0.1291929743257294,-0.012218818,-0.01284592872258179,0.0019119382,-0.05682223252512045,-0.009133381481694803,0.3050847457627119,0.3220338983050847,0.3135593220338983,0.2909604519774011,0.5415254237288136,0.6715204879727499
2025-06-16,UNP,-0.0641131204021159,0.08026761341955145,-0.011241751,-0.01284592872258179,0.011038065,-0.05654638269032174,-0.008036921938189992,0.3813559322033898,0.3220338983050847,0.35169491525423724,0.34745762711864403,0.6237288135593221,0.7727124816676543
2025-06-16,V,-0.22759209811016443,-0.08321136428849707,-0.007994007,-0.007004763996197894,-0.002426684,-0.053586627827428714,-0.000504299161564848,0.7288135593220338,0.8220338983050848,0.7754237288135593,0.8177966101694915,0.7237288135593221,0.743799169469535
2025-06-16,VICI,-0.25653324857539284,-0.11215251475372545,-0.0074150423,-0.008730035655558006,-0.009287536,-0.05125872046598431,-0.004365176152951274,0.8135593220338984,0.75,0.7817796610169492,0.7401129943502824,0.6364406779661017,0.6409412216680193
2025-06-16,VLTO,-0.11982152984313596,0.024559203978531396,-0.013153485,-0.01284592872258179,0.009490192,-0.05654638269032174,-0.008997484219001645,0.2076271186440678,0.3220338983050847,0.26483050847457623,0.2612994350282486,0.6016949152542372,0.7046146524374739
2025-06-16,VMC,0.0013004088096573718,0.14568114263132473,-0.011967769,-0.013962689755911258,-0.0042124987,-0.0556854252075219,-0.006496412217652214,0.3135593220338983,0.22033898305084745,0.2669491525423729,0.3347457627118644,0.5601694915254238,0.5488449722784325
2025-06-16,VRSK,-0.4304645888470561,-0.2860838550253887,-0.008259781,-0.005717479103991596,-0.000983417,-0.05202008867524661,-0.0012410156655194605,0.7033898305084746,0.9194915254237288,0.8114406779661016,0.8333333333333334,0.7737288135593221,0.7783183144529502
2025-06-16,VRSN,-0.25534352052031034,-0.110962786698643,-0.00081105717,0.006152275331438927,-0.01120007,-0.04991206402334295,0.0048525004638220025,0.9830508474576272,0.9872881355932204,0.9851694915254238,0.9872881355932204,0.6983050847457627,0.6644631071605401
2025-06-16,VRTX,-0.14426756766032442,0.00011316616134293689,-0.0075002285,-0.009746675952925311,-0.014903903,-0.06512765142022534,-0.00879166563005288,0.7966101694915254,0.6991525423728814,0.7478813559322034,0.5861581920903954,0.28135593220338984,0.5279308584618828
2025-06-16,VTR,0.1652624170903597,0.30964315091202704,-0.008484375,-0.006319876419395955,-0.0028281212,-0.0530747884402557,-0.005884363703050115,0.673728813559322,0.885593220338983,0.7796610169491525,0.7019774011299434,0.6584745762711864,0.7088838598095988
2025-06-16,VZ,-0.12432817610827326,0.020052557713394092,-0.008832301,-0.010103128885010637,-0.0073717237,-0.05418331891658232,-0.004503399285666076,0.6567796610169492,0.6567796610169492,0.6567796610169492,0.6511299435028248,0.6067796610169492,0.623684825517681
2025-06-16,WBA,,,-0.0056282002,-0.0056942176396371676,-0.02334711,-0.07981577309030762,-0.0013787381371946177,0.9067796610169492,0.9300847457627118,0.9184322033898304,0.9004237288135594,0.2745762711864407,0.45076194907852807
2025-06-16,WEC,-0.12162593219745862,0.022754801624208728,-0.0077244993,-0.01013343955623463,0.0042737126,-0.047884955393558956,-0.0032087090498720307,0.75,0.6292372881355932,0.6896186440677966,0.7182203389830508,0.8567796610169492,0.8486864227191544
2025-06-16,WELL,0.18936842353051733,0.3337491573521847,-0.0054137735,-0.0056942176396371676,-0.033854783,-0.05514259936968545,-0.001337801468621263,0.9279661016949152,0.9300847457627118,0.9290254237288136,0.9088983050847457,0.39237288135593223,0.3407652153167221
2025-06-16,WM,-0.2402601589499372,-0.09587942512826986,-0.0075259246,-0.005717479103991596,-0.008778393,-0.04584315465312918,-0.0018931136728120232,0.7923728813559322,0.9194915254237288,0.8559322033898304,0.847457627118644,0.7542372881355933,0.6488621746948331
2025-06-16,WMB,-0.07640615321966755,0.0679745806019998,-0.0076177227,-0.009175104582692165,-0.007478893,-0.06118146586111483,-0.0035040176917162224,0.7669491525423728,0.7182203389830508,0.7425847457627118,0.7450564971751412,0.47203389830508474,0.6602880628377268
2025-06-16,WMT,0.06331396177592158,0.20769469559758894,-0.011515735,-0.019179459028363797,-0.012515068,-0.05670831312318797,-0.0033324118822767868,0.3601694915254237,0.06567796610169492,0.2129237288135593,0.39618644067796605,0.47966101694915253,0.43230670123271187
2025-06-16,WRB,-0.2220372148585604,-0.07765648103689304,-0.0049276724,-0.008579305059685755,-0.007986337,-0.05447325356717997,0.0023146236601767328,0.9449152542372882,0.7669491525423728,0.8559322033898304,0.8954802259887005,0.6508474576271187,0.7140155517028577
2025-06-16,WTW,-0.062386381290713694,0.08199435253095366,-0.012958915,-0.010707722004478556,-0.018989325,-0.047471604912166995,-0.00949960938139281,0.2245762711864407,0.5889830508474576,0.4067796610169492,0.346045197740113,0.5161016949152543,0.28179446890173454
2025-06-16,WY,-0.2678559842366338,-0.12347525041496643,-0.0119132595,-0.012389513771742649,-0.0065513253,-0.05682223252512045,-0.010419811799225034,0.3177966101694915,0.4152542372881356,0.3665254237288136,0.30508474576271183,0.43389830508474575,0.521682212224419
2025-06-16,XEL,0.018195043429751367,0.16257577725141872,-0.0109682195,-0.01281323942045681,0.004786074,-0.05418331891658232,-0.0063057982411117,0.4279661016949153,0.375,0.4014830508474576,0.4314971751412429,0.6991525423728814,0.7400743844531368
2025-06-16,XOM,-0.1085639878498281,0.03581674597183926,-0.009456079,-0.008059620745079233,-0.023924738,-0.055926766154635585,-0.0076138887882986625,0.5889830508474576,0.8050847457627118,0.6970338983050848,0.5918079096045197,0.33728813559322035,0.3252544722288158
2025-06-16,XYL,-0.03489730786543195,0.1094834259562354,-0.008941887,-0.005730103412141552,-0.010858893,-0.035136973468161636,-0.004411901502890448,0.635593220338983,0.9110169491525424,0.7733050847457628,0.731638418079096,0.7211864406779661,0.5514273036962077
2025-06-16,YUM,-0.11644930839899212,0.02793142542267524,-0.008680551,-0.005980641216045468,-0.014653981,-0.04894245782420547,-0.00691806487666335,0.6694915254237288,0.9067796610169492,0.788135593220339,0.673728813559322,0.5788135593220339,0.4952785349814485
2025-06-16,ZBH,-0.11103450774300813,0.033346226078659225,-0.016207907,-0.02316035986635933,-0.02603817,-0.061048447987017404,-0.013053867509858586,0.07203389830508475,0.038135593220338986,0.05508474576271187,0.06638418079096045,0.15847457627118644,0.11330276204939499
2025-06-16,ZTS,-0.40851190769113144,-0.2641311738694641,-0.011667223,-0.01284592872258179,-0.0119095445,-0.08139015602871055,-0.008458827753121852,0.3474576271186441,0.3220338983050847,0.3347457627118644,0.3234463276836158,0.2601694915254238,0.42537674655985735
2025-12-05,ABBV,-0.13024244447460098,-0.018759359693366062,-0.014015004,-0.010762499151682897,-0.01612699,-0.004260548614790174,-0.013560986585760021,0.8976377952755905,0.8661417322834646,0.8818897637795275,0.8832020997375327,0.6929133858267716,0.712553962909153
2025-12-05,ABT,-0.39103967482536306,-0.27955659004412814,-0.022963652,-0.015000893803323829,-0.02111417,-0.016506330963011216,-0.02537009784406015,0.29133858267716534,0.5846456692913385,0.43799212598425197,0.38648293963254593,0.3480314960629921,0.40760643419476933
2025-12-05,ACGL,-0.14799066786562443,-0.036507583084389506,-0.020708721,-0.022759608218785483,-0.033875704,0.021375340570817324,-0.021219876949199266,0.4015748031496063,0.28346456692913385,0.3425196850393701,0.3700787401574803,0.5086614173228347,0.22745087581761278
2025-12-05,ADM,0.33189461324516034,0.44337769802639526,-0.017220017,-0.015248946478420362,0.00047767162,0.018216669340165245,-0.013764860249717892,0.7204724409448819,0.5748031496062992,0.6476377952755905,0.7217847769028871,0.9110236220472442,0.8632292575907006
2025-12-05,ADP,-0.20461840500847628,-0.09313532022724136,-0.026078105,-0.022892489408726013,-0.02409494,-0.022817720245523726,-0.03030565233990413,0.10236220472440945,0.2421259842519685,0.17224409448818898,0.14763779527559054,0.23858267716535436,0.30985986970101265
2025-12-05,ADSK,-0.3262546692407724,-0.21477158445953745,-0.02006953,-0.01751294484640312,-0.014136851,-0.016768787620554098,-0.02070466049648408,0.4645669291338583,0.4763779527559055,0.4704724409448819,0.46325459317585294,0.4440944881889764,0.5781179585548856
2025-12-05,AEE,-0.0212757611694685,0.09020732361176644,-0.01883441,-0.013758032935984186,-0.01956749,0.0003405219472549978,-0.01840046616515132,0.5905511811023622,0.6771653543307087,0.6338582677165354,0.6286089238845144,0.6456692913385828,0.5380361328329886
2025-12-05,AEP,0.0035730713833661415,0.11505615616460108,-0.01506383,-0.00855405535297053,-0.026403368,0.004277531399461023,-0.013480886536445847,0.8700787401574803,0.9606299212598425,0.9153543307086613,0.9068241469816273,0.6535433070866142,0.5186509801562292
2025-12-05,AFL,-0.04887660688070318,0.06260647790053175,-0.018340282,-0.01417724370808895,-0.019023657,0.0014862027905710598,-0.018184219238365176,0.6338582677165354,0.6437007874015748,0.6387795275590551,0.6384514435695537,0.6661417322834646,0.5681295755568284
2025-12-05,AIG,-0.133571351344967,-0.022088266563732084,-0.024194106,-0.030373961342378467,-0.042344064,-0.016506330963011216,-0.026715469947103866,0.20078740157480315,0.11614173228346457,0.15846456692913385,0.17519685039370075,0.16929133858267714,0.11236702686051805
2025-12-05,AIZ,0.013559809612524884,0.12504289439375982,-0.016724575,-0.014429319641583132,-0.005409837,-0.010281003605601292,-0.01567834141565878,0.7440944881889764,0.6122047244094488,0.6781496062992126,0.7119422572178478,0.7007874015748032,0.8158125244306619
2025-12-05,AJG,-0.24371296636564466,-0.13222988158440974,-0.029459907,-0.042061511965021975,-0.016154349,-0.03332394209500268,-0.033431499672120724,0.01968503937007874,0.03937007874015748,0.02952755905511811,0.028871391076115485,0.2574803149606299,0.3970770039113094
2025-12-05,ALL,-0.05289168825055347,0.05859139653068146,-0.02012923,-0.020299253142861056,-0.028778404,-0.016506330963011216,-0.019438459033724324,0.4566929133858268,0.35826771653543305,0.4074803149606299,0.4593175853018372,0.3173228346456693,0.3300825340701512
2025-12-05,ALLE,-0.29100263947317695,-0.17951955469194203,-0.015171358,-0.00862793340014302,-0.006120801,-0.006565575513186637,-0.01462789966153517,0.8582677165354331,0.9566929133858267,0.9074803149606299,0.879265091863517,0.7488188976377953,0.847307811500989
2025-12-05,AMCR,-0.15239698807299562,-0.0409139032917607,-0.024325734,-0.03411146426605581,-0.040597916,-0.02234747151469784,-0.0264940650888364,0.1889763779527559,0.09645669291338582,0.14271653543307086,0.16863517060367453,0.1220472440944882,0.11123805832850253
2025-12-05,AME,0.03321009572325549,0.14469318050449043,-0.01674783,-0.014429319641583132,-0.0075528026,-0.005583898757875063,-0.016622801099431282,0.7362204724409449,0.6122047244094488,0.6742125984251969,0.6896325459317585,0.7299212598425198,0.7814186042538258
2025-12-05,AMGN,-0.07474745705462318,0.03673562772661176,-0.016370932,-0.01197343780620952,-0.006490171,-0.013202696439019657,-0.013803111492674273,0.7834645669291339,0.7913385826771654,0.7874015748031497,0.8097112860892388,0.6559055118110237,0.8155107321992292
2025-12-05,AMT,-0.07869344422833759,0.03278964055289735,-0.026611375,-0.022892489408726013,-0.026192695,0.00389808729397994,-0.030421214250538675,0.08661417322834646,0.2421259842519685,0.16437007874015747,0.13976377952755906,0.48740157480314966,0.24113370669488862
2025-12-05,AON,-0.18338811997167848,-0.07190503519044356,-0.021337498,-0.018805175611923273,-0.025871217,-0.00682341802095534,-0.022908656741178892,0.3661417322834646,0.41141732283464566,0.3887795275590551,0.3733595800524935,0.44409448818897646,0.34533332199222605
2025-12-05,AOS,-0.2572025192107588,-0.14571943442952387,-0.018569151,-0.010968394583291094,-0.016712189,-0.009560783629747405,-0.019516895383147152,0.6141732283464567,0.8503937007874016,0.7322834645669292,0.6732283464566929,0.5590551181102362,0.5975944458225841
2025-12-05,APD,0.08780738394981034,0.19929046873104528,-0.0229635,-0.015000893803323829,-0.019975573,-0.011681913316857336,-0.02516582643921916,0.2952755905511811,0.5846456692913385,0.43996062992125984,0.3891076115485564,0.4385826771653544,0.42166979726999193
2025-12-05,ATO,-0.09007061494509051,0.02141246983614442,-0.016177136,-0.013896331219749172,-0.015415728,0.004277531399461023,-0.015490596173374845,0.7952755905511811,0.6653543307086615,0.7303149606299213,0.7480314960629921,0.751968503937008,0.6836078333934932
2025-12-05,AVB,-0.05767118995066213,0.053811894830572804,-0.025352973,-0.022892489408726013,-0.02667433,-0.019360833205710817,-0.028716247443707127,0.1220472440944882,0.2421259842519685,0.18208661417322836,0.16994750656167978,0.2259842519685039,0.24665079519809716
2025-12-05,AVY,-0.21125969793165678,-0.09977661315042186,-0.019966777,-0.0185889351892053,-0.029706359,-0.009344368446549678,-0.021772373672206975,0.4763779527559055,0.4389763779527559,0.4576771653543307,0.4350393700787401,0.38503937007874023,0.3148502920778729
2025-12-05,AWK,-0.13523145957640015,-0.023748374795165228,-0.02326584,-0.02498537721918954,-0.03356108,0.037972614857500114,-0.025095956816509574,0.2677165354330709,0.14173228346456693,0.20472440944881892,0.23359580052493437,0.49763779527559054,0.18219821611163742
2025-12-05,AZO,-0.30729080802872477,-0.19580772324748982,-0.01883034,-0.008702855467752584,-0.013646007,0.043685505326829625,-0.019652433815204318,0.594488188976378,0.9507874015748031,0.7726377952755905,0.6961942257217848,0.7622047244094488,0.6312580045551165
2025-12-05,BAC,-0.13232392123923065,-0.020840836457995726,-0.013196893,-0.010762499151682897,-0.0064410567,-0.0017223160239710725,-0.013252378915005894,0.9212598425196851,0.8661417322834646,0.8937007874015748,0.8989501312335958,0.8283464566929135,0.8652870389686349
2025-12-05,BALL,0.022630527964278654,0.1341136127455136,-0.025063075,-0.03411146426605581,-0.039111316,-0.02148209386579957,-0.027229030204472673,0.15748031496062992,0.09645669291338582,0.12696850393700787,0.14238845144356954,0.12125984251968504,0.10468741674684381
2025-12-05,BDX,-0.13581959877000482,-0.024336513988769903,-0.01637389,-0.011932974302502465,0.0030451417,-0.005728677963148989,-0.016210128480928114,0.7795275590551181,0.7952755905511811,0.7874015748031495,0.7742782152230971,0.7834645669291338,0.8927081218835956
2025-12-05,BF-B,-0.27665123624539145,-0.16516815146415653,-0.01441827,-0.011631398854898278,0.004597068,-0.014117458663003875,-0.016372542997593657,0.889763779527559,0.8188976377952756,0.8543307086614174,0.816272965879265,0.6708661417322835,0.9444708893052745
2025-12-05,BG,0.3100473488548698,0.4215304336361047,-0.017403984,-0.012226552138089519,-0.032349527,-0.013784564675580277,-0.013061921356990008,0.7125984251968503,0.7637795275590551,0.7381889763779528,0.7965879265091862,0.38740157480314963,0.3578362646090182
2025-12-05,BIIB,-0.06498563811680746,0.04649744666442747,-0.008075665,-0.019054880135965357,-0.0086326,-0.0100784738427061,-0.010322907917691363,0.9960629921259843,0.4015748031496063,0.6988188976377953,0.7887139107611548,0.7118110236220473,0.8561772915724274
2025-12-05,BMY,-0.034034584503992674,0.07744850027724226,-0.017470492,-0.018224644081755347,-0.04678285,-0.016305515101174613,-0.019365806956651,0.6968503937007874,0.44881889763779526,0.5728346456692913,0.5721784776902887,0.24015748031496065,0.27617450891060497
2025-12-05,BR,-0.42439652129185984,-0.3129134365106249,-0.021811353,-0.017706743581206334,-0.01805991,-0.0022552295064516966,-0.023899631903731677,0.33070866141732286,0.4645669291338583,0.39763779527559057,0.36876640419947504,0.5858267716535434,0.4720145509935316
2025-12-05,BRK-B,-0.16320965126438783,-0.05172656648315289,-0.019934218,-0.02038545761291345,-0.031012535,-0.0022552295064516966,-0.020319340212558185,0.48031496062992124,0.3346456692913386,0.4074803149606299,0.42782152230971127,0.4771653543307087,0.30029430586408695
2025-12-05,BRO,-0.3787895048164863,-0.2673064200352514,-0.030473227,-0.040521640557049377,-0.012777418,-0.038724942189301864,-0.03546741113915668,0.011811023622047244,0.0610236220472441,0.036417322834645674,0.02952755905511811,0.28031496062992134,0.4422737363214765
2025-12-05,BSX,-0.6033841699699649,-0.49190108518873,-0.022291735,-0.030205002265686506,-0.037243813,-0.012839638179700463,-0.02230518424195492,0.3110236220472441,0.12598425196850394,0.21850393700787402,0.2637795275590551,0.27086614173228346,0.172805021160162
2025-12-05,CAG,-0.32572048827183386,-0.21423740349059892,-0.02729723,-0.04615365047538282,-0.024167866,-0.031167425752163067,-0.033447635598339624,0.05511811023622047,0.02952755905511811,0.04232283464566929,0.03608923884514435,0.18582677165354333,0.2898149354791802
2025-12-05,CAH,-0.12677178777088594,-0.015288702989651013,-0.013061485,0.00034468615431287517,-0.0065819323,0.028436038708257227,-0.010612089207896032,0.9251968503937008,0.9803149606299213,0.9527559055118111,0.9553805774278215,0.9007874015748032,0.8627406802193951
2025-12-05,CB,-0.057781211550401064,0.05370187323083387,-0.01989501,-0.01879329730238168,-0.035669267,0.02123866798326943,-0.020005283664887196,0.484251968503937,0.41732283464566927,0.4507874015748031,0.4724409448818897,0.515748031496063,0.2419603768600721
2025-12-05,CBOE,-0.018166781800368348,0.09331630298086659,-0.016617808,-0.013673999662054813,-0.01386413,0.06314223878267419,-0.015333259924559462,0.7559055118110236,0.7165354330708661,0.7362204724409449,0.7572178477690288,0.8181102362204725,0.6860398085320879
2025-12-05,CBRE,-0.28865020549319265,-0.17716712071195773,-0.014142773,-0.011082843747534913,-0.0035836995,-0.005623774177541386,-0.013784779621144244,0.8937007874015748,0.8405511811023622,0.8671259842519685,0.8667979002624672,0.7811023622047245,0.8829261156634056
2025-12-05,CCI,-0.09716392111985651,0.01431916366137842,-0.024012856,-0.024069313194085343,-0.031191349,-0.01354093097257533,-0.025912145354113923,0.21653543307086615,0.17519685039370078,0.19586614173228345,0.21456692913385825,0.2724409448818898,0.20217945010229318
2025-12-05,CF,0.3711932821634081,0.482676366944643,-0.028690742,-0.05069665546216001,-0.021778047,-0.03177391334906437,-0.03123815439718485,0.023622047244094488,0.007874015748031496,0.015748031496062992,0.03412073490813648,0.2078740157480315,0.30320821505493306
2025-12-05,CHD,0.07420157387853175,0.1856846586597667,-0.025504705,-0.022892489408726013,-0.029093444,0.0033276827289906627,-0.029722842450694335,0.11811023622047244,0.2421259842519685,0.18011811023622046,0.15682414698162728,0.4551181102362205,0.19640425573355066
2025-12-05,CINF,-0.12100893054953689,-0.009525845768301955,-0.016844433,-0.01341087191807429,-0.005848676,-0.008520006572038946,-0.016162510988583435,0.7322834645669292,0.7322834645669292,0.7322834645669292,0.7401574803149606,0.7141732283464568,0.8062552396645039
2025-12-05,CL,0.06263926106780858,0.1741223458490435,-0.02524215,-0.023640560069971606,-0.031569153,0.033044588404476424,-0.029520519918453343,0.13385826771653545,0.1889763779527559,0.16141732283464566,0.14566929133858267,0.4748031496062992,0.16124266127916692
2025-12-05,CLX,-0.20228750852184996,-0.09080442374061504,-0.025722276,-0.022892489408726013,-0.021939069,-0.021112576302049213,-0.02919131400358993,0.11023622047244094,0.2421259842519685,0.17618110236220472,0.15813648293963253,0.26456692913385826,0.328230707242801
2025-12-05,CMCSA,-0.09318248669508213,0.01830059808615281,-0.028285831,-0.041053485952136565,-0.019508362,-0.030738889969934128,-0.03249105318808612,0.027559055118110236,0.051181102362204724,0.03937007874015748,0.03805774278215223,0.22755905511811023,0.341661299651798
2025-12-05,CME,-0.1585150296032847,-0.04703194482204976,-0.02032687,-0.02162391873907223,-0.031240195,0.05660947787676147,-0.020309007031414857,0.44881889763779526,0.3188976377952756,0.3838582677165354,0.41338582677165353,0.5661417322834645,0.2822897367067069
2025-12-05,CMS,-0.07702625232326145,0.034456832457973485,-0.019631304,-0.020299253142861056,-0.022806525,-0.0022552295064516966,-0.01939041724595281,0.5039370078740157,0.35826771653543305,0.4311023622047244,0.4763779527559055,0.5897637795275591,0.4598502758387845
2025-12-05,CNP,-0.004427463555843697,0.10705562122539124,-0.018159922,-0.01417724370808895,-0.028240383,0.0014862027905710598,-0.018039501015998445,0.6377952755905512,0.6437007874015748,0.640748031496063,0.6437007874015748,0.5645669291338583,0.40263536710690406
2025-12-05,COP,0.16602342159081201,0.27750650637204693,-0.020805415,-0.020299253142861056,-0.025824904,-0.019630553559324766,-0.022135742007566538,0.39763779527559057,0.35826771653543305,0.3779527559055118,0.3753280839895013,0.2803149606299213,0.36154723553440415
2025-12-05,COR,-0.32436437904114,-0.21288129425990507,-0.015290016,-0.009572503076479368,-0.0005736947,0.030278591535805116,-0.01347335485966501,0.8503937007874016,0.9330708661417323,0.8917322834645669,0.8923884514435696,0.926771653543307,0.8969810823223449
2025-12-05,COST,-0.033242225047767984,0.07824085973346695,-0.024031948,-0.023579982168041854,-0.02576828,-0.00682341802095534,-0.027218101277913707,0.2047244094488189,0.19881889763779528,0.2017716535433071,0.19356955380577429,0.41574803149606304,0.2952132897227183
2025-12-05,CPB,-0.3896352105091401,-0.27815212572790515,-0.02301184,-0.012042609293187049,-0.026034653,0.020912109651033912,-0.02639079331376283,0.28346456692913385,0.781496062992126,0.53248031496063,0.4311023622047244,0.5456692913385828,0.31254699945882974
2025-12-05,CPRT,-0.308046460648294,-0.19656337586705908,-0.028034572,-0.046915645871143025,-0.016124755,-0.03013561779921491,-0.032470406453070914,0.03937007874015748,0.01968503937007874,0.02952755905511811,0.03280839895013123,0.27086614173228346,0.40898204358420803
2025-12-05,CPT,-0.05645068918533337,0.05503239559590156,-0.024026416,-0.030346866018420897,-0.034095228,-0.01079330952070289,-0.027091869058885124,0.20866141732283464,0.1220472440944882,0.1653543307086614,0.17191601049868765,0.28188976377952757,0.14987917502707032
2025-12-05,CSCO,0.5291742348223418,0.6406573196035767,-0.013974603,-0.00978451493188111,-0.00093883276,-0.005728677963148989,-0.01277137885778333,0.9015748031496063,0.9291338582677166,0.9153543307086613,0.9199475065616797,0.8007874015748033,0.907286297287172
2025-12-05,CSX,0.16592719288409552,0.27741027766533044,-0.016701456,-0.01341087191807429,-0.012412548,-0.009007782456041908,-0.01579106834011484,0.7480314960629921,0.7322834645669292,0.7401574803149606,0.7519685039370079,0.6559055118110236,0.7157691581960322
2025-12-05,CTAS,-0.15957062033841674,-0.048087535557181815,-0.026472364,-0.022892489408726013,-0.027894676,-0.02068029379889405,-0.03100893095760983,0.09055118110236221,0.2421259842519685,0.16633858267716534,0.13713910761154854,0.1937007874015748,0.21432118237273387
2025-12-05,CTRA,,,-0.0191253,-0.024531966719523953,-0.06973338,-0.016297059914410463,-0.019580078456293434,0.5590551181102362,0.15354330708661418,0.35629921259842523,0.421259842519685,0.22047244094488191,0.20191586397141933
2025-12-05,CTSH,-0.4199780195008416,-0.3084949347196067,-0.02037477,-0.015786636280713053,-0.059099376,-0.01595892918217747,-0.0216130775826105,0.4448818897637795,0.547244094488189,0.49606299212598426,0.4645669291338582,0.19842519685039373,0.1653883386010785
2025-12-05,CTVA,0.08568779126752908,0.19717087604876402,-0.0246455,-0.02413418035765331,-0.032118767,-0.023163892147976716,-0.02669124643050407,0.18110236220472442,0.16535433070866143,0.17322834645669294,0.1863517060367454,0.14960629921259844,0.16918535138831567
2025-12-05,CVS,0.07796409526209368,0.1894471800433286,-0.016197018,-0.011001775737863843,0.006189823,-0.010888332281082715,-0.014356455651990275,0.7913385826771654,0.8464566929133859,0.8188976377952757,0.8267716535433071,0.7606299212598426,0.9241852167186418
2025-12-05,CVX,0.17369802016381097,0.2851811049450459,-0.019196952,-0.015462797672026572,-0.018009722,-0.00559448096276277,-0.018675697660812497,0.5511811023622047,0.5590551181102362,0.5551181102362205,0.5708661417322834,0.6039370078740158,0.5574482963885954
2025-12-05,D,0.049554604890815965,0.1610376896720509,-0.017728744,-0.013758032935984186,-0.010946333,0.0014862027905710598,-0.017412685052389933,0.6692913385826772,0.6771653543307087,0.6732283464566929,0.6758530183727034,0.7566929133858268,0.7126061981322188
2025-12-05,DE,0.13855184421056777,0.2500349289918027,-0.02401291,-0.031061454101694315,-0.046601534,-0.019272094633749605,-0.02585455316696614,0.2125984251968504,0.1062992125984252,0.1594488188976378,0.19160104986876642,0.1456692913385827,0.11235365631429403
2025-12-05,DG,-0.248609391123643,-0.13712630634240808,-0.014866094,-0.007955218133643681,-0.024240434,-0.010993236066690318,-0.018473078410409065,0.8779527559055118,0.9645669291338582,0.921259842519685,0.8188976377952755,0.4779527559055119,0.5730199620446983
2025-12-05,DGX,-0.039605941003227466,0.07187714377800747,-0.020532977,-0.020299253142861056,-0.019199044,0.01884831029317344,-0.020173655635709116,0.41732283464566927,0.35826771653543305,0.38779527559055116,0.42388451443569547,0.6740157480314961,0.4900596540168669
2025-12-05,DHR,-0.32419811655726244,-0.2127150317760275,-0.016521193,-0.011172776545133425,-0.012210369,-0.013202696439019657,-0.015395643475030689,0.7677165354330708,0.8346456692913385,0.8011811023622046,0.7992125984251969,0.5937007874015748,0.7278594311652058
2025-12-05,DIS,-0.16289874454453424,-0.051415659763299315,-0.024968915,-0.022892489408726013,-0.028882861,-0.02046027073560788,-0.02703995954409348,0.16141732283464566,0.2421259842519685,0.20177165354330706,0.19881889763779526,0.20393700787401578,0.21785320962638327
2025-12-05,DLR,0.048879535765568485,0.16036262054680342,-0.022944301,-0.024094421225116555,-0.029254615,-0.01585402539656987,-0.02601143625672021,0.2992125984251969,0.16929133858267717,0.23425196850393704,0.23884514435695536,0.2590551181102362,0.25750316119458216
2025-12-05,DOC,0.09236793368608874,0.20385101846732367,-0.020182684,-0.018623468368533045,-0.021344543,-0.018802324597047764,-0.019955082299983995,0.452755905511811,0.4311023622047244,0.4419291338582677,0.4678477690288713,0.3653543307086614,0.46192515493105335
2025-12-05,DOV,0.001267420712206535,0.11275050549344147,-0.018549414,-0.011917952587071892,-0.024535775,-0.009665687415355008,-0.01818584368371363,0.6220472440944882,0.8011811023622047,0.7116141732283465,0.6856955380577427,0.4921259842519685,0.47549294362140115
2025-12-05,DPZ,-0.3698910594064043,-0.2584079746251694,-0.023724094,-0.025670500459484324,-0.03187242,-0.013910448536325691,-0.025422257895199064,0.24015748031496062,0.13385826771653545,0.18700787401574803,0.21784776902887137,0.26299212598425203,0.19298345959060284
2025-12-05,DRI,0.007464351077692832,0.11894743585892777,-0.027942153,-0.04470539350063148,-0.016182005,-0.028529429597604797,-0.03176713360809211,0.04330708661417323,0.03543307086614173,0.03937007874015748,0.04330708661417323,0.2771653543307087,0.40297792955329187
2025-12-05,DTE,0.0044545029005114145,0.11593758768174635,-0.02115763,-0.018904522863999258,-0.030068934,-0.0022552295064516966,-0.021782826348797045,0.3858267716535433,0.40551181102362205,0.39566929133858264,0.3923884514435695,0.4700787401574803,0.282031630841173
2025-12-05,DUK,-0.0424273404743354,0.06905574430689954,-0.01998579,-0.018623468368533045,-0.019007742,0.04296221920135811,-0.019872326219025106,0.47244094488188976,0.4311023622047244,0.45177165354330706,0.4783464566929134,0.7094488188976379,0.5143356154087795
2025-12-05,DVA,0.49372831625193037,0.6052114010331653,-0.026167002,-0.022892489408726013,-0.027146459,-0.03055256121664616,-0.028821640118642182,0.0984251968503937,0.2421259842519685,0.1702755905511811,0.16076115485564305,0.16850393700787403,0.23614977519619865
2025-12-05,DVN,0.13314068181714545,0.2446237665983804,-0.017842503,-0.013696598067949773,-0.050744295,-0.015635566122334448,-0.017362127510237267,0.6614173228346457,0.7047244094488189,0.6830708661417323,0.6863517060367454,0.26456692913385826,0.2469776927702641
2025-12-05,EA,-0.11707701513873393,-0.005593930357499,-0.009094848,0.01710927707696091,0.0321393,0.004277531399461023,-0.007882192058911101,0.9763779527559056,1.0,0.9881889763779528,0.9921259842519685,0.946456692913386,0.9921231854465409
2025-12-05,ECL,-0.10947189638289091,0.0020111883983440215,-0.021606639,-0.021987419347237722,-0.031748056,-0.012156535083454103,-0.021881336778727032,0.33858267716535434,0.3031496062992126,0.32086614173228345,0.33989501312335957,0.3204724409448819,0.23065052523375534
2025-12-05,ED,-0.006385028222065894,0.10509805655916904,-0.022100765,-0.024858472330360048,-0.039369166,0.05660947787676147,-0.02386322216065503,0.3188976377952756,0.14960629921259844,0.234251968503937,0.26115485564304464,0.4874015748031496,0.15931492672813
2025-12-05,EG,-0.06481374562853318,0.046669339152701765,-0.023940846,-0.024069313194085343,-0.031728864,-0.021977953950947482,-0.02557359339440635,0.22440944881889763,0.17519685039370078,0.1998031496062992,0.22244094488188976,0.1763779527559055,0.1925175775444876
2025-12-05,EIX,0.1884129130453318,0.29989599782656673,-0.012815086,-0.010762499151682897,-0.0057634413,-0.006886402825992116,-0.013754968682182084,0.9291338582677166,0.8661417322834646,0.8976377952755905,0.889763779527559,0.7527559055118112,0.8772054491877576
2025-12-05,EOG,0.16303577416122278,0.2745188589424577,-0.023483101,-0.010791125199264468,-0.018684477,-0.014385070302922458,-0.02568854455053533,0.25984251968503935,0.8582677165354331,0.5590551181102362,0.4606299212598425,0.39842519685039374,0.4422095299549004
2025-12-05,EQIX,0.35213059060222224,0.46361367538345716,-0.02640076,-0.02323307877927961,-0.027638614,-0.03009384981811952,-0.03205924975265056,0.09448818897637795,0.2125984251968504,0.15354330708661418,0.11811023622047244,0.14645669291338584,0.22248781801411568
2025-12-05,ERIE,-0.36425332552884737,-0.25277024074761245,-0.026751582,-0.01937938583082771,-0.027552694,-0.027428338620332608,-0.030785331308576615,0.07874015748031496,0.39173228346456695,0.23523622047244097,0.18438320209973755,0.16614173228346457,0.2206017469453486
2025-12-05,ES,-0.04938499780710527,0.06209808697412966,-0.019246861,-0.022759608218785483,-0.03674975,-0.026051219663215764,-0.019685650663034945,0.547244094488189,0.28346456692913385,0.41535433070866146,0.45669291338582674,0.18110236220472442,0.2584577379575184
2025-12-05,ESS,0.01193291947427877,0.1234160042555137,-0.023994118,-0.025144990069791193,-0.032263696,-0.016506330963011216,-0.026499679643015174,0.2204724409448819,0.1377952755905512,0.17913385826771655,0.1916010498687664,0.20866141732283464,0.17987440349191697
2025-12-05,ETR,0.060731027987199995,0.17221411276843493,-0.015192207,-0.010332700833848407,-0.010526836,-0.002792570148985101,-0.014507770946653425,0.8543307086614174,0.9015748031496063,0.8779527559055118,0.8622047244094487,0.7551181102362206,0.7854221111644462
2025-12-05,EVRG,0.01645732337349702,0.12794040815473195,-0.017135695,-0.016573612074631535,-0.027772844,0.0014862027905710598,-0.01595310820680485,0.7244094488188977,0.5196850393700787,0.6220472440944882,0.6706036745406824,0.594488188976378,0.4444218751149195
2025-12-05,EW,-0.07187203189492687,0.03961105288630806,-0.015739068,-0.009994008657329091,0.00010302663,0.00030052835885604616,-0.015443935221876787,0.8228346456692913,0.9173228346456693,0.8700787401574803,0.8438320209973753,0.8464566929133859,0.8904466100923378
2025-12-05,EXC,-0.06404900620137302,0.04743407857986192,-0.019387899,-0.020299253142861056,-0.02419144,-0.0022552295064516966,-0.018843681127114334,0.5236220472440944,0.35826771653543305,0.4409448818897638,0.49081364829396323,0.5881889763779528,0.45684363265428535
2025-12-05,EXE,-0.3338188340231595,-0.22233574924192456,-0.018968131,-0.019482902664034834,-0.035838395,-0.023061285571460845,-0.017664049785973468,0.5787401574803149,0.3858267716535433,0.4822834645669291,0.5446194225721784,0.2188976377952756,0.2745480955509693
2025-12-05,EXPD,-0.03965909394577173,0.0718239908354632,-0.010061773,-0.017853957068252758,-0.0075539052,-0.006661446034434332,-0.011055335342584282,0.968503937007874,0.4566929133858268,0.7125984251968503,0.7913385826771653,0.7566929133858269,0.8617141241545146
2025-12-05,EXR,0.02197370884630699,0.13345679362754193,-0.02517203,-0.022892489408726013,-0.028403968,-0.022988485449344856,-0.027692868810543315,0.14173228346456693,0.2421259842519685,0.1919291338582677,0.181758530183727,0.18346456692913385,0.22067461951460754
2025-12-05,FANG,0.1882227339081406,0.2997058186893755,-0.018691765,-0.013696598067949773,-0.06198725,-0.018054468115209898,-0.018284155531838403,0.6062992125984252,0.7047244094488189,0.655511811023622,0.6443569553805775,0.21338582677165358,0.22186818154511428
2025-12-05,FAST,-0.0032200166989868745,0.10826306808224806,-0.02119814,-0.015404624750590592,-0.017623484,-0.018786414228977637,-0.022184098986226558,0.38188976377952755,0.5669291338582677,0.4744094488188976,0.43832020997375326,0.3826771653543307,0.5080987372020634
2025-12-05,FDS,-0.2108078074484262,-0.09932472266719128,-0.0319673,-0.03952968693380071,-0.0069831014,-0.033930429691903984,-0.03954850276353235,0.003937007874015748,0.07086614173228346,0.03740157480314961,0.026246719160104987,0.3346456692913386,0.527975889536471
2025-12-05,FE,-0.07851819590245392,0.03296488887878102,-0.015753752,-0.0147343915557822,-0.012113333,0.004277531399461023,-0.014799162613986463,0.8188976377952756,0.5984251968503937,0.7086614173228347,0.7440944881889764,0.7929133858267716,0.7479205347386901
2025-12-05,FOX,-0.14894306906230548,-0.03745998428107055,-0.013955442,-0.010705630096302647,-0.0033712983,-0.013202696439019657,-0.013295728630356572,0.905511811023622,0.8858267716535433,0.8956692913385826,0.8976377952755904,0.6858267716535433,0.8902296615736743
2025-12-05,FOXA,-0.15768683475451017,-0.046203749973275254,-0.012724396,-0.010705630096302647,-0.006335616,-0.013202696439019657,-0.01238528502845341,0.937007874015748,0.8858267716535433,0.9114173228346456,0.9186351706036745,0.6748031496062993,0.8736255373600678
2025-12-05,FRT,0.16542708184707422,0.27691016662830914,-0.019554365,-0.020299253142861056,-0.010703206,-0.009325331054897818,-0.020271923033836788,0.5118110236220472,0.35826771653543305,0.43503937007874016,0.452755905511811,0.6141732283464568,0.6606190629510236
2025-12-05,FTV,0.0011316002889491944,0.11261468507018413,-0.020570293,-0.023588426331705502,-0.037383497,-0.012261438869061706,-0.021502832353446907,0.41338582677165353,0.19291338582677164,0.3031496062992126,0.337270341207349,0.28740157480314965,0.20561031185063788
2025-12-05,GD,-0.09793074700434869,0.013552337776886247,-0.01348486,-0.01095159059443625,-0.01249072,-0.002792570148985101,-0.012809750173459141,0.9094488188976378,0.8543307086614174,0.8818897637795275,0.8963254593175853,0.751968503937008,0.7705819014735934
2025-12-05,GILD,-0.045868457996639314,0.06561462678459562,-0.017451406,-0.012986749895458559,-0.014782101,-0.012869802451596059,-0.015892095678971357,0.7007874015748031,0.7401574803149606,0.7204724409448819,0.7375328083989501,0.5637795275590551,0.6543543140355452
2025-12-05,GIS,-0.369494001299829,-0.2580109165185941,-0.025176238,-0.01937938583082771,-0.031306207,0.0019154086932525252,-0.029094167091752714,0.1377952755905512,0.39173228346456695,0.2647637795275591,0.21981627296587924,0.4307086614173229,0.16545751909759512
2025-12-05,GL,0.02895977727836206,0.140442862059597,-0.017714685,-0.008702855467752584,-0.021339,-0.010176099819993688,-0.01760363184901023,0.6732283464566929,0.9507874015748031,0.812007874015748,0.765748031496063,0.5267716535433071,0.5415857288410036
2025-12-05,GPC,-0.33045904409559856,-0.21897595931436364,-0.017583987,-0.011818283299111231,-0.009322047,-0.005583898757875063,-0.018784092153733323,0.6850393700787402,0.8070866141732284,0.7460629921259843,0.6968503937007874,0.6866141732283466,0.7311019910254484
2025-12-05,HCA,-0.3520403788771502,-0.24055729409591525,-0.010061958,-0.007277005898441141,-0.007788241,-0.007957213182617348,-0.010275794384404683,0.9645669291338582,0.968503937007874,0.9665354330708661,0.968503937007874,0.7433070866141732,0.8558938440171595
2025-12-05,HD,-0.21524499000648656,-0.10376190522525164,-0.020403579,-0.016394793496403385,-0.0036669374,-0.011312395753106975,-0.021993451216859458,0.4409448818897638,0.5236220472440944,0.4822834645669291,0.4461942257217847,0.6118110236220472,0.7178451669046154
2025-12-05,HIG,-0.12235373491599356,-0.01087065013475863,-0.019652512,-0.020299253142861056,-0.013111591,-0.00682341802095534,-0.01908791654298166,0.5,0.35826771653543305,0.42913385826771655,0.48162729658792647,0.6251968503937009,0.6083642958716966
2025-12-05,HII,-0.17489346529198924,-0.06341038051075432,-0.009466202,-0.006713176617509924,-0.007175356,-0.005728677963148989,-0.01010632097729106,0.9724409448818898,0.9724409448818898,0.9724409448818898,0.9750656167979003,0.7732283464566929,0.8713626261660962
2025-12-05,HLT,0.12327350933267976,0.2347565941139147,-0.0174328,-0.015248946478420362,-0.021915734,-0.008415102786431343,-0.01671234994812836,0.7047244094488189,0.5748031496062992,0.639763779527559,0.6640419947506561,0.5503937007874016,0.542887959525784
2025-12-05,HOLX,,,-0.015798526,-0.009786244801521255,0.00039368868,0.004277531399461023,-0.013565466221831093,0.8149606299212598,0.9251968503937008,0.8700787401574803,0.8740157480314961,0.8960629921259844,0.8924827769486485
2025-12-05,HON,0.12658683298042095,0.23806991776165587,-0.02386846,-0.024925422541734254,-0.033222318,-0.014607795579511515,-0.026408582548964665,0.23228346456692914,0.14566929133858267,0.1889763779527559,0.20078740157480313,0.2291338582677165,0.17640327766401642
2025-12-05,HRL,-0.10582234258081048,0.00566074220042445,-0.027251005,-0.053631767847632024,-0.025284618,-0.045385174510451785,-0.03428879002522256,0.05905511811023622,0.003937007874015748,0.031496062992125984,0.027559055118110236,0.15039370078740155,0.25052970045179185
2025-12-05,HSIC,-0.06783773371704639,0.04364535106418854,-0.019533657,-0.021641465297136554,-0.02111286,-0.018889222535354244,-0.020293950027852767,0.515748031496063,0.3110236220472441,0.41338582677165353,0.43438320209973746,0.3598425196850394,0.48950597701167103
2025-12-05,HST,0.31357241341069214,0.42505549819192706,-0.016455153,-0.012064227455601127,0.0031895041,-0.0029944390060882117,-0.016119116823235663,0.7716535433070866,0.7755905511811023,0.7736220472440944,0.769028871391076,0.815748031496063,0.8928919557771565
2025-12-05,HSY,-0.078606885203121,0.03287619957811394,-0.017964285,-0.01417724370808895,0.0009382069,-0.012764898665988456,-0.017521948917981253,0.6535433070866141,0.6437007874015748,0.6486220472440944,0.6581364829396325,0.6755905511811024,0.8389049893974644
2025-12-05,ICE,-0.19913486166651473,-0.08765177688527981,-0.025142753,-0.022892489408726013,-0.02859953,-0.017920505285335227,-0.027997721899724468,0.14960629921259844,0.2421259842519685,0.19586614173228345,0.1830708661417323,0.22362204724409449,0.22067601891732144
2025-12-05,IFF,0.022633117811958106,0.13411620259319304,-0.024937414,-0.034344851697029555,-0.04883808,-0.02433960720473937,-0.029157512378524764,0.16535433070866143,0.08858267716535433,0.12696850393700787,0.12664041994750655,0.07559055118110236,0.07582255621672658
2025-12-05,INCY,-0.15760510365637337,-0.04612201887513845,-0.0062596695,-0.02350230205095907,-0.004014343,-0.012479460258266286,-0.009355951917206264,1.0,0.2047244094488189,0.6023622047244095,0.7335958005249343,0.7141732283464568,0.9138333641416042
2025-12-05,INTU,-0.6181717051234994,-0.5066886203422645,-0.02515645,-0.030373961342378467,-0.042474717,-0.02423470341913177,-0.029394901917566465,0.14566929133858267,0.11614173228346457,0.1309055118110236,0.12664041994750655,0.08818897637795275,0.08932602119498256
2025-12-05,INVH,-0.003214949043011339,0.1082681357382236,-0.027002737,-0.04826975719708037,-0.025411636,-0.021901645931312257,-0.031195803363587134,0.06692913385826772,0.013779527559055118,0.04035433070866142,0.051837270341207345,0.21023622047244098,0.24938876077626623
2025-12-05,ITW,-0.09682109922572414,0.014661985555510794,-0.0197524,-0.014725234580802965,-0.018998563,-0.009325331054897818,-0.02054632556591574,0.49606299212598426,0.6043307086614174,0.5501968503937008,0.5190288713910761,0.525984251968504,0.5229843024479284
2025-12-05,JKHY,-0.35377211956916355,-0.2422890347879286,-0.02048207,-0.023820053359855365,-0.04755321,-0.010898213306310493,-0.021801765511196506,0.42913385826771655,0.18503937007874016,0.30708661417322836,0.3320209973753281,0.2858267716535433,0.17992675606049863
2025-12-05,JNJ,0.0062809181338225745,0.11776400291505751,-0.010193383,0.0033457785235778926,0.0037698746,-0.0007988793150792233,-0.00963124864468136,0.9606299212598425,0.9960629921259843,0.9783464566929134,0.9829396325459318,0.9039370078740159,0.9714972096461494
2025-12-05,JPM,-0.14747584846406636,-0.03599276368283144,-0.01491223,-0.010332700833848407,-0.009101957,-0.0017223160239710725,-0.014416767948051318,0.8740157480314961,0.9015748031496063,0.8877952755905512,0.8713910761154855,0.7858267716535433,0.8022977117898108
2025-12-05,K,,,-0.019195719,-0.04664350361651781,-0.04873836,-0.05243488361894238,-0.01644974513800618,0.5551181102362205,0.023622047244094488,0.28937007874015747,0.43700787401574803,0.16062992125984255,0.2225845489622788
2025-12-05,KDP,-0.04659564519605898,0.06488743958517595,-0.025124757,-0.034344851697029555,-0.048338175,-0.028377381736287337,-0.02864606493919979,0.15354330708661418,0.08858267716535433,0.12106299212598426,0.13057742782152232,0.07244094488188976,0.07750302642942522
2025-12-05,KHC,-0.14364929325219747,-0.03216620847096253,-0.02187411,-0.02265883891740401,-0.03250295,-0.016946471420398672,-0.023118396072935497,0.32677165354330706,0.2992125984251969,0.31299212598425197,0.3175853018372703,0.22125984251968506,0.21285015752972988
2025-12-05,KIM,0.10060706460949935,0.21209014939073428,-0.021433089,-0.016130326246851432,-0.019666582,-0.009527199912000928,-0.022643506447132047,0.3543307086614173,0.531496062992126,0.44291338582677164,0.4120734908136483,0.4842519685039371,0.44790687762444337
2025-12-05,KMB,-0.14246816396093576,-0.030985079179700836,-0.027844349,-0.03822459902454471,-0.018170714,-0.01034490684002065,-0.0315375106958159,0.047244094488188976,0.07874015748031496,0.06299212598425197,0.06167979002624672,0.4322834645669291,0.3690337220709194
2025-12-05,KMI,0.06252051279049749,0.17400359757173242,-0.020027755,-0.020299253142861056,-0.028389126,-0.01079330952070289,-0.02127345651388184,0.468503937007874,0.35826771653543305,0.41338582677165353,0.4133858267716535,0.38740157480314963,0.33809627511856183
2025-12-05,KO,0.012348228066377573,0.1238313128476125,-0.020677542,-0.022759608218785483,-0.033943802,0.03699996836006345,-0.020988832791561336,0.40551181102362205,0.28346456692913385,0.34448818897637795,0.3766404199475065,0.5228346456692914,0.22660255603543752
2025-12-05,KR,-0.13018543493795065,-0.01870235015671573,-0.022325156,-0.020751531693034144,-0.03473103,0.022852320918299255,-0.021501183085372803,0.30708661417322836,0.33070866141732286,0.3188976377952756,0.34908136482939633,0.4992125984251969,0.182915207009717
2025-12-05,L,-0.07557772077516468,0.03590536400607025,-0.015403513,-0.0102837315873829,-0.011689007,0.004277531399461023,-0.01344935243850532,0.84251968503937,0.9094488188976378,0.8759842519685039,0.8832020997375327,0.8141732283464568,0.7653370653039416
2025-12-05,LDOS,-0.4250095237716455,-0.3135264389904106,-0.012035698,-0.011082843747534913,-0.010846257,-0.0029944390060882117,-0.01151442183987437,0.9488188976377953,0.8405511811023622,0.8946850393700787,0.9114173228346456,0.7645669291338583,0.8145520745736669
2025-12-05,LH,-0.11488148317313575,-0.003398398391900814,-0.021483207,-0.017226274705268472,-0.024748862,-0.016506330963011216,-0.021162061934793308,0.3464566929133858,0.49015748031496065,0.41830708661417326,0.42191601049868765,0.3425196850393701,0.37371753052729
2025-12-05,LHX,-0.013690398154580855,0.09779268662665408,-0.016355462,-0.014195170885464268,-0.002196908,-0.004260548614790174,-0.01620566327667428,0.7874015748031497,0.6279527559055118,0.7076771653543308,0.7224409448818897,0.7795275590551182,0.8549209225780586
2025-12-05,LIN,0.16638365092709373,0.27786673570832865,-0.025785998,-0.03954497223125936,-0.014629126,-0.012013563380520398,-0.028162862298030167,0.1062992125984252,0.06692913385826772,0.08661417322834647,0.10892388451443569,0.4669291338582677,0.4466435116165049
2025-12-05,LMT,0.00484059564159664,0.11632368042283157,-0.021532016,-0.018805175611923273,-0.019477189,-0.017421093186995442,-0.024200109265925883,0.3425196850393701,0.41141732283464566,0.37696850393700787,0.35367454068241466,0.3637795275590551,0.45560763121971004
2025-12-05,LNT,0.0010908460975478096,0.11257393087878274,-0.017494038,-0.017709301554344796,-0.038035512,0.0014862027905710598,-0.01653432309157336,0.6929133858267716,0.46062992125984253,0.5767716535433071,0.6272965879265092,0.5047244094488189,0.301350671613243
2025-12-05,LOW,-0.2595740369995775,-0.14809095221834254,-0.01541157,-0.00954549199623706,-0.009092689,-0.005623774177541386,-0.017096968845736422,0.8385826771653543,0.937007874015748,0.8877952755905512,0.8267716535433071,0.704724409448819,0.7898651127232491
2025-12-05,LYV,0.10259568960031061,0.21407877438154554,-0.021659512,-0.01717644028519194,-0.01476416,-0.025102176547261035,-0.022839297716163227,0.3346456692913386,0.49606299212598426,0.41535433070866146,0.39238845144356954,0.3590551181102362,0.5247926792583798
2025-12-05,MA,-0.22476181051565702,-0.1132787257344221,-0.022257647,-0.016862190965217568,-0.012351692,-0.012156535083454103,-0.02507331733616996,0.31496062992125984,0.5039370078740157,0.4094488188976378,0.37139107611548555,0.5165354330708661,0.5625932491101406
2025-12-05,MAA,-0.10367251056651573,0.007810574214719203,-0.024449943,-0.022892489408726013,-0.030843914,-0.014015158056089841,-0.027414498683268937,0.18503937007874016,0.2421259842519685,0.21358267716535434,0.19881889763779526,0.25275590551181104,0.20239002508830228
2025-12-05,MCD,-0.20832750300263425,-0.09684441822139933,-0.018768357,-0.013729697148248642,-0.025843441,0.0003405219472549978,-0.02028137760594659,0.5984251968503937,0.6889763779527559,0.6437007874015748,0.5905511811023623,0.5511811023622047,0.4286544532344936
2025-12-05,MCK,-0.18632956892850006,-0.07484648414726514,-0.01661049,-0.012650674160705254,-0.012663156,0.020903094163447596,-0.01506129752413933,0.7598425196850394,0.7480314960629921,0.7539370078740157,0.7703412073490813,0.8,0.712761115608819
2025-12-05,MCO,-0.17607550932885996,-0.06459242454762502,-0.019375999,-0.01867952252584156,-0.00808543,-0.015082417346108282,-0.02064994428187574,0.5275590551181102,0.4251968503937008,0.4763779527559055,0.46850393700787396,0.5299212598425198,0.6928841996234115
2025-12-05,MDLZ,0.023758958435318125,0.13524204321655306,-0.026973289,-0.019174266766088178,-0.024470747,-0.021112576302049213,-0.03020018808315557,0.07086614173228346,0.39763779527559057,0.234251968503937,0.1902887139107612,0.24173228346456693,0.2842605341427275
2025-12-05,MDT,-0.3718144551611448,-0.2603313703799099,-0.015090269,-0.011351148557357249,0.0009751022,0.004277531399461023,-0.013887617864427946,0.8661417322834646,0.8287401574803149,0.8474409448818898,0.8484251968503935,0.894488188976378,0.916403041696949
2025-12-05,MKC,-0.37425229345164757,-0.26276920867041265,-0.025577635,-0.022888200147087798,-0.030373693,-0.02972311071755349,-0.028968126527257068,0.1141732283464567,0.27165354330708663,0.19291338582677167,0.17454068241469817,0.13622047244094487,0.1830818258434279
2025-12-05,MLM,-0.1817754693278456,-0.07029238454661069,-0.01569126,-0.012027138489602065,0.0054343045,-0.0029944390060882117,-0.015975266818994048,0.8267716535433071,0.7874015748031497,0.8070866141732284,0.7926509186351706,0.825984251968504,0.9265533391851761
2025-12-05,MNST,0.08191690102070372,0.19339998580193865,-0.015658695,-0.01248600544682067,-0.022669584,-0.001729445438751245,-0.014482519307393502,0.8307086614173228,0.7559055118110236,0.7933070866141732,0.8070866141732282,0.6519685039370079,0.5776423980352887
2025-12-05,MO,0.12218750029702229,0.23367058507825722,-0.020854266,-0.013629286122385927,-0.013111711,0.020912109651033912,-0.021093481939272223,0.3937007874015748,0.7224409448818898,0.5580708661417323,0.5164041994750657,0.7188976377952758,0.5667749923034664
2025-12-05,MPC,0.2877962948318542,0.3992793796130891,-0.015652139,-0.01075420641469813,-0.0021354556,-0.012251557843833926,-0.014577183946665562,0.8346456692913385,0.8740157480314961,0.8543307086614174,0.8451443569553805,0.6960629921259843,0.8749658567998911
2025-12-05,MRK,0.0762494267967959,0.18773251157803084,-0.01266641,-0.010705630096302647,-0.0065866113,-0.012599424268300439,-0.01162419947815941,0.9409448818897638,0.8858267716535433,0.9133858267716535,0.9225721784776901,0.6826771653543308,0.8649972178807124
2025-12-05,MSCI,0.07130537349661088,0.18278845827784582,-0.021290231,-0.017226274705268472,-0.02464062,-0.018784318749746644,-0.02221886003850179,0.3700787401574803,0.49015748031496065,0.4301181102362205,0.40748031496062986,0.3094488188976378,0.3825514508627139
2025-12-05,MSFT,-0.20871893414643686,-0.09723584936520192,-0.0205158,-0.0148268290411227,-0.028893173,-0.007643851696561503,-0.020520347717612335,0.4251968503937008,0.5905511811023622,0.5078740157480315,0.4934383202099737,0.4236220472440945,0.30966993206119664
2025-12-05,MSI,0.013699764177151921,0.12518284895838686,-0.023696594,-0.021786306660899597,-0.0071980953,-0.018786414228977637,-0.02475046719361873,0.2440944881889764,0.30708661417322836,0.2755905511811024,0.2847769028871391,0.462992125984252,0.6100325251544857
2025-12-05,MTB,0.013233076824874485,0.12471616160610942,-0.01752352,-0.015248946478420362,-0.0008637309,-0.004935242588779541,-0.018179303761413475,0.6889763779527559,0.5748031496062992,0.6318897637795275,0.6351706036745406,0.762992125984252,0.8346971285926058
2025-12-05,NDAQ,-0.12942969528931292,-0.017946610508077998,-0.019310609,-0.01751294484640312,-0.00849393,-0.012156535083454103,-0.019702012880148157,0.531496062992126,0.4763779527559055,0.5039370078740157,0.5144356955380578,0.5976377952755907,0.6936103628595733
2025-12-05,NDSN,0.12383065287566007,0.235313737656895,-0.017425971,-0.014005197618967397,-0.0027627945,-0.0026302964174215993,-0.016946324341938553,0.7086614173228346,0.6594488188976378,0.6840551181102362,0.6922572178477691,0.7921259842519686,0.8225829133364119
2025-12-05,NEE,-0.04054302254550969,0.07094006223572524,-0.01603683,-0.00478554818413953,0.0010492802,-0.007957213182617348,-0.013789999898076038,0.7992125984251969,0.9763779527559056,0.8877952755905512,0.8779527559055118,0.7834645669291339,0.899333811359026
2025-12-05,NI,0.01300693809010986,0.1244900228713448,-0.018132303,-0.01663759878401337,-0.04995209,-0.007156781009287738,-0.017272033138848543,0.6456692913385826,0.515748031496063,0.5807086614173228,0.6194225721784776,0.3834645669291339,0.24435068851639705
2025-12-05,NOC,-0.13475461024236093,-0.02327152546112599,-0.017081503,-0.013722486660971903,-0.0045705438,0.024980100280292183,-0.016398002455021824,0.7283464566929134,0.6929133858267716,0.7106299212598426,0.7191601049868765,0.868503937007874,0.8146057091994467
2025-12-05,NSC,-0.05262544675123639,0.05885763802999854,-0.0148591455,-0.011540240000110603,-0.011858314,-0.002792570148985101,-0.01365539318413984,0.8858267716535433,0.8228346456692913,0.8543307086614174,0.8622047244094487,0.7519685039370079,0.7767832199442946
2025-12-05,NVR,-0.28052571319059494,-0.16904262840936002,-0.019414857,-0.013629286122385927,-0.017430305,-0.01786955652576242,-0.020049292625649362,0.5196850393700787,0.7224409448818898,0.6210629921259843,0.5846456692913385,0.4259842519685039,0.5600052268786312
2025-12-05,O,-0.03834289117471858,0.07314019360651636,-0.01927803,-0.020299253142861056,-0.011509657,-0.0022552295064516966,-0.020284374228478154,0.5393700787401575,0.35826771653543305,0.44881889763779526,0.4593175853018373,0.6889763779527559,0.656965502632276
2025-12-05,OKE,0.07577482239950493,0.18725790718073987,-0.02247059,-0.024406714881254687,-0.025184542,-0.01846223619537298,-0.025841847395068673,0.3031496062992126,0.15748031496062992,0.23031496062992127,0.24015748031496062,0.28188976377952757,0.3426362439745278
2025-12-05,OMC,-0.06265010193885948,0.048832982842375465,-0.019248629,-0.01751294484640312,-0.011049062,-0.01994204361258977,-0.020527098921716874,0.5433070866141733,0.4763779527559055,0.5098425196850394,0.49343832020997375,0.45275590551181105,0.6628783994177686
2025-12-05,ORLY,-0.23257163008254356,-0.12108854530130864,-0.01674336,-0.0121960913360887,-0.0016567707,0.04074140065708621,-0.017390201435676506,0.7401574803149606,0.7677165354330708,0.7539370078740157,0.7309711286089238,0.8866141732283466,0.8451875768537079
2025-12-05,OTIS,-0.2861055092582484,-0.17462242447701348,-0.024266122,-0.02398543870216342,-0.033315003,-0.02234747151469784,-0.026722257519387848,0.1968503937007874,0.18110236220472442,0.1889763779527559,0.1942257217847769,0.14881889763779527,0.16159338379283833
2025-12-05,OXY,0.3323150155019181,0.44379810028315303,-0.02298805,-0.012042609293187049,-0.01769048,-0.02282209328129461,-0.024812556335018273,0.2874015748031496,0.781496062992126,0.5344488188976378,0.45603674540682415,0.33700787401574805,0.47248540716958737
2025-12-05,PAYX,-0.19420487536129816,-0.08272179058006324,-0.030190114,-0.03932463765666143,-0.007867575,-0.033508433390477016,-0.036068660272616765,0.015748031496062992,0.07480314960629922,0.045275590551181105,0.03412073490813648,0.3267716535433071,0.5143784085073636
2025-12-05,PEG,-0.10092539311897532,0.010557691662259616,-0.02133995,-0.02270200743051114,-0.033351272,-0.01331425994629723,-0.021267115750659586,0.36220472440944884,0.2952755905511811,0.32874015748031493,0.35826771653543305,0.2866141732283465,0.21920079586617575
2025-12-05,PEP,-0.12769789839959744,-0.016214813618362522,-0.016640333,-0.015759272971088464,-0.02022183,0.04492679159276719,-0.01545156849865099,0.7519685039370079,0.5511811023622047,0.6515748031496063,0.6968503937007873,0.7448818897637796,0.5806540153497286
2025-12-05,PFE,-0.08677217395051141,0.02471091083072352,-0.017350258,-0.014005197618967397,-0.0021981,-0.015390752877190397,-0.017364566487350706,0.7165354330708661,0.6594488188976378,0.687992125984252,0.6883202099737532,0.6149606299212599,0.8272770237471793
2025-12-05,PG,-0.07860936028539857,0.032873724495836365,-0.02429456,-0.022892489408726013,-0.01799506,0.02345365207166719,-0.02717380945353365,0.19291338582677164,0.2421259842519685,0.21751968503937008,0.2053805774278215,0.6362204724409449,0.43060488311072054
2025-12-05,PGR,-0.17301066605931914,-0.06152758127808421,-0.026686339,-0.022892489408726013,-0.024250865,-0.021112576302049213,-0.03150621443422348,0.08267716535433071,0.2421259842519685,0.1624015748031496,0.12926509186351706,0.23700787401574802,0.2923359525386857
2025-12-05,PKG,0.0447631014149379,0.15624618619617284,-0.019076537,-0.015462797672026572,-0.017765969,-0.017573387538855203,-0.019884316750060194,0.562992125984252,0.5590551181102362,0.5610236220472441,0.5498687664041995,0.4251968503937008,0.5646901649513164
2025-12-05,PLD,0.014610284159019396,0.12609336894025433,-0.013450197,-0.009992278787688946,-2.8043985e-05,-0.0029944390060882117,-0.012821919081755308,0.9133858267716536,0.9212598425196851,0.9173228346456693,0.9186351706036745,0.8338582677165354,0.9211658264688337
2025-12-05,PM,0.08083155082051392,0.19231463560174886,-0.027306587,-0.04615365047538282,-0.024407566,0.002589037799088174,-0.0312779850582199,0.051181102362204724,0.02952755905511811,0.040354330708661415,0.049212598425196846,0.5094488188976378,0.2793945609819091
2025-12-05,PNC,0.02389285972915721,0.13537594451039214,-0.015805313,-0.012186525212156508,0.0055068135,-0.0029944390060882117,-0.016277048817466683,0.8110236220472441,0.7716535433070866,0.7913385826771653,0.7755905511811023,0.8251968503937008,0.925902223842786
2025-12-05,PNW,0.041465021774348645,0.15294810655558358,-0.020518556,-0.022759608218785483,-0.034078836,0.006588516208504325,-0.02097561324697015,0.421259842519685,0.28346456692913385,0.35236220472440943,0.3832020997375328,0.49685039370078743,0.22941479358557948
2025-12-05,PPG,0.03465885793177946,0.1461419427130144,-0.023035994,-0.01666751110916486,-0.027729213,-0.015379403629973105,-0.026035103282447257,0.2795275590551181,0.5118110236220472,0.39566929133858264,0.34514435695538054,0.28818897637795277,0.28628877562278593
2025-12-05,PPL,-0.06884259253851478,0.04264049224272015,-0.02045532,-0.014798406909512757,-0.02880299,-0.0022552295064516966,-0.020090186622978602,0.4330708661417323,0.594488188976378,0.5137795275590551,0.510498687664042,0.5047244094488189,0.318284880994328
2025-12-05,PRU,-0.1635594735598339,-0.05207638877859899,-0.0177651,-0.011917952587071892,-0.020302176,-0.008520006572038946,-0.01786894637713726,0.6653543307086615,0.8011811023622047,0.7332677165354331,0.7106299212598425,0.5496062992125985,0.5463696570944807
2025-12-05,PSA,0.02195525188383017,0.1334383366650651,-0.02326378,-0.02432487271096328,-0.031103194,-0.013910448536325691,-0.025459535856400827,0.27165354330708663,0.16141732283464566,0.21653543307086615,0.23490813648293962,0.2740157480314961,0.22355335610135404
2025-12-05,PSX,0.2217336680791781,0.333216752860413,-0.015868338,-0.011772654138206969,-0.018028647,-0.013202696439019657,-0.014725875536954612,0.8070866141732284,0.8110236220472441,0.8090551181102362,0.8123359580052493,0.5385826771653544,0.645342780898331
2025-12-05,REG,0.03241888793102722,0.14390197271226216,-0.021433253,-0.020876895825107798,-0.027401865,-0.004776179932046037,-0.022297960251517625,0.35039370078740156,0.32677165354330706,0.3385826771653543,0.34514435695538054,0.46377952755905516,0.3227314572803577
2025-12-05,REGN,-0.2518481128589104,-0.14036502807767548,-0.008250192,-0.021071699040574408,-0.00087428093,-0.010993236066690318,-0.01019111194448069,0.9921259842519685,0.3228346456692913,0.6574803149606299,0.7637795275590551,0.7503937007874018,0.9411237416533844
2025-12-05,RMD,-0.376447059611236,-0.26496397483000106,-0.020102387,-0.014725234580802965,-0.021521866,-0.013917532117016448,-0.020998869831814915,0.46062992125984253,0.6043307086614174,0.53248031496063,0.5006561679790026,0.4086614173228347,0.46007422137101767
2025-12-05,ROL,-0.362709812263786,-0.2512267274825511,-0.017872473,-0.013696598067949773,-0.013134539,0.005761759991023441,-0.018003110900193242,0.65748031496063,0.7047244094488189,0.6811023622047244,0.6719160104986877,0.7496062992125985,0.6573876983124926
2025-12-05,ROP,-0.35473059752249736,-0.2432475127412624,-0.028271718,-0.041053485952136565,-0.019244492,-0.02931981131709509,-0.03315253495397609,0.031496062992125984,0.051181102362204724,0.04133858267716535,0.03805774278215223,0.23937007874015748,0.3479446630298405
2025-12-05,ROST,0.15012876348407073,0.26161184826530565,-0.008848133,0.0008522108331560227,-0.011341393,-0.002792570148985101,-0.0100792226426972,0.984251968503937,0.9862204724409449,0.985236220472441,0.9849081364829396,0.7779527559055118,0.8196986964843256
2025-12-05,RSG,-0.15215163786080277,-0.04066855307956785,-0.02529798,-0.02013174575371152,-0.030857652,0.002958165165240303,-0.029783644273996136,0.12992125984251968,0.38188976377952755,0.2559055118110236,0.2060367454068241,0.4401574803149606,0.17999733595972914
2025-12-05,RTX,-0.08788772041966576,0.02359536436156917,-0.014863537,-0.011351148557357249,0.0054498613,-0.0029944390060882117,-0.013261312787149702,0.8818897637795275,0.8287401574803149,0.8553149606299213,0.8720472440944882,0.8559055118110236,0.9507983612764987
2025-12-05,SBAC,-0.07084700062755346,0.04063608415368147,-0.026857182,-0.012795270115062905,-0.027900279,-0.021112576302049213,-0.03073416647555452,0.07480314960629922,0.7440944881889764,0.4094488188976378,0.30183727034120733,0.18976377952755907,0.2067236171664009
2025-12-05,SBUX,0.047722676834189834,0.15920576161542477,-0.023616193,-0.031061454101694315,-0.04894674,-0.018784318749746644,-0.025450192120647426,0.2559055118110236,0.1062992125984252,0.18110236220472442,0.2125984251968504,0.1456692913385827,0.10700485583390978
2025-12-05,SCHW,-0.1757460456671729,-0.06426296088593797,-0.018844923,-0.01417724370808895,-0.026443511,-0.013152544411966973,-0.018197054319345107,0.5866141732283464,0.6437007874015748,0.6151574803149606,0.6200787401574803,0.41102362204724413,0.41548491793734205
2025-12-05,SHW,-0.21150672365737735,-0.10002363887614242,-0.021047918,-0.017971959912349397,-0.025309145,-0.013917532117016448,-0.023502598756934383,0.38976377952755903,0.452755905511811,0.421259842519685,0.3871391076115485,0.34251968503937014,0.365312380658369
2025-12-05,SJM,-0.0923938752622744,0.019089209518960537,-0.018486828,-0.01589985234246016,-0.01300323,-0.013435957742707751,-0.019088875970191727,0.6299212598425197,0.5433070866141733,0.5866141732283465,0.5853018372703411,0.5307086614173229,0.6541257480678871
2025-12-05,SNA,-0.025337261587359952,0.08614582319387498,-0.016569583,-0.01341087191807429,0.0010318756,-0.002792570148985101,-0.01710387129528563,0.7637795275590551,0.7322834645669292,0.7480314960629921,0.732283464566929,0.809448818897638,0.8812823348030362
2025-12-05,SO,-0.03649198124106069,0.07499110354017424,-0.021421488,-0.016671637070368842,-0.029522479,0.03436803429681196,-0.021759346936694107,0.35826771653543305,0.5078740157480315,0.4330708661417323,0.4199475065616798,0.5543307086614173,0.27809042475901546
2025-12-05,SOLV,-0.18618040055513774,-0.07469731577390282,-0.015890105,-0.01171578508282672,-0.025235444,-0.005728677963148989,-0.014928358551003306,0.8031496062992126,0.8149606299212598,0.8090551181102362,0.8097112860892388,0.5582677165354331,0.5197968939616954
2025-12-05,SPG,0.04590764563361115,0.15739073041484608,-0.015124211,-0.010332700833848407,-0.008720458,-0.002792570148985101,-0.015027874589958525,0.8622047244094488,0.9015748031496063,0.8818897637795275,0.8569553805774278,0.7598425196850395,0.8026815489285847
2025-12-05,SPGI,-0.2592083369160696,-0.14772525213483467,-0.02124746,-0.016130326246851432,-0.0166834,-0.014385070302922458,-0.022955943456272443,0.37401574803149606,0.531496062992126,0.45275590551181105,0.41469816272965876,0.43385826771653546,0.5149511710151549
2025-12-05,SRE,-0.08117375885519774,0.03030932592603719,-0.012516864,-0.008983853670805016,-0.01289174,-0.002792570148985101,-0.012329228386659888,0.9448818897637795,0.9448818897637795,0.9448818897637795,0.9422572178477691,0.7480314960629921,0.7725486180469879
2025-12-05,STE,-0.3070247716727649,-0.19554168689152995,-0.017681772,-0.013696598067949773,-0.024499297,0.0014862027905710598,-0.01798827095116243,0.6771653543307087,0.7047244094488189,0.6909448818897638,0.6797900262467191,0.6165354330708662,0.49695946626859944
2025-12-05,STZ,-0.13557934074740952,-0.024096255966174596,-0.024919592,-0.037199081700729865,-0.047809035,-0.025625982471704944,-0.03031696803916511,0.16929133858267717,0.08267716535433071,0.12598425196850394,0.11548556430446194,0.07086614173228348,0.08398919185810844
2025-12-05,SYK,-0.27769836613208715,-0.1662152813508522,-0.021989519,-0.02162754303305796,-0.031297952,-0.013917532117016448,-0.02342611705283844,0.3228346456692913,0.31496062992125984,0.3188976377952756,0.3202099737532808,0.2755905511811024,0.2342290376587313
2025-12-05,SYY,-0.07710325915039996,0.03437982563083497,-0.021234721,-0.016130326246851432,-0.012519002,-0.00682341802095534,-0.021646393144071047,0.3779527559055118,0.531496062992126,0.4547244094488189,0.4356955380577428,0.5968503937007874,0.5784113543700349
2025-12-05,T,-0.09740158606397455,0.01408149871726039,-0.02363436,-0.016063045302982727,-0.012931466,0.006563083309978014,-0.026111484541095215,0.25196850393700787,0.5393700787401575,0.3956692913385827,0.3438320209973753,0.6748031496062993,0.522570655624879
2025-12-05,TAP,-0.25817359832682324,-0.1466905135455883,-0.023456397,-0.027749502677802587,-0.034154892,-0.016031709196414445,-0.027061827788119826,0.2637795275590551,0.12992125984251968,0.19685039370078738,0.19422572178477687,0.19527559055118113,0.16581943683297784
2025-12-05,TDG,-0.18585384734892574,-0.07437076256769082,-0.02063625,-0.022759608218785483,-0.037551254,-0.026051219663215764,-0.021228430975913336,0.4094488188976378,0.28346456692913385,0.3464566929133858,0.37139107611548555,0.15275590551181104,0.20213638721730953
2025-12-05,TDY,0.09306019882071516,0.2045432836019501,-0.018554676,-0.013758032935984186,-0.012012124,-0.009560783629747405,-0.01991099021195453,0.6181102362204725,0.6771653543307087,0.6476377952755905,0.6062992125984251,0.6015748031496062,0.6766455678724141
2025-12-05,TJX,-0.10556754221058774,0.005915542570647192,-0.012764309,-0.010705630096302647,-0.0038080215,0.004277531399461023,-0.01300809298777823,0.9330708661417323,0.8858267716535433,0.9094488188976377,0.9120734908136483,0.877952755905512,0.8921949787443549
2025-12-05,TMUS,-0.178361145710769,-0.06687806092953408,-0.023897532,-0.023579982168041854,-0.023917377,-0.005199973003016524,-0.02618861509969423,0.2283464566929134,0.19881889763779528,0.21358267716535434,0.2211286089238845,0.4850393700787402,0.3576427188045759
2025-12-05,TRGP,0.37339703199480834,0.48488011677604326,-0.018613385,-0.013696598067949773,-0.046626955,-0.018054468115209898,-0.019343808248996813,0.610236220472441,0.7047244094488189,0.6574803149606299,0.6299212598425197,0.22125984251968506,0.24991706099635996
2025-12-05,TRV,-0.06070409614193873,0.0507789886392962,-0.018735716,-0.01417724370808895,-0.024899721,-0.0042276665672486445,-0.01822183259499958,0.6023622047244095,0.6437007874015748,0.6230314960629921,0.6240157480314961,0.5503937007874016,0.4586173429960365
2025-12-05,TSCO,-0.5417606515970353,-0.4302775668158004,-0.019041881,-0.014366849213609539,-0.019616067,-0.01628035584104344,-0.018809107688463212,0.5669291338582677,0.6181102362204725,0.5925196850393701,0.5931758530183727,0.4307086614173229,0.5270720295904027
2025-12-05,TSN,-0.03396731210912886,0.07751577267210608,-0.01901978,-0.0185889351892053,-0.019776344,-0.012190226673712262,-0.01963565884811806,0.5748031496062992,0.4389763779527559,0.5068897637795275,0.5203412073490814,0.48110236220472447,0.5235230570633026
2025-12-05,TTWO,-0.21217862837312973,-0.10069554359189481,-0.019586092,-0.020299253142861056,-0.01421535,-0.01786955652576242,-0.019439752124548963,0.5078740157480315,0.35826771653543305,0.4330708661417323,0.4750656167979002,0.45748031496062996,0.5926204625837753
2025-12-05,TXT,-0.02854246289705921,0.08294062188417572,-0.01814667,-0.01417724370808895,-0.02001664,-0.01211259309954712,-0.018178897938712708,0.6417322834645669,0.6437007874015748,0.6427165354330708,0.6437007874015748,0.5055118110236221,0.5430929369009376
2025-12-05,TYL,-0.43012717595624383,-0.3186440911750089,-0.028163245,-0.041053485952136565,-0.02209407,-0.028529429597604797,-0.03240302487565338,0.03543307086614173,0.051181102362204724,0.04330708661417323,0.04330708661417323,0.2125984251968504,0.29890353939379516
2025-12-05,UDR,-0.02971734315871702,0.08176574162251792,-0.025339462,-0.023381820434769503,-0.030997992,-0.01576907242349124,-0.029040808622510246,0.12598425196850394,0.20866141732283464,0.16732283464566927,0.15616797900262466,0.2251968503937008,0.17680126127081322
2025-12-05,UHS,-0.4804811494928995,-0.3689980647116646,-0.008875379,-0.009009777132612869,-0.0051109493,-0.011441699405457311,-0.01038474075001674,0.9803149606299213,0.9409448818897638,0.9606299212598426,0.9619422572178477,0.7220472440944882,0.9014652412280183
2025-12-05,UNP,0.02445591711827612,0.13593900189951105,-0.018856263,-0.01261518065751351,-0.027912855,-0.00820466960785362,-0.018527155006877356,0.5826771653543307,0.7519685039370079,0.6673228346456692,0.6469816272965878,0.4598425196850394,0.38576893881962177
2025-12-05,V,-0.1365916564223617,-0.025108571641126787,-0.023189582,-0.018440127431468188,-0.027471006,-0.012156535083454103,-0.02698242970239617,0.2755905511811024,0.4448818897637795,0.36023622047244097,0.30577427821522307,0.33779527559055117,0.29145933982046485
2025-12-05,VICI,-0.09284838731701207,0.018634697464222857,-0.024909485,-0.04133871006026799,-0.019549787,-0.007336096612086455,-0.026264812785626902,0.1732283464566929,0.04330708661417323,0.10826771653543307,0.1496062992125984,0.48582677165354327,0.39233423300470266
2025-12-05,VLO,0.39274629093418123,0.5042293757154162,-0.0113900155,-0.010041979399160019,0.0035053492,-0.012844237513444491,-0.011038372761873916,0.952755905511811,0.9133858267716536,0.9330708661417323,0.9396325459317585,0.7401574803149608,0.9654138495133197
2025-12-05,VLTO,-0.2817219961170693,-0.17023891133583433,-0.019306514,-0.015462797672026572,-0.017703593,-0.009325331054897818,-0.02012706049329767,0.5354330708661418,0.5590551181102362,0.547244094488189,0.5314960629921259,0.547244094488189,0.5573838202356199
2025-12-05,VMC,-0.15490960049570257,-0.04342651571446765,-0.016385606,-0.014195170885464268,0.0034420192,-0.005623774177541386,-0.016574887466196855,0.7755905511811023,0.6279527559055118,0.7017716535433071,0.7093175853018372,0.788976377952756,0.8984343859700993
2025-12-05,VRSK,-0.2897521393619503,-0.1782690545807154,-0.031153213,-0.040521640557049377,-0.01046586,-0.012501423182860256,-0.037968193375832224,0.007874015748031496,0.0610236220472441,0.0344488188976378,0.025590551181102362,0.4692913385826772,0.4863442990050558
2025-12-05,VRSN,0.08122647791551697,0.1927095626967519,-0.024683103,-0.022892489408726013,-0.022502244,-0.027013424985066575,-0.027445569808512434,0.17716535433070865,0.2421259842519685,0.20964566929133857,0.19488188976377951,0.2409448818897638,0.3465039540065112
2025-12-05,VTR,-0.10978314848087957,0.0016999363003553643,-0.010742625,0.0027181659394706183,0.0034289658,0.06173814743889931,-0.010644814796667837,0.9566929133858267,0.9921259842519685,0.9744094488188977,0.968503937007874,0.9755905511811025,0.9617560909864302
2025-12-05,VZ,0.0854425370192788,0.19692562180051373,-0.020446677,-0.01751294484640312,-0.015750289,-0.01079330952070289,-0.023109011928093826,0.43700787401574803,0.4763779527559055,0.45669291338582674,0.41469816272965876,0.511023622047244,0.5509603093299151
2025-12-05,WEC,-0.041310765903145544,0.07017231887808939,-0.019839408,-0.01751294484640312,-0.017402738,-0.0022552295064516966,-0.02006048998400898,0.4921259842519685,0.4763779527559055,0.48425196850393704,0.49212598425196846,0.6393700787401575,0.5532545820517596
2025-12-05,WELL,-0.13222978988205783,-0.020746705100822885,-0.008577893,0.0008522108331560227,-0.010394841,0.005695949414737843,-0.009742317064700282,0.9881889763779528,0.9862204724409449,0.9872047244094488,0.9875328083989501,0.8543307086614174,0.8388252371601516
2025-12-05,WM,-0.09938840051426313,0.012094684266971802,-0.023831053,-0.031061454101694315,-0.039058924,0.013896178909323306,-0.026744896999727458,0.23622047244094488,0.1062992125984252,0.17125984251968504,0.1811023622047244,0.4322834645669291,0.13412337059563895
2025-12-05,WMB,0.05747971564080599,0.16896280042204093,-0.01848874,-0.012466925754433191,-0.016365051,-0.014015483294912121,-0.019172392319282784,0.6259842519685039,0.7598425196850394,0.6929133858267716,0.6548556430446194,0.48740157480314966,0.6071517305887423
2025-12-05,WMT,-0.10990133768340239,0.0015817470978325419,-0.0133387465,-0.010705630096302647,-0.008666307,0.04353272926597617,-0.013787866875488072,0.9173228346456693,0.8858267716535433,0.9015748031496063,0.8884514435695536,0.873228346456693,0.8248890047608829
2025-12-05,WRB,-0.1160607507981929,-0.004577666016957972,-0.023695247,-0.017131031101900986,-0.030840814,-0.015662191632664087,-0.023108806419016338,0.24803149606299213,0.5,0.37401574803149606,0.36089238845144356,0.27165354330708663,0.22981635191960295
2025-12-05,WTW,-0.30624552127487087,-0.19476243649363592,-0.018076997,-0.013758032935984186,-0.0017472208,0.0014862027905710598,-0.018481035537162117,0.6496062992125984,0.6771653543307087,0.6633858267716535,0.6456692913385826,0.8086614173228346,0.8107018159505334
2025-12-05,WY,-0.0072955092087125945,0.10418757557252234,-0.027065013,-0.04826975719708037,-0.025035799,-0.029497135851078743,-0.0315447404589801,0.06299212598425197,0.013779527559055118,0.038385826771653545,0.04396325459317585,0.1826771653543307,0.2628024079118126
2025-12-05,XEL,-0.06762920612255453,0.0438538786586804,-0.015313598,-0.014312885974932478,-0.024766147,0.004277531399461023,-0.014085829060573811,0.8464566929133859,0.6220472440944882,0.734251968503937,0.7716535433070866,0.6685039370078741,0.5477292144777834
2025-12-05,XOM,0.19545578538332226,0.3069388701645572,-0.019037038,-0.018720188342303965,-0.0250763,-0.00956437246251032,-0.017971468852259764,0.5708661417322834,0.421259842519685,0.49606299212598426,0.5511811023622046,0.4897637795275591,0.44388529582405795
2025-12-05,XYL,-0.3082889307747637,-0.1968058459935288,-0.017646063,-0.013758032935984186,-0.007675469,-0.005583898757875063,-0.016675997932320667,0.6811023622047244,0.6771653543307087,0.6791338582677166,0.6916010498687664,0.725984251968504,0.7578835760470133
2025-12-05,YUM,-0.07327235007139744,0.03821073470983749,-0.01985456,-0.020299253142861056,-0.013686687,-0.01079330952070289,-0.020202293556566064,0.4881889763779528,0.35826771653543305,0.42322834645669294,0.4461942257217848,0.5559055118110237,0.5920767338384606
