Date,Yield_Curve_Spread,Yield_Curve_Change_20d,VIX_Level,VIX_Change_20d,DXY_Ret_60d,Oil_Ret_60d,HYG_Ret_60d
2016-01-04,,,,,,,
2016-01-05,2.089999884366989,,20.700000762939453,,,,
2016-01-06,2.0429999083280563,,19.34000015258789,,,,
2016-01-07,1.9720000475645065,,20.59000015258789,,,,
2016-01-08,1.9630001187324524,,24.989999771118164,,,,
2016-01-11,1.9400001168251038,,27.01000022888184,,,,
2016-01-12,1.9829999953508373,,24.299999237060547,,,,
2016-01-13,1.8920000046491627,,22.46999931335449,,,,
2016-01-14,1.8509999811649323,,25.21999931335449,,,,
2016-01-15,1.8580000549554825,,23.950000762939453,,,,
2016-01-19,1.8099999874830242,,27.020000457763672,,,,
2016-01-20,1.8050000816583633,,26.049999237060547,,,,
2016-01-21,1.7309999763965602,,27.59000015258789,,,,
2016-01-22,1.746000051498413,,26.690000534057617,,,,
2016-01-25,1.7600001096725464,,22.34000015258789,,,,
2016-01-26,1.7470000684261322,,24.149999618530277,,,,
2016-01-27,1.6939999461174011,,22.5,,,,
2016-01-28,1.700999915599823,,23.11000061035156,,,,
2016-01-29,1.667000025510788,,22.420000076293945,,,,
2016-02-01,1.6309999823570251,,20.200000762939453,,,,
2016-02-02,1.6709999740123749,,19.979999542236328,,,,
2016-02-03,1.5339999496936798,-0.5559999346733093,21.979999542236328,0.061835687542028506,,,
2016-02-04,1.5480000376701355,-0.49499987065792084,21.649999618530277,0.11944154331525603,,,
2016-02-05,1.5809999704360962,-0.39100007712841034,21.84000015258789,0.06070908162877742,,,
2016-02-08,1.5700000524520874,-0.393000066280365,23.3799991607666,-0.06442579532202708,,,
2016-02-09,1.475000023841858,-0.46500009298324585,26.0,-0.03739356609859801,,,
2016-02-10,1.4289999604225159,-0.5540000349283214,26.540000915527344,0.09218114192573768,,,
2016-02-11,1.4070000350475311,-0.4849999696016316,26.290000915527344,0.17000452687608814,,,
2016-02-12,1.3710000514984129,-0.4799999296665194,28.13999938964844,0.11578113226782505,,,
2016-02-16,1.4780000150203703,-0.3800000399351122,25.399999618530277,0.06054274778289659,,,
2016-02-17,1.5049999952316284,-0.30499999225139574,24.11000061035156,-0.10769799400858193,,,
2016-02-18,1.5259999930858612,-0.27900008857250214,22.309999465942383,-0.14357005300013137,,,
2016-02-19,1.4709999561309812,-0.260000020265579,21.63999938964844,-0.21565787350607724,,,
2016-02-22,1.4650000333786009,-0.28100001811981223,20.530000686645508,-0.2307980413695263,,,
2016-02-23,1.473000019788742,-0.2870000898838043,19.3799991607666,-0.13249780535379263,,,
2016-02-24,1.4270000159740448,-0.3200000524520874,20.979999542236328,-0.13126294519117132,,,
2016-02-25,1.4269999861717224,-0.2669999599456787,20.71999931335449,-0.07911114162868937,,,
2016-02-26,1.387000024318695,-0.31399989128112793,19.11000061035156,-0.1730852399116034,,,
2016-02-29,1.4589999616146088,-0.2080000638961792,19.809999465942383,-0.11641394297367902,,,
2016-03-01,1.4320000112056732,-0.19899997115135193,20.549999237060547,0.017326656480292302,,,
2016-03-02,1.5139999985694885,-0.15699997544288635,17.700000762939453,-0.11411405563233956,,,
2016-03-03,1.545000046491623,0.011000096797943115,17.09000015258789,-0.22247495411689666,,,
2016-03-04,1.5670000314712522,0.01899999380111672,16.700000762939453,-0.2286373645639287,,,
2016-03-07,1.6180000305175783,0.037000060081482156,16.860000610351562,-0.22802195546899906,,,
2016-03-08,1.6369999647140503,0.06699991226196289,17.350000381469727,-0.25791270298314073,,,
2016-03-09,1.5270000100135803,0.05199998617172241,18.670000076293945,-0.28192307398869443,,,
2016-03-10,1.6039999723434448,0.17500001192092896,18.34000015258789,-0.30896761416997565,,,
2016-03-11,1.6260000169277193,0.2189999818801882,18.049999237060547,-0.3134272115449074,,,
2016-03-14,1.6689999997615816,0.2979999482631688,16.5,-0.4136460427191879,,,
2016-03-15,1.6550000607967381,0.17700004577636785,16.920000076293945,-0.3338582547083916,,,
2016-03-16,1.63400000333786,0.1290000081062317,16.84000015258789,-0.3015346442854222,,,
2016-03-17,1.637999951839447,0.11199995875358582,14.989999771118164,-0.328103983417779,,,
2016-03-18,1.6279999911785126,0.15700003504753135,14.4399995803833,-0.3327171909583917,,,
2016-03-21,1.5910000503063202,0.12600001692771934,14.020000457763672,-0.3170969318630614,,,
2016-03-22,1.6349999904632568,0.16199997067451477,13.789999961853027,-0.2884416636214372,,,
2016-03-23,1.6399999558925629,0.21299993991851807,14.170000076293944,-0.32459483386702137,,,
2016-03-24,1.5819999873638153,0.1550000011920929,14.9399995803833,-0.2789575253144846,,,
2016-03-28,1.6249999701976776,0.23799994587898254,14.739999771118164,-0.2286761224312175,,,
2016-03-29,1.6150000095367436,0.15600004792213484,15.239999771118164,-0.2306915607282587,,,
2016-03-30,1.5890000164508817,0.15700000524520852,13.81999969482422,-0.32749390715787585,,,
2016-03-31,1.6450000405311582,0.1310000419616697,13.5600004196167,-0.23389831439957642,,,
2016-04-01,1.5930000096559525,0.04799996316432953,13.949999809265137,-0.18373319574530678,-0.04425416017930243,0.04208348977001602,0.029845121930280414
2016-04-04,1.574000060558319,0.0070000290870668724,13.100000381469728,-0.21556887526968416,-0.04928322978292108,0.022540802357672578,0.0287003032527917
2016-04-05,1.5960000455379486,-0.02199998497962974,14.119999885559082,-0.16251486510090618,-0.04823071252779072,0.04967289204921409,0.026238953253571378
2016-04-06,1.50900000333786,-0.12799996137619019,15.420000076293944,-0.1112392082271696,-0.03723535154364418,0.0758025843639047,0.029036210605960573
2016-04-07,1.5349999964237213,0.007999986410140991,14.09000015258789,-0.24531333181521864,-0.04260374389999275,0.12964115002950435,0.0400481605757893
2016-04-08,1.4709999859333038,-0.132999986410141,16.15999984741211,-0.11886588260841258,-0.044000678204775455,0.17079401143340797,0.036640591152603534
2016-04-11,1.5020000338554382,-0.1239999830722811,15.359999656677246,-0.1490304539659011,-0.04897208900737605,0.26609731937159375,0.0401816570850624
2016-04-12,1.5139999836683273,-0.1550000160932543,16.260000228881836,-0.014545440673828125,-0.05164983904320875,0.2807684948081407,0.052665187991640335
2016-04-13,1.5510000139474869,-0.10400004684925124,14.850000381469728,-0.12234040694387616,-0.053159341066488036,0.3012909050690542,0.054084360850798964
2016-04-14,1.5389999598264694,-0.09500004351139069,13.84000015258789,-0.17814726679435178,-0.04357944388548594,0.3502641856146526,0.07390118249416672
2016-04-15,1.5660000145435333,-0.0719999372959137,13.720000267028809,-0.08472311697671364,-0.04219509165675993,0.3771938667438626,0.07700879210293421
2016-04-18,1.5419999808073046,-0.08600001037120797,13.619999885559082,-0.05678668411723409,-0.04531452314690021,0.4188094916560949,0.08215425633325521
2016-04-19,1.5750000029802322,-0.01600004732608795,13.350000381469728,-0.04778887691996658,-0.04723171632783073,0.2979575237311694,0.08111587479223362
2016-04-20,1.567999988794327,-0.06700000166892983,13.239999771118164,-0.03988398783584601,-0.057778881940727465,0.24386562698457795,0.07011440874081434
2016-04-21,1.6359999775886536,-0.003999978303909302,13.279999732971191,-0.06280877477281743,-0.050255638141469966,0.3400912768829507,0.08197747923041045
2016-04-22,1.6450000107288365,0.0630000233650212,13.949999809265137,-0.06626504678206724,-0.049092164399964014,0.3169784247489321,0.06992854228823414
2016-04-25,1.6630000174045565,0.038000047206878884,13.220000267028809,-0.10312072779456016,-0.038969972799726596,0.30296714834868016,0.07373484086003716
2016-04-26,1.6639999449253082,0.04899993538856462,14.079999923706056,-0.07611547669511531,-0.03796686496935414,0.24964062461234962,0.0648164657254124
2016-04-27,1.6859999895095825,0.09699997305870078,13.960000038146973,0.010130271086415732,-0.05192226948404907,0.26997723643278393,0.06489658270794108
2016-04-28,1.6150000095367432,-0.03000003099441506,13.770000457763672,0.015486727997675809,-0.047684721264010466,0.36017924702409315,0.07671913099782557
2016-04-29,1.628000065684319,0.03500005602836653,15.220000267028809,0.09103946058265744,-0.05306753507604215,0.4321039991315985,0.08221341904526672
2016-05-02,1.626000002026558,0.05199994146823883,15.699999809265137,0.19847323298350217,-0.04423686029169993,0.35245290655076056,0.07901651078512144
2016-05-03,1.6800000071525574,0.08399996161460876,14.68000030517578,0.039660086696560404,-0.040619058221340563,0.34481420879103847,0.08260035978266735
2016-05-04,1.5969999581575394,0.08799995481967926,15.600000381469728,0.011673171484124056,-0.043066046531071274,0.3457708300711268,0.08383390865541485
2016-05-05,1.5860000401735306,0.051000043749809265,16.049999237060547,0.13910568227443676,-0.035735021154903776,0.3883667574485877,0.0917861790632546
2016-05-06,1.563999980688095,0.09299999475479126,15.90999984741211,-0.015470297175778414,-0.02412548860027687,0.46137666261003185,0.09473727506466408
2016-05-09,1.5990000367164612,0.09700000286102295,14.720000267028809,-0.0416666278615585,-0.02107781703072058,0.4867120472460288,0.09557536952482991
2016-05-10,1.556999996304512,0.04300001263618469,14.56999969482422,-0.10393607074222244,-0.014865025599143104,0.5052396616073113,0.10048154763259466
2016-05-11,1.516999989748001,-0.03400002419948578,13.630000114440918,-0.08215489802620901,-0.017764722218160594,0.41672393099413574,0.09410421619182069
2016-05-12,1.488999992609024,-0.049999967217445374,14.6899995803833,0.06141614294971465,-0.03199185214403883,0.4649547066152407,0.09246978593900919
2016-05-13,1.498999983072281,-0.06700003147125222,14.40999984741211,0.050291513626386175,-0.027760663130350825,0.42078531254499074,0.08586434429711758
2016-05-16,1.4470000565052032,-0.09499992430210136,15.039999961853027,0.10425844994312605,-0.024432165043423947,0.40665600085895626,0.08050026519938512
2016-05-17,1.495000034570694,-0.07999996840953827,14.68000030517578,0.09962545960314273,-0.021238427622186515,0.47622584297452186,0.0841079762877869
2016-05-18,1.490999937057495,-0.07700005173683211,15.56999969482422,0.17598187039162472,-0.029491995168646912,0.42828619798516604,0.07347084814296144
2016-05-19,1.6099999845027924,-0.025999993085861206,15.949999809265137,0.201054226655212,-0.02492860144412169,0.41348634739254736,0.07563642870450328
2016-05-20,1.5550000369548795,-0.08999997377395696,16.329999923706055,0.17060932953276442,-0.022517145053584525,0.4041162996873438,0.07120201099118852
2016-05-23,1.5509999692440033,-0.1120000481605532,15.199999809265137,0.14977303345254267,-0.02056150706352035,0.36735254916121385,0.06934538768165306
2016-05-24,1.5250000655651097,-0.13899987936019853,15.81999969482422,0.12357952986836174,-0.03020188281211434,0.3830477922340342,0.06287335001848925
2016-05-25,1.5159999728202815,-0.17000001668930098,14.420000076293944,0.03295129204082947,-0.02724907376267213,0.36505452960079915,0.05819765247899118
2016-05-26,1.5550000071525578,-0.06000000238418535,13.899999618530272,0.009440752102030991,-0.030978213276782098,0.36512747573431004,0.04406883772367936
2016-05-27,1.5479999482631683,-0.08000011742115065,13.43000030517578,-0.11760840541709572,-0.03144328700312185,0.35598225838775854,0.04802076653573003
2016-05-31,1.5529999434947965,-0.07300005853176139,13.119999885559082,-0.1643312073280092,-0.02123445149158199,0.35554620725835795,0.04634109784742794
2016-06-01,1.5509999990463257,-0.1290000081062317,14.1899995803833,-0.03337879527289367,-0.015008271983005354,0.3125648112654232,0.04253662347973832
2016-06-02,1.550999969244003,-0.045999988913536294,14.199999809265137,-0.08974362422885351,-0.016725062593201973,0.25707317232498333,0.04288571048734828
2016-06-03,1.5409999787807462,-0.04500006139278434,13.630000114440918,-0.15077876870122742,-0.017119280505744308,0.29797138359613595,0.050190540920305234
2016-06-06,1.4339999854564667,-0.12999999523162842,13.470000267028809,-0.15336264008702594,-0.0328481357005952,0.2388461575197839,0.04950411796729802
2016-06-07,1.4730000495910645,-0.12599998712539673,13.649999618530272,-0.07269026012827062,-0.022846686780790295,0.2724369297609308,0.04700087072732454
2016-06-08,1.4480000734329224,-0.10899992287158966,14.050000190734863,-0.03568974021832538,-0.024632785868064798,0.2685389800021768,0.03939946659008094
2016-06-09,1.4709999710321426,-0.04600001871585846,14.079999923706056,0.03301539291906286,-0.031862286513017424,0.3205542985142889,0.045994995850993016
2016-06-10,1.4399999529123306,-0.04900003969669342,14.640000343322754,-0.0034036241312978,-0.02653119321168764,0.3302417098332905,0.051406744221898
2016-06-13,1.3990000635385513,-0.09999991953372978,17.030000686645508,0.18181824198311314,-0.013544234872433366,0.24362912752664911,0.03989551996390537
2016-06-14,1.3710000514984133,-0.07600000500678994,20.96999931335449,0.39428187277540694,-0.00412414669653404,0.19550132211155574,0.02684744973526775
2016-06-15,1.347999930381775,-0.14700010418891907,20.5,0.39645773663725614,-0.0006318193046344205,0.20657713081727822,0.02117108037280801
2016-06-16,1.340999960899353,-0.14999997615814187,20.13999938964844,0.29351315249822263,-0.007161697800307486,0.18478237234473083,0.02274548678077074
2016-06-17,1.3190000057220461,-0.29099997878074624,19.3700008392334,0.21442012983483738,-0.011355414038556904,0.10870830508229087,0.026024440431172195
2016-06-20,1.3700000345706937,-0.1850000023841858,19.40999984741211,0.18860991660109305,-0.019342597644526574,0.1871686004230122,0.03126582712382688
2016-06-21,1.4219999611377716,-0.1290000081062317,18.3700008392334,0.2085527019570088,-0.026668234213437437,0.22405545324280035,0.04155819574357384
2016-06-22,1.4320000410079956,-0.09300002455711409,18.479999542236328,0.16814158651863753,-0.020215531629615945,0.21524238576505958,0.0499358533091426
2016-06-23,1.4169999361038208,-0.09900003671646074,21.170000076293945,0.46809985882710237,-0.015248097253865134,0.24954233322519076,0.0470677360620151
2016-06-24,1.4639999568462372,-0.09100005030632063,17.25,0.24100722830263965,-0.013908995188652108,0.26824865601308556,0.05085874127971805
2016-06-27,1.3409999907016754,-0.20699995756149292,25.76000022888184,0.9180937932632964,0.009050794689967456,0.21717899007799363,0.032952873434558175
2016-06-28,1.2250000387430193,-0.3279999047517772,23.850000381469727,0.8178354107854025,0.0200885404852442,0.23056364494866,0.017707906151414612
2016-06-29,1.2009999752044678,-0.3500000238418579,18.75,0.32135310461323674,0.01824330155770734,0.29292037585372,0.03264438777550826
2016-06-30,1.222000002861023,-0.3289999663829801,16.639999389648438,0.1718309586730602,0.011974926985781871,0.32916145407219066,0.04890647566933428
2016-07-01,1.2400000393390656,-0.3009999394416807,15.630000114440918,0.14673514183473912,0.01794663361049914,0.24706704804846116,0.0472847286163242
2016-07-05,1.2129999697208405,-0.22100001573562622,14.770000457763672,0.09651077690896104,0.012307504419261974,0.27369590978587605,0.05418056464449313
2016-07-06,1.1289999783039093,-0.34400007128715515,15.579999923706056,0.1413919677005524,0.020272742449324525,0.15974563847773846,0.04393404590204672
2016-07-07,1.121999979019165,-0.3260000944137573,14.960000038146973,0.06476867153441046,0.022210277444560566,0.16141573571563264,0.046980272517312745
2016-07-08,1.1169999539852142,-0.3540000170469284,14.760000228881836,0.04829547648156485,0.024910665730764756,0.06805973353040963,0.04242038217060763
2016-07-11,1.0930000543594363,-0.34699989855289437,13.199999809265137,-0.09836068991039304,0.01633207554693396,0.08379343836842106,0.04903732676176052
2016-07-12,1.1590000092983246,-0.24000005424022675,13.539999961853027,-0.20493250640496152,0.01744440912398525,0.075621418707813,0.04998487420971024
2016-07-13,1.2180000245571136,-0.15300002694129966,13.550000190734863,-0.35383878710450356,0.018207110661755635,0.14804397601338287,0.05435793151893299
2016-07-14,1.170000046491623,-0.17799988389015198,13.039999961853027,-0.36390244088521817,0.018143262771363425,0.11772720198139161,0.04576063331997048
2016-07-15,1.2280000150203705,-0.11299994587898254,12.81999969482422,-0.36345580519662546,0.022099167435004306,0.10613914239523013,0.04353449838607924
2016-07-18,1.2959999740123749,-0.023000031709671243,12.670000076293944,-0.34589573942448104,0.021877713217809826,0.07499560957278222,0.03963273633355436
2016-07-19,1.299000024795532,-0.07100000977516174,12.4399995803833,-0.35909326748181825,0.020507091577415527,0.04660425619511972,0.04613374734075142
2016-07-20,1.2479999661445618,-0.17399999499320984,11.970000267028809,-0.34839413608168723,0.02008705980278813,0.020819986539852852,0.04117159050053664
2016-07-21,1.26500004529953,-0.16699999570846558,11.770000457763672,-0.3630951975478597,0.024579457486056923,0.052535470655332074,0.04757967054200409
2016-07-22,1.2620000541210175,-0.15499988198280334,12.739999771118164,-0.3982050200659022,0.02537068070294503,0.015993112077844516,0.04281778728463347
2016-07-25,1.2670000493526459,-0.1969999074935913,12.020000457763672,-0.303188379260077,0.03210952200242458,-0.025470617280955007,0.041377136574431414
2016-07-26,1.2729999721050262,-0.06800001859664917,12.869999885559082,-0.5003882076394792,0.03695786978489823,-0.06507449588465122,0.038278082884592876
2016-07-27,1.254999965429306,0.029999926686286704,13.050000190734863,-0.45283018943370457,0.04289978371957567,-0.06756283703596742,0.032751794827057555
2016-07-28,1.2319999933242798,0.03100001811981201,12.829999923706056,-0.31573333740234366,0.046613307445401785,-0.06599858757755524,0.03540704017128486
2016-07-29,1.2910000383853912,0.06900003552436829,12.720000267028809,-0.23557687899064572,0.040072795387193584,-0.059222447853897894,0.03768534389649896
2016-08-01,1.2179999500513077,-0.022000089287757874,11.869999885559082,-0.24056303271603208,0.024907211839927668,-0.05107693362461512,0.042366083560142
2016-08-02,1.2580000460147858,0.04500007629394531,12.4399995803833,-0.1577522549199133,0.02037117599740358,-0.10105767103476748,0.037587950622452904
2016-08-03,1.2569999396800995,0.12799996137619019,13.369999885559082,-0.14184852689147354,0.012384367733323623,-0.12252448105413188,0.03677331884819138
2016-08-04,1.2740000486373901,0.1520000696182251,12.859999656677246,-0.14037435669217047,0.014865025599143098,-0.06196349383486616,0.0430820338088354
2016-08-05,1.2550000250339508,0.13800007104873657,12.420000076293944,-0.15853659324537572,0.015469934370605624,-0.06307667453446339,0.040968953800508225
2016-08-08,1.3320000171661377,0.23899996280670144,11.390000343322754,-0.13712117364364929,0.024947377898073116,-0.10073260681968878,0.043914650502948085
2016-08-09,1.3329999446868896,0.17399993538856506,11.5,-0.1506646948006225,0.023723187955568464,-0.08207904653158316,0.046432593353886636
2016-08-10,1.251999944448471,0.03399991989135742,11.65999984741211,-0.13948341820800025,0.0164582538548914,-0.07735927212812185,0.05437981767832112
2016-08-11,1.2359999418258665,0.06599989533424355,12.050000190734863,-0.07592022806858056,0.011355414038556841,-0.13460973655122477,0.046980575266882985
2016-08-12,1.2979999482631683,0.06999993324279785,11.68000030517578,-0.08892351144974597,0.013759972717477647,-0.10510754178909351,0.0514622623236034
2016-08-15,1.2519999742507935,-0.04399999976158142,11.550000190734863,-0.08839778049051816,0.006708614042990441,-0.07988701961003104,0.05215350562648411
2016-08-16,1.2779999673366547,-0.02100005745887734,11.8100004196167,-0.05064302106248064,0.0035616666726283664,-0.0515555725417582,0.05793326008498609
2016-08-17,1.2879999876022339,0.04000002145767212,12.640000343322754,0.05597327162468413,-0.005470783210677918,-0.024807763160654833,0.052358123785757646
2016-08-18,1.2730000019073484,0.007999956607818381,12.1899995803833,0.03568386629437992,-0.005369869433566839,-0.027196803865595805,0.05350579704927988
2016-08-19,1.2510000169277191,-0.01100003719329834,11.43000030517578,-0.10282570561046478,-0.014863458240439957,-0.008261048851026596,0.05143409448470867
2016-08-22,1.2849999368190765,0.017999887466430664,11.34000015258789,-0.0565724026022455,-0.008848644433316713,-0.021207990960221676,0.04688301803928554
2016-08-23,1.2590000331401825,-0.01399993896484375,12.270000457763672,-0.046620002574253805,-0.006853330041305102,-0.050357688456913414,0.04813248426495632
2016-08-24,1.2479999661445618,-0.006999999284744263,12.380000114440918,-0.05134100126447716,-0.010312579451402995,-0.025250306975466957,0.04980691392039475
2016-08-25,1.2540000081062317,0.022000014781951904,13.449999809265137,0.04832423142992415,-0.011537766677037225,-0.04861702219816693,0.047994229168234155
2016-08-26,1.272000014781952,-0.01900002360343933,13.630000114440918,0.07154086700539608,-0.007254433926858094,-0.034879942068886116,0.048256640238053525
2016-08-29,1.3299999833106995,0.11200003325939178,13.649999618530272,0.14995785595050592,0.00010466317567443222,-0.03161091250922813,0.046860753155647125
2016-08-30,1.2609999775886536,0.002999931573867798,12.9399995803833,0.040192927400773515,0.016349745000386186,-0.03431297743237018,0.05001898393984053
2016-08-31,1.2450000643730164,-0.01199987530708313,13.119999885559082,-0.018698579068054055,0.022638518522901892,-0.06958241888599069,0.046172526828140846
2016-09-01,1.2479999661445618,-0.02600008249282837,13.420000076293944,0.04354591248576978,0.023071814325463406,-0.11922370260839557,0.037857600243715386
2016-09-02,1.2550000548362732,2.9802322387695312e-08,13.479999542236328,0.08534617225692331,0.021772210799111066,-0.17141115216111652,0.03604560239840368
2016-09-06,1.29299995303154,-0.03900006413459778,11.979999542236328,0.051799752513568054,0.01873935054431603,-0.1290208431309213,0.04456868810179922
2016-09-07,1.2399999797344208,-0.09299996495246887,12.020000457763672,0.04521743110988452,0.0023228943274630812,-0.09037024487086685,0.05059795906328635
2016-09-08,1.210999995470047,-0.04099994897842407,11.9399995803833,0.02401369953991339,0.006232485522583765,-0.07165601075821956,0.05453793651480416
2016-09-09,1.2830000519752505,0.04700011014938399,12.510000228881836,0.038174276420398945,0.0010528372693210711,-0.018104807103215066,0.056060650620704686
2016-09-12,1.3390000462532043,0.04100009799003601,17.5,0.4982876320855225,0.007686226198040059,-0.0453799720402754,0.045948033446160205
2016-09-13,1.3220000565052032,0.07000008225440979,15.15999984741211,0.31255407766773047,0.005588655705912877,0.0017297697514054443,0.048837495050392685
2016-09-14,1.3889999687671661,0.11100000143051147,17.850000381469727,0.5114309692843397,0.014960226297892088,-0.06634641913868201,0.04053809603510301
2016-09-15,1.3740000128746035,0.0860000252723696,18.13999938964844,0.43512649501082756,0.018207353809218632,-0.1247445591034534,0.03442696398541847
2016-09-16,1.4249999523162842,0.15199995040893577,16.299999237060547,0.3371615913171353,0.013417393076376684,-0.10661226615417341,0.036446204162358116
2016-09-19,1.4279999732971191,0.17699995636940002,15.369999885559082,0.34470686572065756,0.025181748521148923,-0.13257234943929228,0.035725471259767376
2016-09-20,1.457999974489212,0.1730000376701355,15.529999732971191,0.3694884941802321,0.024397868761482654,-0.14606798376327274,0.028956273451220427
2016-09-21,1.399999976158142,0.1409999430179596,15.920000076293944,0.2974734704448023,0.005953949942581313,-0.09229208766318753,0.04435078245565041
2016-09-22,1.4449999779462814,0.19700001180171967,13.300000190734863,0.07431341419947102,-0.009157163181039076,-0.021600090505768083,0.06710502202001657
2016-09-23,1.4719999730587008,0.2179999649524691,12.020000457763672,-0.10631965589444836,-0.008346454968455987,-0.03249725933385011,0.05797429397799521
2016-09-26,1.4500000029802322,0.17799998819828033,12.289999961853027,-0.09831255622427815,-0.0030326118523613444,-0.11458050257465564,0.04426312056853368
2016-09-27,1.4159999936819077,0.08600001037120819,14.5,0.062271091957821545,-0.00867074478313589,-0.05093401876142577,0.033120991427771994
2016-09-28,1.3009999990463257,0.04000002145767212,13.100000381469728,0.012364822741492532,-0.002197908468799644,-0.09231413553857559,0.03403242948095618
2016-09-29,1.3040000200271606,0.05899995565414429,12.390000343322754,-0.05564020949724424,-0.00772444205755595,0.009610341428467823,0.04640349031323139
2016-09-30,1.322000041604042,0.07400007545948029,14.020000457763672,0.04470941714297094,-0.00542795327677192,0.008398149651035846,0.03821700978957745
2016-10-03,1.3480000495910645,0.09299999475479126,13.289999961853027,-0.01409492483942476,-0.009072513790618061,0.06641982934492945,0.04127899226856405
2016-10-04,1.3339999914169312,0.041000038385391235,13.56999969482422,0.13272121981158969,-0.005727722433436108,0.07220289628486655,0.027484352359015102
2016-10-05,1.3679999709129333,0.12799999117851257,13.630000114440918,0.13394339395697386,-0.004670691375896234,0.08415879604535775,0.02517088261691177
2016-10-06,1.4029999673366547,0.19199997186660767,12.989999771118164,0.08793971755744034,-0.0032196651220711345,0.06273406241786697,0.0250230676686092
2016-10-07,1.4319999814033508,0.14899992942810036,12.84000015258789,0.026378890301231417,0.004562455345548587,0.1196930391496244,0.028514225541820228
2016-10-10,1.425999939441681,0.08699989318847656,13.479999542236328,-0.2297143118722098,0.004569009147829283,0.08655522262729459,0.028828454946287677
2016-10-11,1.4150000512599945,0.09299999475479126,13.380000114440918,-0.11741423158886422,-0.0006214934271762401,0.08066192925039645,0.03367564607359556
2016-10-12,1.4389999508857725,0.049999982118606345,15.359999656677246,-0.13949583594280346,0.01173697630728069,0.11571781448958653,0.02467244033069136
2016-10-13,1.4379999935626984,0.06399998068809487,15.90999984741211,-0.12293272421546375,0.009434980756289027,0.11676220552317085,0.027007881160827016
2016-10-14,1.4630000293254852,0.03800007700920105,16.690000534057617,0.023926461058374926,0.0032867706802807766,0.1154562476716288,0.021908988899410127
2016-10-17,1.504000037908554,0.07600006461143494,16.1200008392334,0.0487964189498129,0.010460526730582892,0.11790714413826621,0.025611962636002066
2016-10-18,1.4710000455379486,0.013000071048736572,16.209999084472656,0.043786179214013954,0.004299742165259081,0.12232376928712332,0.019808193289377937
2016-10-19,1.415999948978424,0.015999972820281982,15.279999732971191,-0.04020102639796841,0.006250346724933071,0.15358743296406166,0.028605621517028414
2016-10-20,1.428999960422516,-0.016000017523765342,14.40999984741211,0.08345861960592305,0.007280953675797946,0.18418376781576143,0.03532737979031029
2016-10-21,1.4269999861717224,-0.04499998688697837,13.75,0.14392674512078973,0.013001121093645526,0.18482324580706072,0.03240335503004017
2016-10-24,1.425000011920929,-0.024999991059303284,13.34000015258789,0.08543532904751516,0.02005797020725073,0.21189922309826995,0.03684212075703149
2016-10-25,1.4500000178813934,0.03400002419948578,13.020000457763672,-0.10206893394733296,0.032340608808016175,0.19426917595589369,0.03647678292546936
2016-10-26,1.4330000281333923,0.13200002908706665,13.460000038146973,0.027480889022451604,0.030964795880209037,0.22084430241364403,0.04153057287671121
2016-10-27,1.4769999682903288,0.1729999482631681,14.239999771118164,0.1493139125530707,0.036867201615502124,0.21893328105210558,0.038936630254667266
2016-10-28,1.5680000483989716,0.2460000067949295,15.359999656677246,0.09557768581751658,0.03425381820067772,0.19699014101676135,0.030762406499205048
2016-10-31,1.5720000267028806,0.22399997711181618,16.190000534057617,0.21820922351607308,0.026687445762396306,0.14967747729376019,0.019558903720250223
2016-11-01,1.539000004529953,0.20500001311302185,17.059999465942383,0.2571849557556951,0.023223346541480817,0.11426812482608033,0.014317695610445942
2016-11-02,1.4750000536441805,0.10700008273124717,18.559999465942383,0.3617020770438699,0.013395310367611284,0.08143638624733827,0.006326508617618146
2016-11-03,1.4540000259876251,0.05100005865097046,19.31999969482422,0.4872979241908928,0.012604787292115479,0.058352715503065124,-0.001625780833281134
2016-11-04,1.4540000259876251,0.022000044584274292,22.07999992370605,0.7196261418467231,0.015663429986509735,0.06833735673632987,0.00046723154737797023
2016-11-07,1.4249999821186068,-0.0009999573230741188,22.51000022888184,0.669881379324397,0.012543564481662344,0.01324820672523705,-0.0014984077690682975
2016-11-08,1.4379999637603755,0.022999912500381026,18.709999084472656,0.398355674472612,0.021292768873293542,0.008950556652453916,0.01159578130491448
2016-11-09,1.4420000016689298,0.0030000507831573486,18.739999771118164,0.22005209570246165,0.02305134245743863,-0.016755288936333795,0.0063807057089679655
2016-11-10,1.6540000140666962,0.2160000205039978,14.380000114440918,-0.09616591751382442,0.03839262005461269,-0.028526732206362274,0.001458951953944241
2016-11-11,1.6590000987052917,0.19600006937980652,14.739999771118164,-0.1168364709731603,0.0420712103006054,-0.04659128144950066,-0.013133276068667174
2016-11-14,1.6590000987052917,0.15500006079673767,14.170000076293944,-0.12096778296645483,0.04800089247936059,-0.07669565507295636,-0.026476529352697887
2016-11-15,1.7189998626708984,0.24799981713294983,14.479999542236328,-0.10672422208175647,0.05756391591801524,-0.1133616784222808,-0.016078112424309156
2016-11-16,1.7499999105930328,0.33399996161460876,13.369999885559082,-0.12499999219834479,0.05825699083581879,-0.02670841193925988,-0.0013452790090941035
2016-11-17,1.7700000405311584,0.34100008010864236,13.720000267028809,-0.04788338568284012,0.060238805313793484,-0.05403254680972673,-0.008693300028494057
2016-11-18,1.8560000360012059,0.4290000498294835,13.350000381469728,-0.02909088134765614,0.06236688024718389,-0.02928948516177398,-0.008636882227020824
2016-11-21,1.917000025510788,0.492000013589859,12.850000381469728,-0.036731616605199524,0.06574468909478916,-0.03526495708666337,-0.010484744724187992
2016-11-22,1.9189999997615819,0.46899998188018843,12.420000076293944,-0.046082976987297686,0.05575651396523155,-0.003153533770739946,-0.001326320486592717
2016-11-23,1.8460001051425934,0.41300007700920105,12.40999984741211,-0.07800892925401626,0.055552874795963,0.02210382077433464,0.0010757291065040665
2016-11-25,1.8720000982284546,0.39500012993812583,12.43000030517578,-0.12710670611199448,0.05715835205990181,0.03414605197885191,-0.003229210748080706
2016-11-28,1.891999989748001,0.32399994134902954,12.34000015258789,-0.1966145554421619,0.0554037822700282,0.02997140552028194,0.001968180403671648
2016-11-29,1.8699999451637268,0.29799991846084617,13.149999618530272,-0.18777027889111786,0.057686823691444185,0.0869341844299524,-0.00012787184170771806
2016-11-30,1.834000051021576,0.2950000464916229,12.899999618530272,-0.2438452507408866,0.05132982935426017,0.01762063949966371,-0.00602548881329084
2016-12-01,1.9000000357627869,0.42499998211860635,13.329999923706056,-0.2817887765478324,0.0680784442263445,0.09788218636076036,-0.006707667511872095
2016-12-02,1.9829999804496765,0.5289999544620514,14.06999969482422,-0.2717391347271325,0.062060746443051144,0.1152891127520656,-0.008635992523118792
2016-12-05,1.935000091791153,0.48100006580352783,14.119999885559082,-0.3605072493501581,0.05864804060170962,0.08181804675070539,-0.0007993307706475319
2016-12-06,1.9340000748634338,0.509000092744827,12.140000343322754,-0.46068413061380964,0.049119789441185696,0.12116778257168742,0.011404943936623401
2016-12-07,1.9109998941421509,0.47299993038177535,11.789999961853027,-0.3698556633475468,0.0551292452963765,0.09552617206731714,0.012924402595927406
2016-12-08,1.858999878168106,0.41699987649917625,12.220000267028809,-0.3479188678613482,0.04698102888855182,0.10297457333589707,0.025608172430516517
2016-12-09,1.8970000743865967,0.2430000603199005,12.640000343322754,-0.12100137394093569,0.058468767354096,0.1540850777901752,0.02572627955685796
2016-12-12,1.9440000057220463,0.2849999070167546,11.75,-0.20284937703844652,0.06382332997892631,0.159439726571079,0.02035069640282573
2016-12-13,1.9790000915527344,0.3199999928474426,12.640000343322754,-0.10797457478711248,0.049231014538939355,0.2051817273537417,0.018730064228895046
2016-12-14,1.9579999446868896,0.2390000820159912,12.720000267028809,-0.12154691511376259,0.05273739420057878,0.20176185781501746,0.020575476314518757
2016-12-15,2.0020000934600835,0.2520001828670506,13.1899995803833,-0.013462999754412786,0.06041634514225227,0.16122901296181621,0.014204029749571086
2016-12-16,2.0919999182224274,0.3219998776912689,12.789999961853027,-0.0677842774836317,0.07519002516103893,0.11567330508965379,0.006434224318143986
2016-12-19,2.1119998693466187,0.25599983334541276,12.199999809265137,-0.08614236249766949,0.07564088563125411,0.11374499289589064,0.004019792463615744
2016-12-20,2.0640000700950623,0.1470000445842743,11.710000038146973,-0.08871597739146275,0.07717044607598417,0.15850909211238154,0.007725101184855043
2016-12-21,2.055000066757202,0.13600006699562028,11.449999809265137,-0.07809985998955393,0.08040586354809276,0.1285385287017561,0.013505022486958949
2016-12-22,2.0429999828338623,0.19699987769126892,11.270000457763672,-0.0918613540423342,0.07642530818198243,0.1613206128677711,0.012350103816919053
2016-12-23,2.0599999725818634,0.1879998743534088,11.43000030517578,-0.08045052095321392,0.07720935995780823,0.11813723664020781,0.007830711617489345
2016-12-27,2.0429999828338623,0.1509999930858612,11.4399995803833,-0.07293359490079465,0.07528107408921444,0.10301611351991032,0.013471850543954708
2016-12-28,2.0679999589920044,0.1980000138282776,11.989999771118164,-0.08821291871198977,0.07621580956511788,0.11094191901137547,0.008182819657618417
2016-12-29,2.0110000371932983,0.1769999861717224,12.949999809265137,0.003875983892514423,0.0755094720786275,0.10215932821689117,0.007416234546826309
2016-12-30,2.0370000004768376,0.13699996471405074,13.369999885559082,0.0030007473429831677,0.06601991953226581,0.09924205734512903,0.010534172813048514
2017-01-03,1.966000109910965,-0.016999870538711548,14.039999961853027,-0.0021321772297001607,0.06308763211949346,0.07516814533913245,0.008230477219472497
2017-01-04,1.9750000536441803,0.039999961853027344,12.850000381469728,-0.0899433083840332,0.06556603440387213,0.03678537150416175,0.011805693773051563
2017-01-05,1.9339998960495,-1.7881393388208267e-07,11.850000381469728,-0.023887969823042976,0.06206188124208438,0.06696975421542052,0.01490080480787413
2017-01-06,1.8600000143051147,-0.05099987983703613,11.670000076293944,-0.010178107374669065,0.050505584362248,0.07631387033763294,0.010548515012206355
2017-01-09,1.9149999618530273,0.056000083684921265,11.31999969482422,-0.0736497997166915,0.04522583746932356,0.061099372479777134,0.01594116503300996
2017-01-10,1.8909999132156372,-0.006000161170959473,11.5600004196167,-0.08544302961799988,0.03962498435777617,0.03485762716265192,0.016056952225880963
2017-01-11,1.875999927520752,-0.06800007820129439,11.489999771118164,-0.02212767905377322,0.04501341788582178,0.007505488016496118,0.018706943408481193
2017-01-12,1.8719998896121979,-0.1070002019405365,11.260000228881836,-0.10917722127831442,0.03764210393317463,0.03704130198578977,0.016974251556610902
2017-01-13,1.8580000400543208,-0.0999999046325688,11.539999961853027,-0.09276731764184232,0.03473546480420634,0.059658285983695866,0.018587539470028457
2017-01-17,1.8670001029968262,-0.13499999046325728,11.229999542236328,-0.14859742990909297,0.03295454675739535,0.04052761950700933,0.014903410764992507
2017-01-18,1.8139998912811284,-0.278000026941299,11.869999885559082,-0.07193120242673201,0.024824675686539635,0.01691049299698271,0.011006068414950292
2017-01-19,1.873999953269959,-0.2379999160766597,12.479999542236328,0.02295079814333678,0.026199748120530022,0.012806824871033748,0.011807303367080588
2017-01-20,1.9560000896453857,-0.10799998044967651,12.779999732971191,0.09137486689483731,0.02451966317915881,0.010174231199471662,0.008366760475721042
2017-01-23,1.9870000183582306,-0.06800004839897156,11.539999961853027,0.00786027546612389,0.02076198880040373,0.0369188564214712,0.009746319318778339
2017-01-24,1.930000126361847,-0.11299985647201538,11.770000457763672,0.04436557051384682,0.014481371391996518,0.054341105424006164,0.01031816868208011
2017-01-25,1.9779999554157253,-0.08200001716613814,11.06999969482422,-0.031496115550280646,0.017288612918204556,0.07819534856008922,0.015020457863834732
2017-01-26,2.0399999916553497,-0.0029999911785125732,10.8100004196167,-0.05506985873031767,0.011462013683844596,0.059156481162114555,0.022250425277693997
2017-01-27,2.0199998915195465,-0.048000067472457886,10.630000114440918,-0.11342783007829993,0.02043042754465674,0.09922258238797953,0.02664940510182668
2017-01-30,1.9829999506473541,-0.028000086545944214,10.579999923706056,-0.18301157686994352,0.020907404187567147,0.1263298469738547,0.030580600996264425
2017-01-31,1.9880000352859497,-0.048999965190887895,11.880000114440918,-0.11144351412654163,0.027559442631208585,0.12018479893284599,0.03243182908894265
2017-02-01,1.9509999752044682,-0.015000134706496748,11.989999771118164,-0.14601140999321627,0.021431936779968862,0.1525109442784186,0.0358669101633433
2017-02-02,1.9739999771118164,-0.0010000765323638916,11.8100004196167,-0.08093384676881066,0.025204542442907547,0.18768112837077291,0.03932840881957213
2017-02-03,1.9820000231266017,0.04800012707710177,11.93000030517578,0.006751048196686149,0.028236679999850814,0.19464978326298282,0.039429876820707845
2017-02-06,2.002999931573868,0.14299991726875305,10.970000267028809,-0.05998284530323972,0.021149323090296067,0.18161592739113486,0.027240110588499844
2017-02-07,1.9100000858306885,-0.004999876022338867,11.369999885559082,0.004416978099188729,0.020731925301044396,0.1642626069823832,0.02876154858988751
2017-02-08,1.863999962806702,-0.026999950408935103,11.289999961853027,-0.023356440135200662,0.01771028496422087,0.14186301037673144,0.03427650201552019
2017-02-09,1.8260000944137573,-0.04999983310699463,11.449999809265137,-0.003481284825920805,0.014969866793353917,0.15868265702196555,0.048167576184579404
2017-02-10,1.8669999837875366,-0.004999905824661255,10.880000114440918,-0.03374778922883326,0.018652772922256197,0.17121367055676673,0.058960343412232157
2017-02-13,1.8859999179840088,0.027999877929687944,10.850000381469728,-0.05979199156535375,0.006868798384441381,0.21777368362753508,0.052246213978362654
2017-02-14,1.9110000133514404,0.04399991035461426,11.06999969482422,-0.014247538195379605,0.007655982085749492,0.14446785375891993,0.040616466488895206
2017-02-15,1.9350000023841853,0.12100011110305697,10.739999771118164,-0.09519798865505169,0.008330865623743841,0.1548088121096318,0.045299284619934266
2017-02-16,1.9820001125335693,0.1080001592636104,11.970000267028809,-0.04086532803799536,0.0028703035093426235,0.15641274956295328,0.04835464286310733
2017-02-17,1.9420000314712524,-0.0140000581741333,11.760000228881836,-0.07981216943673741,-0.007636998558495772,0.15518198752726992,0.04755669868843719
2017-02-21,1.9169999361038208,-0.07000008225440979,11.489999771118164,-0.004332772175055899,-0.0009901595216458173,0.11729157663604645,0.04058062143766453
2017-02-22,1.9220000505447388,-0.008000075817108154,11.56999969482422,-0.016992417600759535,0.0032607293856576434,0.11826877599008835,0.03652072874537579
2017-02-23,1.9079999923706055,-0.0699999630451198,11.739999771118164,0.06052394713318754,-0.003644737516623564,0.11099517528415992,0.04070541044960049
2017-02-24,1.8900000154972076,-0.1499999761581421,11.710000038146973,0.08325620569792602,-0.004344776361944471,0.1673379391829115,0.04032890420387188
2017-02-27,1.8189999163150787,-0.20099997520446777,11.470000267028809,0.07902165038048725,-0.002371362590701219,0.1369505540341849,0.04123959673177775
2017-02-28,1.878999948501587,-0.10400000214576721,12.09000015258789,0.14272213986490256,0.0019795804807480103,0.17814895660082444,0.04376936188151493
2017-03-01,1.8350000381469727,-0.15299999713897705,12.920000076293944,0.08754208348776338,-0.003750840921684724,0.08840939815532282,0.042509368361743426
2017-03-02,1.848000049591065,-0.10299992561340332,12.539999961853027,0.04587157641651651,0.007297122063866132,0.05282952787940097,0.05087918132841461
2017-03-03,1.8440001010894775,-0.12999987602233887,11.8100004196167,0.0,0.014090988929476432,0.01783536196470158,0.041709704487389726
2017-03-06,1.8090000748634338,-0.1729999482631679,10.960000038146973,-0.08130764813207725,0.01388361772885274,0.029301960833445953,0.03959069988763441
2017-03-07,1.7889999747276306,-0.21399995684623718,11.239999771118164,0.024612533957803162,0.011378953644203027,0.04360626379998933,0.03139264560179398
2017-03-08,1.775999903678894,-0.13400018215179443,11.449999809265137,0.007036053167217782,0.015640728610002156,0.06551752677789471,0.019885858979015254
2017-03-09,1.8440000414848328,-0.01999992132186934,11.859999656677246,0.05048712991586801,0.009845506358417895,-0.011076089878647236,0.013324569056232282
2017-03-10,1.8850000500679016,0.05899995565414429,12.300000190734863,0.07423584241302095,0.002752914744361855,-0.0440635132151878,0.010200073769719062
2017-03-13,1.8569999933242798,-0.009999990463256836,11.65999984741211,0.07169115117341818,0.0028683162619640473,-0.08572162010363693,0.011241175387517219
2017-03-14,1.8800000548362732,-0.005999863147735596,11.350000381469728,0.04608294768854848,0.003458315595191321,-0.09041462995460349,0.009624107013256342
2017-03-15,1.842000007629394,-0.06900000572204634,12.300000190734863,0.11111115897191293,-0.0029455402372085856,-0.06725903416373225,0.014145370173626303
2017-03-16,1.7929999232292175,-0.14200007915496782,11.630000114440918,0.08286781771784835,-0.023447382583626435,-0.04090387521301152,0.027404808202226214
2017-03-17,1.8140000700950623,-0.16800004243850708,11.210000038146973,-0.06349208119696081,-0.026376889773801017,-0.06261362212835063,0.02360640885261694
2017-03-20,1.7929999232292175,-0.1490001082420349,11.279999732971191,-0.04081636790548637,-0.02792155731092456,-0.06622836400014928,0.021397879133054437
2017-03-21,1.7630000710487366,-0.15399986505508423,11.34000015258789,-0.013054797347108793,-0.02827873451929653,-0.07988313561551394,0.018053772299543868
2017-03-22,1.683000087738037,-0.23899996280670166,12.470000267028809,0.07778743266581056,-0.03165475731422017,-0.10326709993202317,0.009159656950623863
2017-03-23,1.647999882698059,-0.2600001096725464,12.8100004196167,0.0911414539488209,-0.0336372994841748,-0.09731407018670485,0.00943666402108495
2017-03-24,1.6699999570846558,-0.22000005841255188,13.119999885559082,0.12040989264037893,-0.03205876884821167,-0.10573779560583864,0.007933434141230688
2017-03-27,1.6520000696182255,-0.1669998466968532,12.960000038146973,0.1299040746669602,-0.03345981506323451,-0.1165546652632009,0.01231859277933149
2017-03-28,1.6149998903274536,-0.2640000581741333,12.5,0.03391231118589744,-0.0404145694051455,-0.12453444482427632,0.012671057725545234
2017-03-29,1.6359999179840088,-0.19900012016296387,11.529999732971191,-0.10758516525655226,-0.029351395316244512,-0.10583593458224463,0.016799978845828498
2017-03-30,1.6309999227523804,-0.21700012683868453,11.420000076293944,-0.08931418572297845,-0.023618859637587322,-0.0816107589067155,0.01851510022852124
2017-03-31,1.6579998731613164,-0.18600022792816118,11.539999961853027,-0.022862019320100457,-0.027503898344407827,-0.03857126651552004,0.019044323468654246
2017-04-03,1.6579999327659607,-0.15100014209747314,12.369999885559082,0.12864962066647045,-0.0231480271824688,-0.05123400273349106,0.01331041007104884
2017-04-04,1.6099998950958252,-0.17900007963180542,12.380000114440918,0.1014235201545155,-0.00970012296888025,-0.06771810942449745,0.014260356968815483
2017-04-05,1.5699999332427979,-0.2059999704360962,11.789999961853027,0.02969433696520829,-0.016571697911524397,-0.056385204164074845,0.014833117690546906
2017-04-06,1.5770001411437988,-0.26699990034103394,12.890000343322754,0.08684660341162931,-0.013531766170408839,-0.01571165195346009,0.014260943583705775
2017-04-07,1.5549999475479126,-0.330000102519989,12.390000343322754,0.007317085462785977,-0.013223046083161109,0.01716782438444784,0.015405215813403778
2017-04-10,1.5749999284744263,-0.2820000648498535,12.869999885559082,0.10377358953529714,-0.005912497287183289,-0.00019137374682960768,0.014374939855020941
2017-04-11,1.573000073432922,-0.3069999814033513,14.050000190734863,0.23788543775498172,-0.00326137403294973,0.0013197006236345327,0.015517806925738538
2017-04-12,1.4980000853538513,-0.34399992227554277,15.06999969482422,0.2252032082223785,-0.004656021310633176,0.01947688664481932,0.013229715523943314
2017-04-13,1.503000020980835,-0.28999990224838257,15.770000457763672,0.3559759503512072,0.004475139952056716,0.011933110013320574,0.014947327254274601
2017-04-17,1.4420000910758972,-0.37199997901916504,15.960000038146973,0.42372881211739766,-0.003672670270519363,0.04028932454227718,0.011969511898875065
2017-04-18,1.4620000720024109,-0.33099985122680664,14.65999984741211,0.29964540730982936,-0.008438853304873891,0.02461194387495124,0.01815776832727332
2017-04-19,1.3739998936653137,-0.38900017738342285,14.420000076293944,0.27160492788910306,-0.012385274947572125,-0.0001907530621523004,0.01597770514789567
2017-04-20,1.4169998764991765,-0.26600021123886064,14.93000030517578,0.19727345512985361,-0.004202165214396675,-0.0447792884856871,0.015061985878258403
2017-04-21,1.4709999561309814,-0.17699992656707764,14.149999618530272,0.10460571077433789,-0.005696309837832204,-0.05627390474283363,0.01768768389812792
2017-04-24,1.4739999771118164,-0.19599997997283936,14.630000114440918,0.11509148186379647,-0.0004999292322441652,-0.0611698156184227,0.013343074404087267
2017-04-25,1.503000020980835,-0.14900004863739058,10.84000015258789,-0.16358023760177398,-0.012934465751540617,-0.08839844367099205,0.018468666019262652
2017-04-26,1.5189998745918278,-0.09600001573562578,10.760000228881836,-0.13919998168945313,-0.017156167945248126,-0.0703102086078989,0.019372449689647412
2017-04-27,1.508000135421753,-0.12799978256225586,10.850000381469728,-0.05897652794882002,-0.014745251611195557,-0.058892362922732505,0.02052157441888933
2017-04-28,1.5109999775886536,-0.1199999451637268,10.359999656677246,-0.09281965083494925,-0.004330539992839421,-0.07549270208141974,0.022232410868671584
2017-05-01,1.5020000934600826,-0.1559997797012338,10.81999969482422,-0.06239170445484066,-0.005938880313576939,-0.0882269190020004,0.018195596480355916
2017-05-02,1.5400000214576721,-0.11799991130828857,10.109999656677246,-0.1827001010339695,-0.007136058144145877,-0.09187940282533781,0.01813494284538854
2017-05-03,1.453000009059906,-0.1569998860359192,10.59000015258789,-0.14458804081633592,-0.008951524317604223,-0.12173849811936756,0.016761081632089808
2017-05-04,1.4610000252723694,-0.10899990797042847,10.68000030517578,-0.09414755388199259,-0.007031010965373901,-0.10303658768808524,0.018357369045601587
2017-05-05,1.500999927520752,-0.07600021362304688,10.460000038146973,-0.18851824984120846,-0.015074147034762205,-0.13635578206205848,0.014484372224493752
2017-05-08,1.4840000271797185,-0.07099992036819414,10.56999969482422,-0.14689270363736284,-0.016388013180919637,-0.12434826876037391,0.015510549201526232
2017-05-09,1.5059999227523804,-0.0690000057220459,9.770000457763672,-0.24087019855173397,-0.015015296890642314,-0.1323461049474769,0.015279409058350306
2017-05-10,1.5170000791549678,-0.0559999942779541,9.960000038146973,-0.29110320975547044,-0.01207666474095368,-0.1603587831738411,0.013909834813829555
2017-05-11,1.5390000343322754,0.04099994897842407,10.210000038146973,-0.3224950069737832,-0.012859679116491314,-0.11182590903041047,0.01675244612982902
2017-05-12,1.5400000810623173,0.03700006008148238,10.600000381469728,-0.32783766177690377,-0.016229730770922827,-0.10640531471380428,0.01618243926925968
2017-05-15,1.4800000190734863,0.03799992799758911,10.399999618530272,-0.34837095277740626,-0.019259192312657263,-0.10450313309460063,0.015499589010989292
2017-05-16,1.4750000834465031,0.013000011444092241,10.420000076293944,-0.28922236120395606,-0.0153501758200838,-0.08830706579295602,0.01856819032895772
2017-05-17,1.4390000104904175,0.06500011682510376,10.649999618530272,-0.2614424714158943,-0.02853601013206306,-0.09295344032108072,0.019014933596727172
2017-05-18,1.3410000801086426,-0.07599979639053389,15.59000015258789,0.04420628492440892,-0.039745706906005464,-0.09684672236877127,0.011290543678595714
2017-05-19,1.340000033378601,-0.13099992275238037,14.65999984741211,0.03604241997391733,-0.03464032501667581,-0.08242475139412117,0.011973074746770973
2017-05-22,1.3569998741149902,-0.11700010299682617,12.039999961853027,-0.17703350186794353,-0.03935928252023149,-0.07868150622146598,0.012882302980408909
2017-05-23,1.375999927520752,-0.127000093460083,10.93000030517578,0.008302596985333421,-0.04150636664783221,-0.06228143276360205,0.015145232815950142
2017-05-24,1.3720000982284546,-0.14699977636337325,10.720000267028809,-0.0037174684946251757,-0.038094074611099635,-0.04891039258832691,0.013786799338131294
2017-05-25,1.3610000610351562,-0.14700007438659668,10.020000457763672,-0.07649768613129082,-0.039125830080874266,-0.05030951226233798,0.016274121096505115
2017-05-26,1.3470001220703125,-0.16399985551834106,9.989999771118164,-0.03571427585140985,-0.045528626668584773,-0.0960535389034778,0.011803958816556583
2017-05-30,1.3399999737739563,-0.16200011968612626,9.8100004196167,-0.09334559183866309,-0.048105421594362645,-0.05489125863361434,0.015547019794053424
2017-05-31,1.3069999814033508,-0.2330000400543213,10.380000114440918,0.026706277639223064,-0.042859412866158256,-0.07129928193956282,0.016108310997999916
2017-06-01,1.2460001111030579,-0.20699989795684814,10.40999984741211,-0.01699719571125735,-0.047551275391039115,-0.09621286337773029,0.019182749303717824
2017-06-02,1.268999993801117,-0.19200003147125244,9.890000343322754,-0.07397003176771189,-0.04633762706937247,-0.09425689047834798,0.028610693049414496
2017-06-05,1.2059999108314514,-0.29500001668930054,9.75,-0.06787763246249012,-0.05383863049800225,-0.053514890974937654,0.035852357651136646
2017-06-06,1.2339999079704285,-0.25000011920929,10.06999969482422,-0.04730369105354215,-0.0508541018822314,-0.03889603356193432,0.03761053077828221
2017-06-07,1.1890000700950623,-0.3169998526573181,10.449999809265137,0.06960074919557524,-0.0465999781158677,-0.006206123577146507,0.03637507498107683
2017-06-08,1.2049999833106995,-0.31200009584426835,10.390000343322754,0.04317272123783855,-0.046745474042360194,-0.05696397962285623,0.03352477958093243
2017-06-09,1.2210000157356262,-0.31800001859664917,10.15999984741211,-0.004897178310289019,-0.04814139599117145,-0.04456611118954691,0.03733202380642449
2017-06-12,1.2189998626708984,-0.3210002183914189,10.699999809265137,0.009433907943080966,-0.03505233674227077,-0.06402013984721801,0.024400802769318317
2017-06-13,1.2400000691413884,-0.23999994993209794,11.460000038146973,0.10192312100935452,-0.03171328342250743,-0.056326141319791356,0.028965979169595653
2017-06-14,1.2240000367164612,-0.25100004673004195,10.420000076293944,0.0,-0.03366091910228298,-0.04872866012655805,0.030428043326212018
2017-06-15,1.1550000309944153,-0.2839999794960022,10.640000343322754,-0.0009388991141483505,-0.03516958476096042,-0.07512949085748426,0.032494274716406424
2017-06-16,1.168999969959259,-0.17200011014938354,10.899999618530272,-0.3008338991760108,-0.024134179668450714,-0.06276571936517934,0.03581048327132437
2017-06-19,1.1720000505447383,-0.16799998283386275,10.380000114440918,-0.29195087159067934,-0.02560591627519347,-0.07116602269138335,0.03168001787928224
2017-06-20,1.2050000429153442,-0.151999831199646,10.369999885559082,-0.1387043257130478,-0.022607312317735773,-0.07620660754410732,0.03439141471445675
2017-06-21,1.1600001454353333,-0.2159997820854187,10.859999656677246,-0.006404450735960632,-0.01905009762346792,-0.10404115287067928,0.027418465700051523
2017-06-22,1.1869999766349792,-0.18500012159347534,10.75,0.0027984824835742828,-0.01636798241118225,-0.1153504408637385,0.022649827872908944
2017-06-23,1.2200000882148743,-0.14099997282028198,10.479999542236328,0.04590809016542918,-0.022003403990720753,-0.12374447559013936,0.019867980124185752
2017-06-26,1.2110000252723694,-0.13600009679794312,10.020000457763672,0.003003071805090629,-0.02737116543171522,-0.1407420277011516,0.021896221399194477
2017-06-27,1.2040000557899475,-0.1359999179840088,9.899999618530272,0.009174229873997186,-0.030127665793397974,-0.14900005883810585,0.018575792097150462
2017-06-28,1.2079999446868896,-0.09900003671646118,11.0600004196167,0.06551062598060553,-0.03943196820060827,-0.13432215098360403,0.015742045597846886
2017-06-29,1.2359999418258663,-0.010000169277191606,10.029999732971191,-0.036503373680200846,-0.04568674638336893,-0.11594356199091137,0.020360723059203147
2017-06-30,1.2639999389648438,-0.005000054836273193,11.4399995803833,0.15672388101654922,-0.05006911773000358,-0.12730794128027761,0.017525613707490777
2017-07-03,1.3090000748634338,0.10300016403198242,11.18000030517578,0.14666669796674658,-0.049954263469179916,-0.10525191848993144,0.02070584011556451
2017-07-05,1.345999956130981,0.11200004816055253,11.220000267028809,0.11420065611279662,-0.04541849660404299,-0.09382194734182736,0.018957946863216304
2017-07-06,1.314000129699707,0.12500005960464478,11.06999969482422,0.05933013367228801,-0.04953663111974355,-0.14630127959166006,0.018619452377977457
2017-07-07,1.3619998693466187,0.1569998860359192,12.539999961853027,0.20692969658196336,-0.05284705553942991,-0.15364844408574302,0.01474126613641679
2017-07-10,1.3849998712539673,0.16399985551834106,11.1899995803833,0.10137792799608625,-0.047792715609708665,-0.18840749301004425,0.015773117050575106
2017-07-11,1.3580000400543213,0.13900017738342285,11.109999656677246,0.03831774343183536,-0.048070990152737955,-0.17912574212170265,0.016227244971784818
2017-07-12,1.3289999961853025,0.08899992704391413,10.890000343322754,-0.04973819310007477,-0.0491183783523554,-0.16613138739499955,0.01760435381802403
2017-07-13,1.3039999008178715,0.07999986410141036,10.300000190734863,-0.011516303712135856,-0.04600742044173763,-0.1461737090821383,0.021110522809539838
2017-07-14,1.3350000381469727,0.18000000715255737,9.899999618530272,-0.06954893805589746,-0.03862588013960261,-0.12871835377858304,0.022132491458318998
2017-07-17,1.3109999895095825,0.1420000195503235,9.510000228881836,-0.12752288424720692,-0.04753265578836781,-0.08047230632450524,0.025876327315954142
2017-07-18,1.2890000343322754,0.11699998378753707,9.81999969482422,-0.05394994349158155,-0.04772340185246108,-0.08833239225630525,0.022901132034810645
2017-07-19,1.2230000495910647,0.018000006675720437,9.890000343322754,-0.04628732377372147,-0.05467863639639529,-0.0670944646202229,0.02415121995542295
2017-07-20,1.1829998493194578,0.022999703884124534,9.789999961853027,-0.09852667851295294,-0.04425904966088762,-0.043805667796288625,0.02117447969132361
2017-07-21,1.152999997138977,-0.0339999794960022,9.579999923706056,-0.10883721639943655,-0.04713704053112314,-0.05751456002575092,0.019920959614828405
2017-07-24,1.0940001010894775,-0.12599998712539673,9.359999656677246,-0.10687022275576219,-0.05205941224489936,-0.08076509207081138,0.020039991376755502
2017-07-25,1.1039999723434448,-0.10700005292892456,9.43000030517578,-0.05888224806723941,-0.05284559370739812,-0.05520236834477596,0.020147825003603285
2017-07-26,1.182999968528748,-0.021000087261199507,9.43000030517578,-0.0474746799459238,-0.051798215759547385,-0.029625750754474166,0.020937814474884884
2017-07-27,1.1870000362396236,-0.02099990844726607,9.600000381469728,-0.13200723171379136,-0.05675503876285833,-0.0018444549228879804,0.021888262962989104
2017-07-28,1.2319999933242798,-0.00399994850158647,10.109999656677246,0.007976064390418092,-0.05311352656995286,0.028543841827943558,0.020758397169628993
2017-07-31,1.2360000610351562,-0.0279998779296875,10.289999961853027,-0.10052444586643439,-0.06184749214727898,0.038762146040795246,0.019960596595701815
2017-08-01,1.2390000820159912,-0.06999999284744263,10.260000228881836,-0.08228980779795059,-0.06159969694291161,0.0972654021247618,0.025321606800012726
2017-08-02,1.1929999589920044,-0.1529999971389766,10.09000015258789,-0.1007130202805383,-0.05865623927736597,0.061667650336984035,0.024601484556759895
2017-08-03,1.2120001316070557,-0.10199999809265137,10.279999732971191,-0.07136404549517683,-0.06586398721874853,0.06584339497338672,0.023686253470644854
2017-08-04,1.1699999570846562,-0.19199991226196245,10.4399995803833,-0.16746414576219915,-0.07050735486981027,0.06640301522427805,0.022451116563757954
2017-08-07,1.2139999866485596,-0.17099988460540771,10.029999732971191,-0.10366397595274757,-0.06347554852290394,0.0464431809332264,0.018349568527767
2017-08-08,1.2239999771118162,-0.1340000629425051,9.93000030517578,-0.10621056597353473,-0.06415047914450385,0.03209486621997545,0.017783732446218583
2017-08-09,1.2530000209808345,-0.075999975204468,10.960000038146973,0.006427887292688617,-0.05818428346265438,0.02742153135265936,0.013819077988675954
2017-08-10,1.215999960899353,-0.08799993991851851,11.109999656677246,0.07864072339251016,-0.0560351015079539,0.014429737217821825,0.007682106032424455
2017-08-11,1.1939998865127568,-0.14100015163421586,16.040000915527344,0.6202021751096392,-0.04919794282456372,-0.001439582661453105,-0.00019466685965362996
2017-08-14,1.1759998798370361,-0.1350001096725464,15.510000228881836,0.6309148113138865,-0.04567961466429947,-0.005107785168845617,0.005950029903164905
2017-08-15,1.2160000801086421,-0.07299995422363326,12.329999923706056,0.2556008459149719,-0.046208683037410034,-0.036315076620637245,0.010067740869076051
2017-08-16,1.2580000162124634,0.034999966621398704,12.039999961853027,0.21739125823002103,-0.03455844475605246,-0.05681958422284181,0.00859220722742042
2017-08-17,1.2410000562667847,0.05800020694732688,11.739999771118164,0.1991828209257771,-0.03665035043851007,-0.08106170749358747,0.0056490593730158635
2017-08-18,1.2209998965263367,0.06799989938735962,15.550000190734863,0.6231733104982418,-0.03906865093457372,-0.0889384698856426,0.0001682721188725691
2017-08-21,1.206000030040741,0.11199992895126343,14.260000228881836,0.5235043538392679,-0.03996963140806136,-0.057089743608801945,-3.954298076710475e-05
2017-08-22,1.2150000929832458,0.11100012063980103,13.1899995803833,0.39872737577153594,-0.043610814605211226,-0.03178833329758113,0.0017800711685562192
2017-08-23,1.21999990940094,0.03699994087219194,11.350000381469728,0.2036055158174419,-0.040330140972822934,-0.044342237035184105,0.005317389450507207
2017-08-24,1.190999984741211,0.003999948501587358,12.25,0.27604161596132837,-0.0433822922410339,-0.02549337620775683,0.00441617308930948
2017-08-25,1.1959999799728394,-0.03600001335144043,12.229999542236328,0.20969336869946464,-0.03828016754014897,-0.018590600987109886,0.006006018557434368
2017-08-28,1.1739999055862427,-0.062000155448913574,11.279999732971191,0.09620989064997865,-0.0469708241410113,-0.010184057276005834,0.004913773981013423
2017-08-29,1.153999924659729,-0.08500015735626221,11.31999969482422,0.10331378579880468,-0.04775164430520812,-0.02313591802777312,0.004463043482350834
2017-08-30,1.125999927520752,-0.06700003147125244,11.699999809265137,0.1595638882388235,-0.04706133568648741,-0.02046113363417491,0.004119126304934037
2017-08-31,1.1449998617172241,-0.06700026988983154,11.220000267028809,0.09143974304228242,-0.039684420052442035,-0.047380069094349095,0.008421455051685343
2017-09-01,1.143000066280365,-0.026999890804291216,10.59000015258789,0.014367871478313088,-0.043085556070163414,0.03249340858965008,0.013172909771856872
2017-09-05,1.1720000505447383,-0.041999936103821245,10.130000114440918,0.009970128029116454,-0.0433315107540122,0.03551436439493197,0.013400121054503854
2017-09-06,1.0869999527931213,-0.13700002431869485,12.229999542236328,0.2316212654960068,-0.05233813081569499,0.05991839574535774,0.010339609301849522
2017-09-07,1.0700000524520872,-0.18299996852874734,11.630000114440918,0.06113139360966868,-0.05121742743678363,0.06470122546986573,0.007961837411840311
2017-09-08,1.0380001068115234,-0.1779998540878296,11.550000190734863,0.03960400968988065,-0.05783803223186274,0.055063643541738774,0.006268515578325568
2017-09-11,1.0410001277923584,-0.1529997587203984,12.119999885559082,-0.2443890776947244,-0.05961291484958134,0.059664152889450796,0.0029714679123309558
2017-09-12,1.1050000190734863,-0.0709998607635498,10.729999542236328,-0.30818830535827224,-0.05886848902749222,0.07806838761340652,0.009999175198442182
2017-09-13,1.152999997138977,-0.06300008296966508,10.579999923706056,-0.14193025229751977,-0.05554926461097198,0.07511323101161202,0.012946797043318472
2017-09-14,1.1769999265670776,-0.08100008964538574,10.5,-0.1279069739810873,-0.0527352093878338,0.10919925922847318,0.010228932050359772
2017-09-15,1.1690000295639038,-0.07200002670288086,10.4399995803833,-0.11073255673590576,-0.05932109409772799,0.14328588154848748,0.015100516491781311
2017-09-18,1.1919999122619633,-0.028999984264373335,10.170000076293944,-0.34598071051127566,-0.06009298414328286,0.1596108890756242,0.02181074491815423
2017-09-19,1.2290000915527344,0.023000061511993408,10.149999618530272,-0.28821883200445364,-0.057930618835731175,0.15508609126168865,0.018622458098639376
2017-09-20,1.225000023841858,0.00999993085861206,10.18000030517578,-0.22820313654020985,-0.05829565135122535,0.14013593050219006,0.015549591597833845
2017-09-21,1.2569999694824219,0.037000060081481934,9.779999732971191,-0.13832604367676993,-0.0518174046943925,0.15019103504657777,0.014076898972291635
2017-09-22,1.2700001001358032,0.07900011539459229,9.670000076293944,-0.2106122386698822,-0.04462139055203496,0.13333353521960595,0.016008148989410713
2017-09-25,1.2590000629425049,0.06300008296966553,9.59000015258789,-0.21586259104353966,-0.04123424284764714,0.12426864798352541,0.012945676184493389
2017-09-26,1.2220000028610225,0.04800009727477983,10.210000038146973,-0.09485813121933262,-0.031657580439876154,0.1503598567728251,0.016002788881729263
2017-09-27,1.186000108718872,0.032000184059143066,10.170000076293944,-0.10159007504709427,-0.028523402936864724,0.11942277629727334,0.014866580054063156
2017-09-28,1.271000027656555,0.145000100135803,9.869999885559082,-0.1564102524392259,-0.029966331432692627,0.10229654786973645,0.0158070215922341
2017-09-29,1.2790000438690186,0.13400018215179443,9.550000190734863,-0.14884135798119558,-0.03379775297126554,0.13319896719936955,0.016602707983996306
2017-10-02,1.2979999780654912,0.15499991178512618,9.510000228881836,-0.10198299415908263,-0.029012070164161352,0.1267255069872156,0.020574782134480257
2017-10-03,1.3239998817443852,0.15199983119964688,9.449999809265137,-0.06712737388881174,-0.02584945933818882,0.13415299591236296,0.020978105111442706
2017-10-04,1.2990001440048218,0.21200019121170044,9.510000228881836,-0.2224038769552663,-0.02615910496080946,0.12714838163891362,0.0216467350026444
2017-10-05,1.2869999408721924,0.2169998884201052,9.630000114440918,-0.17196904387959633,-0.024102634175178266,0.10407191208945087,0.021313754215758575
2017-10-06,1.306999921798706,0.2689998149871826,9.1899995803833,-0.20432905379903799,-0.01928915490553766,0.11020694435949206,0.016074305544328343
2017-10-09,1.3269999027252197,0.28599977493286133,9.649999618530272,-0.20379540349433523,-0.020366875478034743,0.06734218316752323,0.013811471962930554
2017-10-10,1.3160001039505,0.21100008487701372,10.329999923706056,-0.03727862400699644,-0.014509153205946276,0.06327538599237698,0.011096706991107678
2017-10-11,1.2900000810623165,0.1370000839233394,10.079999923706056,-0.04725897954684066,-0.01953141755983661,0.10117964317548592,0.011549428201515305
2017-10-12,1.2770000696182247,0.10000014305114702,9.850000381469728,-0.06190472557431159,-0.018122279910094526,0.10039124518707933,0.01008114553002867
2017-10-13,1.2699999809265137,0.10099995136260986,9.90999984741211,-0.050766259987889084,-0.01788042797430421,0.07125402946235905,0.007256715817029006
2017-10-16,1.2300000190734863,0.03800010681152299,9.609999656677246,-0.05506395431815647,-0.012596242009334244,0.09494095266395795,0.007145800362846888
2017-10-17,1.2519999742507935,0.022999882698059082,9.90999984741211,-0.023645298535776127,-0.007050597072102057,0.12511170310420883,0.008500086094492829
2017-10-18,1.2250001430511475,1.1920928955078125e-07,10.3100004196167,0.012770148383475455,-0.005227573540933116,0.11292785773941154,0.009181550598826636
2017-10-19,1.2710000276565556,0.014000058174133745,10.06999969482422,0.02965234864734767,-0.007363593679374018,0.08310596962741311,0.009748516956409735
2017-10-20,1.25600004196167,-0.0140000581741333,10.050000190734863,0.03929680573348615,-0.00427947092590524,0.050790621807337274,0.008398100865558832
2017-10-23,1.305999994277954,0.04699993133544922,9.970000267028809,0.03962462027056102,-0.001706160194135916,0.048362827084504546,0.010088324708563022
2017-10-24,1.3059998750686646,0.08399987220764205,11.06999969482422,0.0842311119945236,0.007264992301488192,0.04311271788299333,0.008847580334248113
2017-10-25,1.307999849319458,0.12199974060058594,11.15999984741211,0.09734510950750486,0.01177616088232292,0.04482439896424547,0.008847580334248113
2017-10-26,1.3610000610351562,0.0900000333786013,11.229999542236328,0.1377912535406487,0.007282888707078911,0.05961900396317192,0.005028630764405005
2017-10-27,1.371999859809876,0.09299981594085738,11.300000190734863,0.18324606963859535,0.018993302030933083,0.05968707184420546,0.0035566068371036025
2017-10-30,1.3550000190734863,0.05700004100799516,9.800000190734863,0.03049421186892287,0.022480045975179424,0.09469817545831669,0.008192182750245726
2017-10-31,1.2949998378753662,-0.029000043869019,10.5,0.11111113353731539,0.01010482410123916,0.0881704380873811,0.007740043618446583
2017-11-01,1.2529999017715456,-0.046000242233276145,10.18000030517578,0.07045216195254711,0.011916331309899907,0.09624849665127988,0.00841865038281346
2017-11-02,1.2379999160766602,-0.04900002479553223,10.199999809265137,0.059189998759134,0.012522718150852059,0.09924056870485752,0.011770445156900133
2017-11-03,1.2089998722076416,-0.09800004959106445,9.93000030517578,0.08052238939945777,0.012433142510098428,0.09575030973318231,0.0150679805280842
2017-11-06,1.1949999332427979,-0.13199996948242188,9.140000343322754,-0.0528496679137892,0.01635377726659588,0.13548460452746153,0.02158521142730471
2017-11-07,1.1619999408721922,-0.15400016307830788,9.399999618530272,-0.09002907183392617,0.017573289104559,0.16103275825517283,0.019980858355497205
2017-11-08,1.11899995803833,-0.17100012302398637,9.890000343322754,-0.01884916486323207,0.015395585251121063,0.18393125338453378,0.01188173690618067
2017-11-09,1.1299999952316284,-0.14700007438659624,9.779999732971191,-0.007106664546960406,0.010809815581973633,0.17793061779603261,0.007085840484366485
2017-11-10,1.1280001401901245,-0.14199984073638916,10.5,0.05953583871567503,0.010110282215316768,0.20057351818615463,0.002036755327741904
2017-11-13,1.2000000476837163,-0.029999971389770064,11.289999961853027,0.1748179360244284,0.008191063661098874,0.18641879146661586,0.009813589069736115
2017-11-14,1.215000152587891,-0.03699982166290239,11.5,0.16044401383145357,0.011281490115306539,0.15706189506384904,0.007637510178136538
2017-11-15,1.1410000324249268,-0.0840001106262207,11.59000015258789,0.12415127845540663,0.007810485923210937,0.16199106624322296,0.0023493336482027496
2017-11-16,1.1050000190734863,-0.1660000085830693,13.130000114440918,0.3038729406505818,0.0027753487710745002,0.14964255832800752,-0.0017525438553597456
2017-11-17,1.1310000419616695,-0.12500000000000044,11.760000228881836,0.17014925429786842,0.008338713826917652,0.13016899372691357,0.007891679989077503
2017-11-20,1.1140000820159912,-0.1919999122619629,11.43000030517578,0.14643931785791908,0.0040655333396888964,0.17587024274698995,0.005728667903232142
2017-11-21,1.1319999694824219,-0.17399990558624268,10.649999618530272,-0.03794038734168348,0.014345647684361291,0.1584685651490711,0.00414229398331613
2017-11-22,1.084999918937683,-0.2229999303817749,9.729999542236328,-0.1281362298143206,0.018694118754358165,0.19910783708765983,0.006083961599687454
2017-11-24,1.0570000410079956,-0.30400002002716064,9.880000114440918,-0.12021366721503646,0.00937661391699089,0.2226266593246209,0.008927062844607378
2017-11-27,1.0999999046325684,-0.2719999551773076,9.670000076293944,-0.1442477953033483,-0.0012927724013566241,0.24891820686506033,0.0068898325558631734
2017-11-28,1.1050000190734863,-0.25,9.869999885559082,0.0071428258634522734,0.002478886405026328,0.20730850237459353,0.0011007394701595626
2017-11-29,1.0730000734329228,-0.2219997644424434,10.029999732971191,-0.044761930193219834,0.004836947984477101,0.20397173481678688,0.0031576781254313954
2017-11-30,1.1179999113082886,-0.13499999046325706,10.699999809265137,0.05108049985273344,0.0102388627322026,0.1634432761862898,0.004172596834921813
2017-12-01,1.1790000200271606,-0.05899989604949951,11.279999732971191,0.10588234744132441,0.007771234024526385,0.15496404831484586,0.005081018697381617
2017-12-04,1.1269999742507935,-0.08199989795684814,11.43000030517578,0.1510573971702862,0.014856888184711188,0.17297538293468293,0.00464744274098941
2017-12-05,1.1339999437332153,-0.06099998950958252,11.68000030517578,0.27789932893258884,0.020161105243357638,0.1909545336600738,0.007488882981051275
2017-12-06,1.0729999542236326,-0.08899998664855957,11.329999923706056,0.20531918973391927,0.016411474587817828,0.18121143556185265,0.0037315302770902165
2017-12-07,1.066999912261963,-0.05200004577636719,11.020000457763672,0.11425683268088438,0.018327344689274355,0.1486559088472754,0.0015674531054151394
2017-12-08,1.1159999370574951,-0.0140000581741333,10.15999984741211,0.03885481848837147,0.013740087467000908,0.13967373853844042,0.0016849209529147444
2017-12-11,1.1299998760223389,0.0019997358322143555,9.579999923706056,-0.08761905488513744,0.019138297696511434,0.1395266372930825,0.001356727265468178
2017-12-12,1.121999979019165,-0.07800006866455123,9.34000015258789,-0.1727192042386051,0.02153631142855092,0.15045004119342192,0.000679790710287001
2017-12-13,1.0930001735687256,-0.12199997901916548,9.920000076293944,-0.13739129771357017,0.022026089543481363,0.1352830056966835,0.00067445418889223
2017-12-14,1.0759999752044678,-0.06500005722045898,10.18000030517578,-0.12165658575054261,0.017709126866070943,0.13444041997734726,0.00022990949948222328
2017-12-15,1.0629999637603753,-0.04200005531311102,10.489999771118164,-0.20106628486767275,0.010537685978281211,0.12356322708905737,-0.0017195387211788636
2017-12-18,1.0700000524520874,-0.060999989509582075,9.420000076293944,-0.1989796009392072,0.017939125971260107,0.12533768003215737,-0.0003610963891019896
2017-12-19,1.0769999027252197,-0.037000179290771484,9.529999732971191,-0.16622926697072982,0.016463478535409005,0.1207177088306497,-0.0003471365987394171
2017-12-20,1.1100000143051152,-0.021999955177306685,10.029999732971191,-0.058215953780911156,0.00881157305368079,0.09562345097070113,-0.0029767592430619792
2017-12-21,1.1469999551773071,0.06200003623962402,9.720000267028809,-0.0010276747870453518,0.0040789800441058096,0.1130601545947591,-0.0034159307345909473
2017-12-22,1.1609998941421509,0.10399985313415527,9.619999885559082,-0.026315812335043542,-0.0008572850001715142,0.11269833731363187,-0.0028193662838405
2017-12-26,1.1869999170303345,0.08700001239776611,9.899999618530272,0.023784854231818864,0.0027891258529997246,0.12576761835920505,-0.0018994277958123316
2017-12-27,1.1640000343322754,0.05900001525878906,10.25,0.03850051862684434,0.0019319561804273051,0.1489671506740371,-0.0018731336986635195
2017-12-28,1.0060000419616697,-0.06700003147125311,10.470000267028809,0.04386844922948718,-0.005680906962566533,0.1647702022196292,-0.0009050086911079556
2017-12-29,1.0619999170303345,-0.0559999942779541,10.18000030517578,-0.04859808536062682,-0.01042069085239162,0.17128645077241914,-0.0031729594292115573
2018-01-02,1.0499999523162842,-0.12900006771087646,11.039999961853027,-0.02127657595741339,-0.014441422708605827,0.18969722940521616,-0.0006647387059826279
2018-01-03,1.0869998931884766,-0.040000081062316895,9.770000457763672,-0.14523182879185226,-0.02271235499850486,0.17279277227662618,-0.0009915589320061847
2018-01-04,1.0770000219345093,-0.056999921798706055,9.149999618530272,-0.2166096421696483,-0.01763865186289959,0.22342754301365597,0.005275362227357784
2018-01-05,1.0830000638961792,0.010000109672546609,9.220000267028809,-0.18623121543561882,-0.020368174657262223,0.22370807175574636,0.006870066785771638
2018-01-08,1.1060000658035278,0.03900015354156494,9.220000267028809,-0.16333939346315995,-0.014468012925636136,0.18780532875790956,0.006760776047649957
2018-01-09,1.100000023841858,-0.015999913215637207,9.520000457763672,-0.06299206685632519,-0.006800147638815772,0.18507929168561615,0.006981373017174315
2018-01-10,1.1310000419616701,0.0010001659393312767,10.079999923706056,0.05219206722149683,-0.006356110409782505,0.21854804343002532,0.005037830353395331
2018-01-11,1.1549999713897705,0.03299999237060547,9.81999969482422,0.05139181310434271,-0.008197592172778715,0.211531179038878,0.002414571137074824
2018-01-12,1.1279999017715454,0.034999728202819824,9.880000114440918,-0.004032254188043205,-0.015448914467333857,0.20701261062129478,0.005159408417492232
2018-01-16,1.1420000791549683,0.06600010395050049,10.15999984741211,-0.001964681450304262,-0.02732466060068118,0.21462629866838215,0.0019786825779956638
2018-01-17,1.1489999294281006,0.08599996566772528,11.65999984741211,0.11153480474949817,-0.0323293594580176,0.20264273090627616,0.00039082885019325756
2018-01-18,1.1630001068115237,0.09300005435943626,11.90999984741211,0.26433118375279174,-0.02970672462753557,0.22091842329328398,0.00039265398974721894
2018-01-19,1.2060000896453853,0.12900018692016557,12.220000267028809,0.28226659070628846,-0.03474830596904194,0.2171024025736493,-0.0015388631336285185
2018-01-22,1.2340000867843628,0.1240000724792476,11.270000457763672,0.123629188215856,-0.03653327757048891,0.1996717269079995,0.0006184427206072662
2018-01-23,1.2749999761581425,0.1280000209808354,11.029999732971191,0.13477360390472715,-0.03862486576959104,0.19064083865566708,0.001531315854616285
2018-01-24,1.211000084877014,0.05000019073486306,11.100000381469728,0.15384620722629383,-0.039062751324953134,0.21150073269986275,0.007320435787531168
2018-01-25,1.2440000772476196,0.057000160217285156,11.470000267028809,0.15858593020144118,-0.05877005450450701,0.22025185723727056,0.007086745578689006
2018-01-26,1.2280000448226929,0.06400001049041748,11.579999923706056,0.12975609011766398,-0.0600256000052595,0.19507232912861874,0.0036857605546680382
2018-01-29,1.2739999294281006,0.2679998874664309,11.079999923706056,0.058261665818500896,-0.05907141216899682,0.20001569669972893,0.004710258899837458
2018-01-30,1.3239998817443848,0.2619999647140503,13.84000015258789,0.3595284614629404,-0.05701539102164188,0.1869692577903458,0.0009448203606550069
2018-01-31,1.3010001182556152,0.25100016593933105,14.789999961853027,0.33967391421716764,-0.061211401204287856,0.17214101091228756,-0.0015383250163342114
2018-02-01,1.2900000810623165,0.2030001878738399,13.539999961853027,0.3858750591043778,-0.06051247645139129,0.17129043021418158,0.0007510121047883052
2018-02-02,1.3200000524520874,0.24300003051757812,13.470000267028809,0.47213123809861335,-0.06832354609672678,0.16771752862498057,-0.0012513386242040826
2018-02-05,1.4040000438690186,0.32099997997283936,17.309999465942383,0.8774402347735091,-0.060044178649754684,0.1321136287596454,-0.007723921299206263
2018-02-06,1.3359999656677246,0.22999989986419678,37.31999969482422,3.0477221924040983,-0.058131950141939656,0.11467020312389987,-0.010462103198863544
2018-02-07,1.279999852180481,0.17999982833862305,29.979999542236328,2.149159464355623,-0.057263896622624426,0.10959371992512197,3.9666994536762754e-05
2018-02-08,1.3290001153945918,0.1980000734329217,27.729999542236328,1.7509920389008293,-0.045270320002335794,0.0777123006420081,0.001258334770833307
2018-02-09,1.3360000848770142,0.18100011348724365,33.459999084472656,2.407331988218722,-0.045073125659985974,0.07485042812380452,-0.009690538080885245
2018-02-12,1.3040000200271606,0.17600011825561523,29.059999465942383,1.941295458435003,-0.043807311781997996,0.04208973205690585,-0.011822756552619596
2018-02-13,1.3220001459121704,0.18000006675720215,25.61000061035156,1.520669389269211,-0.03934437829685359,0.06246051253025443,-0.0007590970432018348
2018-02-14,1.2699998617172241,0.12099993228912354,24.96999931335449,1.1415094030980182,-0.04480069906992516,0.06743729549786966,-0.003920586215373473
2018-02-15,1.3630001544952393,0.2000000476837156,19.26000022888184,0.6171285034119283,-0.05256602025750228,0.0944194733692229,-0.01192151155707965
2018-02-16,1.3310000896453857,0.12500000000000044,19.1299991607666,0.5654663455599009,-0.055652299769219385,0.08130697210296559,-0.0031895913538123547
2018-02-20,1.3070000410079956,0.07299995422363281,19.459999084472656,0.7267079231631319,-0.05438618626175881,0.0950021879621435,0.0006385640744388472
2018-02-21,1.3199999332427979,0.04499995708465532,20.600000381469727,0.8676338060001592,-0.0460689701189829,0.08545581681236913,-0.004892797435769075
2018-02-22,1.3350000381469727,0.12399995326995872,20.020000457763672,0.803603582859775,-0.03426411932109421,0.06117194761978624,-0.011025492386824608
2018-02-23,1.312000036239624,0.0679999589920044,18.71999931335449,0.6320835987394202,-0.03298750804859395,0.06278761969662952,-0.011009210059019621
2018-02-26,1.2660000324249268,0.03799998760223389,16.489999771118164,0.4240068980795566,-0.033048245485948646,0.08948920903972482,-0.001312790166716067
2018-02-27,1.2509999275207515,-0.023000001907349077,15.800000190734863,0.4259928068167398,-0.03758365002440129,0.0972052304422253,-0.0026545069998782575
2018-02-28,1.2730000019073482,-0.05099987983703658,18.59000015258789,0.3432080887016331,-0.03158961593188817,0.09499280690999277,-0.004063869136622398
2018-03-01,1.2500000000000002,-0.05100011825561501,19.850000381469727,0.3421230853730668,-0.026142448252128008,0.07126667064126355,-0.005798287027180612
2018-03-02,1.21399986743927,-0.07600021362304643,22.46999931335449,0.6595272804032815,-0.028164745782175832,0.044079209715751695,-0.0121290643227012
2018-03-05,1.252000093460083,-0.0679999589920044,19.59000015258789,0.45434296690693543,-0.035497637508327025,0.06370075566448477,-0.006172251107990062
2018-03-06,1.25600004196167,-0.14800000190734863,18.729999542236328,0.0820335135820085,-0.035978975411468696,0.0824162140137707,-0.005599515940531221
2018-03-07,1.2340000867843628,-0.10199987888336182,18.36000061035156,-0.5080385648315575,-0.04355868189883371,0.11212812029409822,-0.0032842812926664466
2018-03-08,1.2329999208450317,-0.04699993133544922,17.760000228881836,-0.40760505336695385,-0.04536324642310326,0.07573208297458991,-0.006190849704320293
2018-03-09,1.2309999465942383,-0.09800016880035356,16.540000915527344,-0.4035340357530547,-0.041088256423273115,0.046995340186303254,-0.006055338394131922
2018-03-12,1.2590000629425049,-0.07700002193450928,14.640000343322754,-0.5624626197280278,-0.04110174559443009,0.06750874223296555,-0.002676266757547257
2018-03-13,1.2269998788833618,-0.07700014114379883,15.779999732971191,-0.4569855463533311,-0.04566007192518653,0.07125378088511962,-0.0038457258714294693
2018-03-14,1.1579999923706055,-0.16400015354156494,16.350000381469727,-0.36157750910552267,-0.04118771649952391,0.0700994558118586,-0.007565451595522409
2018-03-15,1.0989998579025269,-0.17100000381469727,17.229999542236328,-0.3099719657172214,-0.041383720810471786,0.06646510420323745,-0.006671874307276543
2018-03-16,1.092999935150147,-0.27000021934509233,16.59000015258789,-0.1386292858029191,-0.04118581676404331,0.0656831446255168,-0.00608509832880021
2018-03-19,1.1100000143051147,-0.221000075340271,15.800000190734863,-0.17407209179920813,-0.03773615346432904,0.086748926394684,-0.005016630213704359
2018-03-20,1.1169999837875362,-0.19000005722045943,19.020000457763672,-0.022610413535942286,-0.038942583803687175,0.07701264353082975,-0.007040426094562391
2018-03-21,1.1209999322891235,-0.19900000095367432,18.200000762939453,-0.11650483369355369,-0.03244346933545299,0.08747035087947966,-0.00585585725009819
2018-03-22,1.1970000267028802,-0.13800001144409246,17.860000610351562,-0.10789209780334796,-0.03824348975856043,0.11036847813472647,-0.00655333849982134
2018-03-23,1.1490000486373901,-0.1629999876022339,23.34000015258789,0.2467949256780999,-0.03810294320768418,0.09504585563980854,-0.013445847661237924
2018-03-26,1.1419999599456787,-0.12400007247924805,24.8700008392334,0.5081868516937522,-0.04182327758298586,0.09399040608311023,-0.01752578399350078
2018-03-27,1.1379998922348022,-0.11300003528594926,21.030000686645508,0.3310126856186699,-0.043948630784423896,0.09448677710328307,-0.01152831703499591
2018-03-28,1.0529999732971191,-0.22000002861022905,22.5,0.21032812347060692,-0.03550403904795246,0.08655170998664972,-0.012006129474277897
2018-03-29,1.0800000429153447,-0.16999995708465554,22.8700008392334,0.15214107807186172,-0.02261601700298567,0.0634828375555374,-0.013965379580207549
2018-04-02,1.0709999799728394,-0.14299988746643066,19.96999931335449,-0.11125946045375212,-0.018681828473082078,0.07297152915397839,-0.011490302629878177
2018-04-03,1.0490001440048218,-0.20299994945526123,23.6200008392334,0.2057172361028865,-0.023161131172453057,0.022144635010617662,-0.020175680239473866
2018-04-04,1.0709998607635498,-0.18500018119812012,21.100000381469727,0.12653501853478555,-0.01812740181306591,0.023901712092390143,-0.01906287138557729
2018-04-05,1.1200001239776611,-0.11399996280670166,20.059999465942383,0.09259252718283384,-0.01988090736966041,0.030929479992531764,-0.01751743067780826
2018-04-06,1.1570000648498535,-0.07599985599517822,18.940000534057617,0.06644145776849886,-0.020461381687269763,0.028899614259821193,-0.015901798276982605
2018-04-09,1.0950001478195195,-0.1359997987747188,21.489999771118164,0.29927440033838715,-0.026501750048075576,-0.014397908419060588,-0.015052036270860101
2018-04-10,1.1110000610351562,-0.14800000190734863,21.770000457763672,0.4870218543193465,-0.027338865948553347,-0.0023624159093717113,-0.009135252568475973
2018-04-11,1.1019998788833618,-0.125,20.46999931335449,0.2972116387672603,-0.024913129315240545,0.026449656960566104,-0.008829686131779422
2018-04-12,1.0970000028610234,-0.060999989509582075,20.239999771118164,0.2379204464152287,-0.015509356172730724,0.03844275365666439,-0.00677050167852368
2018-04-13,1.1290000677108765,0.03000020980834961,18.489999771118164,0.07312827988144543,-0.007105607689507763,0.0510814434181947,-0.002598234857080512
2018-04-16,1.1109999418258667,0.01800000667571977,17.40999984741211,0.04942734703328533,-0.00820674282757407,0.05208238735664343,-0.0021330292996391245
2018-04-17,1.11899995803833,0.008999943733215332,16.559999465942383,0.04810121936917344,-0.01189365093533648,0.03488101059805408,0.00040183957151465377
2018-04-18,1.0589998960494995,-0.058000087738036665,15.25,-0.19821242728860267,-0.011661002512944428,0.0485120573794924,-0.00016428522929624954
2018-04-19,1.0970001220703125,-0.023999810218811035,15.600000381469728,-0.14285715782848152,-0.008665744272349134,0.07551327134219361,-0.0021190904173528104
2018-04-20,1.1310000419616697,-0.0659999847412105,15.960000038146973,-0.10638300712617887,-0.0019993375535919734,0.05756333812249533,-0.008213240527030678
2018-04-23,1.185999989509583,0.03699994087219283,16.8799991607666,-0.27677810409547143,0.012365785799495108,0.04135221138519419,-0.009175658176598451
2018-04-24,1.1900000572204588,0.04800009727478005,16.34000015258789,-0.3429835303097014,0.01719116297140611,0.04667261093462691,-0.01117215218139018
2018-04-25,1.1600000858306885,0.02200019359588623,18.020000457763672,-0.14312886973861338,0.018906223538150402,0.0233124365150943,-0.013956957626910864
2018-04-26,1.2089998722076416,0.15599989891052246,17.84000015258789,-0.20711110432942703,0.020612439153370885,0.037277057306927874,-0.010300870268671197
2018-04-27,1.2050000429153442,0.12499999999999956,16.239999771118164,-0.2898994676354141,0.026225515368605668,0.055632738533829294,-0.003361829532439561
2018-04-30,1.187000036239624,0.11600005626678467,15.40999984741211,-0.22834249487895486,0.026680097899722546,0.05075236633105101,-0.005548345616635746
2018-05-01,1.1730000972747803,0.1239999532699585,15.93000030517578,-0.32557156057693026,0.035126299954672056,0.04123523213513164,-0.0043597859783499286
2018-05-02,1.1660001277923584,0.0950002670288086,15.489999771118164,-0.2658768013709769,0.035786919449882486,0.027130572753356393,0.0027371486213220017
2018-05-03,1.179000020027161,0.058999896049499956,15.970000267028809,-0.20388830048861784,0.0325196072895798,0.05725365284796003,0.007968318234111996
2018-05-04,1.1580001115798948,0.0010000467300412819,15.899999618530272,-0.16050690759278818,0.030991571795710018,0.07650521875652459,0.0018041983019837062
2018-05-07,1.1510000228881836,0.05599987506866411,14.770000457763672,-0.31270355444051445,0.025270693716040862,0.12074568427082674,0.0062232321694635105
2018-05-08,1.1570000648498535,0.046000003814697266,14.75,-0.3224621180593582,0.027545698276951074,0.14553997142290936,0.015925395515323654
2018-05-09,1.1340000629425042,0.0320001840591424,14.710000038146973,-0.28138737022085447,0.029202339073679,0.1540541018324366,0.01722492198177936
2018-05-10,1.1589999198913576,0.06199991703033425,13.420000076293944,-0.3369565104717117,0.030889242530854774,0.18220908477993586,0.012059167196519175
2018-05-11,1.1259999275207517,-0.0030001401901247338,13.229999542236328,-0.2844781121683996,0.032358234157726165,0.186984911323656,0.018140560764198715
2018-05-14,1.1109999418258663,-4.440892098500626e-16,12.649999618530272,-0.2734061039977196,0.03765718637427606,0.15415066184188653,0.01603218236442952
2018-05-15,1.1399998664855957,0.020999908447265625,12.93000030517578,-0.21920285494163994,0.04416216182185461,0.14568416392562272,0.00821955557410485
2018-05-16,1.2049999237060547,0.14600002765655518,14.630000114440918,-0.04065573020059554,0.04520298668815905,0.14507680160089087,-0.0007472548370324091
2018-05-17,1.2300000190734859,0.13299989700317338,13.420000076293944,-0.1397436058889634,0.040090543328409126,0.14403734555597203,0.004017401536612447
2018-05-18,1.245999932289123,0.11499989032745339,13.43000030517578,-0.15852128614812566,0.036942357535967064,0.1475978156944309,0.009139309030893406
2018-05-21,1.2119998931884766,0.0259999036788936,13.420000076293944,-0.20497625927106522,0.04242960873625729,0.1271385064149345,0.007387475016949922
2018-05-22,1.2020000219345093,0.011999964714050515,13.079999923706056,-0.19951041606113595,0.04140930578829721,0.12816689390731137,0.002172297044292288
2018-05-23,1.172000050544739,0.011999964714050515,13.220000267028809,-0.26637070304106725,0.041329557641852,0.12099416716271312,0.0011377923667328642
2018-05-24,1.1299999952316286,-0.07899987697601296,12.579999923706056,-0.2948430596352216,0.03959948395943011,0.13114795570217092,0.004617027793785938
2018-05-25,1.1209999322891235,-0.0840001106262207,12.529999732971191,-0.22844828143070406,0.034387011674774155,0.1372759921184732,0.006707504393308755
2018-05-29,1.0779999494552612,-0.10900008678436279,13.220000267028809,-0.14211548358652837,0.04195512829216246,0.10703145607498316,0.011723535500810624
2018-05-30,0.9279998540878296,-0.24500024318695068,17.020000457763672,0.06842436482777359,0.0529430257170545,0.08569082779689058,0.0018938023550669114
2018-05-31,0.9639999866485596,-0.20200014114379883,14.9399995803833,-0.03550679140488855,0.044191086591690014,0.08630524311151912,0.004940175257304335
2018-06-01,0.9520000219345088,-0.22699999809265226,15.43000030517578,-0.033813397171188364,0.0476098308989628,0.06852421609927165,0.0026047179248702462
2018-06-04,1.0269999504089358,-0.13100016117095903,13.460000038146973,-0.1534590967876288,0.049512402630934066,0.07344187828399713,0.007333731026784722
2018-06-05,1.0720000267028809,-0.07899999618530273,12.739999771118164,-0.13744080052336505,0.04236534385053541,0.0741911534612614,0.00827738941894348
2018-06-06,1.0159999132156372,-0.1410001516342163,12.399999618530272,-0.1593220597606595,0.0413147477558541,0.05457603524417508,0.005840676060733296
2018-06-07,1.0749999284744263,-0.05900013446807795,11.640000343322754,-0.2087015422748394,0.040973284404787494,0.05346665741191044,0.00992202611704971
2018-06-08,1.0480000972747803,-0.11099982261657737,12.130000114440918,-0.09612518290009364,0.04086658200013215,0.08278841882750773,0.013419528702013272
2018-06-11,1.0570000410079956,-0.06899988651275613,12.18000030517578,-0.07936502444376214,0.04202535029885063,0.07548963938103578,0.014004575457471862
2018-06-12,1.0889999866485598,-0.021999955177306463,12.350000381469728,-0.023715355423496676,0.03745269451344975,0.07718496874185349,0.01516863015490805
2018-06-13,1.0690000057220457,-0.07099986076355003,12.34000015258789,-0.04563032781613441,0.03880288533631638,0.06249119773296274,0.013884214592982254
2018-06-14,1.0820000171661381,-0.12299990653991655,12.9399995803833,-0.11551609848515709,0.04150693891529528,0.07120330755097577,0.018321382699119888
2018-06-15,1.0630000829696653,-0.16699993610382058,12.119999885559082,-0.096870356433997,0.04754048375370664,0.05358558449494041,0.019238386123348716
2018-06-18,1.0360000133514398,-0.20999991893768333,11.979999542236328,-0.10796729188313092,0.054301708366248584,-0.0016893287279524083,0.01830833536869036
2018-06-19,1.0430001020431516,-0.16899979114532493,12.3100004196167,-0.08271234354447043,0.052988933528272116,0.023819726312434758,0.024164382006969794
2018-06-20,0.9949998855590818,-0.20700013637542747,13.350000381469728,0.02064223695248857,0.06125573633594737,-0.012371254801826784,0.025357647925407394
2018-06-21,1.0399999618530271,-0.13200008869171187,12.789999961853027,-0.032526497465224624,0.06553486762863477,0.010169293787264024,0.01994763306273831
2018-06-22,1.0070000886917114,-0.12299990653991721,14.640000343322754,0.1637520216303645,0.05972247622978495,0.0044346110368516005,0.018790516787406054
2018-06-25,1.03000009059906,-0.09099984169006348,13.770000457763672,0.09896254997752063,0.048335329038354524,0.0631979905256945,0.019375262992873305
2018-06-26,1.0219999551773071,-0.0559999942779541,17.329999923706055,0.3108925547397865,0.04479409854496811,0.04721970689125289,0.013653570680668215
2018-06-27,0.987000107765198,0.059000253677368386,15.920000076293944,-0.06462986791330916,0.05013768235746,0.11274471659665283,0.017424673308911384
2018-06-28,0.9469999074935918,-0.017000079154967818,17.90999984741211,0.19879520417982577,0.05489548973255529,0.135969035623381,0.01250121143666774
2018-06-29,0.966999888420105,0.014999866485596147,16.850000381469727,0.09202851900253228,0.05660973426727976,0.14761431459090024,0.007463776414619245
2018-07-02,0.968999981880188,-0.05799996852874778,16.09000015258789,0.19539376723530744,0.045066767566808996,0.15442044591216622,0.004296121784142869
2018-07-03,0.9709999561309814,-0.10100007057189941,15.600000381469728,0.2244898478597499,0.05147640933544081,0.17515230537855933,0.007478006814187093
2018-07-05,0.9050000905990601,-0.11099982261657715,16.139999389648438,0.30161289404631897,0.05152145384185435,0.156175949251847,0.003849800052497168
2018-07-06,0.9299999475479126,-0.14499998092651367,14.970000267028809,0.28608245923431586,0.05303867096947068,0.10743438349895412,0.004001070127572052
2018-07-09,0.9260001182556152,-0.12199997901916504,13.369999885559082,0.10222586639895637,0.048699794327395095,0.09935634059667971,0.006233414183059547
2018-07-10,0.9449999332427976,-0.11200010776519798,12.6899995803833,0.0418718606263746,0.04711747624466944,0.09629914275398387,0.00415525492362497
2018-07-11,0.937999963760376,-0.15100002288818382,12.640000343322754,0.023481777562383677,0.04687930806411547,0.09505385429789864,0.0036924980185335035
2018-07-12,0.9220000505447385,-0.14699995517730713,13.630000114440918,0.10453808313628699,0.0574689842526423,0.06092654231524723,0.0006641361507817783
2018-07-13,0.9249999523162846,-0.15700006484985352,12.579999923706056,-0.027820685343992957,0.05741283667494241,0.05569587249541476,0.003360980840982861
2018-07-16,0.9030001163482666,-0.1599999666213987,12.18000030517578,0.0049505297180891805,0.055663303957562846,0.03642503131625481,0.004402912895030597
2018-07-17,0.9200000762939453,-0.11599993705749445,12.829999923706056,0.07095162052995008,0.04956286312279247,-0.003373723178083383,0.006832585647755002
2018-07-18,0.8890000581741333,-0.15400004386901833,12.0600004196167,-0.02030869142795566,0.050202148645848384,-0.004396832883950601,0.00962479028038813
2018-07-19,0.9149999618530271,-0.07999992370605469,12.100000381469728,-0.0936329561259821,0.04451868650683047,0.0017467652949336406,0.012772838122885738
2018-07-20,0.8989999294281006,-0.14100003242492654,12.869999885559082,0.006254880683710606,0.04733594928873947,0.025664899294721776,0.014292700225475102
2018-07-23,0.9620000123977657,-0.04500007629394576,12.859999656677246,-0.12158474350428272,0.03545057926289778,0.03480238597622529,0.01464249640417976
2018-07-24,1.0449999570846555,0.014999866485595481,12.619999885559082,-0.08351492621455991,0.033402672379538596,-0.004409223012301891,0.010789736009790926
2018-07-25,0.9889998435974119,-0.03300011157989524,12.40999984741211,-0.2839007557965294,0.03298713994070301,0.006148433714871039,0.013356543490145563
2018-07-26,0.9830001592636113,-0.003999948501586692,12.289999961853027,-0.22801508147265992,0.02706936831143251,0.010589833387065565,0.015920934530218443
2018-07-27,1.0299998521804807,0.08299994468688898,12.140000343322754,-0.322166362548746,0.024573919139221658,0.03449122546678575,0.015298781864775289
2018-07-30,1.014999985694885,0.04800009727478005,13.029999732971191,-0.22670626480812806,0.023186017993902963,0.011125896072457692,0.015300959460173359
2018-07-31,1.0299998521804807,0.06099987030029275,14.260000228881836,-0.11373523345875913,0.020882023478925815,0.024539293960580993,0.015767802790463338
2018-08-01,0.9789999723434453,0.008000016212463823,12.829999923706056,-0.17756412756591877,0.020528874404111285,-0.013865026577898494,0.017157698415431598
2018-08-02,1.024999976158142,0.11999988555908203,13.149999618530272,-0.18525402008601277,0.019961197742956974,-0.044374641031402234,0.01711833792944983
2018-08-03,1.0210000276565547,0.09100008010864213,12.1899995803833,-0.18570478537454782,0.02177573336621199,-0.0014490435306581703,0.019222338664679033
2018-08-06,0.9930000305175779,0.06699991226196267,11.640000343322754,-0.1293941329128131,0.022319966538279657,-0.03796203992131193,0.018399171048190895
2018-08-07,0.9699999094009399,0.024999976158142312,11.270000457763672,-0.11189906773635516,0.028830240516888418,-0.03348604423700116,0.0173387236630674
2018-08-08,0.9650001525878906,0.02700018882751465,10.93000030517578,-0.1352848094699859,0.028549023214022973,-0.021878313596945947,0.018153509839124813
2018-08-09,0.9630000591278072,0.041000008583068626,10.850000381469728,-0.20396182755903236,0.026747848598284493,-0.05831959284456368,0.01734046140165067
2018-08-10,0.929999828338623,0.004999876022338423,11.270000457763672,-0.10413350348864392,0.024163943447226718,-0.0651838024088336,0.021552689906545137
2018-08-13,0.8570001125335693,-0.046000003814697266,13.15999984741211,0.08045973051576105,0.031306917494633164,-0.05550591892227242,0.01851950669004386
2018-08-14,0.882000088691711,-0.03799998760223433,14.779999732971191,0.15198751526585053,0.030761913209441487,-0.06188434778119137,0.017235191408428018
2018-08-15,0.8619999885559086,-0.027000069618224654,13.3100004196167,0.10364842093759474,0.0324659907939717,-0.06132629620682737,0.020034287236058664
2018-08-16,0.8320000171661381,-0.08299994468688898,14.640000343322754,0.20991734560131503,0.03172864835311981,-0.10545274246102739,0.016884184018854907
2018-08-17,0.8559999465942383,-0.042999982833862305,13.449999809265137,0.045066039538729896,0.03195899953820918,-0.09703075335038362,0.01746421222273919
2018-08-20,0.877999901771545,-0.0840001106262207,12.640000343322754,-0.017107256549595884,0.02198811778431628,-0.08615114239113346,0.017809599060494744
2018-08-21,0.8299999237060549,-0.21500003337860063,12.489999771118164,-0.0103011185118691,0.022354397155766204,-0.0624382263974183,0.017691134076688365
2018-08-22,0.8090000152587886,-0.17999982833862327,12.859999656677246,0.0362610648507764,0.011295973043235777,-0.007838519703295712,0.02083503209810632
2018-08-23,0.7879998683929443,-0.19500029087066695,12.25,-0.0032546755066870103,0.0033687755742725536,0.01679209112863292,0.025398848126292423
2018-08-24,0.7880001068115239,-0.24199974536895685,12.40999984741211,0.022240485704587476,0.015492760611831908,-0.005586566291691791,0.022235968443712822
2018-08-27,0.7779998779296879,-0.2370001077651971,11.989999771118164,-0.07981580837806201,0.012266238874785024,0.024750825609171183,0.024911622223831243
2018-08-28,0.7880001068115234,-0.2419997453689573,12.15999984741211,-0.14726510152618655,0.006244358905369121,0.045448944067053694,0.022978362029077968
2018-08-29,0.8059999942779541,-0.17299997806549117,12.5,-0.025720960691224426,0.007417694131665326,0.056737887205402654,0.020404415276461495
2018-08-30,0.8040001392364502,-0.2209998369216919,12.25,-0.06844103761509168,0.0075335821582870836,0.059115269535538695,0.018654382546831813
2018-08-31,0.8019998073577881,-0.21900022029876665,13.529999732971191,0.1099261852924327,0.011253941167755237,0.08183548379588465,0.015389886913955814
2018-09-04,0.7979998588562016,-0.1950001716613763,12.859999656677246,0.10481093448200296,0.01845812301700623,0.05673722060027253,0.01631356159992308
2018-09-05,0.8339998722076416,-0.13600003719329834,13.15999984741211,0.16770180238515042,0.019792095556764203,0.06092887613331536,0.014813035058048627
2018-09-06,0.812000036239624,-0.1530001163482666,13.90999984741211,0.27264404931674013,0.016427643341683368,0.038871571666193636,0.011898458884532228
2018-09-07,0.7990000247955322,-0.16400003433227495,14.649999618530272,0.3502303321159699,0.012922471883159438,0.02102509509398168,0.011898850466354824
2018-09-10,0.8539998531341548,-0.07599997520446822,14.880000114440918,0.3203193886465543,0.01755919502410649,0.016519471060160038,0.010499780036615567
2018-09-11,0.8540000915527344,-0.003000020980834961,14.15999984741211,0.07598784282635451,0.004001741718519298,0.009670558507145934,0.009577038534693815
2018-09-12,0.8689999580383305,-0.01300013065338046,13.220000267028809,-0.1055480036621611,0.002844317379640296,0.06241326154770037,0.010389330483664755
2018-09-13,0.8580000400543217,-0.003999948501586914,13.140000343322754,-0.012772356944737107,0.0005275974899778638,0.0663876699917897,0.012831637974718663
2018-09-14,0.8700001239776616,0.03800010681152344,12.369999885559082,-0.15505467244056526,-0.005800737990206265,0.052683089302995714,0.01608283598230359
2018-09-17,0.8910000324249263,0.03500008583068803,12.06999969482422,-0.10260224044689525,-0.0008418670385117291,0.040978985040512374,0.015963784704036955
2018-09-18,0.8929998874664307,0.014999985694885698,13.68000030517578,0.08227847575988556,-0.00380189074560601,0.05014070127282698,0.01736185050948886
2018-09-19,0.9230000972747803,0.09300017356872536,12.789999961853027,0.024019231083461046,0.0010574824273854337,0.01834909012357228,0.017129829615625727
2018-09-20,0.9630000591278076,0.154000043869019,11.75,-0.08631412801795102,0.0028597622608273476,0.0436851186638796,0.017603347003754075
2018-09-21,0.9600000381469727,0.17200016975402832,11.800000190734863,-0.036734678307358104,-0.008165872056548708,0.003820909891082429,0.01911289629450164
2018-09-24,0.945000171661377,0.15700006484985307,11.68000030517578,-0.058823493248354786,-0.011292396740121498,-0.027589925339002345,0.021447587070439506
2018-09-25,0.9550001621246338,0.17700028419494584,12.199999809265137,0.017514599012155685,-0.011916800599875517,-0.018828222367934935,0.02379401411560557
2018-09-26,0.9340000152587895,0.14599990844726607,12.420000076293944,0.021381598038191285,-0.005297745115184529,-0.025542640326718293,0.025329228929167686
2018-09-27,0.9010000228881836,0.09500002861022949,12.890000343322754,0.0312000274658204,-0.007193517601051449,-0.032577999040745695,0.025418109058215746
2018-09-28,0.9159998893737793,0.1119997501373291,12.40999984741211,0.013061212033641523,0.004325168091070668,-0.027623753071551037,0.02715451308362884
2018-10-01,0.905999898910522,0.10400009155273393,12.119999885559082,-0.10421285108942668,0.007592583208292875,0.004241029045210996,0.024081506217724633
2018-10-02,0.9249999523162842,0.12700009346008256,12.0,-0.06687400308216274,0.013309609275419479,0.02012140237568135,0.024390081851014295
2018-10-03,0.8810000419616699,0.04700016975402832,12.050000190734863,-0.08434647944889795,0.015085472800151774,0.018514143878880857,0.02205529804222246
2018-10-04,0.9909999370574951,0.1789999008178711,11.609999656677246,-0.16534868554745297,0.01738076620168009,0.030563141387550483,0.01926794612336954
2018-10-05,1.0269999504089355,0.22799992561340332,14.220000267028809,-0.029351492334345974,0.010815444037569193,0.05460557050292679,0.01706238856612079
2018-10-08,1.0599999427795406,0.20600008964538574,14.81999969482422,-0.004032286233551008,0.008507168742531981,0.05545063925236419,0.009458072365471144
2018-10-09,1.0680000782012935,0.21399998664855913,15.6899995803833,0.10805082976401414,0.010707604518954519,0.045155623209892644,0.007228245998533501
2018-10-10,1.0230000019073486,0.1540000438690181,15.949999809265137,0.20650525620979399,0.012303621781681588,0.09656499251524442,0.009455508720297354
2018-10-11,1.0049998760223393,0.14699983596801758,22.959999084472656,0.7473362621440152,0.005669911304782932,0.07210196471052273,0.0019238400132924856
2018-10-12,0.9179999828338623,0.04799985885620073,24.979999542236328,1.0194017601728795,-0.0006313013199662735,0.03163505815458854,0.002282760245781395
2018-10-15,0.9230000972747803,0.03200006484985396,21.309999465942383,0.7655343831599597,0.0005252697417698904,0.026706094462273233,0.00804884114490603
2018-10-16,0.9330000877380371,0.040000200271606445,21.299999237060547,0.5570174533550096,0.006437004385179196,0.018560708793771998,0.006876974168405519
2018-10-17,0.8959999084472656,-0.02700018882751465,17.6200008392334,0.37763885002237285,0.004005960241951694,0.05766562538050664,0.010629693173380882
2018-10-18,0.9189999103546143,-0.04400014877319336,17.399999618530273,0.48085103136427865,0.01020042713972123,0.01779179623758265,0.006535704002120953
2018-10-19,0.9199998378753662,-0.040000200271606445,20.059999465942383,0.6999999272621296,0.016188736792734724,-0.009423795791853729,0.00043830648070470235
2018-10-22,0.937999963760376,-0.0070002079010009766,19.88999938964844,0.7029108621542202,0.010080932679639923,-0.007064079716504992,0.0009110015899410161
2018-10-23,0.9380002021789551,-0.01699995994567871,19.63999938964844,0.6098360407131391,0.01394958709059817,0.006963552372516905,0.0017319584733757494
2018-10-24,0.875999927520752,-0.05800008773803755,20.709999084472656,0.6674717356887812,0.01681416742297165,-0.05420185711357051,0.0004395610508080867
2018-10-25,0.8389999866485596,-0.06200003623962402,25.229999542236328,0.9573311768999222,0.020323373500503603,-0.028619779221094113,-0.006614638146969759
2018-10-26,0.8559999465942383,-0.059999942779541016,24.21999931335449,0.9516518623008001,0.021537659761336234,-0.00488928772531951,-0.005500170862968121
2018-10-29,0.8039999008178715,-0.10199999809265048,24.15999984741211,0.9933993461665478,0.012426437236325227,-0.020066624148198285,-0.010583809304312602
2018-10-30,0.8269999027252202,-0.09800004959106401,24.700000762939453,1.058333396911621,0.015022214815501922,-0.021398248189152178,-0.012349440543464563
2018-10-31,0.8269999027252202,-0.05400013923644975,23.350000381469727,0.9377593370847688,0.017154878276378013,-0.0418731454831203,-0.011835243228736298
2018-11-01,0.8809998035430908,-0.1100001335144043,21.229999542236328,0.8285960525439242,0.01986024255066619,-0.0574220896079375,-0.012299448246723096
2018-11-02,0.874000072479248,-0.1529998779296875,19.34000015258789,0.36005624398127223,0.012331646729842338,-0.04976918943357974,-0.007143161524239681
2018-11-05,0.9409999847412114,-0.11899995803832919,19.51000022888184,0.3164642800698281,0.010831192229061176,-0.05649825993165103,-0.0070387565379180575
2018-11-06,0.9330000877380376,-0.13499999046325595,19.959999084472656,0.27214784055367325,-0.0001038050572047733,-0.0693308856097081,-0.004463959889680456
2018-11-07,0.904000043869019,-0.11899995803832963,19.90999984741211,0.2482758674295822,-0.0007264770716144454,-0.07715745830583488,-0.001159106450092584
2018-11-08,0.903000116348267,-0.10199975967407227,16.360000610351562,-0.28745639099718123,-0.007575435430780823,-0.08349191051803437,0.0028723679863741675
2018-11-09,0.9309999942779537,0.013000011444091353,16.719999313354492,-0.3306645468474,-0.0006206430294415109,-0.06909182530276137,0.0021461080912809727
2018-11-12,0.8889999389648438,-0.03400015830993652,17.360000610351562,-0.18535893733379505,0.0026865290932085177,-0.08393305234323067,-0.004808481859086233
2018-11-13,0.8860001564025879,-0.04699993133544922,20.450000762939453,-0.039906033078262015,0.014873259569865361,-0.09511301106460167,-0.012154699998454897
2018-11-14,0.8499999046325684,-0.046000003814697266,20.020000457763672,0.13620882543809754,0.014493022755837713,-0.1763481933290804,-0.014290888209875603
2018-11-15,0.7949998378753662,-0.12400007247924805,21.25,0.22126439459053993,0.01603700801097793,-0.18009683911588326,-0.01771311030660943
2018-11-16,0.8080000877380371,-0.1119997501373291,19.979999542236328,-0.003988032195209046,0.01853446187420991,-0.18391436174052053,-0.018300673965732882
2018-11-19,0.7739999294281006,-0.1640000343322754,18.13999938964844,-0.08798391421322871,0.008850059914283776,-0.18347219534291015,-0.021181900816640863
2018-11-20,0.7569999694824219,-0.1810002326965332,20.100000381469727,0.02342163982264367,0.01087081776688463,-0.19120847271888805,-0.02604809747308826
2018-11-21,0.7130000591278076,-0.16299986839294434,22.479999542236328,0.08546598435587249,0.021191865853336454,-0.2538483177559068,-0.029532184891738075
2018-11-23,0.7110002040863037,-0.12799978256225586,20.799999237060547,-0.1755846367638545,0.020791616238956666,-0.22668838582561637,-0.024006144513697134
2018-11-26,0.7059998512268066,-0.15000009536743164,21.520000457763672,-0.11147807316832103,0.024228417127856835,-0.32108277240136707,-0.0289722764642024
2018-11-27,0.7290000915527344,-0.07499980926513716,18.899999618530277,-0.21771524263669462,0.02450718055707544,-0.30795738863441785,-0.023458100338088688
2018-11-28,0.7020001411437984,-0.12499976158142179,19.020000457763672,-0.2299595194222911,0.02316869860951068,-0.3028878487839841,-0.02521374970574798
2018-11-29,0.7089998722076416,-0.11800003051757857,18.489999771118164,-0.20813706770679108,0.014255511721362888,-0.32883014348541745,-0.014856748138557588
2018-11-30,0.7250001430511475,-0.15599966049194336,18.790000915527344,-0.11493163821575658,0.01719600040551272,-0.2894298183306192,-0.013568673573374344
2018-12-03,0.7049999237060547,-0.16900014877319336,18.06999969482422,-0.06566703452656042,0.023403221939779364,-0.28566742272523116,-0.016416883043571792
2018-12-04,0.7039999961853027,-0.23699998855590865,16.440000534057617,-0.15735518497224388,0.01735918168028515,-0.24647637330371786,-0.00846947420454222
2018-12-06,0.5590000152587886,-0.37400007247924894,20.739999771118164,0.039078192506145415,0.01894705512619572,-0.23772222392322226,-0.016675929315166944
2018-12-07,0.5230000019073482,-0.3810000419616708,21.190000534057617,0.06428933683853755,0.018242024010375543,-0.2963354984114804,-0.020396881830560293
2018-12-10,0.5099999904632568,-0.3930001258850102,23.229999542236328,0.4199265694120984,0.01787721060134059,-0.29086084766488635,-0.024652582324655135
2018-12-11,0.5260000228881836,-0.40499997138977006,22.63999938964844,0.35406700474954955,0.02795342912428875,-0.29632106539560127,-0.02578535621572229
2018-12-12,0.5090000629425049,-0.37999987602233887,21.76000022888184,0.25345619031295485,0.025057151241462232,-0.28947131048535024,-0.024904213530069576
2018-12-13,0.5309998989105225,-0.35500025749206543,21.459999084472656,0.049388669137048424,0.026417602460144192,-0.29803883628339184,-0.020963017491960226
2018-12-14,0.5480000972747803,-0.3019998073577881,20.649999618530277,0.03146848882924447,0.025460419592990804,-0.28401420973198827,-0.018449299470108142
2018-12-17,0.5230000019073486,-0.2719998359680176,21.6299991607666,0.01788231344784008,0.03010800163594756,-0.3286290828780076,-0.02079263495131711
2018-12-18,0.5170001983642578,-0.2909998893737793,24.520000457763672,0.2272272782554423,0.0334044437703009,-0.350238901578064,-0.02869991163956884
2018-12-19,0.49699997901916504,-0.27699995040893555,25.57999992370605,0.4101433728990771,0.030520744406607042,-0.42573119700773193,-0.030745832038302858
2018-12-20,0.44000005722045854,-0.31699991226196333,25.57999992370605,0.272636787971823,0.029066329911574956,-0.42338272994769055,-0.03933882275090031
2018-12-21,0.45399999618530273,-0.2590000629425049,28.3799991607666,0.2624555043893624,0.02258382385566917,-0.4545181332936971,-0.04729314953507797
2018-12-24,0.46200013160705566,-0.24900007247924805,30.11000061035156,0.44759623628749234,0.02898446812394355,-0.45098758991417826,-0.05331024116419745
2018-12-26,0.4160001277923584,-0.28999972343444824,36.06999969482422,0.6761151918010955,0.016184148882038115,-0.52812175585524,-0.0626711302392359
2018-12-27,0.41699981689453125,-0.3120002746582031,30.40999984741211,0.6089947333965546,0.01935142114929929,-0.46046561664023006,-0.046677979102807896
2018-12-28,0.39499998092651367,-0.3070001602172847,29.959999084472656,0.5751839307786897,0.012305925090164564,-0.5235221125117211,-0.05018484822184859
2018-12-31,0.407999992370605,-0.3009998798370366,28.34000015258789,0.5327204166251895,0.009171479050562585,-0.5065810268477627,-0.04789165896363322
2019-01-02,0.3860001564025879,-0.33899998664855957,25.420000076293945,0.35284719732439296,0.004272356126731671,-0.5203812838369367,-0.0444810519375753
2019-01-03,0.29600000381469727,-0.4089999198913574,23.21999931335449,0.2850027507197679,0.0111129532988019,-0.4682024858253457,-0.04211024285873468
2019-01-04,0.19899988174438477,-0.505000114440918,25.450000762939453,0.5480535240991287,0.007190098301429909,-0.45658844811166843,-0.037171272961714075
2019-01-07,0.30099987983703613,-0.2580001354217525,21.3799991607666,0.03085821584914772,0.004375979064115275,-0.43760905441749126,-0.01829692976517846
2019-01-08,0.3289999961853023,-0.1940000057220459,21.399999618530277,0.009910291608305588,0.00031348325030787884,-0.43497853220623645,-0.010160026341567976
2019-01-09,0.3159999847412105,-0.19400000572204634,20.46999931335449,-0.1188118933822474,0.004075021387328875,-0.3851722034537873,0.003491676033429678
2019-01-10,0.33799982070922896,-0.18800020217895463,19.979999542236328,-0.11749116250543401,0.0021026561561220056,-0.3041143170386329,0.003859303065091062
2019-01-11,0.3559999465942383,-0.1530001163482666,19.5,-0.10386030354366282,0.00335500095828451,-0.3049311380948448,0.0024886470816140073
2019-01-14,0.3310000896453862,-0.19999980926513627,18.190000534057617,-0.1523764533979426,0.006291291389870677,-0.3302780104990263,-1.952939971308591e-05
2019-01-15,0.35000014305114746,-0.1979999542236328,19.06999969482422,-0.07651331491010027,0.005665072723774158,-0.35338306145418635,-0.006645489684998442
2019-01-16,0.3280000686645508,-0.19499993324279785,18.600000381469727,-0.1400831667526281,0.004072043041857304,-0.29156054006759874,-0.001309113430323363
2019-01-17,0.3680000305175781,-0.1490001678466797,19.040000915527344,-0.22349100489112006,0.0016669730207093227,-0.2718335708054581,0.004471799818799225
2019-01-18,0.3940000534057617,-0.10299992561340332,18.059999465942383,-0.29397969039063876,0.0037543126028732705,-0.28325520291829687,0.006616711821634137
2019-01-22,0.43599987030029297,-0.0040001869201655715,17.799999237060547,-0.3041438901426835,0.003431188230113114,-0.251293763153981,0.00898992932983222
2019-01-23,0.3849999904632573,-0.06900000572204545,20.799999237060547,-0.2670895048575225,0.0035369220634162927,-0.23400315724487022,0.0032831673373766444
2019-01-24,0.4020001888275142,-0.05999994277954146,19.520000457763672,-0.3517103931557921,-0.003219920244252727,-0.23890617704798692,0.010268021757762239
2019-01-25,0.40699982643127486,-0.00900030136108354,18.88999938964844,-0.4762961034247245,-0.000827833569213444,-0.2368641691857588,0.009325965485234587
2019-01-28,0.4249999523162842,0.00800013542175293,17.420000076293945,-0.427162112341267,-0.005932879128295732,-0.23023325007470574,0.016318533784506747
2019-01-29,0.41100001335144043,0.016000032424926758,18.8700008392334,-0.3701601663595131,-0.008631071343582885,-0.2542380451502216,0.015727331870149894
2019-01-30,0.34699988365173384,-0.06100010871887118,19.1299991607666,-0.32498239033990517,-0.012342659723826449,-0.2162543505096192,0.012760298463100079
2019-01-31,0.3299999237060547,-0.0560002326965332,17.65999984741211,-0.30527144789895644,-0.01860084777122721,-0.18591087412093418,0.020683164862354348
2019-02-01,0.2950000762939453,-0.0009999275207519531,16.56999969482422,-0.28639103424545165,-0.007296987928881722,-0.16893994951560887,0.018577184686474495
2019-02-04,0.3510000705718994,0.15200018882751465,16.139999389648438,-0.3658153671589799,-0.009993827408434465,-0.13330518434192887,0.01868629987847335
2019-02-05,0.38899993896484375,0.08800005912780762,15.729999542236328,-0.2642656613803014,-0.00520292545133448,-0.1454197066597547,0.02021481339699764
2019-02-06,0.336999893188477,0.007999897003174716,15.56999969482422,-0.2724299078331691,-0.0022866782939433296,-0.14784790165633296,0.02113777341068346
2019-02-07,0.336999893188477,0.020999908447266513,15.380000114440918,-0.2486565397973849,0.004365438519236708,-0.13262837578439138,0.0144204020277362
2019-02-08,0.2969999313354492,-0.04099988937377974,16.3700008392334,-0.18068061990550321,-0.001346075816926683,-0.14197303635140698,0.013478921330251248
2019-02-11,0.2669999599456787,-0.08899998664855957,15.720000267028809,-0.19384614015236878,-0.0027900226644437193,-0.13251128939503454,0.018917099729019542
2019-02-12,0.28600001335144043,-0.04500007629394576,15.970000267028809,-0.12204509081086856,-0.004933240844587575,-0.1340798096596499,0.02557216253500985
2019-02-13,0.3059999942779541,-0.04400014877319336,15.43000030517578,-0.19087569207651167,-0.006082220294233144,-0.04762367343007128,0.03206458827414458
2019-02-14,0.33500003814697266,0.006999969482421875,15.649999618530272,-0.15860218830309258,0.003403233327903186,-0.04267553486013671,0.03256913755309647
2019-02-15,0.2840001583099361,-0.08399987220764205,16.219999313354492,-0.14810932072346206,0.0005157346389747345,-0.03698444891641431,0.03292628487051927
2019-02-19,0.2960000038146977,-0.09800004959106401,14.90999984741211,-0.17441858868659188,0.004653785219721912,-0.015529074899581052,0.03909021618611597
2019-02-20,0.2740001678466797,-0.16199970245361328,14.880000114440918,-0.16404490156044704,0.003424778431556577,-0.011874276479887664,0.04256863374166145
2019-02-21,0.2710001468658447,-0.11399984359741255,14.020000457763672,-0.3259614917300845,-0.003725561802535977,0.06327434937136188,0.04652521366204725
2019-02-22,0.2929999828338623,-0.1090002059936519,14.460000038146973,-0.25922132689316557,-0.0010345384150396014,0.04176604907112408,0.04052590937752229
2019-02-25,0.26200008392333984,-0.14499974250793501,13.510000228881836,-0.2848067408469478,-0.004239225002037022,0.12721438491315726,0.048060207035616476
2019-02-26,0.2800002098083496,-0.14499974250793457,14.850000381469728,-0.14753155473986523,-0.006822395919227194,0.07191966761622605,0.044173928331015314
2019-02-27,0.2359998226165767,-0.17500019073486373,15.170000076293944,-0.19607846308340537,-0.014169991730510671,0.07363681604658845,0.045938499086568524
2019-02-28,0.3000001907348633,-0.04699969291687056,14.699999809265137,-0.23157342111059143,-0.006634204715337374,0.12419178934284732,0.03801576519125555
2019-03-01,0.3280000686645508,-0.0019998550415039062,14.779999732971191,-0.16308041559031794,-0.006426839881600013,0.10629303184665473,0.03719391594907849
2019-03-04,0.377000093460083,0.0820000171661377,13.56999969482422,-0.18105009385951132,-0.0076367541551667735,0.09132170882593867,0.04205638315619972
2019-03-05,0.3469998836517334,-0.004000186920166016,14.630000114440918,-0.09355634029180782,-0.003716715078492671,0.06648420739471557,0.033638983153629225
2019-03-06,0.3219997882843013,-0.06700015068054244,14.739999771118164,-0.0629370502179567,-0.001238290806985602,0.06030424127903392,0.03939550720335691
2019-03-07,0.2869999408721924,-0.049999952316284624,15.739999771118164,0.010918437997815333,0.0006196322781249586,0.0878849405353872,0.041243724104828045
2019-03-08,0.24099993705749512,-0.09599995613098189,16.59000015258789,0.07867360397551981,0.01194777865817105,0.07416226436517402,0.04247001083064096
2019-03-11,0.23200011253356934,-0.06499981880187988,16.049999237060547,-0.019548050443950804,0.0015417190249470253,0.09477527196849135,0.040102139158861384
2019-03-12,0.2629997730255127,-0.004000186920166016,14.329999923706056,-0.08842241219538305,-0.001747065532621304,0.0948700449023013,0.041578958220579464
2019-03-13,0.21000003814697266,-0.07599997520446777,13.770000457763672,-0.1377582825597813,-0.0010310184683861258,0.10600542030791914,0.040088207788954666
2019-03-14,0.223000049591064,-0.08299994468689009,13.40999984741211,-0.130913831355278,-0.0052682783409133925,0.10257986859545205,0.0403756460345241
2019-03-15,0.24200010299682617,-0.09299993515014648,13.5,-0.13738017066687847,-0.006693136397167884,0.13516579395549316,0.043875868320624664
2019-03-18,0.2049999237060547,-0.07900023460388139,12.880000114440918,-0.2059185783173022,-0.005162634160144939,0.1597484417487363,0.051323323370484834
2019-03-19,0.21700000762939498,-0.07899999618530273,13.100000381469728,-0.12139500231158873,-0.006403024657221144,0.2452164472767358,0.05278783019475905
2019-03-20,0.2090001106262207,-0.06500005722045898,13.5600004196167,-0.08870965622797067,-0.006824591355571355,0.22365185981774832,0.062427115480188713
2019-03-21,0.12700009346008345,-0.14400005340576127,13.90999984741211,-0.007845977657629066,-0.0054155166783043055,0.265477922464432,0.07549797034930374
2019-03-22,0.12899994850158736,-0.16400003433227495,13.630000114440918,-0.05739971794719423,-0.004755504533744124,0.2743227681166148,0.08023754602519832
2019-03-25,0.056999921798706055,-0.2050001621246338,16.479999542236328,0.2198371031116042,0.0010351809594371993,0.3280055152357405,0.08413984706059875
2019-03-26,0.029999971389770508,-0.2500002384185791,16.329999923706055,0.09966326627729338,-0.004958210241555048,0.24106929668060273,0.06710266634854539
2019-03-27,0.009000062942504883,-0.22699975967407182,14.68000030517578,-0.03230057802596087,0.0026911775396904073,0.2953859761553038,0.07016451405715785
2019-03-28,-0.003999948501586914,-0.3040001392364502,15.149999618530272,0.03061223231999688,0.0039345387392613,0.27049345445262324,0.06937980723281056
2019-03-29,0.019000053405762163,-0.3090000152587886,14.43000030517578,-0.02368061123943288,0.010653240385087423,0.26687695138828843,0.07061300496149654
2019-04-01,0.08599996566772461,-0.2910001277923584,13.710000038146973,0.010316900992720646,0.004739824309953392,0.256362989865554,0.07451797684453437
2019-04-02,0.17400002479553223,-0.17299985885620117,13.399999618530272,-0.08407385415510304,0.009712852275240408,0.2684388546806211,0.07377993651225537
2019-04-03,0.11100006103515625,-0.21099972724914506,13.359999656677246,-0.09362280433307169,0.012090027402684021,0.2660784564302395,0.057599890598362034
2019-04-04,0.14400005340576172,-0.14299988746643066,13.739999771118164,-0.12706480489725702,0.014315569021169039,0.25255024368672885,0.0482854217073839
2019-04-05,0.1420001983642578,-0.0989997386932373,13.579999923706056,-0.18143461128373173,0.0145957359444036,0.22113269195062701,0.043323296075259386
2019-04-08,0.13100004196166992,-0.10100007057189941,12.81999969482422,-0.20124608696416857,0.02263620972840601,0.186260838423809,0.04398242199990348
2019-04-09,0.15400004386901855,-0.10899972915649414,13.18000030517578,-0.08025119502114142,0.01568132351575469,0.20258766630136466,0.03947504361191394
2019-04-10,0.13400006294250488,-0.07599997520446777,14.279999732971191,0.037036983170176674,0.013909337443118126,0.21524266915231718,0.04199313870779204
2019-04-11,0.11400008201599166,-0.10899996757507235,13.300000190734863,-0.008202808197531386,0.014127176445934388,0.24619790376720369,0.04960970788245957
2019-04-12,0.13899993896484375,-0.10300016403198242,13.020000457763672,-0.03555552164713538,0.012529276768903027,0.1989421036480043,0.04776553342393644
2019-04-15,0.18499994277954102,-0.019999980926513672,12.010000228881836,-0.06754657436560485,0.009428694083668799,0.1999752614256352,0.047713418754064076
2019-04-16,0.19300007820129395,-0.02399992942810103,12.31999969482422,-0.0595420354146583,0.009015166356895294,0.1968749241967383,0.04428940008392675
2019-04-17,0.21399998664855957,0.004999876022338867,12.18000030517578,-0.1017699167947318,0.007239710880601901,0.17439062300252625,0.04086918729488264
2019-04-18,0.21199989318847656,0.08499979972839311,12.600000381469728,-0.09417681382549403,0.007345737499724964,0.1929803991309729,0.04509741228897003
2019-04-22,0.19499993324279785,0.0659999847412105,12.09000015258789,-0.1129860564139985,0.013947211430224942,0.1957868280461805,0.04353612411248145
2019-04-23,0.21499991416931152,0.15799999237060547,12.420000076293944,-0.24635919773766235,0.007014680246886197,0.21235711847401512,0.0407345143982219
2019-04-24,0.17999982833862305,0.14999985694885254,12.279999732971191,-0.2480098107566755,0.01841176103964549,0.21096320436502036,0.04170513361327038
2019-04-25,0.14700007438659668,0.1380000114440918,13.140000343322754,-0.10490462737320672,0.02424672295624069,0.2369352509824989,0.04186300166301267
2019-04-26,0.16899991035461426,0.17299985885620117,13.25,-0.12541251923243246,0.02453475601336637,0.20148886077028766,0.04291762053990749
2019-04-29,0.14500021934509277,0.1260001659393306,12.729999542236328,-0.1178101681903424,0.027620124711504213,0.15465106468555714,0.03752754899323291
2019-04-30,0.17600011825561523,0.09000015258789062,13.109999656677246,-0.04376370385122352,0.02357427979065326,0.16595231259309443,0.034596361722701995
2019-05-01,0.14100003242492676,-0.03299999237060547,13.119999885559082,-0.020895503055387454,0.01968365088684579,0.1454265521533691,0.0351963612594869
2019-05-02,0.14800000190734863,0.03699994087219238,14.800000190734863,0.10778447388192203,0.019014771084006437,0.1533124076487732,0.02955143684136824
2019-05-03,0.1790001392364502,0.03500008583068848,14.420000076293944,0.04949056160868048,0.017841997087822012,0.14139734373525187,0.026718235583198996
2019-05-06,0.16299986839294434,0.020999670028686523,12.869999885559082,-0.05228277188040009,0.011343820762915692,0.13699696884590937,0.030202618794046357
2019-05-07,0.13700008392333984,0.006000041961669922,15.4399995803833,0.20436817066515567,0.010410798696134283,0.1676822599225798,0.03407818836946042
2019-05-08,0.07999992370605469,-0.07400012016296387,19.31999969482422,0.46585730254021795,0.010192067234236712,0.152414946655833,0.028291668806068544
2019-05-09,0.1120002269744873,-0.021999835968017578,19.399999618530277,0.35854341605745854,0.005753099770952839,0.16997057118345268,0.02816813750793083
2019-05-10,0.08700013160705566,-0.02699995040893599,19.100000381469727,0.43609023365092114,0.006801382936204011,0.15010704376470588,0.02183639273281384
2019-05-13,0.08500003814697266,-0.053999900817871094,16.040000915527344,0.23195087185752605,0.0020570261143944744,0.13450491375894574,0.026031708152700728
2019-05-14,0.05500006675720215,-0.12999987602233887,20.549999237060547,0.7110740087782503,0.0034997084876192334,0.11498144428158617,0.016710305006454568
2019-05-15,0.0659999847412105,-0.12700009346008345,18.059999465942383,0.4659090838719424,0.006274133411851445,0.10557633602130495,0.01576564740636745
2019-05-16,0.029000043869018555,-0.18499994277954102,16.440000534057617,0.3497537046096453,0.01081986001493424,0.10049937481254964,0.016348514162861733
2019-05-17,0.06699991226196245,-0.14499998092651412,15.289999961853027,0.2134920237255995,0.014308746238433446,0.09942234435296708,0.018558247312166747
2019-05-20,0.06299996376037598,-0.13199996948242188,15.960000038146973,0.32009924207740403,0.014285216823468654,0.09696865009006106,0.019145756618837547
2019-05-21,0.09599995613098189,-0.11899995803832963,16.309999465942383,0.31320445779008343,0.014606288795113477,0.09711847500835953,0.01622551100587129
2019-05-22,0.09600019454956055,-0.0839996337890625,14.949999809265137,0.21742672103852967,0.016969542664986962,0.12695342308473365,0.018547506935916912
2019-05-23,0.07299995422363281,-0.07400012016296387,14.75,0.12252660689581996,0.02174111292855742,0.10135246444826032,0.018077189320725814
2019-05-24,-0.006999969482421875,-0.17599987983703613,16.920000076293945,0.2769811378335052,0.017526190343459726,0.016892020871105442,0.012726237487000244
2019-05-28,0.03599977493286133,-0.10900044441223145,15.850000381469728,0.24509041252371455,0.014966444569438228,0.024343020238551012,0.011908684509788775
2019-05-29,-0.03000020980834961,-0.20600032806396484,17.5,0.3348589213033899,0.014705394523354851,0.05813364838936337,0.008144007438355694
2019-05-30,-0.06200003623962447,-0.20300006866455123,17.899999618530273,0.3643292511177869,0.014988465450727037,0.03847963797237452,0.006972129279429124
2019-05-31,-0.0829999446868892,-0.23099994659423784,17.299999237060547,0.16891885230452486,0.013231650344633738,0.0005302479822396146,0.009546807001527225
2019-06-03,-0.1510000228881836,-0.3300001621246338,18.709999084472656,0.2975033970513874,0.009043297073904014,-0.04959093328939382,0.003910903369648038
2019-06-04,-0.19899988174438477,-0.3619997501373291,18.86000061035156,0.4654235258784749,-0.005441200077642136,-0.062070687119791704,0.006222271641953315
2019-06-05,-0.17600011825561523,-0.3130002021789551,16.969999313354492,0.09909324964717436,-0.003085818618085362,-0.04729316101860477,0.017857772611229086
2019-06-06,-0.16200017929077148,-0.24200010299682617,16.09000015258789,-0.16718424395739706,0.0015417190249470253,-0.09428940463116788,0.0169090242847224
2019-06-07,-0.13100004196166992,-0.24300026893615723,15.93000030517578,-0.17886594750445572,0.0009279408545864069,-0.07824195203429402,0.01725160710412557
2019-06-10,-0.13099980354309082,-0.21799993515014648,16.299999237060547,-0.14659691562758614,0.0006212213645245807,-0.07611684740268275,0.017125028754824606
2019-06-11,-0.07700014114379838,-0.16200017929077104,15.9399995803833,-0.006234496847642768,-0.0003099848004554514,-0.09571979203091566,0.019333397477363314
2019-06-12,-0.07299995422363326,-0.1280000209808354,15.989999771118164,-0.22189779246895203,0.0009312843226633731,-0.0939952544520882,0.019791612024192516
2019-06-13,-0.03799986839294478,-0.10399985313415527,15.90999984741211,-0.11904760144565629,0.0049607725262209145,-0.14449475001175424,0.017821690808771672
2019-06-14,-0.04900002479553223,-0.07800006866455078,15.81999969482422,-0.03771294520027435,0.0065154052791574265,-0.1214319031665412,0.019558335262569997
2019-06-17,-0.032000064849853516,-0.09899997711181596,15.279999732971191,-0.0006540372077687984,0.0187249824342074,-0.13050364232117048,0.014559620705787608
2019-06-18,-0.05200004577636719,-0.11500000953674316,15.350000381469728,-0.038220529775642054,0.010924539978114862,-0.14411450195602102,0.013284962701625722
2019-06-19,-0.10800004005432129,-0.20399999618530318,15.149999618530272,-0.0711220040095254,0.010191017831703213,-0.09108468957472363,0.0238286717474674
2019-06-20,-0.09599995613098145,-0.192000150680542,14.329999923706056,-0.04147156478054537,0.0056792247728050995,-0.08995226294413636,0.028893126256279027
2019-06-21,-0.07700014114379883,-0.15000009536743164,14.75,0.0,-0.0011377217251351999,-0.05645202456821021,0.03148314945221873
2019-06-24,0.013000011444091797,0.019999980926513672,15.399999618530272,-0.0898345420159481,-0.0056997452451418296,-0.03389573960918364,0.02758597291265959
2019-06-25,-0.037000179290771484,-0.07299995422363281,15.260000228881836,-0.03722398349451539,-0.012630808664264127,-0.02389188220527799,0.02549772111519483
2019-06-26,-0.08899998664855957,-0.05899977684020996,16.280000686645508,-0.06971424647739954,-0.011579896799113686,-0.03916746357869822,0.018704145359572252
2019-06-27,-0.0439999103546147,0.018000125885009766,16.209999084472656,-0.0944134396689098,-0.010751689641309563,-0.03654203485302222,0.018487444785519332
2019-06-28,-0.07999992370605469,0.003000020980834517,15.81999969482422,-0.08554911026041145,-0.012090027402683947,-0.05164661298654341,0.020780551813335366
2019-07-01,-0.03500008583068848,0.11599993705749512,15.079999923706056,-0.19401386095091366,-0.009936932157159298,-0.06601251413210853,0.020776544251761092
2019-07-02,-0.031000137329101562,0.1679997444152832,14.0600004196167,-0.25450689477180166,-0.004841639491166945,-0.04968425642823413,0.019568176593150414
2019-07-03,-0.172000050544739,0.004000067710876243,12.93000030517578,-0.23806712855901224,-0.006902599415980059,-0.11459775003780752,0.019900857881256766
2019-07-05,-0.1970001459121713,-0.034999966621399814,12.56999969482422,-0.21876944837676204,-0.0028893468571970222,-0.1161151936877484,0.024265556772454826
2019-07-08,-0.11500000953674316,0.016000032424926758,13.279999732971191,-0.1663528262045031,0.002470894504639144,-0.10661171082656738,0.020944817196947695
2019-07-09,-0.14400005340576172,-0.013000249862670898,13.960000038146973,-0.143558239781584,0.004425472338754519,-0.11380551745286087,0.014596563799389593
2019-07-10,-0.14100003242492676,-0.06399989128112837,14.09000015258789,-0.11606019300478077,0.003184854610804606,-0.09479128044904137,0.011945065157826947
2019-07-11,-0.0690000057220459,0.003999948501587358,13.029999732971191,-0.18511570234625352,0.0013396946778527754,-0.05567716963755121,0.013212913248317162
2019-07-12,0.021999835968017578,0.05999970436096236,12.93000030517578,-0.18730355567671808,0.0011340854582862965,-0.05179152052248252,0.01194627596084784
2019-07-15,0.016000032424926758,0.06500005722045898,12.390000343322754,-0.21681412248216725,-0.0023730045568841254,-0.06182563971844728,0.014133329928936459
2019-07-16,0.006999969482421875,0.03900003433227539,12.68000030517578,-0.17015703358849754,-0.0008250163409857539,-0.06780603013935486,0.01724455480819787
2019-07-17,0.019000053405761275,0.07100009918212846,12.859999656677246,-0.16221502689982803,-0.0007184245584069014,-0.10501337224052033,0.014711459945562734
2019-07-18,-0.011999845504760742,0.09600019454956055,13.970000267028809,-0.07788774793487008,-0.000616941496110595,-0.14591474949467037,0.015175689621613527
2019-07-19,0.02500009536743164,0.12100005149841309,13.529999732971191,-0.055826950104265416,-0.008026373372194808,-0.18141704848942983,0.012175271637016608
2019-07-22,0.03500008583068848,0.1120002269744873,14.449999809265137,-0.0203389959820246,-0.009731159487125027,-0.16926403237499146,0.011828740679528053
2019-07-23,0.01799988746643022,0.004999876022338423,13.529999732971191,-0.12142856700522098,-0.009618357343695151,-0.14834023017407902,0.014710178107262505
2019-07-24,0.04099988937377974,0.07800006866455123,12.609999656677246,-0.1736566535031282,-0.0030656374907254997,-0.10887729185126119,0.013902330189382282
2019-07-25,0.009999990463256392,0.09899997711181596,12.06999969482422,-0.2585995586151758,-0.001329283398161278,-0.1278333523954392,0.015167633138134651
2019-07-26,0.01399993896484375,0.05799984931945845,12.739999771118164,-0.2140653614643544,0.0034817887972853497,-0.1317670632712518,0.013672872535705252
2019-07-29,0.018000125885009766,0.09800004959106445,12.15999984741211,-0.2313527128960402,0.003270311420920677,-0.1236966758791889,0.019141030199803
2019-07-30,0.005000114440917969,0.040000200271606445,12.829999923706056,-0.14920424478669625,0.0021442708121795365,-0.08329724335211516,0.01695332830790653
2019-07-31,0.021000146865844282,0.052000284194945845,13.9399995803833,-0.008534910074822766,0.0054201330168721345,-0.06486145737264326,0.014868062236993555
2019-08-01,-0.009000062942504883,0.1629999876022341,16.1200008392334,0.24671310585976447,0.010202088428722434,-0.06076516268789504,0.012682111311234383
2019-08-02,-0.135999917984009,0.06100022792816229,17.8700008392334,0.42163892387296453,0.007754371569266257,-0.12935215415879842,0.01820756962122085
2019-08-05,-0.14499998092651367,-0.029999971389770508,17.610000610351562,0.3260542894914351,0.004904932422551135,-0.10980622772978404,0.016355958527903655
2019-08-06,-0.21799993515014604,-0.07399988174438432,24.59000015258789,0.761461324168587,0.0013341948054544335,-0.1206030910284275,0.007393541457348924
2019-08-07,-0.25600004196167037,-0.11500000953674361,20.170000076293945,0.43151170034510966,0.003077509853765757,-0.1395267870721291,0.011019517812655658
2019-08-08,-0.284000039100647,-0.21500003337860107,19.489999771118164,0.49577898469180703,0.0022580448885551425,-0.17794061564565572,0.020107006339557688
2019-08-09,-0.25400006771087624,-0.2759999036788938,16.90999984741211,0.3078112489017628,0.0009224081267023325,-0.16200486604883013,0.02183008691175004
2019-08-12,-0.2160000801086428,-0.23200011253356956,17.969999313354492,0.45036310051750106,-0.0008202792632199458,-0.1292562193840085,0.019505281368190512
2019-08-13,-0.28899991512298584,-0.2959998846054077,21.09000015258789,0.6632491833599783,-0.0047126313995750685,-0.13500943249545175,0.012992211768801921
2019-08-14,-0.2750000953674314,-0.2940001487731927,17.520000457763672,0.36236399109597417,-0.0019406823288724028,-0.09451381118157767,0.01775262751542645
2019-08-15,-0.32700002193450906,-0.3150001764297483,22.100000381469727,0.5819613428089101,0.0006124699982644151,-0.1332144697404704,0.009724497479555486
2019-08-16,-0.3140000104904175,-0.3390001058578491,21.18000030517578,0.5654102530070522,0.0008155131165433454,-0.14532589647425564,0.009502500855164098
2019-08-19,-0.2839999198913574,-0.3190000057220459,18.46999931335449,0.2782006613945964,0.00030572004617105043,-0.11276875359605339,0.012064106669286616
2019-08-20,-0.2549999952316284,-0.27299988269805864,16.8799991607666,0.24759789311982128,0.00509685107226134,-0.02979541787642462,0.01996398377378396
2019-08-21,-0.3389999866485598,-0.37999987602233953,17.5,0.3877875080459183,0.005924448605466028,-0.039841764037452584,0.022174929052790487
2019-08-22,-0.35099995136260986,-0.36099994182586626,15.800000190734863,0.30903070341502303,0.003464835460432706,-0.06028648259682751,0.027381788095218174
2019-08-23,-0.32799994945526123,-0.341999888420105,16.68000030517578,0.3092622138808572,0.00030562660998908976,-0.06063530023635829,0.03191543317853479
2019-08-26,-0.3819999694824219,-0.40000009536743164,19.8700008392334,0.6340461421520602,-0.005107785168845617,-0.043705077983007434,0.025197887697948163
2019-08-27,-0.38800001144409224,-0.3930001258850102,19.31999969482422,0.5058456593695342,0.0033702919914172496,0.002613393132852407,0.03742914144233047
2019-08-28,-0.45299994945526123,-0.4740000963211055,20.309999465942383,0.4569583986589998,0.008814248036188776,0.031061848320716033,0.035361518827427524
2019-08-29,-0.47400009632110596,-0.4650000333786011,19.350000381469727,0.2003721696077736,0.011675669267281379,0.042107616640886664,0.027782524087438656
2019-08-30,-0.4240000247955322,-0.2880001068115232,17.8799991607666,0.0005595031373055726,0.011639904354658157,0.09287968050246645,0.02647855416613419
2019-09-03,-0.4269999265670781,-0.2819999456405644,18.979999542236328,0.07779664306652267,0.01929122768622488,0.04662369796325119,0.023463666047344095
2019-09-04,-0.4440000057220459,-0.22600007057189986,19.65999984741211,-0.20048801441983477,0.023932379360058095,-0.0009265830666908679,0.018030780511121086
2019-09-05,-0.44599997997283936,-0.189999938011169,17.329999923706055,-0.1408031800617482,0.01731506626764045,0.05479822435640374,0.018600879162521924
2019-09-06,-0.354999899864197,-0.07099986076355003,16.270000457763672,-0.1652128964170715,0.017632452378382804,0.05532119207214117,0.021122608025455944
2019-09-09,-0.36000001430511475,-0.1059999465942385,15.0,-0.11295090861307211,0.01422818817090099,0.10002760798734636,0.024359863002922463
2019-09-10,-0.2860000133514402,-0.06999993324279741,15.270000457763672,-0.15025035941900688,0.0130064472383952,0.1012395618565249,0.02307302588497632
2019-09-11,-0.2109999656677244,0.07799994945526145,15.199999809265137,-0.2792792935376063,0.007759121421494595,0.08904073422371676,0.024341730457895488
2019-09-12,-0.17999994754791238,0.09500014781951904,14.609999656677246,-0.1660959317953049,0.011110699613170847,0.07098074660732456,0.02573473145023184
2019-09-13,-0.10399997234344482,0.22300004959106423,14.220000267028809,-0.3565610849965456,0.006838487271360707,0.021837708030025327,0.0193675772951994
2019-09-16,0.003000020980834961,0.31700003147125244,13.739999771118164,-0.3512748076891904,0.011669692889612365,0.0200724939087026,0.012819331923438301
2019-09-17,-0.1040000915527346,0.17999982833862282,14.670000076293944,-0.2057390026166923,0.020689024348708212,0.10465417355598884,0.011334766557518623
2019-09-18,-0.12599992752075195,0.12900006771087646,14.4399995803833,-0.14454974536103526,0.02097979952320134,0.032716797244013794,0.015106621710331267
2019-09-19,-0.09399998188018799,0.2450000047683718,13.949999809265137,-0.20285715375627789,0.026931374727700692,0.0036203656577532264,0.01465033932518902
2019-09-20,-0.10899996757507369,0.24199998378753618,14.050000190734863,-0.11075949233381666,0.02170524934362866,0.005174196255015107,0.01775253859344862
2019-09-23,-0.09500002861022949,0.23299992084503174,15.31999969482422,-0.08153480728232088,0.0236247946957589,-0.02196395269221724,0.019471010087378973
2019-09-24,-0.13700008392333962,0.24499988555908225,14.90999984741211,-0.24962258592499642,0.02474581858753894,-0.013382107343670136,0.016256092393028478
2019-09-25,-0.24500000476837158,0.14300000667572066,17.049999237060547,-0.11749484956626577,0.022729411238341775,-0.020387718663940534,0.014537996356098013
2019-09-26,-0.11300003528594948,0.33999991416931175,15.960000038146973,-0.21418018425307572,0.022463723926526853,-0.04499804689007347,0.013207207690327724
2019-09-27,-0.08500003814697266,0.3890000581741333,16.06999969482422,-0.16950907607146914,0.02531517953501805,0.002840403962375718,0.010334007816479014
2019-09-30,-0.05500006675720215,0.3689999580383301,17.219999313354492,-0.03691274487642715,0.023893356373908183,-0.02525521080694703,0.005400304540378599
2019-10-01,-0.09500002861022949,0.3319998979568486,16.239999771118164,-0.14436247825089898,0.02166587603844753,-0.06167931879018469,0.010563950335079586
2019-10-02,-0.10899996757507346,0.33500003814697243,18.559999465942383,-0.055951189725696904,0.017811269788166814,-0.07264157667619454,0.010213116211922123
2019-10-03,-0.1390000581741333,0.30699992179870605,20.559999465942383,0.18638197094380526,0.01577403145142561,-0.09403142841060207,0.005460183120133094
2019-10-04,-0.1289999485015867,0.2259999513626103,19.1200008392334,0.17516904125898614,0.01796335446994193,-0.14162532603519845,0.0032771556035259518
2019-10-07,-0.13999998569488525,0.2200000286102295,17.040000915527344,0.13600006103515616,0.01797244843855193,-0.1309717722649722,0.008362854797467675
2019-10-08,-0.12000000476837158,0.16600000858306863,17.860000610351562,0.16961362638801147,0.022268543838004005,-0.13227466391461085,0.005941167198253434
2019-10-09,-0.11800003051757812,0.09299993515014626,20.280000686645508,0.3342105882319726,0.022543914783035815,-0.12403365835735719,0.0015389123555783655
2019-10-10,-0.03900003433227539,0.14099991321563698,18.63999938964844,0.2758384550084061,0.01750503871595498,-0.09134372061643667,0.0066275168625759455
2019-10-11,0.024999976158142312,0.12899994850158714,17.56999969482422,0.2355836402874678,0.015209784981476659,-0.05856834689948048,0.009169090285427652
2019-10-14,0.12899994850158736,0.1259999275207524,15.579999923706056,0.1339155882997627,0.015480365578567908,-0.010909171356275322,0.012865619083196092
2019-10-15,0.11500000953674339,0.21900010108947798,14.56999969482422,-0.006816658551441979,0.013292582557215188,-0.03736015693346835,0.01528729651084598
2019-10-16,0.15299999713897727,0.2789999246597292,13.539999961853027,-0.06232684519969933,0.010534474953328914,-0.06257199446813874,0.014130210403777875
2019-10-17,0.13300001621246316,0.22699999809265115,13.68000030517578,-0.019354803425160827,0.0030656374907255288,-0.06194661220037242,0.011600363768954132
2019-10-18,0.1319999694824221,0.24099993705749578,13.789999961853027,-0.018505354117595685,-0.001228655259968225,-0.03551963849533238,0.012174626719397742
2019-10-21,0.12199997901916504,0.21700000762939453,14.25,-0.0698433235077488,-0.005535646321931785,-0.04080714986076398,0.013783312208322348
2019-10-22,0.16700005531311035,0.30400013923645,14.0,-0.06103285424044158,-0.006962250825882475,-0.05279281387993429,0.011945784632452048
2019-10-23,0.15299999713897705,0.39800000190734863,14.460000038146973,-0.15190611817060085,-0.005215557530473329,-0.04882531675034334,0.013667693434099206
2019-10-24,0.14399993419647195,0.25699996948242143,14.010000228881836,-0.12218043888498265,-0.0059329328938565505,-0.036488840287880006,0.014126628785312215
2019-10-25,0.14300000667572044,0.2280000448226931,13.710000038146973,-0.14685747986898523,-0.009074744073693462,-0.040942958493727054,0.01699578286946736
2019-10-28,0.17599999904632568,0.23100006580352783,12.649999618530272,-0.26538907532244116,-0.005707869488247442,0.049010785863580104,0.018294028773058524
2019-10-29,0.24800002574920654,0.34300005435943604,13.109999656677246,-0.19273399991097473,-0.0034718337419264054,0.002691336050565557,0.019682774259883535
2019-10-30,0.24000000953674339,0.34899997711181685,13.199999809265137,-0.28879309326020464,0.0019468466524121969,0.015422646114539437,0.0283233876874491
2019-10-31,0.20299994945526123,0.34200000762939453,12.329999923706056,-0.4002918169268104,0.00020487784367035784,0.026314891744969968,0.020648061343073888
2019-11-01,0.19299995899200462,0.3219999074935913,13.220000267028809,-0.3085774222403824,-0.0019498435240253742,0.05872305596022158,0.017315243780290965
2019-11-04,0.24300003051757812,0.3830000162124634,12.300000190734863,-0.27816904167377443,-0.0039002911151619075,0.06734196879234707,0.017652641079084434
2019-11-05,0.28299999237060547,0.40299999713897705,12.829999923706056,-0.2816349672311962,0.00020517202596041271,0.03674766678880577,0.021114307843372496
2019-11-06,0.3480000495910647,0.4660000801086428,13.100000381469728,-0.35404339556575304,0.006142587922076067,0.04101857551209416,0.023563332880828257
2019-11-07,0.299000024795532,0.3380000591278074,12.619999885559082,-0.3229613573610154,0.0014303168925680696,-0.013221876531852625,0.018000756241828123
2019-11-08,0.40799999237060547,0.38300001621246316,12.729999542236328,-0.27546956383918786,0.0015296135953325337,0.03417314131558227,0.026499574504648647
2019-11-11,0.42299997806549117,0.2940000295639038,12.06999969482422,-0.22528884762965407,0.002137504877720227,0.04960287020542755,0.024502913407804708
2019-11-12,0.4299999475479126,0.3149999380111692,12.6899995803833,-0.1290322686217188,0.0006111598408916311,0.03562538535254504,0.02055341191103868
2019-11-13,0.3760000467300413,0.223000049591064,12.68000030517578,-0.06351548442394173,-0.0004068027752051364,0.010441651568713536,0.017884729573222565
2019-11-14,0.3350000381469731,0.20200002193450994,13.0,-0.04970762353846614,0.0018315054002966465,0.013749534175265539,0.01603688120474278
2019-11-15,0.28700006008148193,0.15500009059905984,13.050000190734863,-0.05366205751741904,-0.0014252204882612795,0.019387003739062197,0.011187730942137123
2019-11-18,0.3059999942779541,0.18400001525878906,12.050000190734863,-0.154385951527378,-0.0017331723819818184,0.04192712346754865,0.012340504659964965
2019-11-19,0.28499996662139937,0.11799991130828902,12.460000038146973,-0.10999999727521625,0.0015350924126420965,0.05180084706711231,0.01568545828408088
2019-11-20,0.26100003719329834,0.10800004005432129,12.859999656677246,-0.11065009524541913,-0.0022455987589278465,0.028849032678503764,0.007153313226061395
2019-11-21,0.21800005435943604,0.07400012016296409,12.779999732971191,-0.08779446651078415,-0.0007145378216042793,0.03891959045381845,0.00553078305671338
2019-11-22,0.24199998378753662,0.09899997711181618,13.130000114440918,-0.04230488126128751,-0.0022426230003109796,0.048978012341823196,0.0033496892478461797
2019-11-25,0.2310000658035276,0.055000066757201926,12.34000015258789,-0.024505887374753788,-0.0024393293389794626,0.0185190718351565,0.006131440437073739
2019-11-26,0.21900010108947754,-0.028999924659729004,11.869999885559082,-0.09458427182235674,-0.006083961988879644,0.05146569207791221,0.009698095776808129
2019-11-27,0.17499995231628418,-0.0650000572204592,11.539999961853027,-0.12575756601503496,-0.007099390457790804,0.0796148131878791,0.013721652094559255
2019-11-29,0.20199990272521973,-0.001000046730041504,11.75,-0.047039734573795844,-0.0004063119634159695,0.032354003362792226,0.01290715452495143
2019-12-02,0.23600006103515647,0.043000102043151855,12.619999885559082,-0.045385807061301686,-0.00142370390964475,-0.020275227499301513,0.006810548905445108
2019-12-03,0.2979999780654907,0.0549999475479126,14.90999984741211,0.21219509074831255,-0.005401274576319204,-0.00995743247857984,0.005211333109493468
2019-12-04,0.17100000381469704,-0.11199998855590843,15.960000038146973,0.24395948036270831,-0.005509665246559308,-0.030717641933830496,0.0027915300683954785
2019-12-05,0.2829999923706057,-0.06500005722045898,14.800000190734863,0.12977097402759052,-0.006939514464903025,0.017785131880498795,0.005221716784483267
2019-12-06,0.30400002002716087,0.004999995231628862,14.520000457763672,0.1505547218252148,-0.01264933555856334,0.04695205144904714,0.00683539797798691
2019-12-09,0.361999988555908,-0.04600000381469749,13.619999885559082,0.06991361942864649,-0.006224198732349418,0.07195334052303261,0.007643675175781478
2019-12-10,0.3309999704360964,-0.09200000762939475,15.859999656677246,0.3140016617795134,-0.006329809207373948,0.07327421836875485,0.009477138834717106
2019-12-11,0.3179999589920044,-0.1119999885559082,15.68000030517578,0.23561866222710837,-0.01264933555856334,-0.05994917023226756,0.008340582239878588
2019-12-12,0.26999998092651345,-0.10600006580352783,14.989999771118164,0.18217660964877735,-0.011257906655588696,-0.00982229469320216,0.009832328222622038
2019-12-13,0.3669999837875366,0.03199994564056352,13.9399995803833,0.07230766002948474,-0.012245019818547111,0.018245875538405357,0.012691760487009363
2019-12-16,0.29600000381469727,0.008999943733215332,12.630000114440918,-0.032183913421865995,-0.011256755206505221,0.03282864369387969,0.014863598485391255
2019-12-17,0.3669999837875366,0.06099998950958252,12.140000343322754,0.007468892212723066,-0.014725722972743481,0.03584490163959592,0.015543648407629305
2019-12-18,0.3590000867843628,0.07400012016296342,12.289999961853027,-0.013643665792414161,-0.014197668718203356,0.03847270385248428,0.019072340472760428
2019-12-19,0.4060000181198118,0.14499998092651345,12.579999923706056,-0.021772919163789095,-0.009501912366864453,0.06159956486796745,0.022261786480940692
2019-12-20,0.37499999999999956,0.15699994564056352,12.5,-0.021909212740342965,-0.01649230859737538,0.0804102924070735,0.022768726510927942
2019-12-23,0.3890000581741333,0.14700007438659668,12.510000228881836,-0.047220097498489766,-0.015234907847226064,0.06900466963607439,0.02197546029191325
2019-12-24,0.41499996185302734,0.18399989604949973,12.609999656677246,0.02188002437202008,-0.014738254444868225,0.0792306441746123,0.023580001449283725
2019-12-26,0.3719999790191648,0.15299987792968728,12.670000076293944,0.06739681537049824,-0.01756118558831533,0.12239603114475012,0.02322909265933096
2019-12-27,0.3700000047683716,0.1950000524520874,12.649999618530272,0.0961871456106147,-0.015657100710023665,0.14003762131507777,0.02701416141364042
2019-12-30,0.3559999465942383,0.15400004386901855,13.43000030517578,0.1429787493766621,-0.021637941124410847,0.15913177185080316,0.032465057136150076
2019-12-31,0.4049999713897705,0.16899991035461404,14.81999969482422,0.17432645239423272,-0.021677768740058435,0.16209938481446115,0.031201716406341517
2020-01-02,0.4140000343322756,0.11600005626678489,13.779999732971191,-0.07578807015461164,-0.024796334035010383,0.14515641707436097,0.02898293567600278
2020-01-03,0.38699996471405007,0.21599996089935303,12.470000267028809,-0.21867166433436724,-0.021855439253519446,0.14825657135474407,0.033991510827854496
2020-01-06,0.31499993801116966,0.031999945640563965,14.020000457763672,-0.0527026839810103,-0.023472892182191524,0.1806417306498963,0.036684691682068275
2020-01-07,0.3229999542236326,0.018999934196471724,13.850000381469728,-0.046143254488377305,-0.02502816749532997,0.18488529989116062,0.03264639698746222
2020-01-08,0.3270000219345093,-0.034999966621398704,13.789999961853027,0.012481650346722217,-0.01768144286297116,0.1577456771604459,0.03046485930162935
2020-01-09,0.3809999227523806,0.04999995231628418,13.449999809265137,-0.15195459644272258,-0.010225037642093211,0.08595963209527488,0.027214793215153674
2020-01-10,0.3580000400543213,0.040000081062316895,12.539999961853027,-0.20025512003888646,-0.010209379449656511,0.1056217445189991,0.0291301629664871
2020-01-13,0.3270000219345097,0.05700004100799627,12.5600004196167,-0.16210803126117734,-0.009506846944800806,0.1115146030759005,0.027283610692604512
2020-01-14,0.3380000591278076,-0.028999924659729004,12.31999969482422,-0.11621233388261953,-0.006756819933079933,0.08475998899722301,0.028088510392729023
2020-01-15,0.2879999876022339,-0.008000016212463379,12.390000343322754,-0.019002357002653736,-0.0024617702414881553,0.07671376297985115,0.026596463539226487
2020-01-16,0.27999997138977073,-0.08700001239776589,12.420000076293944,0.023064227763815115,-0.0005140653222476505,0.07226016670700325,0.026593030603865003
2020-01-17,0.29100000858306885,-0.06800007820129395,12.31999969482422,0.0024409872306192515,-0.00010277047172717422,0.09324462737912309,0.026588198885553395
2020-01-21,0.3129999637603762,-0.09300005435943559,12.100000381469728,-0.0381557667048793,0.0008199429720925323,0.07776767111642052,0.02556670238647853
2020-01-22,0.26600003242492654,-0.10899996757507302,12.850000381469728,0.028000030517578267,0.000615359594738598,0.041472112341846876,0.022496124729311916
2020-01-23,0.2560000419616697,-0.1330000162124636,12.90999984741211,0.031974389385444946,-0.00102478463727491,0.009029044799229995,0.023163618615463188
2020-01-24,0.2250000238418579,-0.18999993801116943,12.979999542236328,0.02934178395184639,-0.0014320725298226304,-0.019065159999067872,0.019300765532920944
2020-01-27,0.19099998474121094,-0.18099999427795388,14.5600004196167,0.14917129691727626,0.0009201609729540339,-0.02945672517100808,0.015204698203847906
2020-01-28,0.10000002384185791,-0.26999998092651367,18.229999542236328,0.4411067266383335,0.002759998081822843,-0.04417356951682126,0.010286082472566856
2020-01-29,0.11100006103515625,-0.24499988555908203,16.280000686645508,0.21221149044735088,0.0037818322852777118,-0.029115780981967137,0.020122057993246623
2020-01-30,0.07400000095367432,-0.3309999704360962,16.389999389648438,0.10593790331672737,0.0065526947031776354,-0.015812783342645385,0.02300257319580237
2020-01-31,0.029999971389770508,-0.3840000629425051,15.489999771118164,0.12409289341678886,0.006457968022019225,-0.07498437367573872,0.019744927934566035
2020-02-03,0.009999990463256836,-0.37699997425079323,18.84000015258789,0.5108259622416869,-0.001231429048815402,-0.09220216375220372,0.01356933788767657
2020-02-04,0.001999974250793457,-0.3129999637603762,17.969999313354492,0.2817402800727786,-0.0018388022270060251,-0.13285762727047667,0.014443638580618218
2020-02-05,0.06500005722045876,-0.25799989700317383,16.049999237060547,0.15884467833908889,0.00010210950376902563,-0.12738977479123637,0.021544123150953966
2020-02-06,0.12900006771087624,-0.19799995422363303,15.149999618530272,0.0986221653690631,0.001323733771460985,-0.11876779901846606,0.02610250590926993
2020-02-07,0.11400008201599099,-0.2669998407363896,14.960000038146973,0.11226767660187331,0.0015240188577583299,-0.11640820936855754,0.02597671341683442
2020-02-10,0.059999942779541016,-0.2980000972747803,15.470000267028809,0.2336523376466435,0.004876110470279323,-0.12218951062965723,0.025074988066816593
2020-02-11,0.027000069618225098,-0.2999999523162846,15.039999961853027,0.19745218625653616,0.005275494370328903,-0.13615050641905163,0.0262084903207713
2020-02-12,0.052000045776366965,-0.28600001335144065,15.18000030517578,0.2321429124347365,0.0035516650767869417,-0.13433204197902465,0.027926463444314306
2020-02-13,0.09500002861022949,-0.1929999589920044,13.739999771118164,0.10895878857040997,0.009025966244627062,-0.10385463821286739,0.031109019329173513
2020-02-14,0.07200002670288086,-0.20799994468688987,14.149999618530272,0.13929142766579994,0.010859189233961444,-0.11557658882640598,0.028453371426130688
2020-02-18,0.05300009250640869,-0.23799991607666016,13.68000030517578,0.11038966266556893,0.013508933344190822,-0.09172328253175345,0.02960636407333889
2020-02-19,0.021000027656555176,-0.291999936103821,14.829999923706056,0.22561978976605035,0.016217651983647476,-0.058939299310157595,0.031144394589606227
2020-02-20,0.027000069618225098,-0.23899996280670144,14.380000114440918,0.11906612354483026,0.016909208421515595,-0.06923052987528172,0.033680064480157944
2020-02-21,-0.013000011444092019,-0.2690000534057617,15.5600004196167,0.205267281450495,0.019003956909383318,-0.08549174451429063,0.03514662856766923
2020-02-24,-0.04700005054473877,-0.2720000743865967,17.079999923706055,0.3158706106366578,0.010023933466833343,-0.07903345373104356,0.03042741867340106
2020-02-25,-0.12600004673004128,-0.3170000314712522,25.030000686645508,0.7190934042091488,0.009817408112367372,-0.12039371482324497,0.01696469380711711
2020-02-26,-0.15999996662139893,-0.25999999046325684,27.850000381469727,0.527701650071094,0.007301535493301308,-0.15746607210365088,0.008809598126354951
2020-02-27,-0.16800010204315186,-0.2790001630783081,27.559999465942383,0.692874588669389,0.005977388010919653,-0.1760429291288599,0.008582250086927147
2020-02-28,-0.09599995613098145,-0.16999995708465576,39.15999984741211,1.389261824630982,0.0017284921097864055,-0.15835862659921152,-0.0027956584209743317
2020-03-02,-0.10300004482269265,-0.13300001621246316,40.11000061035156,1.5894126018735362,0.002755210131218428,-0.22332228749242622,0.0019618453633460514
2020-03-03,-0.04699993133544922,-0.056999921798706055,33.41999816894531,0.7738852387617785,-0.0038954150374629153,-0.18232152959468664,0.010908172578282613
2020-03-04,0.09200000762939442,0.09000003337860096,36.81999969482422,1.0489705677095524,-0.0051334814188167925,-0.21385938134141694,0.0036092080419540427
2020-03-05,0.31699997186660767,0.2519999146461489,31.989999771118164,0.9931464979294868,-0.0007189455941896308,-0.2223737267277941,0.015746621968106434
2020-03-06,0.3309999704360961,0.20199990272521984,39.619998931884766,1.6151815134981748,-0.009047946453173271,-0.25445640446740253,0.0016592112493205881
2020-03-09,0.2909999787807465,0.17699989676475553,41.93999862670898,1.803475836882678,-0.01746004862571991,-0.3574982856688601,-0.009680859459237315
2020-03-10,0.16899999976158142,0.1090000569820404,54.459999084472656,2.520361871004177,-0.026105190682972238,-0.643425060238408,-0.05608154074723276
2020-03-11,0.35800004005432134,0.33099997043609625,47.29999923706055,2.144946765760023,-0.007749173164469858,-0.536568207861403,-0.04290257636605475
2020-03-12,0.45199999213218695,0.39999994635582,53.900001525878906,2.5507246668171106,-0.009179574260743017,-0.5846823488773879,-0.0672125227872782
2020-03-13,0.5759999752044678,0.4809999465942383,75.47000122070312,4.492722159962697,0.0030826478654837346,-0.6455229979501467,-0.10901645442794515
2020-03-16,0.707999974489212,0.6359999477863312,57.83000183105469,3.0869260346355656,0.01715903920096955,-0.640575845102524,-0.07999960796497743
2020-03-17,0.5429999828338623,0.4899998903274536,82.69000244140625,5.04459068689646,0.009011809827106169,-0.7529926016735982,-0.13960480223863675
2020-03-18,0.8319999724626541,0.8109999448060989,75.91000366210938,4.118678627959107,0.02203244722414918,-0.8157423436045849,-0.13207907229085206
2020-03-19,1.2630000323988497,1.2359999627806246,76.44999694824219,4.3164114283607224,0.037671948419997554,-1.1004106820186863,-0.1766916758147859
2020-03-20,1.1469999589025974,1.1599999703466894,72.0,3.6272492325404206,0.05039229444381488,-0.8740138113724362,-0.1979352734849648
2020-03-23,0.9710000231862067,1.0180000737309456,66.04000091552734,2.866510609515146,0.051487787527226554,-0.9925745343461826,-0.22107171702839742
2020-03-24,0.8039999976754189,0.9300000444054601,61.59000015258789,1.4606471619255124,0.04837553905147706,-0.9616503448064875,-0.2380568322570924
2020-03-25,0.8489999845623969,1.008999951183796,61.66999816894531,1.2143625610137532,0.041645526769749266,-0.9434893144368676,-0.19912717066568214
2020-03-26,0.9279999807476997,1.0960000827908516,63.95000076293945,1.3203919449260684,0.041729596994211374,-0.9243431856548945,-0.17093397124524015
2020-03-27,0.9159999862313271,1.0119999423623085,61.0,0.5577119570400404,0.027326336936505956,-1.0040098110453692,-0.12553294240011514
2020-03-30,0.8070000112056732,0.9100000560283659,65.54000091552734,0.6340064801348526,0.020333451981825585,-1.0433390558772204,-0.12384283141622006
2020-03-31,0.6570000164210796,0.7039999477565289,57.08000183105469,0.7079594541718088,0.023773010040046068,-1.1135981572888607,-0.11950989980208664
2020-04-01,0.6680000144988298,0.5760000068694354,53.540000915527344,0.4541010689647955,0.022564709701059945,-1.124479272490817,-0.1265029126493331
2020-04-02,0.5719999894499779,0.2550000175833702,57.060001373291016,0.7836824564408731,0.030561613072971023,-1.136297941096886,-0.1533159639065209
2020-04-03,0.5619999766349792,0.23100000619888317,50.90999984741211,0.2849571231674506,0.03246376468383972,-0.9067668745837489,-0.14466081642911022
2020-04-06,0.5290000140666962,0.23800003528594965,46.79999923706055,0.11587984667354134,0.033154428392400404,-0.7435491158241927,-0.16722264678515514
2020-04-07,0.6160000003874303,0.4470000006258489,45.2400016784668,-0.1692985229710482,0.03270711953685323,-0.8258154967400075,-0.145784044104975
2020-04-08,0.6079999953508377,0.24999995529651636,46.70000076293945,-0.012684957374184958,0.026554744613185577,-0.9156981401158909,-0.14612308294671658
2020-04-09,0.5789999961853027,0.1270000040531158,43.34999847412109,-0.19573288966777613,0.028056777852419584,-0.8393520355830111,-0.1204399614308619
2020-04-13,0.5189999788999559,-0.05699999630451191,41.66999816894531,-0.44786011004443593,0.021840412061275908,-0.9393960586732757,-0.056921181340907144
2020-04-14,0.549000009894371,-0.158999964594841,41.16999816894531,-0.2880858228360449,0.021569613291942753,-0.9476545138457187,-0.07157843024905593
2020-04-15,0.5869999676942825,0.04399998486042023,37.7599983215332,-0.543354732051317,0.01600360033034975,-1.0681513498390596,-0.06773887926295918
2020-04-16,0.5230000093579293,-0.3089999631047248,40.84000015258789,-0.4619944910768954,0.018775590641776894,-1.0804991981031562,-0.07631326289943695
2020-04-17,0.4990000277757645,-0.7640000046230853,40.11000061035156,-0.47534333274719887,0.025310118325976454,-1.077076868255139,-0.07515200779435297
2020-04-20,0.5509999841451646,-0.5959999747574328,38.150001525878906,-0.47013886769612634,0.022807739731202543,-1.133219063517027,-0.07189577242452218
2020-04-21,0.5559999868273735,-0.4150000363588332,43.83000183105469,-0.33631130794322317,0.022970872151600888,,-0.08399348119789062
2020-04-22,0.47299998253583914,-0.3310000151395797,45.40999984741211,-0.26270498887952887,0.024331154894240335,-1.6889117480434268,-0.09823180700946287
2020-04-23,0.526000015437603,-0.3229999691247939,41.97999954223633,-0.3192800261282337,0.024503371885594222,-1.3497116826384252,-0.08271967681377684
2020-04-24,0.5199999734759331,-0.40800000727176666,41.380001068115234,-0.3529319691252306,0.02428946520997334,-1.1759473627676773,-0.09179920110699276
2020-04-27,0.4960000142455101,-0.41999997198581696,35.93000030517578,-0.4109836015544954,0.024097546017709668,-1.1468213381966,-0.10063386728618033
2020-04-28,0.5630000159144402,-0.24399999529123306,33.290000915527344,-0.49206590707202025,0.021930019659728614,-1.4060509687442262,-0.09758121138501766
2020-04-29,0.5250000134110452,-0.13200000301003445,33.56999969482422,-0.411878090085129,0.025145838050594223,-1.4299001738632515,-0.09042918548342982
2020-04-30,0.5369999706745149,-0.13100004382431496,31.229999542236328,-0.41669781456467636,0.017936303090217293,-1.202178350917126,-0.0728002197697773
2020-05-01,0.5319999754428865,-0.04000001400709141,34.150001525878906,-0.4015071730814216,0.010762593293668563,-0.9682101613685902,-0.07675809875789309
2020-05-04,0.5490000173449516,-0.012999959290027618,37.18999862670898,-0.26949521237133844,0.005378877428032753,-0.9422402570132004,-0.09825542403107387
2020-05-05,0.5470000207424165,0.018000006675720326,35.970001220703125,-0.2314102177972095,0.009900104501969088,-0.9158002199905158,-0.1004497215050134
2020-05-06,0.5470000058412552,-0.06899999454617511,33.61000061035156,-0.2570734004559254,0.01038366890506472,-0.717283524793559,-0.09035497066344424
2020-05-07,0.6030000224709511,-0.004999972879886627,34.119998931884766,-0.26937904979731864,0.01266852372735368,-0.7257487385651366,-0.09741350631343593
2020-05-08,0.535999983549118,-0.04300001263618469,31.440000534057617,-0.27474044658094865,0.011782001911436567,-0.7516964692869613,-0.0955587462498576
2020-05-11,0.5869999825954437,0.06800000369548787,27.979999542236328,-0.32853369878262906,0.0068417641191593735,-0.726732029320393,-0.08871647615571013
2020-05-12,0.6210000142455101,0.07200000435113907,27.56999969482422,-0.330337602112881,0.011740621372121394,-0.7561569758424075,-0.09357975283858108
2020-05-13,0.5549999698996544,-0.03199999779462814,33.040000915527344,-0.12499993685948363,0.008138678897041486,-0.7026057562573041,-0.09472731182950492
2020-05-14,0.5339999869465829,0.010999977588653564,35.279998779296875,-0.13614107131531672,0.007811745195042374,-0.7217956835201259,-0.09799969313116637
2020-05-15,0.5140000209212303,0.014999993145465795,32.61000061035156,-0.186985786234678,0.008697038353666246,-0.6593832867213274,-0.10188268969357545
2020-05-18,0.5369999855756761,-0.013999998569488525,31.88999938964844,-0.16408917131979717,0.005292854699010336,-0.6028870555277025,-0.1021820810672354
2020-05-19,0.6390000209212303,0.08300003409385681,29.299999237060547,-0.3315081448091398,0.004122018927334268,-0.5173411506670802,-0.08377108209757954
2020-05-20,0.5930000245571136,0.12000004202127451,30.530000686645508,-0.3276811101247913,0.0008054146169804321,-0.4589815763849418,-0.07171027726152383
2020-05-21,0.5620000064373016,0.03599999099969864,27.989999771118164,-0.3332539286248143,0.0015144787878801998,-0.39877409641164896,-0.05416234705224663
2020-05-22,0.5669999867677689,0.047000013291835785,29.530000686645508,-0.2863702289896888,0.0037304347486337387,-0.362290090519401,-0.05544551598110314
2020-05-26,0.5470000058412552,0.05099999159574509,28.15999984741211,-0.21625383778926355,0.014321960860723583,-0.3480059003939461,-0.03941880812244521
2020-05-27,0.5800000131130219,0.016999997198581696,28.01000022888184,-0.15860620430871697,0.007917280547228232,-0.26471287169761926,-0.03601359487832982
2020-05-28,0.5450000017881393,0.019999988377094158,27.6200008392334,-0.17724155226930738,0.01731024756606959,-0.354080866905819,-0.0414972593616976
2020-05-29,0.5669999867677689,0.03000001609325398,28.59000015258789,-0.0845340835204954,0.012581311919228707,-0.3361755783608138,-0.03622717530807351
2020-06-01,0.5199999958276749,-0.011999979615211598,27.51000022888184,-0.19443633968699148,0.010220857961054021,-0.2762047211090001,-0.045852156523227695
2020-06-02,0.5339999943971634,-0.015000022947788239,28.229999542236328,-0.24092496411220055,0.010377715826479271,-0.25862406332291515,-0.025609155531484757
2020-06-03,0.5350000113248825,-0.012000009417533986,26.84000015258789,-0.2538226510501288,0.017767240064025972,-0.11460850690352864,-0.004405062753184893
2020-06-04,0.6129999756813049,0.06599996984004974,25.65999984741211,-0.23653676342067453,0.024769683974820187,0.18055326124775525,0.04423979444010816
2020-06-05,0.6799999922513962,0.0769999697804451,25.809999465942383,-0.24355216078792952,0.0027965903308032895,0.08504492940176768,0.025895185462040542
2020-06-08,0.7589999884366989,0.22300000488758087,24.520000457763672,-0.22010177985836243,0.004445603548090061,0.18166437167174393,0.05731413454115512
2020-06-09,0.7310000061988831,0.14400002360343933,25.809999465942383,-0.077555400707505,-0.008758863320103012,0.19258611944639656,0.09927353041915749
2020-06-10,0.6639999896287918,0.04299997538328171,27.56999969482422,0.0,-0.024915425389073594,0.20475937350894316,0.06048268583327375
2020-06-11,0.5830000191926956,0.02800004929304123,27.56999969482422,-0.16555693308508557,-0.02195395881127169,0.32193193037930706,0.11558534267827246
2020-06-12,0.5,-0.033999986946582905,40.790000915527344,0.15617920427661303,-0.029037732703194825,0.29893574150247393,0.08024665825927546
2020-06-15,0.54899999499321,0.034999974071979634,36.09000015258789,0.10671571533585489,-0.03869894322339934,0.576651887598748,0.13525687941189865
2020-06-16,0.5470000207424164,0.010000035166740306,34.400001525878906,0.07870812744653799,-0.060989634038386004,0.38651857583279986,0.1676388565669514
2020-06-17,0.5959999859333038,-0.04300003498792648,33.66999816894531,0.14914672510835114,-0.05868137078061567,0.5371371562717354,0.1943953143110671
2020-06-18,0.5679999738931656,-0.02500005066394806,33.470001220703125,0.09629873789500554,-0.05340607017466048,0.48550776553542513,0.20590606814536036
2020-06-19,0.5540000051259995,-0.008000001311302185,32.939998626708984,0.176848835157853,-0.04338900881473444,0.4809802275858185,0.1651371483568743
2020-06-22,0.5540000200271606,-0.012999966740608215,35.119998931884766,0.1892989541231962,-0.03453305545565747,0.484344979482195,0.13402564085466773
2020-06-23,0.5639999955892563,0.0169999897480011,31.770000457763672,0.12819604509633264,-0.024230008178828526,0.5823638859542056,0.08858318388209535
2020-06-24,0.5689999908208847,-0.011000022292137146,31.3700008392334,0.11995717896806646,-0.017225897700310147,0.6295689544863498,0.08743072483419097
2020-06-25,0.549000009894371,0.0040000081062316895,33.84000015258789,0.2251990993613282,-0.020680192608105826,0.6376270524205391,0.06859847466334808
2020-06-26,0.5440000295639038,-0.02299995720386505,32.220001220703125,0.12696750782586674,-0.016490629385328377,0.6369075161152344,0.0769760140300103
2020-06-29,0.5029999762773515,-0.017000019550323375,34.72999954223633,0.2624499910317868,-0.022012332604391584,0.6392851616065314,0.0952662205910699
2020-06-30,0.5109999775886536,-0.023000016808509827,31.780000686645508,0.12575278788431588,-0.026706011307665433,0.4497566216875436,0.08184781795401302
2020-07-01,0.517999991774559,-0.017000019550323486,30.43000030517578,0.13375559359830125,-0.03222991924275527,0.32618664060002456,0.11260956421585572
2020-07-02,0.5519999861717224,-0.06099998950958252,28.6200008392334,0.11535467690658674,-0.03527583410457527,0.42320055683909746,0.09167150796993942
2020-07-06,0.5360000282526017,-0.14399996399879444,27.68000030517578,0.07245257179105957,-0.02696568478195015,0.5424818178475898,0.09900422816842018
2020-07-07,0.5560000091791153,-0.20299997925758362,27.940000534057617,0.1394779776690862,-0.033825801376572644,0.48203736982851414,0.08047931773167447
2020-07-08,0.5099999755620956,-0.22100003063678741,29.43000030517578,0.14025575025718906,-0.02688552436513784,0.5792559105424847,0.010401957587516804
2020-07-09,0.517999991774559,-0.1459999978542328,28.07999992370605,0.018498376297681807,-0.0298315939521736,0.6016228193523921,0.02750704362660359
2020-07-10,0.48200001567602163,-0.10100000351667399,29.26000022888184,0.061298532925805116,-0.022394744209652075,0.6781167801762037,0.021140691024397706
2020-07-13,0.5130000188946725,0.013000018894672505,27.290000915527344,-0.33096346401063736,-0.02865932263959616,0.7133246629467089,0.03390718872966294
2020-07-14,0.5149999856948853,-0.034000009298324696,32.189998626708984,-0.10806321721778245,-0.03634172364415742,0.7021651974607498,0.029428561514116307
2020-07-15,0.4820000082254411,-0.06500001251697529,29.520000457763672,-0.14186048987364264,-0.03591486413168554,0.7908429264812963,0.032855861759028604
2020-07-16,0.5049999952316284,-0.09099999070167542,27.76000022888184,-0.17552712389258196,-0.039588899978481834,,0.05367911326745429
2020-07-17,0.508999988436699,-0.058999985456466564,28.0,-0.1634299677682597,-0.03977945411872217,1.4038712234944244,0.0730883229799919
2020-07-20,0.5230000242590904,-0.030999980866909027,25.68000030517578,-0.22040068683082836,-0.04533957310249385,1.0803034884025402,0.06708469821923439
2020-07-21,0.515000008046627,-0.0390000119805336,24.459999084472656,-0.3035307565950437,-0.04688516298094643,0.9055668021620246,0.07355997517747621
2020-07-22,0.4969999939203263,-0.06700000166893,24.84000015258789,-0.21813031807754635,-0.0538236756074994,0.9070390409587146,0.08759475790400707
2020-07-23,0.4950000271201134,-0.07399996370077133,24.31999969482422,-0.2247370403507284,-0.052009050052604436,1.1874044352901334,0.08552942028797701
2020-07-24,0.4790000170469285,-0.06999999284744252,26.07999992370605,-0.22931442653342893,-0.053260943978059534,1.202431889695293,0.08177266858690856
2020-07-27,0.49099998921155935,-0.05300004035234446,25.84000015258789,-0.19801368176285894,-0.05289617326634385,1.008578111836358,0.06525008038625191
2020-07-28,0.5160000249743462,0.01300004869699467,24.739999771118164,-0.2876475641460631,-0.05554386835859681,0.7921178533400733,0.06562017233833134
2020-07-29,0.477999970316887,-0.03300000727176655,25.440000534057617,-0.1994965391946032,-0.052359287029328044,0.7298758622619889,0.08042192963244629
2020-07-30,0.48899999260902416,-0.028999999165534862,24.100000381469727,-0.2080183982985172,-0.06456533839365629,0.7050913002039179,0.08736277184462572
2020-07-31,0.45600000768899923,-0.09599997848272318,24.76000022888184,-0.1348707371475727,-0.0694514759511495,0.48575832404123426,0.08085887548302048
2020-08-03,0.4530000165104866,-0.08300001174211513,24.459999084472656,-0.11632952258678364,-0.068215288789367,0.5179697189198402,0.08842942138301599
2020-08-04,0.48500002175569534,-0.07099998742341995,24.280000686645508,-0.13099498129753906,-0.06610813813918016,0.5546901104098885,0.08614101928717433
2020-08-05,0.4249999821186067,-0.08499999344348896,23.76000022888184,-0.1926605510532996,-0.06578940794416235,0.5220797893878129,0.0763401414259427
2020-08-06,0.4479999840259552,-0.07000000774860382,22.989999771118164,-0.18126781219435628,-0.07679740613999753,0.558313003200533,0.0826261625564409
2020-08-07,0.44800001382827764,-0.03400000184774399,22.649999618530277,-0.22590569236657043,-0.07413105869584607,0.4868794269542361,0.08611432105498519
2020-08-10,0.47399997711181646,-0.03900004178285604,22.209999084472656,-0.1861488332953588,-0.07024774406867473,0.4885145081936198,0.08896268830433426
2020-08-11,0.48600000143051153,-0.028999984264373724,22.1299991607666,-0.31251941270961425,-0.0710424826193486,0.4198745659621307,0.09286217714726248
2020-08-12,0.5579999908804893,0.07599998265504826,24.030000686645508,-0.18597559911874295,-0.06981140683925166,0.3463259650483076,0.08238576041025127
2020-08-13,0.5700000151991844,0.065000019967556,22.280000686645508,-0.19740632193997154,-0.06454516540021317,0.29340104096896596,0.06511686717467564
2020-08-14,0.6260000169277192,0.1170000284910202,22.1299991607666,-0.20964288711547852,-0.06260158359563868,0.2621275897987433,0.061142800949060876
2020-08-17,0.6209999918937683,0.09799996763467789,22.049999237060547,-0.14135518010035264,-0.06265709713720762,0.22666070830274845,0.048817851522032475
2020-08-18,0.5980000272393228,0.08300001919269573,21.350000381469727,-0.1271463131401822,-0.06786501351831528,0.23463392735602695,0.054993413974780775
2020-08-19,0.5690000280737877,0.0720000341534614,21.51000022888184,-0.1340579671195825,-0.07905018597570834,0.25458391719629964,0.0540641483575798
2020-08-20,0.5800000131130219,0.08499998599290848,22.540000915527344,-0.07319074019872185,-0.0627943919476737,0.22296891509830638,0.043745723584411034
2020-08-21,0.5559999942779541,0.07699997723102558,22.71999931335449,-0.12883437960816124,-0.06538681728261163,0.260651313639149,0.044979166606292934
2020-08-24,0.5519999861717224,0.06099999696016306,22.540000915527344,-0.12770894804851807,-0.053553444925174845,0.2279377672235454,0.04388667091818651
2020-08-25,0.5610000267624856,0.045000001788139454,22.3700008392334,-0.09579623903843104,-0.052610684182142646,0.18307258765662804,0.04446685273308198
2020-08-26,0.5869999825954437,0.10900001227855671,22.030000686645508,-0.13404087169129564,-0.050416809478385324,0.20146558104036516,0.03798762212247905
2020-08-27,0.5939999744296074,0.10499998182058323,23.270000457763672,-0.03443983031403741,-0.0488873934898993,0.16445940104513626,0.028005669018246335
2020-08-28,0.6509999930858612,0.19499998539686197,24.46999931335449,-0.011712476286210749,-0.04488636844738459,0.14340471838279462,0.021822276847746007
2020-08-31,0.6339999735355377,0.18099995702505112,22.959999084472656,-0.061324613906147185,-0.04560427865275145,0.13856418191391265,0.02574696800969725
2020-09-01,0.5980000197887421,0.11299999803304672,26.40999984741211,0.08772648684224071,-0.05078310271834921,0.07452330691280143,0.014939469048075726
2020-09-02,0.5719999894499779,0.1470000073313712,26.1200008392334,0.09932662405797554,-0.04530841013302998,0.1130293816256606,0.01918472567497005
2020-09-03,0.5510000213980675,0.10300003737211227,26.56999969482422,0.1557198764396479,-0.036690707027249206,0.06391235695250091,0.028193991192153316
2020-09-04,0.5219999775290489,0.07399996370077128,33.599998474121094,0.4834436662256043,-0.03413157250207892,0.0437268749265874,0.023388558271935273
2020-09-08,0.618000015616417,0.14400003850460058,30.75,0.3845115383862301,-0.04233941470164284,0.0901938035629537,0.04666663912261955
2020-09-09,0.5760000124573708,0.09000001102685923,31.459999084472656,0.42159965104051356,-0.04025696919815355,0.013695092790402775,0.031215359864528367
2020-09-10,0.5980000123381615,0.04000002145767212,28.809999465942383,0.19891796265962336,-0.03601524470548173,0.024745185113380135,0.02938252866394777
2020-09-11,0.5820000022649766,0.011999987065792195,29.709999084472656,0.3334828621563124,-0.038049811591099256,-0.028543212213920286,0.020571234761739454
2020-09-14,0.5660000294446946,-0.0599999874830246,26.8700008392334,0.21418896783648145,-0.04021752262870558,-0.01673560764653596,0.027263312220690932
2020-09-15,0.5710000023245811,-0.049999989569187164,25.850000381469727,0.17233565877056023,-0.04567961466429947,-0.04153032722572834,0.0265580577837389
2020-09-16,0.5790000185370445,-0.019000008702278248,25.59000015258789,0.19859483350633478,-0.047945402709218654,-0.037682306404384074,0.03265348063327624
2020-09-17,0.5869999751448631,0.01799994707107544,26.040000915527344,0.2105997507411923,-0.0402682718194655,-0.007442337527662592,0.03337778505713574
2020-09-18,0.5990000143647195,0.01900000125169765,26.459999084472656,0.1739129551784937,-0.03923313614744556,0.014753212947121338,0.030865273538636794
2020-09-21,0.6110000088810921,0.05500001460313797,25.82999992370605,0.13688383381787994,-0.0444096666766913,0.07840217691397934,0.038678136169248
2020-09-22,0.5910000056028366,0.0390000194311142,27.780000686645508,0.23247557933808394,-0.040745012484217455,0.015122680433871298,0.03021273272497862
2020-09-23,0.5759999752044678,0.014999948441982158,26.86000061035156,0.20071522586818236,-0.03666400709986581,0.028430568824617544,0.04321849887176258
2020-09-24,0.5879999995231628,0.0010000169277191162,28.57999992370605,0.2973217899639524,-0.0328274307975003,0.005776721807136376,0.03870737865960574
2020-09-25,0.573000006377697,-0.0209999680519104,28.51000022888184,0.22518262432478475,-0.03171227406399962,0.026138730950573258,0.030201095061607588
2020-09-28,0.5689999759197236,-0.08200001716613758,26.3799991607666,0.07805475688631236,-0.027324623494127544,0.010740712892404252,0.025287201511147668
2020-09-29,0.574999988079071,-0.058999985456466675,26.190000534057617,0.14067951125352351,-0.031947570620769354,-0.0012308445063535282,0.024443520448631385
2020-09-30,0.5599999800324441,-0.038000039756297954,26.270000457763672,-0.005300999260026695,-0.0304198148501543,-0.03353667941630828,0.018123393633905627
2020-10-01,0.5919999852776529,0.019999995827674977,26.3700008392334,0.009571209493396626,-0.031349193124737815,-0.009896115161779509,0.028854973820697894
2020-10-02,0.5939999893307686,0.04299996793270111,26.700000762939453,0.00489277642485475,-0.02861246232109332,-0.05477380642150867,0.02961077810778553
2020-10-05,0.6109999790787698,0.08900000154972088,27.6299991607666,-0.17767855906162078,-0.030022205580039003,-0.06706568316147551,0.03179813818014066
2020-10-06,0.6770000234246255,0.059000007808208466,27.959999084472656,-0.09073173709032012,-0.03302781614971926,-0.033348909853932955,0.03588476842768061
2020-10-07,0.6539999842643738,0.07799997180700302,29.479999542236328,-0.0629370502179567,-0.027643751333006034,0.014114378636207976,0.03910271223686887
2020-10-08,0.6970000267028809,0.09900001436471939,28.059999465942383,-0.02603262804244788,-0.027702070450885723,-0.008474630617052765,0.03416023899582048
2020-10-09,0.6769999861717224,0.0949999839067458,26.36000061035156,-0.11275659970894814,-0.026043974925526077,-0.00024279976583835178,0.030740150141083472
2020-10-12,0.6819999739527702,0.1159999445080756,25.0,-0.06959437219305831,-0.034742958841793965,-0.0036878106624099066,0.032018897810922424
2020-10-13,0.6870000064373017,0.1160000041127206,25.06999969482422,-0.030174107355319113,-0.030371126602509842,-0.02899477898083383,0.03431003892158828
2020-10-14,0.6339999958872795,0.054999977350234985,26.06999969482422,0.018757309080663864,-0.024293580067993936,-0.015060168464990949,0.023880523171753435
2020-10-15,0.6220000013709068,0.0350000262260437,26.399999618530277,0.013824834498691319,-0.018462121127610153,-0.022169538538361074,0.01677551658233075
2020-10-16,0.636000007390976,0.03699999302625645,26.96999931335449,0.01927438573424256,-0.011756748239368349,-0.022689904965738732,0.014055951990152646
2020-10-19,0.6540000140666963,0.043000005185604206,27.40999984741211,0.061169180347382834,-0.010723701231453277,-0.004636948514329791,0.013584345726383035
2020-10-20,0.670999974012375,0.07999996840953838,29.18000030517578,0.05039595334507263,-0.010752241997490275,-0.011203211893799768,0.009087423209657377
2020-10-21,0.7019999921321869,0.12600001692771912,29.350000381469727,0.09270289331857073,-0.006426052754481105,-0.003371045661985982,0.010277158488702599
2020-10-22,0.7259999811649324,0.13799998164176952,28.649999618530277,0.0024492545490233386,-0.012341214839994966,-0.024918080660910166,0.01275698436990713
2020-10-23,0.7629999890923501,0.18999998271465313,28.11000061035156,-0.014030151361593579,-0.003329632951155273,-0.015383066604680438,0.008986229780761374
2020-10-26,0.758000023663044,0.18900004774332035,27.549999237060547,0.04435178595585465,-0.002691212228022861,-0.001755038629497868,0.008051700717813812
2020-10-27,0.721000000834465,0.14600001275539398,32.459999084472656,0.23940429257576756,-0.004717439968168951,-0.043391280873987005,-0.0027005983281145124
2020-10-28,0.6879999935626985,0.12800001353025436,33.349998474121094,0.26950886535919505,-0.006007286369181891,-0.03574465079070388,-0.002472237108611688
2020-10-29,0.6910000145435334,0.09900002926588058,40.27999877929688,0.5274932687665346,0.00032128495960659126,-0.10909787443556868,-0.010471748628255326
2020-10-30,0.751999981701374,0.15799999237060547,37.59000015258789,0.4078651340251698,0.012099266910256127,-0.15395319824566125,-0.009362105293201787
2020-11-02,0.7770000174641609,0.16600003838539112,38.02000045776367,0.37604059401313417,0.013381348175630957,-0.1588099007416222,-0.009441501541134297
2020-11-03,0.7659999802708626,0.08899995684623707,37.130001068115234,0.32796860815117346,0.006507042987307859,-0.11315402037817143,-0.004599109057593499
2020-11-04,0.7920000255107881,0.1380000412464143,35.54999923706055,0.20590229949385375,-0.00032061966302671585,-0.10764147355230731,0.003494331993643383
2020-11-05,0.6850000098347664,-0.012000016868114471,29.56999969482422,0.05381326648685758,-0.0023523705269352384,-0.060940076251229346,0.02188368297364441
2020-11-06,0.691000021994114,0.014000035822391621,27.57999992370605,0.04628221870660343,-0.009786642139552944,-0.09533354923389188,0.025160896415103464
2020-11-09,0.7369999960064888,0.05500002205371857,24.86000061035156,-0.005599975585937611,-0.011963207642543138,-0.12867313964368174,0.024373445145649267
2020-11-10,0.8700000047683716,0.18299999833106984,25.75,0.02712406515569965,-0.003982086880050234,-0.04180432330061327,0.03375364365518628
2020-11-11,0.8819999992847444,0.24800000339746486,24.799999237060547,-0.04871501621136609,-0.001077569877363936,-0.03632443934093972,0.026426229633819083
2020-11-12,0.8680000007152558,0.24599999934434902,23.450000762939453,-0.11174238250822577,0.008310492841729343,-0.034150784310599445,0.024541031935172306
2020-11-13,0.7999999895691873,0.16399998217821132,25.350000381469727,-0.06006670274858339,0.00075329242624733,-0.043076294173808365,0.020589636187309326
2020-11-16,0.8100000098347664,0.1559999957680701,23.100000381469727,-0.15724186391592798,-0.0003233498147652643,-0.059260491572823336,0.02068062803061066
2020-11-17,0.8310000151395798,0.16000004112720478,22.450000762939453,-0.23063740479271344,-0.007318946741507842,-0.023901711365920553,0.026400318997307954
2020-11-18,0.7919999808073044,0.08999998867511749,22.709999084472656,-0.22623513494702607,-0.009476754932584944,-0.028318338153740717,0.022157803323318775
2020-11-19,0.8070000261068344,0.08100004494190205,23.84000015258789,-0.16788829074997158,-0.007553688253491909,-0.03593198132437499,0.019238017496320887
2020-11-20,0.7939999736845494,0.030999984592199326,23.11000061035156,-0.1778726393253347,-0.00777123402452642,-0.03876904388213485,0.022730327556722302
2020-11-23,0.7709999978542328,0.012999974191188812,23.700000762939453,-0.13974586499959085,-0.006688296145723528,-0.020895216476050693,0.02239554587692169
2020-11-24,0.7869999930262566,0.06599999219179153,22.65999984741211,-0.3019100281413257,0.0015144895360279754,0.002092297633547823,0.023085255760129212
2020-11-25,0.802000030875206,0.11400003731250752,21.63999938964844,-0.3511244263941832,0.0009763407614468397,0.05257150186604988,0.02751273287885404
2020-11-27,0.7980000227689743,0.10700000822544087,21.25,-0.47244288371423493,-0.003797525153226262,0.06671402541096999,0.021620154512198748
2020-11-30,0.7690000087022781,0.017000027000904083,20.84000015258789,-0.44559723149793184,-0.011481902159757664,0.09243710090602109,0.02206856609850382
2020-12-01,0.7689999788999557,-0.00800003856420517,20.56999969482422,-0.45896897824408545,-0.009425291748924139,0.09163369379007166,0.027263263652037073
2020-12-02,0.8540000170469286,0.08800003677606605,20.770000457763672,-0.44061406247576007,-0.015323928306281822,0.11349926606147841,0.03254900397388349
2020-12-03,0.8730000108480453,0.08099998533725727,21.170000076293945,-0.4045006883087521,-0.025570196299972925,0.20845515510859208,0.04090707492109659
2020-12-04,0.8450000137090682,0.1600000038743018,21.280000686645508,-0.280351677163857,-0.027723719752407467,0.1818834473639794,0.03366079784862417
2020-12-07,0.8939999788999557,0.20299995690584172,20.790000915527344,-0.2461928581204399,-0.02869137781321792,0.21528431432433476,0.04254921127801184
2020-12-08,0.857999972999096,0.12099997699260723,21.299999237060547,-0.14320198253770955,-0.027592461729122133,0.20361296841478185,0.04007426545432964
2020-12-09,0.8449999839067461,-0.02500002086162545,20.68000030517578,-0.1968931920320085,-0.022822099665912886,0.20198736293205966,0.0403326123580845
2020-12-10,0.8709999844431876,-0.011000014841556771,22.270000457763672,-0.10201608294874875,-0.02128902733170755,0.17322426517843822,0.036110259751646376
2020-12-11,0.8379999920725824,-0.030000008642673492,22.520000457763672,-0.03965886033767474,-0.026305844783188155,0.15258426347750667,0.03795611451736604
2020-12-14,0.828000009059906,0.02800001949071873,23.309999465942383,-0.08047340768556899,-0.02163713455849521,0.12811642908740306,0.037983102861605014
2020-12-15,0.8320000208914281,0.022000011056661717,24.71999931335449,0.0701298227330025,-0.024178930319231205,0.13368343307780559,0.04070200267847413
2020-12-16,0.8529999777674676,0.021999962627887837,22.88999938964844,0.01959904729425843,-0.033370844554733964,0.19177384426007438,0.0519115438080723
2020-12-17,0.8450000137090682,0.053000032901763805,22.5,-0.009246987800023199,-0.038391192802353445,0.18861487592027998,0.04695379082819855
2020-12-18,0.8500000089406967,0.042999982833862305,21.93000030517578,-0.08011744275113919,-0.04962746460862475,0.19154510964969262,0.05862635059353117
2020-12-21,0.8680000156164169,0.07400004193186749,21.56999969482422,-0.06663785698203462,-0.046979425068211,0.19725939252619057,0.05883244655621297
2020-12-22,0.8629999831318854,0.09199998527765263,25.15999984741211,0.06160333491447423,-0.04919203036904182,0.17065965220461116,0.05705641868111202
2020-12-23,0.839999981224537,0.052999988198280445,24.229999542236328,0.06928507084714397,-0.03905099012525448,0.14680502382297145,0.05184029350944929
2020-12-24,0.8799999803304673,0.07799994945526134,23.309999465942383,0.07717190958391584,-0.03776895651489416,0.2027278120374109,0.05550239754602682
2020-12-28,0.852999970316887,0.05499994754791271,21.530000686645508,0.01317650290096517,-0.038654226337269275,0.18161680989446127,0.053511516663919845
2020-12-29,0.8530000299215319,0.08400002121925376,21.700000762939453,0.041266823611072256,-0.03662460767644597,0.2068965246939457,0.051344555248770164
2020-12-30,0.8449999988079072,0.07600001990795147,23.07999992370605,0.1220223756013663,-0.04167036631793268,0.25893267975795325,0.050081578674835876
2020-12-31,0.8559999987483023,0.001999981701373721,22.770000457763672,0.09629272777663389,-0.042378350566584004,0.2103129933563034,0.04466042315127691
2021-01-04,0.8519999980926514,-0.021000012755393982,22.75,0.07463391204591119,-0.04234184532916181,0.17648541861349756,0.04771479358196264
2021-01-05,0.8489999920129777,0.003999978303909524,26.96999931335449,0.26738714488293236,-0.04087539885756871,0.17562412731910365,0.04209690133618217
2021-01-06,0.8769999817013742,-0.016999997198581585,25.34000015258789,0.21885517252008913,-0.04556918520043661,0.1924265555170004,0.04019713911991346
2021-01-07,0.9640000537037849,0.10600008070468891,25.06999969482422,0.17699533299532377,-0.0386706691702541,0.2207762780538447,0.03611987531050169
2021-01-08,0.9909999817609787,0.14599999785423257,22.3700008392334,0.08172149463821055,-0.03543287929395769,0.2539598118526997,0.03394142620779329
2021-01-11,1.0250000208616257,0.15400003641843807,21.559999465942383,-0.03188149875290058,-0.03736207971609967,0.26198150249452234,0.0398908132090791
2021-01-12,1.0519999712705614,0.21399997919797908,24.07999992370605,0.06927173331404513,-0.03088540801016479,0.24149266767423536,0.036970456135969484
2021-01-13,1.0580000132322311,0.23000000417232513,23.32999992370605,0.0008580205157400211,-0.04143921135750115,0.2616503730228411,0.03894396227930382
2021-01-14,1.008000060915947,0.17600004002451886,22.209999084472656,-0.10153722890784445,-0.03652580608452448,0.25795138200861417,0.04310778981662498
2021-01-15,1.0539999455213547,0.20099996775388707,23.25,0.015727418958095818,-0.034739731994240124,0.27157205401880263,0.04643011994570857
2021-01-19,1.0219999998807907,0.17699998617172252,24.34000015258789,0.08177778455946183,-0.0249129113371366,0.2334138677730786,0.04127230631394907
2021-01-20,1.019000008702278,0.1689999997615812,23.239999771118164,0.0597354969317172,-0.023047283066855023,0.2802853326938379,0.04425700089538355
2021-01-21,1.0150000303983688,0.1470000147819519,21.57999992370605,0.0004636174790597636,-0.02704336380464544,0.2700572368016009,0.04431561014876369
2021-01-22,1.0359999686479568,0.17299998551607143,21.31999969482422,-0.15262321843705662,-0.028870233384871203,0.28761939362099714,0.04256503910679302
2021-01-25,1.0209999606013298,0.1809999793767928,21.90999984741211,-0.09574906061306898,-0.030664251808244822,0.30420709612576763,0.049496291132520284
2021-01-26,0.9699999615550039,0.08999998122453656,23.190000534057617,-0.005147959443761119,-0.0278205148675634,0.28787160840724063,0.04924932224902174
2021-01-27,0.9719999581575393,0.11899998784065224,23.020000457763672,0.06920574656750333,-0.03530168788431855,0.341502954679055,0.05611153371381029
2021-01-28,0.9540000595152379,0.10100002959370602,37.209999084472656,0.7147464413006888,-0.03586319601341222,0.3792276881039343,0.05036856717631664
2021-01-29,1.0020000413060188,0.1570000424981116,30.209999084472656,0.30892544126238075,-0.03881247947847898,0.3800923496588516,0.051206588579753534
2021-02-01,1.0450000539422035,0.18900005519390117,33.09000015258789,0.45322790897465737,-0.03759312985244111,0.3493129248058095,0.046185769346226375
2021-02-02,1.0290000215172768,0.1770000234246254,30.239999771118164,0.3292307591700292,-0.02741685963455333,0.352017263469239,0.040825726106604295
2021-02-03,1.0550000183284283,0.20600002631545056,25.559999465942383,-0.052280307130520676,-0.02394358147141033,0.33555950835691134,0.033926300432050034
2021-02-04,1.0910000428557396,0.21400006115436543,22.90999984741211,-0.09589582835608679,-0.01535555378702866,0.36163806788799063,0.031216214634805263
2021-02-05,1.1090000588446856,0.1450000051409006,21.770000457763672,-0.13163140316040145,-0.0076187195849992005,0.4147558746724415,0.03679182383889902
2021-02-08,1.1469999570399523,0.15599997527897358,20.8700008392334,-0.06705408778390565,-0.018393100578953863,0.3443128714294121,0.03068043125756829
2021-02-09,1.1399999670684338,0.11499994620680809,21.239999771118164,-0.014842286769520152,-0.019817718393561348,0.33761141145191564,0.03504540756834827
2021-02-10,1.123999945819378,0.07199997454881646,21.6299991607666,-0.10174421805240519,-0.028342843646026378,0.34214283412541024,0.03356978290915247
2021-02-11,1.0980000160634518,0.04000000283122063,21.989999771118164,-0.05743678341062863,-0.028256898948490306,0.3556043633041146,0.04013017422791085
2021-02-12,1.122999992221594,0.11499993130564712,21.25,-0.043223733635532,-0.025550073801072763,0.3724482218130557,0.037187196096972686
2021-02-16,1.1650000475347042,0.11100010201334953,19.96999931335449,-0.1410752983503446,-0.022836242873164648,0.36364144630020107,0.03318144264796063
2021-02-17,1.2640000246465206,0.2420000247657299,21.459999084472656,-0.11832379006000238,-0.02088302018857162,0.37117227236555417,0.03123596516681669
2021-02-18,1.265999998897314,0.24699999019503616,21.5,-0.07487090310906863,-0.014950928044264932,0.37979161977671355,0.0327564491677302
2021-02-19,1.263999940827489,0.24899991042912006,22.489999771118164,0.04216866777707717,-0.01859201194149914,0.3715139546225133,0.028011286636784177
2021-02-22,1.322000028565526,0.28600005991756916,22.049999237060547,0.034240129112832474,-0.022217042721934536,0.34036229708390914,0.029986545716941943
2021-02-23,1.3450000043958426,0.32400004379451275,23.450000762939453,0.0702875822114275,-0.027395970872863523,0.35628006343324375,0.02538403100942729
2021-02-24,1.3389999885112047,0.3690000269562008,23.11000061035156,-0.00344975945940873,-0.022588736439921688,0.31713707561021776,0.024771493482297943
2021-02-25,1.361000057309866,0.3890000991523267,21.34000015258789,-0.07298002918193636,-0.019872175889632884,0.3243036537816695,0.026263714846475467
2021-02-26,1.4850000068545341,0.5309999473392962,28.88999938964844,-0.22359580487858877,-0.018250327110393767,0.33314079352812037,0.01511408393303012
2021-03-01,1.4250000379979613,0.42299999669194244,27.950000762939453,-0.07480961238078276,-0.01028458108578906,0.30484752636767487,0.013153166664257405
2021-03-02,1.417999979108572,0.3729999251663685,23.350000381469727,-0.29434873757038715,-0.00296130345635202,0.3083425944775984,0.021750485580501883
2021-03-03,1.3799999617040155,0.35099994018673875,24.100000381469727,-0.20304230939554013,-0.0036281918137215582,0.277303783875684,0.017476599770747343
2021-03-04,1.4350000284612179,0.3800000101327896,26.670000076293945,0.04342725483349841,0.002642276875945933,0.29466899389154255,0.013673717001975283
2021-03-05,1.5219999514520168,0.43099990859627724,28.56999969482422,0.24705368333083855,0.01020137552805111,0.32194570743442985,0.00570626237572355
2021-03-08,1.5260000191628933,0.41699996031820774,24.65999984741211,0.1327514620523491,0.013022041140443131,0.3676070836796542,0.009172153649561915
2021-03-09,1.5609999559819698,0.41399999894201756,25.46999931335449,0.22041199277163326,0.014622656301439173,0.3552485688144627,0.002679896214821967
2021-03-10,1.5110000036656857,0.3710000365972519,24.030000686645508,0.1313559767228032,0.009505701385749082,0.3408875546529028,0.005574784478031515
2021-03-11,1.489999981597066,0.366000035777688,22.559999465942383,0.04299585488947466,0.010954211737474231,0.3202788611337947,0.006858963205575168
2021-03-12,1.4989999495446682,0.40099993348121643,21.90999984741211,-0.003638013848964561,0.004824513835213107,0.34900112513659304,0.01159439032713189
2021-03-15,1.6099999900907278,0.4869999978691337,20.690000534057617,-0.02635291604434742,0.010636661761187167,0.3337932838251246,0.008592268052828313
2021-03-16,1.591999993659556,0.4269999461248517,20.030000686645508,0.0030045756311516403,0.014920744034488391,0.31711651361041954,0.005597672209395337
2021-03-17,1.6130000511184335,0.34900002647191286,19.790000915527344,-0.07781911650469908,0.015577386078190073,0.30386169480483755,0.00477842605658557
2021-03-18,1.6330000320449471,0.3670000331476331,19.229999542236328,-0.10558141664017073,0.01743783089266698,0.2895413488005475,0.004677655531622154
2021-03-19,1.7270000190474093,0.4630000782199204,21.57999992370605,-0.040462421372753465,0.020124964474597648,0.20048555849858982,-0.0037990221655647984
2021-03-22,1.7269999934360385,0.4049999648705125,20.950000762939453,-0.0498865538404315,0.02066458741387165,0.2519658291314655,0.0036252996756375635
2021-03-23,1.6790000153705478,0.3340000109747052,18.8799991607666,-0.19488279119356422,0.01260637683649228,0.2692767873875872,0.005948536259124062
2021-03-24,1.6280000116676092,0.2890000231564045,20.299999237060547,-0.12159244046200246,0.02112245616501811,0.1825985966156727,0.0024901758953862147
2021-03-25,1.5989999631419778,0.23799990583211184,21.200000762939453,-0.006560421211218248,0.02406325163594898,0.2378391191213036,0.0009986994727337586
2021-03-26,1.5989999631419778,0.11399995628744364,19.809999465942383,-0.3142956080144297,0.027728018128846055,0.20679907447531842,0.001467860901319635
2021-03-29,1.644999966956675,0.2199999289587138,18.86000061035156,-0.3252236101775302,0.0302024764773775,0.23918094903320683,0.005726532071515044
2021-03-30,1.7129999557510018,0.29499997664242983,20.739999771118164,-0.1117773262403382,0.03626409519974663,0.24051248602984007,0.004236091745439008
2021-03-31,1.7129999510943892,0.3329999893903737,19.61000061035156,-0.18630704149575406,0.036677332074990875,0.2214933638885601,0.0010158625810710344
2021-04-01,1.7330000512301922,0.2980000227689743,19.399999618530277,-0.27259094251843385,0.036594177556806814,0.21699281663461298,0.0079093183026872
2021-04-05,1.671000019647181,0.1490000681951642,17.329999923706055,-0.3934196671746699,0.03827848814980961,0.20760181780306694,0.009680672119800691
2021-04-06,1.7050000289455056,0.17900000978261232,17.90999984741211,-0.27372262943093095,0.033715374162465964,0.14704329403786837,0.011977840884514602
2021-04-07,1.6410000184550881,0.0800000624731183,18.1200008392334,-0.28857474174596154,0.0275583617952018,0.15462834365083689,0.010828240008267116
2021-04-08,1.6429999973624945,0.13199999369680882,17.15999984741211,-0.2858926609624006,0.02585596097930543,0.134655353396825,0.008994917221419848
2021-04-09,1.6269999695941808,0.13699998799711488,16.950000762939453,-0.2486701611616633,0.016648759749698913,0.13161565762438815,0.014733304365839544
2021-04-12,1.6630000085569918,0.16400005901232362,16.690000534057617,-0.23824734594742825,0.02316113117245314,0.10870018072281182,0.012780044888100759
2021-04-13,1.6649999525398016,0.05499996244907379,16.90999984741211,-0.18269698352222297,0.019950236421016978,0.12073967914598539,0.008764127302751085
2021-04-14,1.6080000260844824,0.016000032424926536,16.649999618530273,-0.16874692722146356,0.017684030971426574,0.11635087207684662,0.009681535183849118
2021-04-15,1.623000011779368,0.009999960660934448,16.989999771118164,-0.14148565006948954,0.009974365107063276,0.1873699202607414,0.010829109259147639
2021-04-16,1.519999971613288,-0.11300006043165922,16.56999969482422,-0.13832552837922574,0.01284530129338805,0.18049529652459545,0.011971684163905887
2021-04-19,1.5649999538436532,-0.1620000652037561,16.25,-0.24698794914502953,0.011976150889259898,0.1703860842454972,0.008082234975270644
2021-04-20,1.5859999516978862,-0.14100004173815228,17.290000915527344,-0.17470165699882212,0.010375396133967863,0.17640661054867626,0.007048856811237751
2021-04-21,1.5470000365749002,-0.13199997879564762,18.68000030517578,-0.010593160194965812,0.011020609925894449,0.17778347217095533,0.0072717974315176645
2021-04-22,1.5510000102221968,-0.07700000144541241,17.5,-0.13793100208342612,0.008482609491914284,0.15065229019294646,0.010370196646367553
2021-04-23,1.5390000203624368,-0.059999942779541016,18.709999084472656,-0.11745290513478024,0.012782583547242736,0.1549920927995463,0.010026029580758176
2021-04-26,1.5520000318065286,-0.04699993133544922,17.329999923706055,-0.12518927860144458,0.0023139130152508526,0.16193221069833524,0.015533028288252638
2021-04-27,1.5620000520721078,-0.08299991488456726,17.639999389648438,-0.0646872312418435,0.0038616308880641474,0.16792081504914746,0.012089060441256051
2021-04-28,1.6119999792426825,-0.10099997650831938,17.559999465942383,-0.1533269209387429,0.003636588073719814,0.18709936031291907,0.013354854232110414
2021-04-29,1.612000004388392,-0.10099994670599721,17.280000686645508,-0.11881692254900345,-0.004514636737222924,0.17607741419776415,0.012099124773988367
2021-04-30,1.6319999853149056,-0.10100006591528654,17.610000610351562,-0.09226799192660617,-0.006490274648030618,0.17158116730748726,0.010830897795767897
2021-05-03,1.628000041935593,-0.042999977711588144,18.61000061035156,0.07386039770805564,0.0017543428992500517,0.132498411339866,0.009569516546009885
2021-05-04,1.6019999934360385,-0.10300003550946712,18.309999465942383,0.022333870571644487,-0.006356902650148495,0.13705972573410258,0.007897956921849632
2021-05-05,1.5820000078529117,-0.05900001060217641,19.479999542236328,0.07505511258356368,0.0027422821714291994,0.14453055071384377,0.005837823975893482
2021-05-06,1.5759999910369515,-0.06700000632554293,19.149999618530277,0.11596735366045352,0.004170300796709174,0.12410721022700173,0.004820793133089977
2021-05-07,1.5529999891296027,-0.07399998046457812,18.38999938964844,0.08495566736831606,0.005623197005364111,0.10328500080804248,0.006301688751392666
2021-05-10,1.5690000215545297,-0.09399998700246215,16.690000534057617,0.0,-0.001550381095901312,0.10074868874581645,0.007216714207488285
2021-05-11,1.59699999820441,-0.06799995433539152,19.65999984741211,0.16262566675427004,-0.002325186096207639,0.10858328173334605,0.004467391860364808
2021-05-12,1.613999953493476,0.005999927408993466,21.84000015258789,0.3117117509289018,-0.003764858417901383,0.09321368771148447,0.0018376541892525134
2021-05-13,1.6850000526756048,0.062000040896236897,27.59000015258789,0.6238964405101994,0.0022072290927206027,0.09568862110146513,-0.0014028225905093011
2021-05-14,1.6599999824538827,0.14000001084059477,23.1299991607666,0.3958961730090711,-0.0022013982649342046,0.04290030958844055,0.002511570667776957
2021-05-17,1.6299999905750155,0.06500003673136234,18.809999465942383,0.15753842867337742,-0.002984874793522198,0.0770895831565814,0.0070982495339110665
2021-05-18,1.634999985806644,0.04900003410875775,19.71999931335449,0.1405435667527859,-0.0015505528439240445,0.11214023771179742,0.005147483609324197
2021-05-19,1.6319999601691961,0.08499992359429598,21.34000015258789,0.1423982764430194,-0.0028927716338623998,0.0630228393488165,0.005822861379999387
2021-05-20,1.6779999686405063,0.12699995841830947,22.18000030517578,0.26742858886718746,0.00022182604208527033,0.02703519782701708,0.0007664174253502085
2021-05-21,1.630999943707138,0.0919999233447013,20.670000076293945,0.10475687267392142,-0.004111375878278795,-0.018680226741227098,0.004000318168686788
2021-05-24,1.628999969456345,0.0769999376498165,20.149999618530277,0.1627235837991372,-0.0012212115209463657,0.0007867682180322409,0.01502182741231573
2021-05-25,1.6050000400282443,0.042999987956136465,18.399999618530277,0.04308391469264028,-0.012170967469313738,0.07137490235961293,0.019171886419381317
2021-05-26,1.5540000107139351,-0.05799996852874734,18.84000015258789,0.07289297981631893,-0.015497338310533872,0.08576005015386587,0.00812296266470932
2021-05-27,1.569000001065433,-0.043000003322958946,17.360000610351562,0.004629625030506013,-0.008295131261138195,0.10266230429750513,0.009960287874397225
2021-05-28,1.6050000144168735,-0.02699997089803219,16.739999771118164,-0.04940379381486182,-0.010833576412976352,0.08699777521029266,0.012726179387736866
2021-06-01,1.5729999700561166,-0.05500007187947631,16.760000228881836,-0.09940893717331134,-0.01761576444088137,0.038268178271081296,0.016196141656228482
2021-06-02,1.6050000097602606,0.003000016324222088,17.899999618530273,-0.022392127764652936,-0.0236521829834503,0.024364181219260043,0.016190022794155892
2021-06-03,1.5759999612346292,-0.006000046618282573,17.479999542236328,-0.10266940693009885,-0.02645449310351001,0.0564834711402938,0.024750351372809672
2021-06-04,1.6100000003352761,0.034000009298324585,18.040000915527344,-0.057963379901525225,-0.016003839233387513,0.07230969320669102,0.021290163075302817
2021-06-07,1.5449999431148171,-0.008000046014785545,16.420000076293945,-0.10712340286772326,-0.0181393587137997,0.07731732563906529,0.020340103550713813
2021-06-08,1.5510000064969063,-0.018000015057623386,16.420000076293945,-0.016177378617376892,-0.01621032640528698,0.047476667601688755,0.016986138641242383
2021-06-09,1.5079999975860119,-0.08900000061839819,17.06999969482422,-0.1317395815203335,-0.01760607157677202,0.0654811836889293,0.02044448333024499
2021-06-10,1.4689999632537365,-0.14499999023973942,17.889999389648438,-0.18086083953032417,-0.01879691552405814,0.06755430482479656,0.021130865735783315
2021-06-11,1.438999991863966,-0.24600006081163883,16.100000381469727,-0.41645522680580427,-0.01967637946140869,0.08132390375955936,0.02527402881131893
2021-06-14,1.4440000131726263,-0.21599996928125642,15.649999618530272,-0.3233895293400616,-0.009232907658740418,0.09319713179223477,0.024227126810026183
2021-06-15,1.4860000470653176,-0.14399994350969791,16.389999389648438,-0.12865497846906526,-0.014586011368065671,0.16664370532497763,0.03098247304272975
2021-06-16,1.4789999537169933,-0.15600003208965063,17.020000457763672,-0.1369167824342855,-0.015126861500742597,0.160595951217967,0.02702637082000662
2021-06-17,1.5410000048577785,-0.09099995531141758,18.149999618530277,-0.1494845600397413,-0.0073253025011225156,0.15889746613356193,0.022058462179787373
2021-06-18,1.483000036329031,-0.19499993231147528,17.75,-0.19972949703440834,-0.0048851745492754905,0.20694664604616317,0.021703040193357545
2021-06-21,1.4220000468194485,-0.2089998968876896,20.700000762939453,0.0014514120239368378,-0.003247409423384976,0.15783322496188754,0.020667855017804125
2021-06-22,1.4539999682456255,-0.17500000121071957,17.889999389648438,-0.11215882241523745,-0.011042622276324413,0.2294080676292455,0.02087795419258572
2021-06-23,1.4340000040829182,-0.1710000359453261,16.65999984741211,-0.09456520691260495,-0.01127375936225526,0.18089902800958244,0.01856694444415521
2021-06-24,1.4469999894499779,-0.10700002126395725,16.31999969482422,-0.13375798499754898,-0.01234181905546614,0.17154242528643915,0.01696449679671088
2021-06-25,1.4439999870955944,-0.12500001396983862,15.970000267028809,-0.08006914138550858,-0.015990005064939236,0.19109119312746353,0.02246063544102839
2021-06-28,1.4930000118911266,-0.11200000252574682,15.619999885559082,-0.06690560937112067,-0.015348396751946292,0.22449494666257325,0.018655667224916416
2021-06-29,1.4380000457167625,-0.13499992433935404,15.760000228881836,-0.0596658703068953,-0.011363176925426354,0.17100200561848697,0.016425695471787377
2021-06-30,1.440000019967556,-0.16499998979270458,16.020000457763672,-0.1050278883146124,-0.005957184341610934,0.21859787589011967,0.01721732054677499
2021-07-01,1.402999959886074,-0.1730000013485551,15.829999923706056,-0.09439357332609954,0.0010824343970206596,0.21376206511441587,0.015610150693334934
2021-07-02,1.440000019967556,-0.16999998036772013,15.479999542236328,-0.14190694253721337,0.0015130165157550817,0.23004626169948636,0.01791209395886691
2021-07-06,1.3929999954998493,-0.15199994761496782,15.06999969482422,-0.08221683161979776,0.0018449817756758468,0.23196367480013486,0.01915935708083321
2021-07-07,1.3300000056624413,-0.22100000083446503,16.440000534057617,0.0012180546693509875,0.004222835309648089,0.21256865803541294,0.019279670208106666
2021-07-08,1.2779999785125256,-0.23000001907348633,16.200000762939453,-0.05096654642287768,0.005411854352666425,0.19010797045255431,0.02065278598629213
2021-07-09,1.2449999861419203,-0.22399997711181618,19.0,0.06204587189610722,0.005537196046283535,0.19229714257901667,0.017804478341267936
2021-07-12,1.3129999451339247,-0.12600004673004128,16.18000030517578,0.004968939242891546,0.0047872446202593235,0.16609126467388322,0.019969127890542736
2021-07-13,1.320000033825636,-0.12399997934699036,16.170000076293945,0.03322686712068479,0.00609034164577342,0.15500573998167477,0.015619067643012692
2021-07-14,1.3699999600648878,-0.11600008700042985,17.1200008392334,0.04453944336605731,0.01291323306772933,0.17561979433015382,0.014719056297004186
2021-07-15,1.3109999448060992,-0.16800000891089417,16.329999923706055,-0.04054057082841456,0.014606799300152976,0.14309027060999674,0.01791893255949936
2021-07-16,1.259000051766634,-0.28199995309114456,17.010000228881836,-0.0628098850473009,0.015011756704037744,0.13758710191700618,0.018957962529856015
2021-07-19,1.2619999535381794,-0.2210000827908516,18.450000762939453,0.03943666270081425,0.01664437367740907,0.15742856183886986,0.014263419723776743
2021-07-20,1.1409999951720238,-0.2810000516474247,22.5,0.08695648167719883,0.016936650076374557,0.07809986823708047,0.00934461206197869
2021-07-21,1.1639999896287918,-0.2899999786168337,19.729999542236328,0.10285076664969339,0.022957006549090078,0.08155178850428949,0.011749454266016604
2021-07-22,1.2349999696016312,-0.199000034481287,17.90999984741211,0.07503001269199716,0.021138316670580862,0.12709012716064555,0.014603660563213784
2021-07-23,1.2219999842345715,-0.22500000521540642,17.690000534057617,0.08394613142473806,0.020792084108639967,0.13323351822347915,0.016549043914785882
2021-07-26,1.241000011563301,-0.20299997553229332,17.200000762939453,0.07701944116119197,0.025066733098886674,0.12094466785762757,0.016535963654599913
2021-07-27,1.2360000237822533,-0.25699998810887337,17.579999923706055,0.12548015701069382,0.022264380230651897,0.1008742509642838,0.013912679256516064
2021-07-28,1.188999965786934,-0.24900007992982864,19.36000061035156,0.22842641682659037,0.012519912397734182,0.11949419128858627,0.013002336468355889
2021-07-29,1.216000035405159,-0.223999984562397,18.309999465942383,0.14294625110755987,0.014950928044264952,0.11555801997631775,0.013410537031344844
2021-07-30,1.2290000542998312,-0.1739999055862429,17.700000762939453,0.11813018624422078,0.00622442293624499,0.11397002118847682,0.01614698302110774
2021-08-02,1.1989999637007713,-0.24100005626678467,18.239999771118164,0.1782945937014615,0.00937439424882111,0.1193562812528134,0.012831795484059242
2021-08-03,1.1360000260174274,-0.2569999694824219,19.459999084472656,0.29130719831110397,0.012022069422454389,0.09641945523464807,0.01069435792674255
2021-08-04,1.1309999972581863,-0.1990000084042549,18.040000915527344,0.09732362101540781,0.02029578108850995,0.08361572987683132,0.011151670857178993
2021-08-05,1.1390000134706497,-0.13899996504187584,17.969999313354492,0.10925916463314267,0.02257874968912549,0.048555466090943064,0.011612611060366804
2021-08-06,1.1740000061690805,-0.0709999799728398,17.280000686645508,-0.09052627965023641,0.023029842309971776,0.05672425753943497,0.01493528572552798
2021-08-09,1.2469999603927133,-0.06599998474121138,16.149999618530273,-0.0018541833176548561,0.022779078143526973,0.032750723125950454,0.0186281523927087
2021-08-10,1.272000029683113,-0.04800000414252281,16.719999313354492,0.034013558099289964,0.023953208190240508,0.040834584974305435,0.012764543469167743
2021-08-11,1.2920000068843362,-0.07799995318055153,16.790000915527344,-0.01927569553325037,0.0298855037191696,0.043699876738882724,0.007251999522904302
2021-08-12,1.2839999943971634,-0.02699995040893577,16.170000076293945,-0.0097979086441905,0.029380176558340985,0.04398588962271722,0.010696684424484428
2021-08-13,1.3239999823272228,0.06499993056058884,15.59000015258789,-0.08348030906448078,0.0360014906821683,0.05351252288501408,0.014832110610310036
2021-08-16,1.2520000487565994,-0.009999904781579971,15.449999809265137,-0.16260167098206435,0.0255062178327034,0.07712472755696066,0.01965874154704451
2021-08-17,1.1989999711513522,0.05799997597932838,16.1200008392334,-0.28355551825629344,0.03091673311609543,0.08107115145086655,0.015739428139265616
2021-08-18,1.1950000151991844,0.03100002557039261,17.90999984741211,-0.09224529838067741,0.03396450646784035,0.04625537684576411,0.011957507357068423
2021-08-19,1.2180000022053719,-0.016999967396259308,21.56999969482422,0.20435510209906327,0.03618471537650653,-0.008972822085108573,0.008515954450682898
2021-08-20,1.1989999823272228,-0.023000001907348633,21.670000076293945,0.2249858350526246,0.04290817390254462,-0.03668723860165731,0.00828574684095662
2021-08-23,1.216999989002943,-0.024000022560358047,18.559999465942383,0.07906968852776419,0.037707410088102876,-0.06054909844354803,0.010351531132542708
2021-08-24,1.214999996125698,-0.021000027656555176,17.149999618530273,-0.02445963066222434,0.03269298825806713,-0.018266023799117986,0.013898207375534708
2021-08-25,1.2419999614357946,0.05299999564886071,17.219999313354492,-0.1105372535914505,0.031273056267200706,0.018228522287282212,0.01561143978943754
2021-08-26,1.297000005841255,0.08099997043609597,16.790000915527344,-0.08301466929271739,0.03285086751198766,0.009406291885205227,0.01363798178491342
2021-08-27,1.2990000061690805,0.06999995186924934,18.84000015258789,0.06440674240169453,0.034546461731104344,-0.020698040365849643,0.011807086662808608
2021-08-30,1.2690000347793102,0.0700000710785389,16.389999389648438,-0.10142546078312353,0.023910767521338645,-0.0010178073892650474,0.01660480946816652
2021-08-31,1.2469999678432941,0.1109999418258667,16.190000534057617,-0.1680369323873302,0.027464958709298805,-0.005906574208821475,0.01567437120451474
2021-09-01,1.2640000209212303,0.13300002366304398,16.479999542236328,-0.08647457284485471,0.029359107145555827,-0.01060059791133286,0.015557618787017455
2021-09-02,1.2620000466704369,0.12300003319978714,16.110000610351562,-0.10350577485112433,0.025969740104950356,-0.02106261822851007,0.015724362383908334
2021-09-03,1.2540000304579735,0.08000002428889297,16.40999984741211,-0.05034726878834905,0.023143347604056327,0.0004287071155483085,0.01617392666162383
2021-09-07,1.2820000275969505,0.035000067204237206,16.40999984741211,0.01609908575994745,0.021525090395860938,-0.014328945360546012,0.014459338648026537
2021-09-08,1.33500000461936,0.06299997493624687,18.13999938964844,0.08492823771588176,0.021412213584027538,-0.03676997811490604,0.011499927664421549
2021-09-09,1.2939999923110008,0.0019999854266645745,17.959999084472656,0.06968422305821931,0.023258185520307256,-0.022543317314312424,0.013552107729111808
2021-09-10,1.2610000260174274,-0.022999968379735947,18.799999237060547,0.16264682426454136,0.021200689103421662,-0.05676703314311219,0.014576397554729125
2021-09-13,1.3029999621212482,-0.02100002020597458,20.950000762939453,0.34381017048686946,0.015786127012333905,-0.03426006820811178,0.014469337489020809
2021-09-14,1.2860000021755695,0.03399995341897011,19.3700008392334,0.2537217526447797,0.007912927836318237,-0.008339916544783912,0.01628448805381417
2021-09-15,1.241999950259924,0.042999979108571784,19.459999084472656,0.20719591013359362,0.004543475555607892,-0.016608408753291694,0.016287513189671653
2021-09-16,1.269000019878149,0.07400000467896461,18.18000030517578,0.01507540257197082,0.006834821927273437,-0.014357298935265364,0.015821530720913253
2021-09-17,1.3009999711066484,0.08299996890127659,18.690000534057617,-0.13351873905949407,0.012243473047217294,-0.0061783261526363546,0.014796435682401332
2021-09-20,1.3420000039041042,0.1430000215768814,20.809999465942383,-0.03968623014876527,0.015135358077369385,-0.01530537408429847,0.014574266057322607
2021-09-21,1.28400001488626,0.067000025883317,25.709999084472656,0.3852370594972554,0.015346655759016217,-0.04193109631359346,0.007967009648770907
2021-09-22,1.3040000014007092,0.08900000527501106,24.36000061035156,0.42040823044864717,0.015026491383696647,-0.048277204827824854,0.008651821203718497
2021-09-23,1.3109999652951956,0.06900000385940097,20.8700008392334,0.21196293097690488,0.017050179548599578,-0.009370335507775893,0.010585751751290947
2021-09-24,1.38499996624887,0.08799996040761493,18.6299991607666,0.10958893060795694,0.011342227060995927,0.0043751735201141536,0.00978935842220814
2021-09-27,1.4350000377744438,0.13600003160536334,17.75,-0.057855633957527686,0.009581807379907019,0.006917655533365006,0.008198852350809015
2021-09-28,1.4589999672025442,0.18999993242323399,18.76000022888184,0.14460042266568007,0.00838803495587255,0.0029200125720352686,0.005330241316718123
2021-09-29,1.5040000397711992,0.2570000719279051,23.25,0.4360716017946278,0.016559445986836833,0.001728112752599839,-0.0008258892168240823
2021-09-30,1.511000009253621,0.24699998833239079,22.559999465942383,0.3689320444532611,0.01915616704425251,0.019703728401217382,0.0015700132261690885
2021-10-01,1.5010000430047512,0.23899999633431435,23.13999938964844,0.43637483010271993,0.017229819091858552,0.03844801365743741,8.745693661253124e-05
2021-10-04,1.4509999714791775,0.196999941021204,21.100000381469727,0.2858013758481077,0.018026242312686697,0.03951589001845771,0.004640678669796854
2021-10-05,1.4529999457299712,0.17099991813302062,22.959999084472656,0.399146818888819,0.01807084080403541,0.04022102369258549,-0.0006172018199537811
2021-10-06,1.494000043720007,0.15900003910064697,21.299999237060547,0.17420065897109982,0.01879653574928643,0.0631458758768385,-0.0007361268080597538
2021-10-07,1.4840000495314596,0.19000005722045876,21.0,0.1692650930119246,0.016255268310737616,0.028558402710958927,0.0016500602238167638
2021-10-08,1.530999980866909,0.2699999548494816,19.540000915527344,0.039361793005184165,0.019397248698898473,0.06830900024662122,0.00016926452635702513
2021-10-11,1.565000019967556,0.26200005784630775,18.770000457763672,-0.10405729001366915,0.015534052032811205,0.10207525217222327,-0.0021395319774458067
2021-10-12,1.5739999637007713,0.2879999615252018,20.0,0.032524477721784795,0.01743263476635993,0.11448185095682117,-0.003889352685271652
2021-10-13,1.540000043809414,0.29800009354949,19.850000381469727,0.020041177561424206,0.01739542597437863,0.19399660837343588,0.00471231225828319
2021-10-14,1.5040000230073929,0.23500000312924385,18.63999938964844,0.025302479469249572,0.01186863001521557,0.17656991260811053,0.002322678094348976
2021-10-15,1.4790000542998312,0.17800008319318272,16.860000610351562,-0.0979133157525256,0.0129614485593686,0.14549713796672822,0.005550122059185766
2021-10-18,1.537999976426363,0.19599997252225876,16.299999237060547,-0.21672274601750452,0.01199417606263797,0.13471266190810285,0.003261857889775532
2021-10-19,1.5409999899566174,0.2569999750703573,16.309999465942383,-0.3656164898196098,0.011131371307802498,0.13443292093468467,0.0008687637345628176
2021-10-20,1.5849999897181988,0.2809999883174896,15.699999809265137,-0.3555008449961382,0.012229281081657342,0.14294316484481392,0.0030361496945811774
2021-10-21,1.5860000364482403,0.2750000711530447,15.489999771118164,-0.2577863369320714,0.012151311043044075,0.1574748381739394,0.004747416769120364
2021-10-22,1.6259999983012676,0.24100003205239773,15.010000228881836,-0.1943102037013622,0.015584140177719485,0.13073013346701998,0.0014253745207792113
2021-10-25,1.6049999706447124,0.1699999328702686,15.43000030517578,-0.130704208159111,0.018871536361792143,0.12903882680803824,-0.003152828616184598
2021-10-26,1.5849999897181988,0.12600002251565456,15.239999771118164,-0.18763328437195226,0.017636755973335163,0.12456644417751148,-6.137536165618826e-05
2021-10-27,1.568999957293272,0.06499991752207279,15.979999542236328,-0.31268819173177087,0.020430752544338533,0.17218993644922023,0.002650459561928081
2021-10-28,1.4790000431239605,-0.031999966129660606,16.979999542236328,-0.2473404280053233,0.019146532569954734,0.15827247628876182,0.0007009279322869791
2021-10-29,1.5199999585747719,0.018999915570020676,16.530000686645508,-0.2856525011819958,0.011636828433120435,0.19483761703103888,0.005060168974979223
2021-11-01,1.509000040590763,0.05800006911158562,16.260000228881836,-0.22938388934051568,0.020176740239543155,0.19027465086581632,0.00012817820543035123
2021-11-02,1.5350000485777855,0.08200010284781434,16.40999984741211,-0.2852787237909852,0.01157066904904053,0.20779501611512363,0.00019828172533401927
2021-11-03,1.5040000230073929,0.00999997928738594,16.030000686645508,-0.2474177811821514,0.012190050762127596,0.2328436384826954,0.004913090674770262
2021-11-04,1.5339999943971634,0.049999944865703805,15.100000381469728,-0.28095236278715574,0.00855989668731056,0.168955915381415,0.009167358799882954
2021-11-05,1.4890000484883783,-0.041999932378530724,15.4399995803833,-0.2098260564504888,0.015379933573137062,0.12931671631972827,0.010200627967154903
2021-11-08,1.412999950349331,-0.1520000696182251,16.479999542236328,-0.12200324239097982,0.013663734943022494,0.1623669539633844,0.01225889959427584
2021-11-09,1.4619999788701534,-0.1119999848306179,17.219999313354492,-0.13900003433227537,0.016401787115378926,0.17990774318235397,0.008826023508162579
2021-11-10,1.3920000419020653,-0.14800000190734863,17.780000686645508,-0.10428209849086922,0.014256116432084506,0.2235892879637364,0.009283414803907925
2021-11-11,1.5149999409914017,0.010999917984008789,18.729999542236328,0.0048283345244029,0.018300343252087903,0.2000834943291882,0.005954021568088248
2021-11-12,1.5199999436736107,0.04099988937377952,17.65999984741211,0.04744953784695416,0.02166610789808995,0.2202674054694394,0.006521952705877948
2021-11-15,1.539000015705824,0.001000039279460907,16.290000915527344,-0.0006133939878028016,0.01653453232013301,0.2378256640026432,0.006982177109890517
2021-11-16,1.5850000269711015,0.044000037014484183,16.489999771118164,0.011036193198635358,0.02022199685197977,0.26068414408790874,0.003420892349787619
2021-11-17,1.5939999446272848,0.008999954909086005,16.3700008392334,0.04267522535719204,0.031345208374879655,0.20729656297280694,0.0007938071884478773
2021-11-18,1.5589999705553055,-0.0270000658929348,17.110000610351562,0.10458365804846337,0.031159816634255145,0.1485935723526536,-0.0016131586479405026
2021-11-19,1.5439999848604202,-0.0820000134408474,17.59000015258789,0.17188540202295854,0.028775134407818738,0.14478658659623128,-0.003446751410315539
2021-11-22,1.491000011563301,-0.11399995908141136,17.90999984741211,0.16072582587081663,0.03183266906330123,0.12110656216967888,-0.003685006472300376
2021-11-23,1.5850000008940697,1.1175870895385742e-08,19.170000076293945,0.25787403964556854,0.040282390117721174,0.11022214612258259,-0.010237574933131939
2021-11-24,1.622000053524971,0.05300009623169899,19.3799991607666,0.2127659396700119,0.04061038469224454,0.12595327716284324,-0.012879478664491495
2021-11-26,1.5949999801814556,0.11599993705749512,18.57999992370605,0.09422852912862911,0.04444706063894653,0.13486261514636164,-0.01333857435391269
2021-11-29,1.438999991863966,-0.08099996671080589,28.6200008392334,0.7313974380143451,0.038617289354618466,-0.006435517587379671,-0.021420593775712548
2021-11-30,1.4919999726116657,-0.017000067979097366,22.959999084472656,0.4120540443591103,0.04359806954468657,-0.000571686695723052,-0.016489028365669352
2021-12-01,1.3949999585747719,-0.1400000900030136,27.190000534057617,0.6569165622719695,0.042020722006501886,-0.04592230174750399,-0.020797930033085377
2021-12-02,1.384000014513731,-0.12000000849366188,31.1200008392334,0.9413599192892907,0.03744411990725182,-0.041523271224138396,-0.018040318252270218
2021-12-03,1.404999952763319,-0.12900004163384438,27.950000762939453,0.8509933812477821,0.03687244430553543,-0.04124300257095736,-0.011826194526433027
2021-12-06,1.3000000528991222,-0.18899999558925606,30.670000076293945,0.9863990226567452,0.038604998219690156,-0.027977974163632693,-0.012736110342970314
2021-12-07,1.3910000137984753,-0.021999936550855637,27.18000030517578,0.6492719089898389,0.039291325379009,-0.0033044115757874496,-0.006848601150265456
2021-12-08,1.4220000207424164,-0.039999958127737045,21.88999938964844,0.27119629863586936,0.03968984765666614,0.022457169775019947,-0.004039038550058961
2021-12-09,1.4489999450743196,0.05699990317225434,19.899999618530277,0.1192350309343404,0.034372725599817786,0.026608509042508843,-0.003815014174379667
2021-12-10,1.433999989181757,-0.0809999518096447,21.57999992370605,0.15216233054586814,0.04005620145060027,-0.02326817803748195,-0.009793363721461721
2021-12-13,1.4389999620616436,-0.08099998161196709,18.690000534057617,0.058323935195075505,0.03377593182257044,-0.01303043734062827,-0.00714142995957627
2021-12-14,1.3810000233352184,-0.15799999237060547,20.309999465942383,0.24677706104873498,0.032928289444795006,-0.009493304509156133,-0.0058919989136663785
2021-12-15,1.3899999633431435,-0.19500006362795808,21.88999938964844,0.3274711760753475,0.035091339562214205,0.006240304296323526,-0.004095928370050147
2021-12-16,1.4180000573396683,-0.1759998872876165,19.290000915527344,0.1783750718751147,0.03489896310649153,0.004383874479271494,-0.0019964237336293203
2021-12-17,1.3870000503957272,-0.17199992015957832,20.56999969482422,0.20222086271460182,0.02723125340947065,0.0020744616505289507,-0.004556150091487865
2021-12-20,1.3719999510794878,-0.17200003378093243,21.56999969482422,0.2262648952649826,0.03659396292533105,-0.03385454247559754,-0.00593654847168194
2021-12-21,1.381000030785799,-0.10999998077750206,22.8700008392334,0.27694031457727686,0.03391942128578015,-0.08091043175294937,-0.006197981759966645
2021-12-22,1.421999990940094,-0.16300000995397568,21.01000022888184,0.09598331482863576,0.03276219376306226,-0.05910151494180657,3.429286614356894e-05
2021-12-23,1.3920000195503235,-0.23000003397464752,18.6299991607666,-0.038699692078332015,0.024336257197454084,-0.03418095301216536,0.007248584984509881
2021-12-27,1.435000032186508,-0.15999994799494766,17.959999084472656,-0.03336925951449232,0.017651229104108088,-0.013995665084317627,0.008292926286564929
2021-12-28,1.4379999451339247,-0.0010000467300412819,17.68000030517578,-0.38225018215445483,0.019334387849812312,0.007171357706206023,0.01046689904255348
2021-12-29,1.4309999458491804,-0.06100002676248528,17.540000915527344,-0.23606264743323702,0.022709092541227813,0.001317083070860845,0.007615557653564429
2021-12-30,1.497999981045723,0.10300002247095108,16.950000762939453,-0.3766090316288062,0.022347327898241502,-0.013750446069836232,0.009560742341596847
2021-12-31,1.4899999853223562,0.10599997080862522,17.329999923706055,-0.4431234107854556,0.02095362595484017,-0.024885872043620118,0.009560877193804619
2022-01-03,1.4789999648928642,0.07400001212954521,17.219999313354492,-0.3838998624934744,0.014741780752516113,-0.029090117674579453,0.00990492363689435
2022-01-04,1.5750000216066837,0.2749999687075615,16.600000381469727,-0.4587544721168578,0.021212563241738352,-0.028762199667327043,0.009330733544456401
2022-01-05,1.5879999846220016,0.19699997082352638,16.90999984741211,-0.37785137389450274,0.0233252980204886,-0.030192912199588515,0.009789838161877281
2022-01-06,1.6200000420212746,0.19800002127885818,19.729999542236328,-0.09867518993324209,0.01963217455202621,-0.033721680401145135,0.005154021200729859
2022-01-07,1.6430000364780426,0.19400009140372299,19.61000061035156,-0.01457281476069372,0.018137556364777374,-0.014741057889626204,0.003421847770242905
2022-01-10,1.6830000281333923,0.24900003895163536,18.76000022888184,-0.13067653868369045,0.01749065803847363,-0.019330348063868946,-0.0017876171540623775
2022-01-11,1.6899999678134918,0.2510000057518482,19.399999618530277,0.037988178929094785,0.02137484707381311,-0.0386157315857759,-0.006596834005697329
2022-01-12,1.6280000507831573,0.24700002744793892,18.40999984741211,-0.0935499590591502,0.017725725334041317,-0.012966512661052733,-0.0002349561374040026
2022-01-13,1.6100000217556953,0.22000005841255188,17.6200008392334,-0.19506617951000405,0.011114198223853662,0.0024230317891169246,0.0018439235020720336
2022-01-14,1.600999966263771,0.18299990892410278,20.309999465942383,0.05287706075710963,0.010605677841123321,-0.010176927288813668,-0.002435659650738863
2022-01-18,1.6539999544620514,0.26699990406632423,19.190000534057617,-0.06708795241809529,0.017061831222994737,-0.0005963748883276394,-0.0037076978273048538
2022-01-19,1.7350000143051147,0.36300006322562695,22.790000915527344,0.056560094481404644,0.0206868243930657,0.034899037395123955,-0.006074717640306377
2022-01-20,1.6620000153779984,0.2809999845921993,23.850000381469727,0.04285087478244165,0.02009375450940284,0.03749264021834524,-0.004593473695845084
2022-01-21,1.6649999469518661,0.24299995601177216,25.59000015258789,0.21799142664501536,0.02036472753868244,0.03680245776390164,-0.008190486528863613
2022-01-24,1.5889999717473984,0.1969999521970749,28.850000381469727,0.5485776533058409,0.017828442831676453,0.005771826626322785,-0.008303347169135713
2022-01-25,1.5800000131130219,0.1449999809265139,29.899999618530277,0.6648107540484434,0.021710174760806222,0.007832707294868653,-0.00855288506452036
2022-01-26,1.59799998998642,0.1600000448524952,31.15999984741211,0.7624433998618252,0.027471337006051377,0.03313646775842183,-0.014013239272218309
2022-01-27,1.670000046491623,0.23900010064244248,31.959999084472656,0.8221207192857078,0.024868760852028573,0.04423841874989683,-0.01478409625522765
2022-01-28,1.6220000386238103,0.1240000575780873,30.489999771118164,0.7988199645266929,0.03537048521324527,0.03000339322661738,-0.018082663516767825
2022-01-31,1.608999952673912,0.11899996735155582,27.65999984741211,0.5960761667156986,0.03323885027252019,0.034092166831129436,-0.017667503927067646
2022-02-01,1.608999952673912,0.12999998778104782,24.82999992370605,0.44192804377464956,0.028153122846687455,0.08632065439303073,-0.019389330437552532
2022-02-02,1.5969999581575394,0.021999936550855637,21.959999084472656,0.32289148071262685,0.021391199821750556,0.11256706702514023,-0.018069456058620384
2022-02-03,1.581000030040741,-0.006999954581260681,22.09000015258789,0.30632763760601245,0.017029768527557866,0.08251012458606127,-0.02031452209053641
2022-02-04,1.6340000182390213,0.013999976217746735,24.350000381469727,0.23416122384307658,0.014042295878585109,0.09693991424380491,-0.0280526132885092
2022-02-07,1.706999942660332,0.06399990618228935,23.21999931335449,0.18408967825821043,0.016047686582215705,0.09255151278449358,-0.03278537942227991
2022-02-08,1.713000014424324,0.0299999862909317,22.86000061035156,0.2185501242775887,0.005781914155039526,0.1157319628629334,-0.027883631523228605
2022-02-09,1.6789999902248383,-0.010999977588653564,21.440000534057617,0.10515468843508602,0.00482129730909755,0.09096650103478406,-0.027233252284499576
2022-02-10,1.6590000092983248,0.03099995851516746,19.959999084472656,0.08419333242299998,0.003777159244378523,0.1041715727478943,-0.022330118666617813
2022-02-11,1.6609998941421509,0.050999872386455536,23.90999984741211,0.3569806304533849,0.0014662694785174779,0.10550887600531929,-0.03447119587289076
2022-02-14,1.6170000433921812,0.016000077128410117,27.36000061035156,0.34711971096952743,0.0016667051994680416,0.14219234799711744,-0.03843397748364268
2022-02-15,1.6360000371932983,-0.017999917268753052,28.32999992370605,0.476289689175732,0.0056191709005873666,0.19739370112164914,-0.03909202325524743
2022-02-16,1.6450000703334808,-0.08999994397163391,25.700000762939453,0.1276875704480318,0.004698979576250453,0.15297470021303727,-0.03658900968441111
2022-02-17,1.673999935388565,0.011999920010566711,24.290000915527344,0.018448659413836888,-0.0038588226749371717,0.2076229980387622,-0.03023144367531707
2022-02-18,1.6270000040531158,-0.037999942898750305,28.11000061035156,0.09847598447586647,-0.007280291512616476,0.17862310963443717,-0.030630218225417505
2022-02-22,1.6140000522136693,0.02500008046627089,27.75,-0.038128262285093584,-0.00467457300707091,0.14852981344036212,-0.02778987243050793
2022-02-23,1.617999941110611,0.03799992799758911,28.809999465942383,-0.03645485506669954,-0.0083994643155789,0.16388932970792572,-0.029852719257904354
2022-02-24,1.636999994516373,0.039000004529953,31.020000457763672,-0.00449292010057778,0.0010402133676730497,0.30116374616108177,-0.02443986166425754
2022-02-25,1.6859999895095825,0.015999943017959595,30.31999969482422,-0.05131412505093624,0.008269667444654717,0.2827737088180925,-0.0235004890060872
2022-02-28,1.6879999339580536,0.06599989533424333,27.59000015258789,-0.09511314005575411,0.006541790432174836,0.324943748326405,-0.01366780815947564
2022-03-01,1.5509999990463261,-0.05799995362758592,30.149999618530277,0.09002168419574796,0.006847879274982275,0.37830900617169605,-0.013091259805754457
2022-03-02,1.3940000236034393,-0.21499992907047272,33.31999969482422,0.34192508244885156,0.013227498871477273,0.44149975694856824,-0.023242311844358054
2022-03-03,1.5400000214576721,-0.05699993669986725,30.739999771118164,0.39981789857421335,0.013126090263242055,0.5123336461799899,-0.0208392530296744
2022-03-04,1.5089999735355377,-0.07200005650520325,30.479999542236328,0.37980983846509986,0.015457850926147796,0.43788815023676897,-0.028253088128096935
2022-03-07,1.418999969959259,-0.21500004827976227,31.979999542236328,0.3133469832129041,0.0233832695726459,0.47346739624691636,-0.0400853253191446
2022-03-08,1.4460000395774841,-0.2609999030828478,36.45000076293945,0.5697675211375226,0.0348431754657757,0.5008255447760322,-0.04861634218486993
2022-03-09,1.5119999647140503,-0.20100004971027374,35.130001068115234,0.5367454125179474,0.028568993594470946,0.556024770967243,-0.0476646503108587
2022-03-10,1.5779999494552612,-0.10100004076957703,32.45000076293945,0.5135261172868144,0.019792400829358722,0.41651954159469906,-0.04167105186994923
2022-03-11,1.650999903678894,-0.008000105619430764,30.229999542236328,0.5145291046507583,0.02248210916084739,0.39687164592461505,-0.050098973285929486
2022-03-14,1.6389999389648438,-0.02199995517730713,30.75,0.2860727811057773,0.02606313421187655,0.43550098968521644,-0.055629906457326704
2022-03-15,1.7620001137256622,0.14500007033348106,31.770000457763672,0.1611842013535485,0.026079050460504904,0.3739788400563121,-0.07137100374498319
2022-03-16,1.7120000720024109,0.07600003480911255,29.82999992370605,0.052947405719716345,0.031061887018709676,0.28699109843935927,-0.06315673619364337
2022-03-17,1.754999965429306,0.1099998950958252,26.670000076293945,0.03774316282329737,0.018569372630424342,0.2935917571965975,-0.048302606921554254
2022-03-18,1.8319998979568481,0.15799996256828308,25.670000076293945,0.05681346680742361,0.015008495594555468,0.4116504271883239,-0.039733808671816424
2022-03-21,1.7650000154972076,0.1380000114440918,23.8700008392334,-0.1508359900055204,0.01787234796810285,0.3867304589042209,-0.04177779700750079
2022-03-22,1.8600000441074371,0.24599999189376787,23.530000686645508,-0.15207204732808977,0.024875351348710377,0.4324033677835166,-0.05600543518063738
2022-03-23,1.8529999256134033,0.23499998450279236,22.940000534057617,-0.20374866507109657,0.025398530349770656,0.41513050058567613,-0.053743240421482416
2022-03-24,1.841000109910965,0.20400011539459206,23.56999969482422,-0.24016765483557145,0.02598889446819992,0.4192638750416768,-0.05795050176981609
2022-03-25,1.8580000698566437,0.17200008034706116,21.670000076293945,-0.28529022775705615,0.026567068375185455,0.3910597625645564,-0.055415252112591316
2022-03-28,1.9720001220703125,0.2840001881122589,20.809999465942383,-0.24574123411193805,0.029580027487692163,0.39724616859388856,-0.06103678382913031
2022-03-29,1.9689999818801884,0.4179999828338623,19.6299991607666,-0.34892207598231784,0.031992835764232466,0.3193861402204566,-0.054325453155699005
2022-03-30,1.8450000882148747,0.4510000646114354,18.899999618530277,-0.43277311549717334,0.0281360690143087,0.3264117236578395,-0.04182822516167929
2022-03-31,1.8330000638961792,0.2930000424385071,19.32999992370605,-0.37117761653766845,0.015977282216846713,0.3486777248884784,-0.04439154115535461
2022-04-01,1.8339999020099644,0.3249999284744267,20.559999465942383,-0.3254593249762927,0.020761245784866243,0.2642907455740441,-0.04549754980595123
2022-04-04,1.877000093460083,0.458000123500824,19.6299991607666,-0.3861788792447901,0.02505001957296738,0.24305949810567154,-0.03781703919300011
2022-04-05,1.8739999532699585,0.42799991369247437,18.56999969482422,-0.4905349984599926,0.028069840183556762,0.26218999585444214,-0.030397019452619054
2022-04-06,1.8880000114440918,0.3760000467300415,21.030000686645508,-0.4013663521993798,0.0382199417848645,0.25639932333740356,-0.04088141223882789
2022-04-07,1.945999979972839,0.3680000305175777,22.100000381469727,-0.31895223846312726,0.036918152149756744,0.20708794564472394,-0.04957988160838158
2022-04-08,1.9919999241828918,0.3410000205039978,21.549999237060547,-0.2871320025343824,0.042285023848087334,0.16749909265045668,-0.05583253007290811
2022-04-11,2.0450000762939458,0.406000137329102,21.15999984741211,-0.31186992366139477,0.04929132229561252,0.17312323105537752,-0.06354080522895621
2022-04-12,2.099999964237213,0.3379998505115509,24.3700008392334,-0.2329241269092247,0.052806015804163,0.13819352359059317,-0.06682747869972831
2022-04-13,1.9869999289512634,0.27499985694885254,24.26000022888184,-0.18672476396480664,0.05240125138449544,0.18248060364177776,-0.05827339552260544
2022-04-14,1.9470000267028809,0.19200006127357483,21.81999969482422,-0.18185228224954997,0.04243767388780846,0.19909452994315158,-0.04742248912565217
2022-04-18,2.0800000429153442,0.2480001449584961,22.700000762939453,-0.11569923274356608,0.04913409742937781,0.20691317470916878,-0.05319584420766984
2022-04-19,2.10699999332428,0.34199997782707214,22.170000076293945,-0.07121913293548299,0.05130374948836742,0.21931572529253662,-0.0529461475015919
2022-04-20,2.080000102519989,0.22000005841255188,21.3700008392334,-0.0917976958937371,0.05413325351632089,0.18615101613648954,-0.05393774018233512
2022-04-21,2.044999897480011,0.19199997186660767,20.31999969482422,-0.1142110191036676,0.045548102993766215,0.20973029269460688,-0.049764286370844825
2022-04-22,2.1170000433921814,0.27599993348121643,22.68000030517578,-0.03775983882782463,0.04712625830077732,0.19268437047614864,-0.05370561501300543
2022-04-25,2.125999927520752,0.2679998576641083,28.209999084472656,0.3017996762876429,0.04785702395293777,0.15573583031403615,-0.05632973059619635
2022-04-26,2.0279999971389775,0.055999875068664995,27.020000457763672,0.298414279249962,0.045130997382943065,0.1290472770166587,-0.04353949403913506
2022-04-27,1.9390000700950623,-0.029999911785126177,33.52000045776367,0.7075905191457292,0.05041912041918636,0.15819026669065508,-0.05227532374744808
2022-04-28,2.0100000500679016,0.1649999618530269,31.600000381469727,0.6719577258873533,0.06428596411494591,0.14612891343621176,-0.05743135380939597
2022-04-29,2.0779998898506165,0.24499982595443726,29.989999771118164,0.5514743864193623,0.07232793242916229,0.17777613481571952,-0.055843698569380595
2022-05-02,2.0790000557899475,0.24500015377998308,33.400001525878906,0.6245137350906051,0.07061753287466606,0.17071659760636604,-0.06977920306704999
2022-05-03,2.231000065803528,0.3539999723434448,32.34000015258789,0.6474784276722776,0.08401886425722302,0.15277292899914544,-0.06071929418177842
2022-05-04,2.065000057220459,0.1910001039505005,29.25,0.5751211890516339,0.08036489078538299,0.1038319482924869,-0.05155977199277896
2022-05-05,2.084000051021576,0.19600003957748413,25.420000076293945,0.2087493697723073,0.07266183195428927,0.16600057758580755,-0.040721988091469784
2022-05-06,2.263000011444092,0.3170000314712529,31.200000762939453,0.41176471603592546,0.0813930229024441,0.19186259951003953,-0.05755487119723516
2022-05-09,2.307999908924103,0.31599998474121094,30.190000534057617,0.40092814862556714,0.08209484049878299,0.20236245754600554,-0.06845780249124399
2022-05-10,2.278999984264374,0.23399990797042802,34.75,0.6422495392527123,0.08137015097810574,0.13712694082606725,-0.06578938274182233
2022-05-11,2.115000009536743,0.01500004529953003,32.9900016784668,0.3537136045295497,0.07844015791316258,0.06909315489213395,-0.056572290544738994
2022-05-12,2.037999987602234,0.05100005865097046,32.560001373291016,0.34212700190035106,0.07475255726543661,0.10199218513276705,-0.06085282274879691
2022-05-13,1.9119999408721924,-0.03500008583068848,31.770000457763672,0.45600370770397536,0.08828674567423256,0.1421155779091699,-0.06293873032134846
2022-05-16,1.9919999241828918,-0.08800011873245239,28.8700008392334,0.27180616162653304,0.08854277939652165,0.16525375693550023,-0.06731557060730592
2022-05-17,1.8970000743865967,-0.2099999189376831,27.46999931335449,0.239061759982931,0.08395346202401928,0.21877477439724294,-0.06453041598747765
2022-05-18,1.9299999475479124,-0.15000015497207664,26.100000381469727,0.22133829464117172,0.07345326505357233,0.21043551280630088,-0.06689145067019779
2022-05-19,1.8829998970031738,-0.16200000047683716,30.959999084472656,0.5236220250711219,0.07790165174893199,0.17116040593637774,-0.07285131550307632
2022-05-20,1.8550000190734863,-0.26200002431869507,29.350000381469727,0.2940917101650917,0.06568142427983766,0.19749718082409276,-0.06434798308827551
2022-05-23,1.8089999556541443,-0.31699997186660767,29.43000030517578,0.04324712018068233,0.06003102367569292,0.19886681167110232,-0.07212344930936081
2022-05-24,1.8659999966621394,-0.16200000047683805,28.479999542236328,0.05403401405395436,0.054971049981026206,0.18579121318797637,-0.07384494629586053
2022-05-25,1.7170000076293945,-0.22200006246566772,29.450000762939453,-0.12142003697024273,0.05188252718637884,0.13695996132467742,-0.0685873698828652
2022-05-26,1.7040001153945923,-0.3059999346733093,28.3700008392334,-0.10221517415330172,0.046631939336878564,0.06477418675800106,-0.0507511027141857
2022-05-27,1.7280000448226929,-0.3499998450279236,27.5,-0.08302766889368751,0.04458124445903819,0.031067503217991094,-0.039345299891225774
2022-05-31,1.718000054359436,-0.3610000014305115,25.71999931335449,-0.22994017549890877,0.03890992459092482,0.06646965936182697,-0.02744644103487217
2022-06-01,1.8140001296997066,-0.41699993610382124,26.190000534057617,-0.19016696318840742,0.03094057638647843,-0.008769338966380788,-0.0295672943318298
2022-06-02,1.8279999494552612,-0.23700010776519775,25.690000534057617,-0.12170938345102167,0.032305644010876225,-0.03528874919552261,-0.024512263191797286
2022-06-03,1.8000000715255737,-0.2839999794960022,24.71999931335449,-0.027537402078619988,0.026989629703987744,-0.05679702528156696,-0.016788643817109813
2022-06-06,1.8220000267028809,-0.44099998474121094,24.790000915527344,-0.20544870803420467,0.04168309342734139,0.08943871604618116,-0.0325683634645363
2022-06-07,1.8780001401901245,-0.42999976873397827,25.06999969482422,-0.1695926051229273,0.03911919761086731,0.11128523667873698,-0.03167120492802314
2022-06-08,1.7469998598098755,-0.5320001244544983,24.020000457763672,-0.30877696524421083,0.031773889257472675,0.08819213201930177,-0.022103902859035022
2022-06-09,1.7960000038146973,-0.3190000057220459,23.959999084472656,-0.2737193735848821,0.03452727276968515,0.17009619120961517,-0.018772707834682878
2022-06-10,1.8059998750686646,-0.23200011253356934,26.09000015258789,-0.19871010281991175,0.04103597664227451,0.23107550287296055,-0.03427292758286562
2022-06-13,1.8679999113082884,-0.04400002956390403,27.75,-0.12653447906329196,0.05699467890866268,0.23876166666403364,-0.06537411293413146
2022-06-14,1.8679999113082888,-0.12400001287460305,34.02000045776367,0.17838584928378642,0.0696524461655441,0.1606770411048451,-0.10622858397242896
2022-06-15,1.7400000095367434,-0.1570000648498533,32.689998626708984,0.19002546209809346,0.07158877473481666,0.127435998576314,-0.10296140612381595
2022-06-16,1.6999999284744263,-0.2300000190734861,29.6200008392334,0.13486591595082031,0.06542648650780343,0.02805438181708436,-0.07213498346085838
2022-06-17,1.8239998817443848,-0.05900001525878906,32.95000076293945,0.06427654190289811,0.050871838200601205,0.05085023262913772,-0.09326231571466541
2022-06-21,1.7290000915527344,-0.12599992752075195,31.1299991607666,0.06064731707535809,0.059824980082719616,-0.047850927924845944,-0.08697561267014793
2022-06-22,1.8189998865127563,0.00999993085861206,30.190000534057617,0.025823996636118896,0.055616372883296926,-0.015157874218642757,-0.08972853385586807
2022-06-23,1.6109999418258667,-0.25500005483627275,28.950000762939453,0.016502852115784172,0.05311331053298084,-0.07009091844311248,-0.082769954741174
2022-06-24,1.508000135421753,-0.2089998722076416,29.049999237060547,-0.013582394414817012,0.05248850230035601,-0.016077999156682246,-0.08188295896188309
2022-06-27,1.5269999504089355,-0.17700016498565674,27.229999542236328,-0.040183336738592645,0.05717535929123597,0.03191061725918084,-0.08706243610620044
2022-06-28,1.5609999895095825,-0.16700005531311035,26.950000762939453,-0.01999997225674721,0.06099150138254535,0.01610044443898535,-0.09018834947885014
2022-06-29,1.468000054359436,-0.25,28.36000061035156,0.10264391008853235,0.06115705450177321,0.10838747294600655,-0.09760488147104543
2022-06-30,1.3879998922348022,-0.42600023746490434,28.15999984741211,0.07521952169465185,0.06363197952347882,0.10063497521676719,-0.09902495063265827
2022-07-01,1.3719998598098755,-0.45600008964538574,28.709999084472656,0.11755541018426152,0.055984812300151524,0.023728661583196343,-0.1071047223986549
2022-07-05,1.2859998941421513,-0.5140001773834224,26.700000762939453,0.08009714824366143,0.055436686149774414,0.06152423576995127,-0.08456845137064761
2022-07-06,1.1790000200271606,-0.6430000066757202,27.540000915527344,0.11093182325287954,0.06698283587899678,0.03341644991175744,-0.07763101282047122
2022-07-07,1.0730000734329224,-0.8050000667572021,26.729999542236328,0.06621459384201045,0.0710959074364948,0.025700428007035245,-0.07981780805400031
2022-07-08,1.154999852180481,-0.5920000076293945,26.07999992370605,0.08576184124411834,0.07087481074047079,0.04448717142432587,-0.05756292304429919
2022-07-11,1.2580000162124634,-0.5379999876022339,24.63999938964844,0.028380648211980164,0.06845236407422121,0.1055832070363489,-0.04988368992834176
2022-07-12,1.0379999876022343,-0.7679998874664302,26.170000076293945,0.0030663059884312727,0.07425036585886441,0.03410363184737599,-0.06313345282455207
2022-07-13,0.8450000286102295,-1.0229998826980589,27.290000915527344,-0.016576543584600256,0.07880972457844979,-0.08411176452242937,-0.06507296887120916
2022-07-14,0.5810000896453857,-1.286999821662903,26.81999969482422,-0.21164023121864328,0.0733957058269707,-0.10489305649978795,-0.059435963393713785
2022-07-15,0.687000036239624,-1.0529999732971194,26.399999618530277,-0.19241355987820496,0.0741788659302904,-0.1220198929533048,-0.05969076802847704
2022-07-18,0.690000057220459,-1.0099998712539673,24.229999542236328,-0.18197167941527215,0.06796221609817339,-0.04967297773978479,-0.04615384753434975
2022-07-19,0.7000000476837158,-1.123999834060669,25.299999237060547,-0.23216999540962846,0.06721824440294802,-0.0014609355117890042,-0.0589884739515537
2022-07-20,0.5690000057220459,-1.1600000858306885,24.5,-0.21297781366863788,0.058880253225702416,0.0041344253956648695,-0.038960851869821934
2022-07-21,0.6579999923706055,-1.1609998941421509,23.8799991607666,-0.2090096476206632,0.05627985790619475,0.0018597611165000942,-0.028576522803207525
2022-07-22,0.5500001907348633,-1.0609997510910034,23.11000061035156,-0.20172711567123724,0.04946856895683662,-0.022475187383196066,-0.025235801947135445
2022-07-25,0.4279999732971187,-1.0800001621246342,23.030000686645508,-0.2072288712054431,0.04239260958941578,-0.07131330508056158,-0.020637948442668464
2022-07-26,0.4270000457763672,-1.0999999046325684,23.36000061035156,-0.1421226219957158,0.033713801782587684,-0.0535554686898959,-0.015977801357152085
2022-07-27,0.312000036239624,-1.2489999532699585,24.690000534057617,-0.08385900426354331,0.03387259558692994,-0.1037166847634768,-0.028576751981569344
2022-07-28,0.35100007057189897,-1.116999983787537,23.239999771118164,-0.18053599185624014,0.033334808275222935,-0.0736157987118405,-0.005229968232949711
2022-07-29,0.372999906539917,-1.0149999856948853,22.32999992370605,-0.2070312484125184,0.024847778967440743,-0.08686444113443642,0.0048917549940637964
2022-08-01,0.34399986267089844,-1.027999997138977,21.32999992370605,-0.25705327050177296,0.02321353960152603,-0.03771029120050811,0.0026098178416465753
2022-08-02,0.3409998416900635,-0.9450000524520878,22.84000015258789,-0.14456930711812488,0.027496451581385396,-0.1382465181358266,-0.007203787918810894
2022-08-03,0.27799987792968706,-0.9010001420974736,23.93000030517578,-0.13108208025934398,0.023716506509724705,-0.13678286537575604,0.006073647337243706
2022-08-04,0.31999993324279785,-0.7530001401901245,21.950000762939453,-0.1788252473309606,0.027122549422047382,-0.19127095121111856,0.02045864284751003
2022-08-05,0.2980000972747803,-0.8569997549057007,21.440000534057617,-0.17791408754686355,0.019490450517701267,-0.15214791994060958,0.03376377183458304
2022-08-08,0.42999982833862305,-0.8280001878738403,21.149999618530277,-0.14163960460909564,0.02564978241259618,-0.11401857581474574,0.02293682862023732
2022-08-09,0.30500006675720215,-0.7329999208450322,21.290000915527344,-0.186473028144434,0.024633933417395976,-0.15248080367104982,0.029809151300066103
2022-08-10,0.22699999809265137,-0.6180000305175781,21.770000457763672,-0.20227190445504628,0.014392865289635763,-0.1593148811884379,0.022746124321794854
2022-08-11,0.25099992752075195,-0.3300001621246338,19.739999771118164,-0.263982103067375,0.006102225327870967,-0.1838975785956141,0.03642536305651566
2022-08-12,0.39800000190734863,-0.2890000343322754,20.200000762939453,-0.23484844489312107,0.00860091217379854,-0.19104603146107574,0.03212352875417741
2022-08-15,0.3489999771118164,-0.3410000801086426,19.530000686645508,-0.19397436831965498,0.021724349893761836,-0.19929763106838538,0.04194365035088502
2022-08-16,0.27799987792968794,-0.4220001697540279,19.950000762939453,-0.21146239665826483,0.026052105499053697,-0.2035135223530081,0.04842339717051466
2022-08-17,0.2259998321533203,-0.3430001735687256,19.690000534057617,-0.19632650881397484,0.03613813332403679,-0.25988094700635667,0.03702946591511113
2022-08-18,0.3249998092651367,-0.33300018310546875,19.899999618530277,-0.16666665335462927,0.03261778905917064,-0.2508351371671885,0.02730136237417692
2022-08-19,0.315000057220459,-0.2350001335144043,19.559999465942383,-0.15361319994163225,0.05154797744646274,-0.1977634179132662,0.024930453668671824
2022-08-22,0.4090001583099365,-0.018999814987182173,20.600000381469727,-0.10551455634931328,0.06010471926611153,-0.1900584395620215,0.008741527650044262
2022-08-23,0.38899993896484375,-0.03800010681152344,23.799999237060547,0.018835557158076943,0.06624566891803726,-0.20111388815778417,-0.01766660628920627
2022-08-24,0.3509998321533203,0.03899979591369629,24.11000061035156,-0.023491288422857748,0.06455080372779336,-0.19646260880418132,-0.028981216886447468
2022-08-25,0.3929998874664302,0.04199981689453125,22.81999969482422,-0.018072292617485552,0.06667553108888244,-0.192822316629813,-0.03669589986790196
2022-08-26,0.2960000038146977,-0.07699990272521928,21.780000686645508,-0.024630507789507483,0.06395482398325351,-0.21463362100226815,-0.018668868348649
2022-08-29,0.2799999713897705,-0.06399989128112793,25.559999465942383,0.19831221553522527,0.059160848193966706,-0.21394604436078654,-0.03157671935777412
2022-08-30,0.3119997978210449,-0.029000043869018555,26.209999084472656,0.14754811336999607,0.06716354804997464,-0.18624814145232158,-0.03958219971118904
2022-08-31,0.2369999885559082,-0.04099988937377885,26.209999084472656,0.09527784163060526,0.06289111499921864,-0.26016263117331917,-0.03981744332292425
2022-09-01,0.27300000190734863,-0.04699993133544922,25.8700008392334,0.17858769658507279,0.05931448088824227,-0.28011579798965147,-0.037772806612942154
2022-09-02,0.40200018882751465,0.10400009155273438,25.559999465942383,0.19216412449897624,0.0695530733925449,-0.3211476908235778,-0.0374369466092854
2022-09-06,0.3730001449584961,-0.05699968338012695,25.46999931335449,0.2042553084038501,0.06594549790669049,-0.34050950295432436,-0.02950823774141393
2022-09-07,0.4949998855590825,0.18999981880188033,26.90999984741211,0.2639736350497739,0.06552498384952603,-0.3354687569291056,-0.02417735144539381
2022-09-08,0.3320000171661377,0.10500001907348633,24.63999938964844,0.1318327455919397,0.05319254576155397,-0.3870722299976695,0.0073302608861597245
2022-09-09,0.34200000762939453,0.09100008010864258,23.61000061035156,0.19604867700635142,0.04311853024174481,-0.3698862982925793,0.04573493994070155
2022-09-12,0.3530001640319824,-0.04499983787536621,22.790000915527344,0.12821782449333918,0.03244740563332986,-0.31504366910024695,0.043154861593242125
2022-09-13,0.36700010299682617,0.018000125885009766,23.8700008392334,0.22222222222222232,0.02969910617419247,-0.2727904622567835,0.026936126175333676
2022-09-14,0.2689998149871826,-0.009000062942505327,27.270000457763672,0.36691726390418866,0.0580158223794633,-0.2977389908320783,0.019914116438208188
2022-09-15,0.2839999198913574,0.05800008773803711,26.15999984741211,0.32859315072965045,0.04628561464217478,-0.21369574639708908,0.018282475289520504
2022-09-16,0.36400008201599166,0.039000272750854936,26.270000457763672,0.32010055082120914,0.04950114495745207,-0.2625450626382914,0.012622063076336197
2022-09-19,0.37800002098083496,0.06299996376037598,26.299999237060547,0.34458077480287064,0.051984083408553004,-0.22128542074648236,0.016267158177695255
2022-09-20,0.4549999237060547,0.045999765396118164,25.76000022888184,0.25048542484754877,0.0495969187507837,-0.19578079475916557,0.012894953816979174
2022-09-21,0.3280000686645508,-0.06099987030029297,27.15999984741211,0.14117650075885235,0.056262200673896944,-0.24244692246543642,-0.00444918903285516
2022-09-22,0.31999993324279785,-0.03099989891052246,27.989999771118164,0.16092903619010035,0.06246784877104191,-0.2784461273780421,-0.001289342432220753
2022-09-23,0.5779998302459717,0.18499994277954146,27.350000381469727,0.1985101116225234,0.06339559895307573,-0.291626895443906,0.003761851995026231
2022-09-26,0.5889999866485596,0.29299998283386186,29.920000076293945,0.3737373339312844,0.07406041757137509,-0.332327093616793,-0.007556152246943515
2022-09-27,0.7130000591278072,0.43300008773803667,32.2599983215332,0.262128286212145,0.08607161784325633,-0.3211403302659373,-0.01886719666633334
2022-09-28,0.71399998664856,0.4020001888275151,32.599998474121094,0.24380006153582823,0.08187011120921804,-0.3230061815102237,-0.030466858199225604
2022-09-29,0.4749999046325688,0.2379999160766606,30.18000030517578,0.1514689568629186,0.055696717004787594,-0.19161078110696822,-0.01182364217036163
2022-09-30,0.5290000438690186,0.2560000419616699,31.84000015258789,0.23076919674083007,0.04696556341589609,-0.1930763795560913,-0.017464775770223456
2022-10-03,0.623999834060669,0.2219996452331543,31.6200008392334,0.23708926055987245,0.04552672615677059,-0.25647301919460186,-0.03824280770102562
2022-10-04,0.500999927520752,0.12799978256225586,30.100000381469727,0.1817825360398666,0.04334192549186331,-0.22555608167226457,-0.026023610752809765
2022-10-05,0.3020000457763672,-0.1929998397827153,29.06999969482422,0.08026755331326507,0.018800160174958325,-0.18488031205988498,0.0009085864457330983
2022-10-06,0.4660000801086426,0.13400006294250488,28.549999237060547,0.1586850626731242,0.027381467940227205,-0.08807425584777416,-0.007064188471329237
2022-10-07,0.5379998683929448,0.19599986076355025,30.520000457763672,0.2926725823286296,0.039056848873806366,-0.0850309643910299,-0.009002401886379286
2022-10-10,0.5899999141693115,0.2369997501373291,31.36000061035156,0.37604209524121956,0.03849758904835945,-0.03333287493333717,-0.019391140698364222
2022-10-11,0.6029999256134033,0.23599982261657715,32.45000076293945,0.3594469887744507,0.04593937869749422,-0.06848796325904112,-0.04433111937280169
2022-10-12,0.5989999771118164,0.3300001621246338,33.630001068115234,0.23322334079906093,0.0530520003636265,-0.13827669333666592,-0.03153176243392411
2022-10-13,0.36899995803833097,0.08500003814697354,33.56999969482422,0.28325687655327525,0.06038197009479256,-0.17749733848466856,-0.043007581052794536
2022-10-14,0.3689999580383305,0.004999876022338867,31.940000534057617,0.21583555300693824,0.04813177191612283,-0.13764704206799397,-0.045121320687012835
2022-10-17,0.382000207901001,0.004000186920166016,32.02000045776367,0.21749054702035142,0.058140010566678196,-0.11818527313970517,-0.06009107219003112
2022-10-18,0.3269999027252197,-0.12800002098083496,31.3700008392334,0.2177795248643548,0.04855364618489002,-0.10266554846355608,-0.046560736115902196
2022-10-19,0.16499996185302734,-0.16300010681152344,30.5,0.12297496949014652,0.05170168236488689,-0.15494379646760886,-0.03927998891189042
2022-10-20,0.2339999675750728,-0.08599996566772505,30.76000022888184,0.09896393284797145,0.05260785812988688,-0.10456534245414431,-0.041878864548525366
2022-10-21,0.3359997272491455,-0.24200010299682617,29.979999542236328,0.09616084548753756,0.058649920541657484,-0.12327307682843516,-0.0583792955411485
2022-10-24,0.3279998302459717,-0.2610001564025879,29.690000534057617,-0.007687150456211378,0.05185264479689486,-0.12547427526327665,-0.059000581125378385
2022-10-25,0.32100009918212935,-0.3919999599456778,29.850000381469727,-0.07470545770161519,0.05591429550337456,-0.15357625495299962,-0.06125606913913789
2022-10-26,0.14299988746643022,-0.5710000991821298,28.459999084472656,-0.1269938522523214,0.05084274388844587,-0.09571498774343493,-0.05196081261427727
2022-10-27,0.08499979972839355,-0.39000010490417525,27.280000686645508,-0.09609011229973152,0.03204867384152875,-0.07143929020491363,-0.044602260604161136
2022-10-28,0.006999969482421875,-0.5220000743865967,27.38999938964844,-0.1397613298245466,0.0375907384612845,-0.017581422962246435,-0.04600689114476103
2022-10-31,0.040000200271606445,-0.5839996337890625,25.75,-0.18564202034903277,0.04604247961057179,-0.00725461559387248,-0.04101194695863503
2022-11-01,0.10200023651123091,-0.39899969100952104,25.8799991607666,-0.14019937432628926,0.045022464906288674,-0.028257586459367594,-0.05103762166671331
2022-11-02,0.0019998550415039062,-0.3000001907348633,25.809999465942383,-0.11214311190592352,0.046263763679763426,-0.026686106838384183,-0.04593677768930962
2022-11-03,0.03399991989135742,-0.43200016021728516,25.86000061035156,-0.0942206199157134,0.04575477191533423,-0.005540180375615356,-0.04762995398242457
2022-11-04,0.0989999771118164,-0.4389998912811284,25.299999237060547,-0.17103542406321504,0.07090488914341901,-0.04176067286370257,-0.06963801665311802
2022-11-07,0.14300012588500977,-0.44699978828430176,24.549999237060547,-0.21715565180962126,0.053631419640689654,-0.018508105265175344,-0.05702031027654562
2022-11-08,0.23100018501281783,-0.3719997406005855,24.350000381469727,-0.24961479787453777,0.04162830938296706,-0.003262950761489519,-0.06606460300403226
2022-11-09,0.03599977493286133,-0.5630002021789551,25.540000915527344,-0.2405590215772565,0.028405477487271274,-0.005607910383841632,-0.0652504196122194
2022-11-10,0.05800008773803711,-0.31099987030029386,26.09000015258789,-0.22281798064447367,0.03732294975920166,-0.008122543447732337,-0.07256330956184606
2022-11-11,-0.22599983215331987,-0.5949997901916504,23.530000686645508,-0.26330618994337607,0.015271731753656781,-0.018788493716382908,-0.03152366688427612
2022-11-14,-0.2500002384185791,-0.6320004463195801,22.520000457763672,-0.2966895647778356,-0.011133598821414493,-0.01716303049505765,-0.029570392733437863
2022-11-15,-0.20299983024597168,-0.5299997329711914,23.729999542236328,-0.24354482284367618,-0.01405780720775655,-0.05549424088593873,-0.026770899970888988
2022-11-16,-0.3310000896453862,-0.49600005149841353,24.540000915527344,-0.19540980604828384,-0.02460092938406742,-0.03737386888834133,-0.00664324082643295
2022-11-17,-0.4330000877380371,-0.6670000553131099,24.11000061035156,-0.21618984294695553,-0.02177846848696771,-0.0909565585988031,-0.01128638285641417
2022-11-18,-0.33799982070922807,-0.6739995479583736,23.93000030517578,-0.20180117843354883,-0.01848033127962111,-0.15039898908795588,-0.016776259625852434
2022-11-21,-0.317000150680542,-0.6449999809265137,23.1200008392334,-0.22128661423524476,-0.01429923068341533,-0.14439864320762572,-0.02400354213321828
2022-11-22,-0.27300000190734863,-0.594000101089478,22.36000061035156,-0.2509212621574306,-0.008862749265819377,-0.15459845156357446,-0.007793759696670469
2022-11-23,-0.440000057220459,-0.5829999446868892,21.290000915527344,-0.25193248066044927,-0.014996070483898026,-0.18098244556956658,0.003289748735009606
2022-11-25,-0.493999719619751,-0.5789995193481445,20.350000381469727,-0.2540322628572459,-0.02504198654445377,-0.16192851969023817,0.01660368583145527
2022-11-28,-0.48400020599365234,-0.4910001754760742,20.5,-0.2515516445119891,-0.02553011028855663,-0.16038639785624131,0.020091619824655457
2022-11-29,-0.48000001907348633,-0.5200002193450928,22.209999084472656,-0.13747576370979975,-0.027824525506090967,-0.11449785948681494,0.006864823316854264
2022-11-30,-0.5049998760223389,-0.6070001125335698,21.88999938964844,-0.1541731028015988,-0.025053301136026628,-0.10514317136275245,0.01183937280794268
2022-12-01,-0.5499997138977051,-0.551999568939209,20.57999992370605,-0.20263462419430056,-0.03942037248578071,-0.07564967706262597,0.029448299139232994
2022-12-02,-0.6639997959136963,-0.6979997158050537,19.84000015258789,-0.2327919688970892,-0.047639086281043984,-0.00882576462603332,0.018810136143081007
2022-12-05,-0.7020001411437988,-0.8010001182556152,19.059999465942383,-0.24664031459643443,-0.0481750574203234,-0.043548924637344215,0.013636263608886328
2022-12-06,-0.5590000152587891,-0.7020001411437988,20.75,-0.15478612444615025,-0.034629425665183275,-0.1205954967671473,9.686698365219671e-05
2022-12-07,-0.7069997787475586,-0.9379999637603764,22.170000076293945,-0.08952773186955487,-0.025713164121751605,-0.16739589267088645,-0.006547333848127169
2022-12-08,-0.7750000953674321,-0.8109998703002934,22.68000030517578,-0.11198122583514836,-0.04393039570730174,-0.1926599479336892,0.021950524922496533
2022-12-09,-0.6590001583099365,-0.7170002460479736,22.290000915527344,-0.1456496441102405,-0.04561726404713462,-0.21363873593053292,0.021271119503862995
2022-12-12,-0.6059999465942383,-0.3800001144409184,22.82999992370605,-0.029749287824574644,-0.04596474827609347,-0.18086553740140576,0.02760705740183809
2022-12-13,-0.5570001602172856,-0.3069999217987065,25.0,0.11012431135992085,-0.04309852997815534,-0.15115906878892174,0.028088880012518625
2022-12-14,-0.7470002174377441,-0.5440003871917725,22.549999237060547,-0.04972609894389313,-0.05391530692455538,-0.12852822972002187,0.03462354556774743
2022-12-15,-0.7169997692108154,-0.38599967956542924,21.13999938964844,-0.1385493642637804,-0.060301500262803856,-0.08872443300853407,0.039214357591514204
2022-12-16,-0.7629997730255127,-0.3299996852874756,22.82999992370605,-0.05309003128336476,-0.0565206358733151,-0.08593781395541197,0.03842363025542866
2022-12-19,-0.6809999942779541,-0.34300017356872603,22.6200008392334,-0.05474297740226297,-0.06157929127107698,-0.11675047313183579,0.03908039604401056
2022-12-20,-0.5820000171661377,-0.2649998664855957,22.420000076293945,-0.03027684850908785,-0.07777771095495352,-0.046132982525648465,0.046784668919705584
2022-12-21,-0.5460000038146973,-0.27300000190734863,21.479999542236328,-0.039356039539097054,-0.09297283576406247,-0.008115263976514665,0.05607559277307363
2022-12-22,-0.5209999084472656,-0.08099985122680664,20.06999969482422,-0.05730395341661765,-0.0912346871766296,-0.002678732174487858,0.06665631062991272
2022-12-23,-0.5390002727508545,-0.045000553131103516,21.96999931335449,0.0796068256273792,-0.07532470874051034,-0.05839799484954167,0.042778636647710325
2022-12-27,-0.4419999122619629,0.04200029373168945,20.8700008392334,0.01804882142601949,-0.0733613153397784,-0.020773255089722078,0.05477323497484263
2022-12-28,-0.33500027656555176,0.14499974250793457,21.649999618530277,-0.025213844620726844,-0.07344957554703666,0.000503092909262471,0.04897980109798041
2022-12-29,-0.45099973678588867,0.054000139236450195,22.13999938964844,0.011420740382396932,-0.06746001924990762,-0.057460891020965715,0.022420253793811504
2022-12-30,-0.46000003814697266,0.08999967575073242,21.440000534057617,0.041788173641387205,-0.05826530657380699,-0.09855161546624425,0.013971287524627687
2023-01-03,-0.381000280380249,0.28299951553344727,21.670000076293945,0.09223789867095111,-0.07039583210671481,-0.0893344488535593,0.01873896347615024
2023-01-04,-0.46200013160705566,0.24000000953674316,22.899999618530277,0.20146905877145738,-0.07143922000857265,-0.13954146466539014,0.023647459945756424
2023-01-05,-0.6909999847412109,-0.13199996948242188,22.01000022888184,0.06072290259671509,-0.0788245054396377,-0.24045580265293148,0.0473693218151625
2023-01-06,-0.7780001163482666,-0.07100033760070801,22.459999084472656,0.013080694956280281,-0.07428474580982365,-0.21269139252897007,0.05763418175511854
2023-01-09,-0.9240000247955322,-0.14899992942810014,21.1299991607666,-0.06834220121484991,-0.08609647903560844,-0.19160912513708234,0.06868415146185418
2023-01-10,-0.9659998416900635,-0.30699968338012695,21.96999931335449,-0.014356284837563238,-0.0954866840396357,-0.1564641883685112,0.07057484192102471
2023-01-11,-0.9440000057220459,-0.3380000591278076,20.57999992370605,-0.09855453383789381,-0.08465165350962488,-0.1707846970114452,0.06715387649658629
2023-01-12,-1.000999927520752,-0.44399976730346635,21.09000015258789,-0.1563999938964844,-0.0935554310592668,-0.10068608735925322,0.07694738710496332
2023-01-13,-1.0260000228881836,-0.27899980545043945,18.82999992370605,-0.16496671570794286,-0.09143516364042949,-0.08635205908840356,0.07034343914590933
2023-01-17,-0.9769999980926514,-0.26000022888183594,18.350000381469727,-0.13197725112257497,-0.09272724006920656,-0.03639446515476878,0.06332278188886618
2023-01-18,-0.9579999446868896,-0.19500017166137695,19.36000061035156,-0.15199296210909485,-0.09842179598407262,-0.06482692498992035,0.06957295898006909
2023-01-19,-1.1550002098083496,-0.4740002155303955,20.34000015258789,-0.10079578258418742,-0.09782926595830158,-0.07860929019150563,0.07630635000736992
2023-01-20,-1.128000020980835,-0.5460000038146973,20.520000457763672,-0.08474574540877278,-0.0930273203808903,-0.0570961817439176,0.06084021952955158
2023-01-23,-1.0540001392364506,-0.5080001354217534,19.850000381469727,-0.07588450630836929,-0.09333869388360207,-0.039428873499290876,0.06212163380720306
2023-01-24,-1.0099997520446773,-0.48899984359741167,19.809999465942383,-0.012954670295729276,-0.08273520662903829,-0.044334526397807404,0.052386458494419925
2023-01-25,-1.1039998531341557,-0.5649995803833012,19.200000762939453,-0.12608095753245152,-0.07356116560381512,-0.09266332400716724,0.05031573297884252
2023-01-26,-1.0830001831054683,-0.6410002708435054,19.07999992370605,-0.08576908689731988,-0.08439248352604746,-0.10563496485098607,0.042858696462747856
2023-01-27,-1.0500001907348633,-0.7149999141693115,18.729999542236328,-0.13487298511519208,-0.08314986544180705,-0.08162719183803098,0.037673792124180386
2023-01-30,-1.0299999713897705,-0.5790002346038818,18.51000022888184,-0.16395660618056784,-0.09000729588708471,-0.08247254340500502,0.04979559252541646
2023-01-31,-0.9839997291564941,-0.5239996910095215,19.940000534057617,-0.06996268482443546,-0.08613109423810549,-0.12610660414602784,0.038268413119886956
2023-02-01,-1.0410001277923584,-0.6599998474121094,19.399999618530277,-0.10475313566089706,-0.08672566977425426,-0.13200870809619944,0.05517463038004426
2023-02-02,-1.122999906539917,-0.6609997749328613,17.8700008392334,-0.21965060537497527,-0.10947178259209123,-0.14315312274504474,0.07278198624977995
2023-02-03,-1.1140003204345703,-0.4230003356933594,18.729999542236328,-0.1490232009330671,-0.08592968634812685,-0.1992440249023121,0.07161509033902876
2023-02-06,-0.9909996986389165,-0.21299958229064986,18.32999992370605,-0.18388242783241304,-0.06761873559362962,-0.22371569096472887,0.06120499139172473
2023-02-07,-0.8989999294281006,0.02500009536743164,19.43000030517578,-0.08045427937107141,-0.056289476780518474,-0.18207417912297566,0.05573104692760324
2023-02-08,-0.8960001468658452,0.0699996948242183,18.65999984741211,-0.15065997129687625,-0.06657287656841539,-0.10674667219580887,0.07130076281819162
2023-02-09,-0.931999921798706,0.012000083923339844,19.6299991607666,-0.046161358914542316,-0.04537207051252684,-0.09708114539372466,0.03643279813398762
2023-02-10,-0.929999828338623,0.0710000991821289,20.709999084472656,-0.01801806853323351,-0.029308571612167697,-0.130709089734376,0.026453163779359568
2023-02-13,-0.8910002708435059,0.13499975204467773,20.530000686645508,0.09028150662917622,-0.02881940281448599,-0.07431404601276699,0.026141849150461804
2023-02-14,-0.9279999732971191,0.04900002479553223,20.34000015258789,0.10844685175743729,-0.029084319884922678,-0.08121303673032004,0.01992188176303366
2023-02-15,-0.8989999294281006,0.05900001525878906,18.90999984741211,-0.023243840328126875,-0.02911756840941389,-0.07936138411875147,0.022337520059639036
2023-02-16,-0.8340001106262207,0.3210000991821289,18.229999542236328,-0.1037365090719089,-0.026306101344052132,-0.03807491218507854,0.025047127915873223
2023-02-17,-0.8220000267028809,0.3059999942779541,20.170000076293945,-0.01705654842406712,-0.0291305733296936,-0.020054956950155252,0.0148432074917814
2023-02-21,-0.8519997596740723,0.20200037956237837,20.020000457763672,0.00856423541697482,-0.037604768912418186,-0.04344896927213321,0.01914461734266693
2023-02-22,-0.7330002784729,0.27699947357177734,22.8700008392334,0.15446751417393068,-0.028762634538065542,-0.06099520385682179,-0.0036502535999460945
2023-02-23,-0.7720000743865971,0.3319997787475586,22.290000915527344,0.16093750155220432,-0.014145633946402803,-0.052550183345784464,-0.0027376175467822956
2023-02-24,-0.8110001087188721,0.27200007438659624,21.13999938964844,0.10796642946433832,-0.012918118720488068,-0.011736132601604709,0.009092084731870355
2023-02-27,-0.754000186920166,0.29600000381469727,21.670000076293945,0.1569674642771821,-0.013875358056186676,-0.011982406761867601,0.013630007863817909
2023-02-28,-0.7430000305175781,0.2869999408721924,20.950000762939453,0.13182066471562703,-0.020332645681511597,-0.03275567975015625,0.0160470660193679
2023-03-01,-0.7940001487731934,0.18999958038330078,20.700000762939453,0.038114353486789154,-0.01024574187388929,-0.0444235461358625,-0.0007437691642487301
2023-03-02,-0.7309999465942383,0.3100001811981201,20.57999992370605,0.06082475919477215,-0.002389944180236428,-0.04443495690043628,-0.007278877511418858
2023-03-03,-0.6500000953674316,0.47299981117248535,19.59000015258789,0.09625065655163545,0.004580556948160693,-0.023018590802298792,-0.005267612699501004
2023-03-06,-0.7539999485015865,0.36000037193298384,18.489999771118164,-0.012813656005541407,-0.007340048029168701,0.03512269566858868,0.014530882110666762
2023-03-07,-0.7450001239776616,0.24599957466125488,18.61000061035156,0.015275542160989586,-0.011718357837779482,0.08032237746016856,0.01814538365507142
2023-03-08,-0.8699998855590825,0.02900004386901811,19.59000015258789,0.008234680643288028,0.004935509918608984,0.07450465768744703,0.005543311881864888
2023-03-09,-0.9069998264312744,-0.010999679565429243,19.11000061035156,0.024115796710569626,0.0084589870716505,0.0702422679396878,1.4480984371791433e-05
2023-03-10,-0.9230000972747803,0.008999824523925781,22.61000061035156,0.1518085367798141,0.004759194321015503,0.06408086221489882,-0.00555377519038164
2023-03-13,-1.1080000400543213,-0.17800021171569824,24.799999237060547,0.19748915178148763,-0.00524530719352598,0.04685544628603127,-0.009274463606170553
2023-03-14,-1.1429998874664307,-0.2519996166229248,26.520000457763672,0.2917681232721332,-0.0036612901431636088,-0.007856706348356472,-0.025036711247560423
2023-03-15,-1.0419998168945312,-0.11399984359741211,23.729999542236328,0.16666663540890503,-0.0016395641706145093,-0.0801181521482777,-0.012141522411312935
2023-03-16,-1.065999984741211,-0.16700005531311035,26.13999938964844,0.3823373665032461,0.0008604175061579211,-0.1184237601685145,-0.011629369575893058
2023-03-17,-0.945000171661377,-0.11100006103515625,22.989999771118164,0.2611080827431502,-0.0026778782819242217,-0.08333482464194227,0.00024287341095928635
2023-03-20,-0.8980002403259277,-0.07600021362304688,25.51000022888184,0.26474963472429835,-0.009691599484593957,-0.11921383454478199,-0.0006296003951712068
2023-03-21,-0.9840002059936523,-0.13200044631958008,24.149999618530277,0.2062936596569862,-0.006658673011765011,-0.11771728705292542,-0.0007960535387553468
2023-03-22,-0.999000072479248,-0.2659997940063481,21.3799991607666,-0.06515092364625996,-0.008678113479375906,-0.1215421532487639,0.0016038728866804694
2023-03-23,-1.063000202178955,-0.29100012779235795,22.26000022888184,-0.0013459257699988125,-0.020118696214899447,-0.08887841314839139,0.00873061071044301
2023-03-24,-1.0969998836517334,-0.28599977493286133,22.61000061035156,0.06953648359247011,-0.01721178450639961,-0.12858778623545664,0.0022480205606099516
2023-03-27,-1.122999668121338,-0.3689994812011719,21.739999771118164,0.003230258171563083,-0.010226789980612137,-0.13826672380216468,0.010616816863447037
2023-03-28,-1.0550000667572021,-0.312000036239624,20.600000381469727,-0.016706461514258142,-0.015435367963191813,-0.08108810865497666,0.02170734725334476
2023-03-29,-1.063999891281128,-0.26999974250793457,19.96999931335449,-0.035265769211561215,-0.01367157626112975,-0.06862856754251859,0.00830347470351739
2023-03-30,-1.064000129699707,-0.33300018310546875,19.1200008392334,-0.07094261855612949,-0.00853708396386145,-0.09522297694878391,0.019947891993687385
2023-03-31,-1.113999843597412,-0.46399974822998047,19.020000457763672,-0.02909646199001792,-0.02303399329093085,-0.03384324979124646,0.02395218609865395
2023-04-03,-1.0910000801086426,-0.3370001316070561,18.700000762939453,0.011357544316972668,-0.016831485044360966,0.03811655192520523,0.02327466399854728
2023-04-04,-1.1400001049041748,-0.39499998092651323,18.549999237060547,-0.0032241467664239076,-0.028486497400986802,0.08766724286057895,0.024515600996348544
2023-04-05,-1.3910002708435054,-0.5210003852844229,19.0,-0.030117414394708386,-0.02229129129907566,0.08991037260205538,0.0074501894922685405
2023-04-06,-1.4179999828338623,-0.5110001564025879,19.07999992370605,-0.0015698945937896447,-0.01122786053845003,0.07708018452652823,-0.0017388994628628252
2023-04-10,-1.4219999313354492,-0.49899983406066895,18.399999618530277,-0.18620083494795714,-0.013849808681543936,0.07165166599722012,0.00386800312266845
2023-04-11,-1.4229998588562007,-0.31499981880187944,18.96999931335449,-0.23508064931686934,-0.005928972975813839,0.029655296638677033,-0.003650117443244759
2023-04-12,-1.446000099182129,-0.30300021171569824,19.100000381469727,-0.27978883665975796,-0.0004891470139513462,0.03927467528783694,-0.00713920328257524
2023-04-13,-1.439000129699707,-0.3970003128051758,19.09000015258789,-0.1955330585400914,-0.006872849427117764,0.04169315814632858,-0.007405905993076797
2023-04-14,-1.4030001163482662,-0.3370001316070552,17.799999237060547,-0.31905127572002057,-0.01356950263588325,0.024394499172706342,0.002777557703233152
2023-04-17,-1.3809998035430917,-0.43599963188171476,17.06999969482422,-0.2575032681701508,-0.007944699176213049,0.0375351876029874,-0.0002581381347265597
2023-04-18,-1.3319997787475586,-0.43399953842163086,16.950000762939453,-0.3355546604915727,0.00039185851113344083,0.006205033419031152,0.0029837832210946585
2023-04-19,-1.4580001831054688,-0.4739999771118164,16.829999923706055,-0.30310558221324324,-0.002552044313105997,-0.005549708432966127,0.0016780561178780086
2023-04-20,-1.3929998874664302,-0.3939998149871822,16.459999084472656,-0.23012162158183802,-0.0016657508965279494,-0.03060319663202143,-0.00219168157694832
2023-04-21,-1.4000000953674316,-0.33699989318847656,17.170000076293945,-0.22866128033474753,-0.0007852555685356346,-0.03608568854926993,-0.003783557932965197
2023-04-24,-1.3799998760223389,-0.28299999237060547,16.770000457763672,-0.25829279057666876,0.0017693930300510814,-0.028859093233082347,-0.0005809247122777056
2023-04-25,-1.3580000400543213,-0.2350003719329834,16.889999389648438,-0.22309109625258627,-0.004823060447240681,-0.028167349318143343,-0.000274673767660334
2023-04-26,-1.5570001602172852,-0.502000093460083,18.76000022888184,-0.08932039410266313,-0.0006869787257737791,-0.03330452127618035,0.001144099001968448
2023-04-27,-1.5530002117156982,-0.4890003204345703,18.84000015258789,-0.056584837236871466,-0.007950938166891684,-0.047314979667195826,0.0028039303123661924
2023-04-28,-1.4719998836517334,-0.40799975395202637,17.030000686645508,-0.10930962661357746,-0.0058939117438324825,-0.053517951072192656,-0.0016183704765991213
2023-05-01,-1.470999956130981,-0.3570001125335689,15.779999732971191,-0.1703470371616086,0.004435878431453875,0.004830548087369561,-0.007813919747871592
2023-05-02,-1.2909998893737793,-0.19999980926513672,16.079999923706055,-0.14010699103423785,0.003923511878556661,-0.002903441263355573,-0.018124311958090927
2023-05-03,-1.6010000705718994,-0.4609999656677246,17.780000686645508,-0.04150935752475282,-0.009371399093860018,-0.02385491525966113,-0.008514935653615788
2023-05-04,-1.6919996738433838,-0.3009994029998784,18.34000015258789,-0.0347368340743216,-0.022249223982031364,-0.07725797171031268,-0.002615929471755095
2023-05-05,-1.7039997577667236,-0.28599977493286133,20.09000015258789,0.05293502268975159,-0.019821952135067922,-0.11791270618807641,-0.00912100867959522
2023-05-08,-1.6339998245239258,-0.21199989318847656,17.190000534057617,-0.06576082117165338,-0.021504147455385876,-0.09525927309812539,0.00045380806029084875
2023-05-09,-1.5620002746582031,-0.1390004158020024,16.979999542236328,-0.10490246932783187,-0.018085428057875746,-0.06482885689761342,0.004122038831719306
2023-05-10,-1.6020002365112305,-0.15600013732910156,17.709999084472656,-0.07277493556207515,-0.01938968424546055,-0.07838204787644566,0.009296388665920384
2023-05-11,-1.626000165939331,-0.18700003623962402,16.940000534057617,-0.11262438980330824,-0.018259503552752254,-0.09936132543177488,0.01279244529733764
2023-05-12,-1.617999792098999,-0.21499967575073287,16.93000030517578,-0.048876346582834795,-0.011398689281930082,-0.10935977541073777,0.010920385682895582
2023-05-15,-1.5649998188018803,-0.18400001525878862,17.030000686645508,-0.0023432342644293946,-0.0120039957674502,-0.115177897791288,0.008899892094486408
2023-05-16,-1.4920001029968262,-0.16000032424926758,17.1200008392334,0.010029502574751659,-0.013864202865046145,-0.09874321844349841,0.0166770416335345
2023-05-17,-1.5090000629425053,-0.05099987983703658,17.989999771118164,0.06892453075880178,-0.012595874925152153,-0.07449089129522904,0.005766627658278602
2023-05-18,-1.5069997310638428,-0.11399984359741255,16.8700008392334,0.02490897798089864,-0.01255694145399743,-0.044708455196215,0.024013685959885914
2023-05-19,-1.4769999980926514,-0.07699990272521973,16.049999237060547,-0.06523010100505167,-0.009703631078792128,-0.028669357709960746,0.018036689250151696
2023-05-22,-1.3930001258850098,-0.013000249862670898,16.809999465942383,0.0023851524798375046,-0.013474713566904554,-0.05227808347312866,0.009283713730382571
2023-05-23,-1.3759996891021729,-0.017999649047851562,17.209999084472656,0.01894610458188306,-0.019289520642126707,-0.05840783233417451,0.019770608900541504
2023-05-24,-1.4549999237060556,0.10200023651122958,18.530000686645508,-0.012260103381141585,-0.011337557335017508,-0.037288074729928136,0.007805236189335221
2023-05-25,-1.4659998416900635,0.08700037002563477,20.030000686645508,0.06316350978872776,-0.009388872829202484,-0.03580548576614563,0.002643932386767426
2023-05-26,-1.3490002155303955,0.12299966812133789,19.13999938964844,0.12389892060647667,-0.002587612439107879,-0.07842433880908989,0.0048036050586793165
2023-05-30,-1.304999828338623,0.16600012779235795,17.950000762939453,0.13751591043656353,-0.007837926793332319,-0.07282943515683582,0.00968291572511863
2023-05-31,-1.443000078201294,-0.15200018882751465,17.459999084472656,0.085820843738446,-0.0033542461159967677,-0.1372675829710735,0.0037733101933691074
2023-06-01,-1.6110000610351562,-0.009999990463256836,17.940000534057617,0.008998866211084255,-0.0002875236475465759,-0.16692984943146957,0.0006749311105896345
2023-06-02,-1.59500002861023,0.09699964523315385,15.649999618530272,-0.1466739646497791,-0.01969664197462428,-0.10138691334059934,0.013781367878099917
2023-06-05,-1.5240001678466797,0.17999958992004395,14.600000381469728,-0.2732702702548745,-0.015643270322618,-0.06633166539646693,0.0236187967452096
2023-06-06,-1.4500000476837158,0.18399977684020996,14.729999542236328,-0.14310651049413425,-0.0125174590680901,-0.04829503609381697,0.028381763970749912
2023-06-07,-1.4590001106262207,0.10300016403198242,13.960000038146973,-0.17785627712046514,-0.004312254103302825,-0.06659247983056625,0.029854918347087686
2023-06-08,-1.3689999580383314,0.23300027847289906,13.9399995803833,-0.21287406544220122,0.004814645866282836,-0.0308176732343313,0.02980796347438573
2023-06-09,-1.3859999179840083,0.2400002479553227,13.649999618530272,-0.1942149239554537,-0.002512827675265589,-0.0005609439883029914,0.028889571284194445
2023-06-12,-1.3499999046325684,0.26799988746643066,13.829999923706056,-0.18310693004075163,-0.01047033216425424,0.0371649330395251,0.032425280452193665
2023-06-13,-1.3299996852874756,0.23500013351440474,15.010000228881836,-0.1186142323146061,-0.0075943737545366985,-0.01815943776604691,0.024829127234128175
2023-06-14,-1.2609999179840083,0.23100018501281783,14.609999656677246,-0.14661221142022707,-0.003574046352323325,0.03937054274218842,0.03201324402378985
2023-06-15,-1.2839999198913579,0.22500014305114746,13.880000114440918,-0.22846023952015815,-0.0026176430853404238,0.009270867251907216,0.03514425801163122
2023-06-16,-1.3269999027252197,0.17999982833862305,14.5,-0.14048611270496503,-0.011101480870467013,0.01843569002753911,0.029074216790940924
2023-06-20,-1.2960000038146973,0.1809999942779541,13.539999961853027,-0.1563862551103279,-0.0004885944098227824,0.012335413653641929,0.02559531097482322
2023-06-21,-1.3459997177124023,0.04700040817260742,13.880000114440918,-0.17430097826223856,9.754850785872874e-05,0.007689072754261737,0.026847787815060586
2023-06-22,-1.412000179290771,-0.03600049018859819,13.199999809265137,-0.2330040376832706,-0.010234535840206364,0.04613268272708577,0.026337839108328463
2023-06-23,-1.3360002040863042,0.11899971961975142,12.90999984741211,-0.3032919930371999,-0.004579800654900051,-0.04638261703032386,0.02583073135421312
2023-06-26,-1.3989999294281006,0.06699991226196289,13.4399995803833,-0.32900653421624304,0.004578016240956444,-0.05677266551023277,0.024624875782663626
2023-06-27,-1.436000108718872,-0.08699989318847656,14.25,-0.25548586967526854,0.00048705062387729986,-0.05059387751592972,0.012704172076331975
2023-06-28,-1.411999940872192,-0.10700011253356889,13.739999771118164,-0.23454043525800206,0.003420796756304042,-0.09396653680596005,0.01016246937954761
2023-06-29,-1.4600000381469727,-0.01699995994567871,13.43000030517578,-0.23081322970290374,0.003894479799004055,-0.08419210212030073,0.005139561121000797
2023-06-30,-1.321000099182129,0.28999996185302734,13.539999961853027,-0.2452620089866525,0.012169746112014492,-0.140769630585012,0.0032377599025435956
2023-07-03,-1.3339998722076425,0.26100015640258745,13.59000015258789,-0.1316293620546325,0.01290978637803261,-0.13326592433746828,0.01097687389151648
2023-07-05,-1.2869999408721928,0.23700022697448686,13.56999969482422,-0.07054799039271131,0.011130747704408826,-0.14413197271979292,0.015029213883857695
2023-07-06,-1.247999906539917,0.20200014114379883,14.18000030517578,-0.03733871379177567,0.015108265673809863,-0.11699333411857549,0.007520544016918019
2023-07-07,-1.1719999313354492,0.2870001792907715,15.4399995803833,0.10601715889628194,0.005735095553208808,-0.10488679660549209,0.0011637426471439029
2023-07-10,-1.1629996299743652,0.20600032806396618,14.829999923706056,0.06384507676565399,0.0006846940847350307,-0.09879961801433312,-2.5420929788080777e-05
2023-07-11,-1.2189998626708984,0.1670000553131099,15.06999969482422,0.10402931252585956,0.0046198658654908525,-0.131645851228073,0.0052389402222240145
2023-07-12,-1.2630000114440918,0.08699989318847656,14.84000015258789,0.07302966265029331,0.007102734814323355,-0.09344971163140708,0.0038287647248335843
2023-07-13,-1.3689999580383305,-0.039000272750854936,13.539999961853027,-0.09793472648989532,-0.010194638798456267,-0.08560220313332942,0.013429528654381406
2023-07-14,-1.4620001316070557,-0.20100021362304732,13.609999656677246,-0.06844627128673253,-0.023085206946982687,-0.049972385292804115,0.022055783701176685
2023-07-17,-1.3960001468658447,-0.11200022697448686,13.34000015258789,-0.03890489606633396,-0.018249006923695386,-0.06964680420876997,0.014093080884712192
2023-07-18,-1.435999870300293,-0.10899996757507324,13.479999542236328,-0.07034485915611532,-0.021109796405997486,-0.06538107783426993,0.019957059157731792
2023-07-19,-1.4590001106262207,-0.16300010681152344,13.300000190734863,-0.017725241639167555,-0.01883288794493211,-0.020126148574654213,0.023679968554848378
2023-07-20,-1.5029997825622559,-0.15700006484985352,13.760000228881836,-0.008645524824904882,-0.015240284359835802,-0.03289690003831513,0.02140354714133643
2023-07-21,-1.3889999389648438,0.02300024032592729,13.989999771118164,0.05984848282334987,-0.004648193412035542,-0.04055228734231784,0.014226650299982848
2023-07-24,-1.411000251770019,-0.07500004768371493,13.600000381469728,0.05344698235576928,-0.0077859843814003125,0.0,0.018347564924631864
2023-07-25,-1.392999887466431,0.006000041961669478,13.90999984741211,0.03497025905527629,-0.001183342478709278,0.058040265588240866,0.02049162343693092
2023-07-26,-1.3529999256134038,0.0830001831054683,13.859999656677246,-0.027368445145456444,-0.0014789406393723704,0.06310786061567995,0.01648962899430459
2023-07-27,-1.4170000553131104,-0.005000114440918413,13.1899995803833,-0.040029126630043876,-0.0077014479066718254,0.02571496837373113,0.01621637560835666
2023-07-28,-1.25600004196167,0.20399999618530273,14.40999984741211,0.07297092479280498,-0.003727003982914078,0.056901289003595465,0.012831437617992417
2023-07-31,-1.2860000133514404,0.03500008583068848,13.329999923706056,-0.015509604042733827,-0.003340177335082226,0.1173177395058788,0.019494635764425387
2023-08-01,-1.2890000343322754,0.0449998378753671,13.630000114440918,0.0029433378516490194,0.005118163537618623,0.17598476842754684,0.022417106269859616
2023-08-02,-1.2090001106262207,0.07799983024597212,13.93000030517578,0.026529153901813762,0.008836596583836804,0.17129744978305184,0.020408332391405017
2023-08-03,-1.1820001602172852,0.06599974632263184,16.09000015258789,0.13469674233469164,0.013542869248076907,0.10817407211325734,0.010755269540732828
2023-08-04,-1.0689997673034668,0.10300016403198242,15.920000076293944,0.031088115865008703,0.01147575879511238,0.10856749291011158,0.010339645140542517
2023-08-07,-1.1929998397827148,-0.03000020980834961,17.100000381469727,0.1530681368470561,0.003731687143187894,0.11653111165208269,0.018802515086726868
2023-08-08,-1.1820001602172852,0.03699970245361328,15.770000457763672,0.04644995203150981,0.005601151349552297,0.12157352975361563,0.014642709250361449
2023-08-09,-1.249000072479248,0.01399993896484375,15.989999771118164,0.07749323495321736,0.004594575061644428,0.15702901390801668,0.018384943631129868
2023-08-10,-1.2680001258850098,0.10099983215332076,15.960000038146973,0.178729695946229,-0.0018521469748802066,0.18650089919190152,0.02214029427930813
2023-08-11,-1.188000202178955,0.2739999294281006,15.850000381469728,0.1645849214767252,0.0008782273238846312,0.15244159195398393,0.022142701958403926
2023-08-14,-1.0969996452331543,0.29900050163269043,14.84000015258789,0.1124437768247708,0.002726377420215279,0.16042106959233735,0.027686709043740466
2023-08-15,-1.0859999656677246,0.34999990463256836,14.81999969482422,0.09940654288520756,0.0030087389945918064,0.12479154063550278,0.02484948627253179
2023-08-16,-1.059000015258789,0.40000009536743164,16.459999084472656,0.23759389837747014,-0.003578539966118385,0.11960587370543312,0.021097132828086295
2023-08-17,-1.0269999504089355,0.4759998321533203,16.780000686645508,0.21947677380301056,0.002129525786875236,0.10384986409993016,0.016929910903524626
2023-08-18,-0.9699997901916513,0.41900014877319247,17.889999389648438,0.2787705276866179,0.0023229345895847547,0.11036259194026561,0.008314219135835733
2023-08-21,-1.0269999504089364,0.38400030136108265,17.299999237060547,0.272058731750636,-0.0010634758381139853,0.10830496716370273,0.014235531216438415
2023-08-22,-0.9380002021789551,0.45499968528747603,17.1299991607666,0.23148809120609437,-0.005404873260742349,0.08233727556056078,0.021004544431725704
2023-08-23,-0.9670000076293945,0.38599991798400923,16.969999313354492,0.22438670517419257,-0.006256953910391154,0.11208983161490486,0.02222319996733337
2023-08-24,-1.0970001220703125,0.31999993324279785,15.979999542236328,0.2115238855657302,-0.008190039279532421,0.08212584993855668,0.024189035919271313
2023-08-25,-1.0679998397827148,0.18800020217895508,17.200000762939453,0.1936156103449509,-0.0018255571788094982,0.12932956812560564,0.014372442463227855
2023-08-28,-1.0760002136230469,0.20999979972839355,15.68000030517578,0.17629410314477845,-0.0023032434559497566,0.15906909088312374,0.021634526739924474
2023-08-29,-1.1110000610351562,0.17799997329711914,15.079999923706056,0.10638296383643242,0.004816501092095565,0.13335306275126899,0.019392016940796227
2023-08-30,-1.1979999542236328,0.01100015640258789,14.449999809265137,0.0373294682481915,-0.004528538759986468,0.12337411775297089,0.020539781690670614
2023-08-31,-1.1970000267028809,-0.014999866485595703,13.880000114440918,-0.13735239385883535,-0.008109682628913865,0.1234495014479582,0.020947075876637036
2023-09-01,-1.2049999237060547,-0.1360001564025879,13.56999969482422,-0.14761308858088806,-0.004909704272397531,0.1533538322246282,0.01867350088355445
2023-09-05,-1.0950002670288086,0.09799957275390625,13.09000015258789,-0.23450293213017936,0.0013439513600994985,0.1651007834654141,0.026061698800382473
2023-09-06,-1.0099997520446786,0.17200040817260653,14.010000228881836,-0.11160432325893666,0.014124676466891195,0.19558248707120474,0.01320182475973563
2023-09-07,-1.010000228881836,0.2389998435974121,14.449999809265137,-0.0963101928640826,0.012475001656482403,0.22117499905149254,0.01051710219697299
2023-09-08,-1.0229997634887695,0.24500036239624023,14.399999618530272,-0.097744386960404,0.013704755595215458,0.2579306768095599,0.014943291938805869
2023-09-11,-1.0350003242492676,0.1529998779296875,13.84000015258789,-0.12681389151458533,0.01679260360858545,0.23157811290184419,0.013336087035221511
2023-09-12,-1.005000114440918,0.09199953079223633,13.800000190734863,-0.07008085924255636,0.015030609058419676,0.2457655369768432,0.014675293697732883
2023-09-13,-1.0409998893737793,0.04500007629394531,14.229999542236328,-0.0398110772427307,0.025045996286998388,0.22952352841217352,0.008265146219920512
2023-09-14,-1.055999755859375,0.0030002593994140625,13.479999542236328,-0.18104493973195146,0.023857736534856996,0.20962260854667764,0.013473679099035924
2023-09-15,-1.0069999694824219,0.019999980926513672,12.81999969482422,-0.2359952818698562,0.027604567724627608,0.2459732005311917,0.017348553005245328
2023-09-18,-0.9759998321533203,-0.006000041961669034,13.789999961853027,-0.229178287740343,0.03134448230496388,0.22432854501068128,0.016150042878085788
2023-09-19,-0.9810004234313965,0.04599952697753995,14.0,-0.19075140939840018,0.027074225668825776,0.2746497480052983,0.019775533561196046
2023-09-20,-0.945000171661377,-0.006999969482421875,14.109999656677246,-0.17629887052219828,0.02210561362574545,0.27663214985167683,0.018442034891488455
2023-09-21,-0.9660000801086426,0.0009999275207519531,15.140000343322754,-0.10783730371701461,0.023768269701115743,0.2634614014375988,0.01709655655039886
2023-09-22,-0.8249998092651367,0.2720003128051758,17.540000915527344,0.09762211626901585,0.027617851227871023,0.2806039198851477,0.006585642258847855
2023-09-25,-0.866999626159668,0.20100021362304688,17.200000762939453,0.0,0.02561412130473368,0.25795328017330243,0.0025867347201855664
2023-09-26,-0.7710003852844238,0.30499982833862305,16.899999618530273,0.07780607714349252,0.02541460669051103,0.2497545340513783,0.003908065072912164
2023-09-27,-0.7669997215270996,0.34400033950805664,18.940000534057617,0.2559682115305295,0.031751730958985154,0.24653708740250244,-0.005238530662253096
2023-09-28,-0.7039999961853027,0.4939999580383301,18.21999931335449,0.2608996231039451,0.035108064076195676,0.29439397639972537,-0.00503000711853272
2023-09-29,-0.7109999656677246,0.48600006103515625,17.34000015258789,0.2492795395979246,0.027197615335677328,0.24488621124675597,0.002811535986115882
2023-10-02,-0.7270002365112305,0.4779996871948242,17.520000457763672,0.29108333469204384,0.028663470414693096,0.23466463890990838,0.008613291469368031
2023-10-03,-0.6319999694824219,0.4630002975463867,17.610000610351562,0.34530178801182587,0.04427749031119518,0.18444042874002084,0.0015779251436555076
2023-10-04,-0.5380001068115234,0.4719996452331552,19.780000686645508,0.4118487054603128,0.04815017011457319,0.200894927337091,-0.013623838392171458
2023-10-05,-0.5999999046325684,0.4100003242492676,18.57999992370605,0.28581316048134586,0.048635677296486275,0.11821353866620699,-0.013883831921030942
2023-10-06,-0.6079998016357422,0.41499996185302734,18.489999771118164,0.2840277958983264,0.05619080360377183,0.08305413293396008,-0.020661658551491442
2023-10-09,-0.564000129699707,0.47100019454956055,17.450000762939453,0.2608381915137872,0.06094888677592537,0.07393147110303783,-0.025250825324235296
2023-10-10,-0.5510001182556152,0.45399999618530273,17.700000762939453,0.2826087332102356,0.05992372629961663,0.1356836681839448,-0.010552741254077102
2023-10-11,-0.6679997444152832,0.3730001449584961,17.030000686645508,0.196767479584131,0.058265182466146516,0.14790832322331476,-0.01268824569434397
2023-10-12,-0.7400002479553223,0.31599950790405273,16.09000015258789,0.19362022989494587,0.057169504247293404,0.09728839422976757,-0.01561209225742132
2023-10-13,-0.6230001449584961,0.3839998245239258,16.690000534057617,0.3018721475317836,0.06083578225210123,0.09561182147586621,-0.02174918753201313
2023-10-16,-0.6989998817443848,0.27699995040893555,19.31999969482422,0.4010152101717699,0.055620794794275535,0.1479549020806956,-0.01819376892569693
2023-10-17,-0.6160001754760742,0.36500024795532227,17.209999084472656,0.22928564889090408,0.049887322553410926,0.11727836273994142,-0.020992691827361853
2023-10-18,-0.4930000305175781,0.45200014114379883,17.8799991607666,0.26718636398444473,0.0472149499620565,0.09584120018471134,-0.023952289955627218
2023-10-19,-0.42600011825561435,0.5399999618530282,19.21999931335449,0.2694847343138371,0.05022218552677713,0.10357570729589044,-0.02813414220769399
2023-10-20,-0.32200002670288086,0.5029997825622559,21.399999618530277,0.2200683296194048,0.051763999433911786,0.12612594407833672,-0.03573176395978418
2023-10-23,-0.37600040435791016,0.4909992218017578,21.709999084472656,0.26220919310950386,0.04223209230173662,0.102672471744862,-0.02566467675592489
2023-10-24,-0.4550004005432129,0.31599998474121094,20.3700008392334,0.2053255206525797,0.0378496434586643,0.05914888256342804,-0.027366180757142936
2023-10-25,-0.4679999351501465,0.2989997863769531,18.96999931335449,0.0015838848178979514,0.042383666347358476,0.023439454164468056,-0.024642659988883323
2023-10-26,-0.3619999885559082,0.34200000762939453,20.190000534057617,0.10812301289491266,0.040516921375297894,0.048222302308904605,-0.025066574373348856
2023-10-27,-0.4550004005432129,0.2559995651245117,20.68000030517578,0.19261823086486052,0.03834307101461525,0.045736321198909545,-0.0173217123723744
2023-10-30,-0.46000003814697266,0.2670001983642578,21.270000457763672,0.21404109029793172,0.03845520859693984,0.04776774701273234,-0.015335908812698485
2023-10-31,-0.4380002021789551,0.1939997673034668,19.75,0.12152182370683717,0.039401715561271554,-0.00617699710917467,-0.020970758627676132
2023-11-01,-0.44500017166137695,0.09299993515014648,18.13999938964844,-0.08291209504882957,0.04418332034648858,-0.011291305572623296,-0.020222969121243124
2023-11-02,-0.5110001564025879,0.08899974822998047,16.8700008392334,-0.09203439674350489,0.04155125731433859,-0.030364670230294315,-0.012873487788501595
2023-11-03,-0.6009998321533203,0.006999969482421875,15.65999984741211,-0.15305570355531228,0.03480534315122492,-0.023254103504975587,-0.0018168533879559996
2023-11-06,-0.6949996948242188,-0.13099956512451172,14.90999984741211,-0.1455587853567223,0.02409290749331785,-0.028288147586996083,0.008172734387755261
2023-11-07,-0.5980000495910636,-0.04699993133544833,14.890000343322754,-0.15875707901099778,0.022879061116185456,-0.028902721768814105,0.005602264096077607
2023-11-08,-0.7019996643066406,-0.03399991989135742,14.8100004196167,-0.13035820185078895,0.022518063865264556,-0.06432037994613804,0.005871088789011199
2023-11-09,-0.7450003623962402,-0.005000114440917969,14.449999809265137,-0.10192668289434281,0.022797896428759616,-0.07244717773971188,0.009623294950916976
2023-11-10,-0.6329998970031738,-0.009999752044677734,15.289999961853027,-0.08388259600997305,0.023791362170096537,-0.04694001848562731,0.006489684927199612
2023-11-13,-0.6220002174377441,0.07699966430664062,14.170000076293944,-0.26656313146371047,0.02312571412973997,-0.040879026005521894,0.015540701639779924
2023-11-14,-0.6280002593994141,-0.012000083923339844,14.760000228881836,-0.14235903462663624,0.021814933195477355,-0.03749417713099928,0.01392033843809399
2023-11-15,-0.8119997978210449,-0.3189997673034668,14.15999984741211,-0.20805366263758807,0.0075202704025067535,-0.03094974708919072,0.024274700651866436
2023-11-16,-0.7200002670288086,-0.29400014877319425,14.18000030517578,-0.2622268047989369,0.007982748264830484,-0.047011965469912195,0.020519056107960912
2023-11-17,-0.7979998588562012,-0.4759998321533203,14.31999969482422,-0.3308411238276602,0.009724258208383447,-0.07896580942452064,0.013797508843480326
2023-11-20,-0.7919998168945312,-0.4159994125366211,13.800000190734863,-0.3643481910321752,-0.001539977780372433,-0.04079568688765298,0.02157611895112875
2023-11-21,-0.8159999847412109,-0.36099958419799805,13.40999984741211,-0.34167897423038207,-0.005878124382499815,-0.02833198906884695,0.018481924644789063
2023-11-22,-0.8369998931884766,-0.3689999580383301,13.350000381469728,-0.2962572027047148,-0.004526867682581105,-0.029520125482679422,0.016071349002797324
2023-11-24,-0.8489999771118164,-0.4869999885559082,12.850000381469728,-0.36354630799570153,0.0035667374295572534,-0.051319299301332805,0.011548270375470503
2023-11-27,-0.7809996604919434,-0.32599925994873047,12.460000038146973,-0.3974855002768791,0.0023237603189192233,-0.07753447841246107,0.010879912062214173
2023-11-28,-0.8689999580383301,-0.4089999198913574,12.6899995803833,-0.4033850819334901,-0.004061564416769168,-0.1107825639218441,0.013009563991819262
2023-11-29,-0.9240002632141113,-0.48600006103515625,12.6899995803833,-0.3574683756767949,-0.014397058946860242,-0.11298741042384498,0.015513422372124922
2023-11-30,-0.9689998626708984,-0.5239996910095215,12.979999542236328,-0.28445424592222746,-0.019655714915994677,-0.10742621502163868,0.027482030460987232
2023-12-01,-0.8859996795654288,-0.3749995231628409,12.920000076293944,-0.23414348348775482,-0.01305452025959576,-0.14188896832980882,0.028051302127083184
2023-12-04,-0.9890003204345703,-0.38800048828125,12.630000114440918,-0.19348657487196042,-0.01718470711067152,-0.15940219198388286,0.03294205589867212
2023-12-05,-0.934999942779541,-0.24000024795532227,13.079999923706056,-0.12273641465017726,-0.0138937412253829,-0.18074584813769692,0.03084084950634501
2023-12-06,-1.0720000267028809,-0.4739999771118173,12.850000381469728,-0.1370046954208325,-0.004985118522742675,-0.18813520737147676,0.030023364236730854
2023-12-07,-1.1220002174377441,-0.4200005531311035,12.970000267028809,-0.12424038490577649,-0.005362433198151464,-0.24723835585073914,0.03176128016147954
2023-12-08,-1.1039996147155762,-0.35899925231933594,13.0600004196167,-0.0961937306571582,-0.01180941900787907,-0.24420658981689627,0.030796969078503062
2023-12-11,-0.9879999160766602,-0.35500001907348633,12.350000381469728,-0.1922825106421383,-0.013370474104927447,-0.23567178523106688,0.027619269642883366
2023-12-12,-0.9939999580383301,-0.37199974060058594,12.630000114440918,-0.10868030723792355,-0.011651370767398833,-0.24115200883970714,0.030704500707391235
2023-12-13,-1.0420002937316895,-0.4140000343322754,12.06999969482422,-0.1822493558498678,-0.012723127612288939,-0.2876821002516437,0.03227485986973732
2023-12-14,-1.190000057220459,-0.37800025939941406,12.1899995803833,-0.1391243141424784,-0.02239718945202267,-0.27215984134158056,0.05051104838952035
2023-12-15,-1.2850000858306885,-0.5649998188018799,12.479999542236328,-0.11988721624490672,-0.030902464157211502,-0.23210020750961882,0.05572372331564836
2023-12-18,-1.2969999313354492,-0.49900007247924805,12.279999732971191,-0.14245810093071165,-0.02703254895091636,-0.2269721012864561,0.06066506726320132
2023-12-19,-1.2709999084472652,-0.47900009155273393,12.5600004196167,-0.08985505463620813,-0.029508601103737746,-0.2169702345960925,0.05955730988706584
2023-12-20,-1.315999984741211,-0.5,12.529999732971191,-0.06562267893021212,-0.036801019430381963,-0.19977900261106213,0.06376314137337938
2023-12-21,-1.3529999256134033,-0.5160000324249268,13.670000076293944,0.02397001390864273,-0.03662218654589869,-0.19709996297835325,0.06823179986280838
2023-12-22,-1.315999984741211,-0.46700000762939453,13.649999618530272,0.06225674811762483,-0.04633702118207981,-0.23730723000681925,0.07411449448035487
2023-12-26,-1.3070001602172847,-0.5260004997253414,13.029999732971191,0.04574636381052444,-0.043485153439405975,-0.22053004804119936,0.068201939723914
2023-12-27,-1.317000150680542,-0.4480001926422119,12.989999771118164,0.023640677750581984,-0.04527836545786134,-0.18348978247336725,0.07162716920925719
2023-12-28,-1.446000099182129,-0.5219998359680176,12.43000030517578,-0.020488517242304605,-0.05687235141931598,-0.18106136222904665,0.08182780627962691
2023-12-29,-1.3680000305175786,-0.39900016784668013,12.470000267028809,-0.03929116280382017,-0.05543364568979628,-0.21775082886470484,0.088819299769934
2024-01-02,-1.313999891281128,-0.42800021171569913,12.449999809265137,-0.03637772943137818,-0.05257541957016636,-0.1616392616575338,0.07983538794333543
2024-01-03,-1.2669997215270996,-0.2779994010925293,13.199999809265137,0.04513061675846641,-0.03961583497452456,-0.15658348445503634,0.07550524013310839
2024-01-04,-1.3280000686645508,-0.39300012588500977,14.039999961853027,0.0733944987573798,-0.03434392047902204,-0.12996594964708214,0.07140146311915634
2024-01-05,-1.2370002269744873,-0.16500020027160645,14.130000114440918,0.09961087120409795,-0.03511155554212316,-0.17945456976580615,0.06009327688102224
2024-01-08,-1.1779999732971191,-0.055999755859375,13.350000381469728,0.02929838909926019,-0.032849650560841534,-0.15250422168047134,0.061148972697294635
2024-01-09,-1.2179999351501465,-0.11400032043457031,13.079999923706056,0.0015313555472262763,-0.03471002320840352,-0.16529170396596946,0.06687733892893176
2024-01-10,-1.2109999656677246,-0.22300004959106445,12.760000228881836,0.03319836718606761,-0.038256554025219845,-0.137761846760388,0.07377473420017983
2024-01-11,-1.1949996948242188,-0.20099973678588867,12.6899995803833,0.004750551496336186,-0.041056441970327956,-0.20593024416591374,0.07641034217002562
2024-01-12,-1.2409999370574951,-0.19899964332580566,12.4399995803833,0.03065450662088587,-0.03788874020130513,-0.18504864696052328,0.07991147115549571
2024-01-16,-1.247999906539917,-0.05799984931945801,12.699999809265137,0.04183759199652082,-0.03690808029795771,-0.17592621084325458,0.08562710168741851
2024-01-17,-1.1370000839233398,0.14800000190734863,13.84000015258789,0.1089744118778917,-0.030583997429850858,-0.1987602586060975,0.08414738171674116
2024-01-18,-1.1090002059936523,0.18799972534179688,14.789999961853027,0.20439741722001914,-0.026706433112808306,-0.20837131396584999,0.08348001146837748
2024-01-19,-1.055999755859375,0.21500015258789018,14.130000114440918,0.12499997152644449,-0.024989404204070753,-0.18067781330034058,0.08347121362926213
2024-01-22,-1.0520000457763672,0.26399993896484375,13.300000190734863,0.06145255180951903,-0.021549461770015956,-0.15233916904167707,0.08113404043914585
2024-01-23,-1.1059999465942383,0.24699997901916504,13.1899995803833,-0.03511342306010978,-0.028055225849161328,-0.10769845922096004,0.07680118055072867
2024-01-24,-1.0679998397827148,0.2480001449584961,12.550000190734863,-0.08058604091842814,-0.027696236271398292,-0.13817631912517905,0.08102213267243277
2024-01-25,-1.0320000648498535,0.2750000953674312,13.140000343322754,0.008442103807049017,-0.032027143259157814,-0.10268017656753661,0.07704688071544223
2024-01-26,-1.063000202178955,0.2539999485015869,13.449999809265137,0.035411858833880316,-0.028460474226762157,-0.10051425446688204,0.08591302944187575
2024-01-29,-1.0399999618530273,0.40600013732910156,13.260000228881836,0.06677392625328005,-0.025288827736877916,-0.05365552633915791,0.08486410001281443
2024-01-30,-1.1089997291564941,0.25900030136108443,13.600000381469728,0.09061748919353962,-0.02901238335236074,-0.05375182266721024,0.08443018467824569
2024-01-31,-1.1440000534057617,0.1699998378753662,13.3100004196167,0.06907635530335998,-0.03310170725914619,-0.033113131620252624,0.07365722670283044
2024-02-01,-1.2210001945495605,0.04599952697753906,14.350000381469728,0.08712125672891302,-0.027223669974455033,-0.08355563049858739,0.059631750285756395
2024-02-02,-1.3369998931884766,-0.008999824523925781,13.880000114440918,-0.011396000558891228,-0.018936439294196958,-0.08675173337781769,0.05565109930619239
2024-02-05,-1.1770000457763672,0.06000018119812012,13.850000381469728,-0.019815975279789844,-0.012432053161602084,-0.11167700703883915,0.055166795965097416
2024-02-06,-1.064000129699707,0.11399984359741211,13.670000076293944,0.02397001390864273,-0.010381577867046209,-0.061157968649172084,0.0503575843651714
2024-02-07,-1.1329998970031738,0.08500003814697266,13.0600004196167,-0.0015290140830284127,-0.013443459889713981,-0.0271814942117192,0.05345568765406079
2024-02-08,-1.1129999160766602,0.09800004959106445,12.829999923706056,0.0054858694019281895,-0.017814262052923472,-0.025134976580817557,0.06136204722090597
2024-02-09,-1.0479998588562012,0.14699983596801758,12.789999961853027,0.007880250967408298,-0.01628528983772753,-0.012386845280729336,0.0559718379071052
2024-02-12,-1.0329999923706055,0.20799994468688965,12.93000030517578,0.0393891271158211,-0.015066574598530648,-0.018311353837386263,0.058987141261193025
2024-02-13,-1.0560002326965332,0.1919996738433838,13.93000030517578,0.0968504342034171,0.0005761240695690875,-0.017270747162931997,0.046701959896464015
2024-02-14,-0.9169998168945312,0.2200002670288086,15.850000381469728,0.14523122880934336,0.005445436899780329,0.015660697137063865,0.04185391508666232
2024-02-15,-0.9509997367858887,0.15800046920776367,14.380000114440918,-0.027721423155483316,0.003347829110694228,0.050030465752991936,0.04442277395173536
2024-02-16,-0.9780001640319824,0.07799959182739258,14.010000228881836,-0.008492560834195695,0.004612763806536318,0.02780843711140736,0.04565303388983515
2024-02-20,-0.9279999732971191,0.12400007247924805,14.239999771118164,0.07067665916562382,0.00779784994477523,0.020282651526264874,0.041597372494408494
2024-02-21,-0.9379997253417969,0.1680002212524414,15.420000076293944,0.16906751833617872,0.0047190870789600445,0.0052581547263508615,0.042340656978061206
2024-02-22,-0.9100003242492676,0.15799951553344727,15.34000015258789,0.22231075055383398,0.0008657141612490695,0.010451100568744773,0.03878922970244329
2024-02-23,-0.9059996604919434,0.12600040435791016,14.539999961853027,0.10654486925045625,0.005401224135376773,0.039836596165884766,0.04465390942665169
2024-02-26,-0.9799995422363281,0.08300065994262695,13.75,0.02230484721109116,0.007145009592741204,0.021540274776019226,0.04383506140933583
2024-02-27,-0.9510002136230469,0.08899974822998047,13.739999771118164,0.036199059875642536,0.010456110574140011,0.015196060027399594,0.03621356300061906
2024-02-28,-0.929999828338623,0.1789999008178711,13.43000030517578,-0.012500005259233449,0.010261514978031391,0.012888612212665853,0.03208990811792554
2024-02-29,-0.9659996032714844,0.17800045013427734,13.84000015258789,0.0398196631301424,0.004626992534561663,0.03340118691536333,0.03380715033011988
2024-03-01,-0.9710001945495605,0.25,13.399999618530272,-0.06620214199897867,0.0085813284418239,0.05502605617374937,0.02737423598266344
2024-03-04,-1.0350003242492676,0.301999568939209,13.109999656677246,-0.05547553684546114,0.0021204944880902237,0.09064433078699649,0.033616226046426334
2024-03-05,-1.004000186920166,0.17299985885620117,13.489999771118164,-0.025992823136179677,-0.00211661821888319,0.0850505465212868,0.03243365912204665
2024-03-06,-1.0879998207092285,-0.023999691009521484,14.460000038146973,0.05779077962281942,-0.003366182225610523,0.11903147443840299,0.03152390529044776
2024-03-07,-1.125999927520752,0.006999969482421875,14.5,0.11026030123401509,-0.0016432091652216632,0.13207014746828846,0.03227412120361796
2024-03-08,-1.136000156402588,-0.023000240325927734,14.4399995803833,0.1254871135035971,-0.011507185244444398,0.1026472624683738,0.03541298967590924
2024-03-11,-1.1389999389648438,-0.09100008010864258,14.739999771118164,0.15246284715255154,-0.01315045671657089,0.08966026226830608,0.036330781688602876
2024-03-12,-1.1359996795654297,-0.10299968719482422,15.220000267028809,0.17710749480310217,-0.009674061839733645,0.12737268617273823,0.033961345047352015
2024-03-13,-1.0849995613098145,-0.02899932861328125,13.84000015258789,-0.006460886619970019,0.0008744725533210704,0.11015677662035613,0.019713488391418357
2024-03-14,-1.0460000038146973,-0.12900018692016602,13.75,-0.13249213444340635,0.008107510402969881,0.10770477973856195,0.015694288691090325
2024-03-15,-0.940000057220459,0.010999679565429688,14.399999618530272,0.0013907860869395439,0.007867531662276306,0.1289359634091555,0.013115370346848917
2024-03-18,-0.9340000152587891,0.04400014877319336,14.40999984741211,0.02855100728019022,0.008934682705716285,0.11177017127221127,0.011817041273150478
2024-03-19,-0.8979997634887695,0.03000020980834961,14.329999923706056,0.0063202355361291485,0.013706203991745656,0.11899264596138463,0.011295820325351941
2024-03-20,-0.9409999847412109,-0.0030002593994140625,13.81999969482422,-0.10376137312278588,0.013577881840487735,0.11745362840755584,0.015171614852197316
2024-03-21,-0.9550004005432129,-0.04500007629394531,13.039999961853027,-0.14993482189417373,0.015298786320666375,0.10023168505236303,0.0139955174347126
2024-03-22,-0.9570002555847168,-0.05100059509277344,12.920000076293944,-0.11141677371453207,0.022363626094310248,0.09721160868846523,0.01464188292956938
2024-03-25,-1.001999855041504,-0.02200031280517578,13.0600004196167,-0.050181787664240085,0.028753793092578108,0.06481137963859954,0.01167819147360681
2024-03-26,-0.9650001525878906,-0.01399993896484375,13.1899995803833,-0.040029126630043876,0.03157854707263702,0.10055878375155314,0.006019358838387796
2024-03-27,-0.9839997291564941,-0.053999900817871094,13.239999771118164,-0.014147470568886877,0.029780300139680086,0.12860784896001834,0.008071130222294231
2024-03-28,-1.0190000534057617,-0.053000450134277344,12.779999732971191,-0.07658962485043719,0.02936808337006919,0.12696763933761715,0.017217138828047103
2024-04-01,-0.9970002174377441,-0.026000022888183594,13.010000228881836,-0.029104432891857934,0.02273380715513999,0.1669775909963863,0.018397980269903236
2024-04-02,-0.8889999389648438,0.14600038528442383,13.649999618530272,0.041189929519028556,0.02467830666940996,0.14101709117301026,0.0170430626844562
2024-04-03,-0.8480000495910645,0.15600013732910156,14.609999656677246,0.08302445549013138,0.023162602306090498,0.1651128590583462,0.019260848962440586
2024-04-04,-0.8550000190734863,0.2329998016357422,14.329999923706056,-0.008990326009540972,0.01780746083227041,0.14620314003070242,0.019258266832298195
2024-04-05,-0.8940000534057617,0.23199987411499023,16.350000381469727,0.12758623320480877,0.018514595121701623,0.20174915851391156,0.012886161435625662
2024-04-08,-0.8370003700256348,0.2989997863769531,16.030000686645508,0.1101108831348041,0.01672590192212241,0.1848792630487359,0.010420174184227884
2024-04-09,-0.7990002632141113,0.3399996757507324,15.1899995803833,0.03052915985432203,0.01724012461949592,0.19145718982876753,0.010949982187851327
2024-04-10,-0.8539996147155762,0.2820000648498535,14.979999542236328,-0.015768772705766376,0.01802025693853522,0.168409712311368,0.009799087214422327
2024-04-11,-0.6830000877380371,0.40199947357177734,15.800000190734863,0.1416184983047475,0.0274517450559223,0.170719921875232,-8.234067400492704e-05
2024-04-12,-0.6619997024536133,0.384000301361084,14.90999984741211,0.08436362526633512,0.018405410042786677,0.16068016297925136,0.0053281549123945
2024-04-15,-0.7309999465942383,0.2090001106262207,17.309999465942383,0.20208332809033225,0.024728015362899324,0.16597224277875225,0.009087413491792606
2024-04-16,-0.6100001335144043,0.32399988174438477,19.229999542236328,0.3344899199072402,0.02546023739746226,0.14231761777969254,0.0012309645430116716
2024-04-17,-0.5739998817443848,0.32399988174438477,18.399999618530277,0.2840195196436279,0.028348366244402443,0.1508173981354302,-0.003753638064607686
2024-04-18,-0.6549997329711914,0.28600025177001953,18.209999084472656,0.31765553448547124,0.025039487963834157,0.09508042939912004,-0.003210389838205541
2024-04-19,-0.5960001945495605,0.35900020599365234,18.0,0.3803681021976122,0.02412281463107276,0.10652966213254617,-0.0012529174560620797
2024-04-22,-0.630000114440918,0.32700014114379883,18.709999084472656,0.44814233544800053,0.027796848365482275,0.1018385811410511,0.0011101996041961335
2024-04-23,-0.6219997406005859,0.38000011444091797,16.940000534057617,0.297090351437737,0.02394583404440365,0.06856186642040887,-0.0010001755628533217
2024-04-24,-0.6469998359680176,0.31800031661987305,15.6899995803833,0.1895375344604333,0.02122857670643389,0.06633153434265174,0.003820912296795094
2024-04-25,-0.6030001640319815,0.3809995651245126,15.970000267028809,0.20619339449430263,0.021483616040973926,0.07560462388964696,-0.0005846341340910624
2024-04-26,-0.5390000343322754,0.48000001907348633,15.369999885559082,0.2026604230597857,0.02105337999117212,0.07128613672675865,-0.0013908108852186312
2024-04-29,-0.5689997673034668,0.42800045013427734,15.029999732971191,0.15526513978109024,0.02552603398462443,0.10027178439401435,0.004581523734100003
2024-04-30,-0.629000186920166,0.25999975204467773,14.670000076293944,0.07472531034938568,0.02425463978747932,0.1127430840057669,0.0018363508825279245
2024-05-01,-0.5590000152587891,0.2890000343322754,15.649999618530272,0.07118411952718362,0.021891071743973305,0.12531777904306377,-0.0009530116463226209
2024-05-02,-0.6550002098083496,0.19999980926513672,15.390000343322754,0.07397072053455789,0.012463937517056106,0.08200667705551579,0.008978134340256745
2024-05-03,-0.6669998168945312,0.22700023651123047,14.68000030517578,-0.10214067506607782,0.010693272875126935,0.0741177101143448,0.011482561255617474
2024-05-06,-0.7350001335144043,0.10200023651123047,13.489999771118164,-0.1584529511370142,0.009470562632046797,0.055946679748161206,0.013958620531486013
2024-05-07,-0.750999927520752,0.048000335693359375,13.489999771118164,-0.11191572457056242,0.0086042739837728,0.0292199465702535,0.015643066903902856
2024-05-08,-0.7800002098083496,0.07399940490722656,13.229999542236328,-0.11682243347643961,0.01269769121166009,0.019843467488150152,0.013702593231738188
2024-05-09,-0.7529997825622559,-0.06999969482421875,13.0,-0.17721519980593337,0.013160640788445747,0.026555338216096527,0.013567701878715635
2024-05-10,-0.7909998893737793,-0.12900018692016602,12.6899995803833,-0.14889337959410698,0.0025691461804904156,0.017692809854207337,0.02189151885380531
2024-05-13,-0.7389998435974121,-0.007999897003173828,12.550000190734863,-0.27498552409391297,0.0056182249509894415,0.020917518380119786,0.016421861587001332
2024-05-14,-0.7589998245239258,-0.14899969100952148,13.600000381469728,-0.29277167419588335,0.008782016637948179,0.013872369543940291,0.012655583584395669
2024-05-15,-0.7899999618530273,-0.21600008010864258,13.420000076293944,-0.2706521546457574,0.0069760267017294365,-0.014884898000117962,0.017201386554230872
2024-05-16,-0.8839998245239258,-0.22900009155273438,12.449999809265137,-0.316309696035019,0.002590767103496388,0.00573940680465392,0.020950167244792005
2024-05-17,-0.8660001754760742,-0.26999998092651367,12.420000076293944,-0.30999999576144754,0.004317145340026252,0.01680069599950409,0.02044135721751709
2024-05-20,-0.8199996948242188,-0.18999958038330078,11.989999771118164,-0.35916620214756656,0.0047022578184161175,0.01827739749975568,0.015772674064536744
2024-05-21,-0.8029999732971191,-0.1810002326965332,12.149999618530272,-0.2827627369844009,0.006042867623203263,0.04236355729279929,0.01564363570937542
2024-05-22,-0.8259997367858887,-0.1789999008178711,11.859999656677246,-0.2441045268410701,0.007962071984111993,0.021423929100507732,0.018104970775064264
2024-05-23,-0.810999870300293,-0.20799970626831144,12.289999961853027,-0.2304320753690532,0.01063381757286363,-0.01662021166548405,0.014605444052529342
2024-05-24,-0.7699999809265137,-0.23099994659423828,12.770000457763672,-0.1691606666983938,0.010808821402066305,-0.021492341715432205,0.011227253094645463
2024-05-28,-0.7779998779296875,-0.2090001106262207,11.93000030517578,-0.2062541239435266,0.005361919639714626,-0.006924003863186193,0.012922998818562502
2024-05-29,-0.7060003280639648,-0.07700014114379883,12.920000076293944,-0.11929106959092117,0.00719531089736377,-0.0017521830136798986,0.005154946225781812
2024-05-30,-0.625999927520752,-0.06699991226196289,14.279999732971191,-0.08753993092350887,0.012157299414068214,0.006203798961215784,0.0024147169670178316
2024-05-31,-0.694000244140625,-0.03900003433227539,14.470000267028809,-0.05977908094674633,0.008824133126321375,-0.0030757150453657556,0.00723392584266904
2024-06-03,-0.7309999465942383,-0.06400012969970703,12.920000076293944,-0.11989102127343321,0.012497715222405364,-0.027416519368256006,0.008279007973757422
2024-06-04,-0.8410000801086417,-0.1059999465942374,13.109999656677246,-0.028169023045833685,0.012756258214577525,-0.061527715507178754,0.010210989694013408
2024-06-05,-0.9039998054504395,-0.1529998779296875,13.15999984741211,-0.02446255962231947,0.013246534102692012,-0.06295880308710398,0.009433042333874191
2024-06-06,-0.9509997367858887,-0.17099952697753906,12.630000114440918,-0.045351432241545586,0.013517574764393935,-0.05080040386639583,0.01280462134231328
2024-06-07,-0.9519996643066406,-0.19899988174438477,12.579999923706056,-0.03230769817645718,0.01101140656730153,-0.026257069784174067,0.010215633575417608
2024-06-10,-0.8080000877380371,-0.017000198364257812,12.220000267028809,-0.037036984152547636,0.02022409522293939,-0.053990598493451225,0.0072308341560825915
2024-06-11,-0.7639999389648438,-0.02500009536743164,12.739999771118164,0.01513940856539353,0.017169870720762304,-0.04428401890350266,0.01292747617897274
2024-06-12,-0.8410000801086417,-0.08200025558471591,12.850000381469728,-0.05514705727669611,0.017253404313372057,-0.0395168987732909,0.014874303817168557
2024-06-13,-0.9479999542236328,-0.15799999237060547,12.039999961853027,-0.10283160257790525,0.010277184799360562,-0.052362800728805496,0.01655580499196618
2024-06-14,-1.001999855041504,-0.11800003051757812,11.9399995803833,-0.040963874433339376,0.013300989607376383,-0.05986114555848244,0.012421731964205845
2024-06-17,-1.0269999504089355,-0.16099977493286133,12.65999984741211,0.01932365295039351,0.020483098596863807,-0.04034773731427881,0.005189851898905153
2024-06-18,-0.9640002250671378,-0.14400053024291903,12.75,0.0633861754286722,0.012612432589130853,-0.00916980225538804,0.006352644700273174
2024-06-20,-1.0180001258850098,-0.21500015258789062,12.300000190734863,0.012345726494988662,0.00791650680667403,0.011590788938305473,0.01048963813315713
2024-06-21,-0.9709997177124023,-0.14499998092651367,13.279999732971191,0.11973019539629393,0.012963607177860954,0.002680981708786592,0.011388093671032553
2024-06-24,-0.9580001831054688,-0.14700031280517578,13.199999809265137,0.07404392597531828,0.01437505935700016,-0.010964068639349477,0.01371252377449924
2024-06-25,-0.9619998931884766,-0.1919999122619629,13.329999923706056,0.04385273655976474,0.010675944961951636,0.0034359929084566295,0.007400998518264056
2024-06-26,-0.9850001335144043,-0.2070002555847168,12.84000015258789,0.0762782752836404,0.010087614473580277,-0.02853847746587886,0.010878544078989468
2024-06-27,-0.9140000343322754,-0.20799970626831055,12.550000190734863,-0.02863776187106748,0.009759933542279919,-0.03414459080932899,0.012761541591450896
2024-06-28,-0.934999942779541,-0.30900001525878906,12.239999771118164,-0.1428571428571429,0.010345120970543954,-0.04087097302691588,0.015615554592076595
2024-07-01,-0.869999885559082,-0.17599964141845703,12.4399995803833,-0.1402903005655809,0.015420091619345466,-0.04660362211669827,0.012375304587929467
2024-07-02,-0.7389998435974121,-0.007999897003173828,12.220000267028809,-0.05417955148077114,0.01695116051066797,-0.037775853655075554,0.01295982952415924
2024-07-03,-0.7920002937316895,0.04899978637695224,12.029999732971191,-0.08237985903805756,0.013522710016506729,-0.04832434502258263,0.01660389657744011
2024-07-05,-0.875,0.028999805450439453,12.09000015258789,-0.08130696863455,0.012026508710413738,-0.0299476680059118,0.017766731471370725
2024-07-08,-0.9530000686645508,-0.0020003318786621094,12.479999542236328,-0.011876529758149568,0.006984630909828389,-0.024587016894245476,0.0186666828798235
2024-07-09,-0.9489998817443848,0.0029997825622558594,12.369999885559082,-0.016693166885577315,-0.002282868501474201,-0.04605058605133327,0.02725987913677396
2024-07-10,-0.9249997138977051,-0.11699962615966797,12.510000228881836,0.023731583921113852,-0.00152087511781882,-0.04338832287717948,0.027012173004535484
2024-07-11,-0.9449996948242188,-0.180999755859375,12.850000381469728,0.008634270983343129,-0.00937993371308177,-0.042448017066141035,0.029860943813927288
2024-07-12,-1.005000114440918,-0.16400003433227628,12.920000076293944,0.005447446906317488,-0.01680549050638642,-0.03321141762270997,0.03924580974279577
2024-07-15,-1.0089998245239258,-0.06099987030029297,12.460000038146973,0.034883727377462925,-0.020633066781371178,-0.037600676116226195,0.045111651981146056
2024-07-16,-0.9639997482299805,0.03800010681152344,13.119999885559082,0.09882749971904947,-0.016751077054209935,-0.009477577022430501,0.043919509596364856
2024-07-17,-1.0260000228881836,0.0009999275207519531,13.1899995803833,0.04186411843279214,-0.017869545917131597,-0.02410051388284406,0.04696724107654525
2024-07-18,-1.0490002632141113,-0.08500003814697354,14.479999542236328,0.13568623860677076,-0.022869043413199695,-0.003494201028036716,0.043972803857711705
2024-07-19,-1.0039997100830078,0.014000415802001953,15.93000030517578,0.2951219559472251,-0.01816938127983082,-0.00036215102259073414,0.036411884500932704
2024-07-22,-0.9539999961853027,0.01699972152709961,16.520000457763672,0.24397596309797365,-0.012280614056709148,-0.03951830381352987,0.03159390485430843
2024-07-23,-0.929999828338623,0.028000354766845703,14.90999984741211,0.12954545930725825,-0.014750260912904784,-0.037275966387192154,0.037524071903393554
2024-07-24,-0.9340000152587891,0.0279998779296875,14.720000267028809,0.10427609536972149,-0.010949898037379306,-0.08239880590030074,0.03974452361861604
2024-07-25,-0.884000301361084,0.10099983215332031,18.040000915527344,0.4049844782822216,-0.014739039588191463,-0.07759096436385322,0.033408609016536375
2024-07-26,-0.9039998054504395,0.010000228881835938,18.459999084472656,0.47091623935598803,-0.011622510621239722,-0.054080650539752445,0.03053965486005412
2024-07-29,-0.9550004005432129,-0.020000457763671875,16.389999389648438,0.33905226275597866,-0.018049331233506948,-0.059983992379790484,0.04105143181586393
2024-07-30,-0.9689998626708984,-0.0989999771118164,16.600000381469727,0.3344052203704535,-0.011411350335593517,-0.04121767460308665,0.03490008165086537
2024-07-31,-0.9920001029968262,-0.25300025939941406,17.690000534057617,0.4476268533142016,-0.007147993057385176,-0.05493303918431257,0.02926929505449166
2024-08-01,-1.0260000228881836,-0.23399972915649414,16.360000610351562,0.3599335805064843,-0.008894051049156033,-0.0025637360890845913,0.028680861081919414
2024-08-02,-1.1389997005462646,-0.26399970054626465,18.59000015258789,0.5376344018166668,-0.006015245894607779,-0.028039898723216182,0.025321932164723185
2024-08-05,-1.2380001544952393,-0.2850000858306885,23.38999938964844,0.8741987377875431,-0.021091804301359325,-0.06401132534232229,0.021852417771334436
2024-08-06,-1.274999856948852,-0.32599997520446733,38.56999969482422,2.1180274900286293,-0.02747003822250969,-0.07968401628004639,0.017990401948852312
2024-08-07,-1.191999912261963,-0.2670001983642578,27.709999084472656,1.2150278639083143,-0.02171076713003925,-0.07953823543789273,0.021479457963304506
2024-08-08,-1.1119999885559082,-0.16700029373168945,27.850000381469727,1.1673151404439386,-0.020239534733297294,-0.039486511884445415,0.024972036984046708
2024-08-09,-1.0860002040863037,-0.08100008964538574,23.790000915527344,0.8413313293378417,-0.019287669196784964,-0.03773546950001181,0.02934397034308669
2024-08-12,-1.1329998970031738,-0.12400007247924805,20.3700008392334,0.6348315230232364,-0.017968321355903604,-0.015239870810470575,0.027656331674257996
2024-08-13,-1.1640000343322758,-0.20000028610229537,20.709999084472656,0.5785060415486538,-0.011663336195395094,0.018023051996755347,0.022470217373676535
2024-08-14,-1.2009999752044678,-0.17499995231628418,18.1200008392334,0.3737681133957118,-0.01835624487607394,-0.01116910801975762,0.02940035129774364
2024-08-15,-1.2430002689361572,-0.1940000057220459,16.190000534057617,0.11809399488124517,-0.018162969441143973,-0.039230631606253966,0.03105562160676956
2024-08-16,-1.1539998054504395,-0.15000009536743164,15.229999542236328,-0.04394229438351083,-0.015321873476197083,-0.020765488109805847,0.03142938451803421
2024-08-19,-1.1829998493194576,-0.22899985313415483,14.800000190734863,-0.10411623603923592,-0.02124456635900084,-0.033483989489558275,0.03538132855833039
2024-08-20,-1.196000099182129,-0.26600027084350586,14.649999618530272,-0.017437976629286478,-0.029494987527452544,-0.04212807892205673,0.039232198158346776
2024-08-21,-1.2149999141693115,-0.28099989891052246,15.880000114440918,0.07880433603050818,-0.03553991188564576,-0.03751021902065636,0.041853782185948644
2024-08-22,-1.2269999980926514,-0.3429996967315674,16.270000457763672,-0.09811531973039989,-0.03577364615519908,-0.07741921209371913,0.040624176102737206
2024-08-23,-1.1630001068115234,-0.259000301361084,17.549999237060547,-0.04929576882685449,-0.030081818349340757,-0.08930294926721495,0.043388327326444036
2024-08-26,-1.193000078201294,-0.23799967765808105,15.859999656677246,-0.03233677563807158,-0.04256786150869168,-0.05713615878483213,0.05169166386572641
2024-08-27,-1.1800000667572021,-0.2110002040863037,16.149999618530273,-0.02710847907219216,-0.03765588398843523,-0.006309239848545794,0.04563318850636525
2024-08-28,-1.1349999904632568,-0.14299988746643066,15.43000030517578,-0.1277558033155951,-0.04015737980388643,-0.01914560337957636,0.04275737507352628
2024-08-29,-1.113999843597412,-0.08799982070922852,17.110000610351562,0.0458435190720865,-0.02972496893413994,0.004033828606425721,0.039157334018552106
2024-08-30,-1.0980000495910645,0.040999650955200195,15.649999618530272,-0.15814957019504627,-0.02696687443832255,0.035670228374278364,0.04068552117980618
2024-09-03,-1.0569999217987065,0.18100023269653276,15.0,-0.3587002825387652,-0.02495638355981326,-0.007045099365364094,0.03756903318737977
2024-09-04,-1.1259996891021729,0.14900016784667924,20.71999931335449,-0.46279493188238363,-0.022047186798045088,-0.07145415412976595,0.03570187613613448
2024-09-05,-1.1800000667572017,0.011999845504761186,21.31999969482422,-0.23060265610867825,-0.034233634120039255,-0.08752909364044863,0.04197830896282905
2024-09-06,-1.2010002136230469,-0.08900022506713867,19.899999618530277,-0.285457833179387,-0.039178877520340105,-0.11709181776792538,0.044481336627981136
2024-09-09,-1.1979999542236328,-0.1119997501373291,22.3799991607666,-0.05926867173176342,-0.03924735077368122,-0.14078304927881966,0.04192022771080896
2024-09-10,-1.1979999542236328,-0.06500005722045898,19.450000762939453,-0.045164459420246605,-0.030070145394622588,-0.133203889069892,0.04030384162506256
2024-09-11,-1.189000129699707,-0.025000095367431197,19.07999992370605,-0.07870590211607975,-0.03452453117013778,-0.1787664838707422,0.038540442547429776
2024-09-12,-1.2219998836517334,-0.020999908447265625,17.690000534057617,-0.023730700069546695,-0.03735417332470657,-0.1531526625268244,0.04393981297604553
2024-09-13,-1.1600000858306885,0.08300018310546875,17.06999969482422,0.05435448620989347,-0.03822611524157144,-0.152471527837634,0.04467779652812985
2024-09-16,-1.1129999160766597,0.04099988937377974,16.559999465942383,0.08732764042557295,-0.04022446108061308,-0.17244038913030216,0.04433650688584862
2024-09-17,-1.123999834060669,0.05900001525878862,17.139999389648438,0.1581080519430309,-0.04682216245048691,-0.15901017139579834,0.04749159602734188
2024-09-18,-1.0930001735687251,0.10299992561340376,17.610000610351562,0.20204785453217955,-0.047519739898175845,-0.1257579015791438,0.04657830588728263
2024-09-19,-0.929999828338623,0.2850000858306885,18.229999542236328,0.14798484955037083,-0.04727432136460333,-0.1407852888561666,0.04848931337360852
2024-09-20,-0.8529999256134033,0.37400007247924805,16.329999923706055,0.0036877359713749502,-0.04850140716721094,-0.11637681548051398,0.050194711979534776
2024-09-23,-0.817000150680542,0.34599995613098145,16.149999618530273,-0.07977206150379068,-0.05156630793142456,-0.11765947822198156,0.05364021821796336
2024-09-24,-0.7639997005462646,0.4290003776550293,15.890000343322754,0.0018915944069946011,-0.04826160580390581,-0.14977637699263605,0.05060494350290104
2024-09-25,-0.7589998245239262,0.4210002422332759,15.390000343322754,-0.047058779762168435,-0.053348567107976204,-0.13055748409545548,0.05319003960970086
2024-09-26,-0.7060000896453857,0.4289999008178711,15.40999984741211,-0.0012962059214581823,-0.04816716138680628,-0.17935156902931024,0.052261488676349374
2024-09-27,-0.6770000457763672,0.4369997978210449,15.369999885559082,-0.10169495398730599,-0.05003956127876921,-0.20190587437804103,0.05115122514913907
2024-09-30,-0.7329998016357422,0.36500024795532227,16.959999084472656,0.08370603820279254,-0.04840127821169614,-0.2072359021037483,0.05013933094242839
2024-10-01,-0.6960000991821289,0.3609998226165776,16.729999542236328,0.11533330281575527,-0.039876902127692224,-0.19876194851215145,0.046417305882753765
2024-10-02,-0.7389998435974121,0.38699984550476074,19.26000022888184,-0.0704632786127386,-0.03705564219239671,-0.16467184047121675,0.046174836784874274
2024-10-03,-0.6879999637603755,0.49200010299682617,18.899999618530277,-0.11350844798001736,-0.03327195098182965,-0.14957538829604772,0.04746351948673827
2024-10-04,-0.6150002479553227,0.5859999656677242,20.489999771118164,0.029648249442100427,-0.029561708024598437,-0.1077995350922377,0.04275711556607907
2024-10-07,-0.5240001678466797,0.6739997863769531,19.209999084472656,-0.14164433401101884,-0.018554898455401342,-0.10506476364159538,0.03802029546700354
2024-10-08,-0.49900007247924805,0.6989998817443848,22.63999938964844,0.16401020573671632,-0.015002899061188088,-0.06365499315977062,0.031172122906884602
2024-10-09,-0.4949998855590829,0.6940002441406241,21.420000076293945,0.12264151792163003,-0.015865664579223584,-0.10738379844037868,0.033438130416943226
2024-10-10,-0.4679999351501465,0.7539999485015869,20.86000061035156,0.1791972855054984,-0.012934508103521182,-0.09774012925745543,0.028969386118352092
2024-10-11,-0.43400001525878906,0.7260000705718994,20.93000030517578,0.22612774923024448,-0.00735228371521305,-0.08827403977772189,0.02961557391861153
2024-10-14,-0.4419999122619629,0.6710000038146968,20.459999084472656,0.23550723093627446,-0.012363711963154639,-0.09174256411013422,0.03430615133749165
2024-10-15,-0.4200000762939453,0.7039997577667236,19.700000762939453,0.14935831181167414,-0.010592284395974254,-0.08188510364137132,0.03557814579456712
2024-10-16,-0.47699975967407227,0.6160004138946529,20.63999938964844,0.17206125350817847,-0.010117111143202507,-0.12252598698630227,0.03161469334194437
2024-10-17,-0.4869999885559082,0.44299983978271484,19.57999992370605,0.07405378032741927,-0.008267694067119281,-0.08923459551226359,0.033244680376940346
2024-10-18,-0.41899967193603516,0.43400025367736816,19.11000061035156,0.17023886709330682,-0.0053789156228835995,-0.09341737691480992,0.03493711123260403
2024-10-21,-0.440000057220459,0.377000093460083,18.030000686645508,0.1164087376174392,-0.008371497078868844,-0.12300227109149424,0.037192794256997355
2024-10-22,-0.3359999656677246,0.42799973487854004,18.3700008392334,0.1560730297248094,-0.00297602634921707,-0.08941785840066185,0.02997654093442815
2024-10-23,-0.29600000381469727,0.46299982070922896,18.200000762939453,0.1825861180591768,-0.004601194169621677,-0.050314890246580236,0.02948574275083924
2024-10-24,-0.2630000114440918,0.44300007820129395,19.239999771118164,0.24853990665997627,-0.0011484616503427076,-0.05444652820975069,0.02594602341793912
2024-10-25,-0.2870001792907715,0.3899998664855957,19.07999992370605,0.24137931462398443,-0.0003843285624718653,-0.10434847582197053,0.02527679105599882
2024-10-28,-0.2780003547668457,0.4549994468688965,20.32999992370605,0.19870289039807343,-0.0015334106175138248,-0.06119809059498599,0.0264600229739655
2024-10-29,-0.20399999618530185,0.49200010299682706,19.799999237060547,0.1835026765585821,0.010697356545648956,-0.08720923517145414,0.03231997094759315
2024-10-30,-0.20599985122680664,0.5329999923706055,19.34000015258789,0.004153682386051294,0.015364812374556053,-0.0818151864919829,0.03876821916577584
2024-10-31,-0.19700002670288086,0.4909999370574947,20.350000381469727,0.07671961863522014,0.009857024605889289,-0.06475707367782874,0.03325707731787623
2024-11-01,-0.14800024032592773,0.467000007629395,23.15999984741211,0.1303074722361619,0.007529781763819999,-0.08268256237648725,0.028547804841480118
2024-11-04,-0.03900003433227539,0.4850001335144043,21.8799991607666,0.13899011991375332,0.010313838651974619,-0.0920474259438918,0.024498977159038978
2024-11-05,-0.10900020599365234,0.3899998664855957,21.979999542236328,-0.029151937509056647,0.007245358502348364,-0.07244749192963654,0.027416817247332182
2024-11-06,-0.13399982452392578,0.36100006103515714,20.489999771118164,-0.04341738103936965,0.0027110665579276327,-0.10624913226249788,0.02955814484492544
2024-11-07,-0.0039997100830078125,0.46400022506713867,16.270000457763672,-0.22003835178749453,0.02436912166244497,-0.08883464740704174,0.026721404794369987
2024-11-08,-0.07899999618530273,0.35500001907348633,15.199999809265137,-0.27376972825431223,0.01873729170282619,-0.06189202250144127,0.029213211307276516
2024-11-11,-0.11699962615966797,0.3250002861022949,14.9399995803833,-0.2697947092421207,0.019425522941610558,-0.10484896172013322,0.029952502411084003
2024-11-12,-0.10699987411499023,0.3130002021789551,14.970000267028809,-0.24010153871714257,0.029617567076621887,-0.11915384424153574,0.025647965327450662
2024-11-13,0.009000301361083984,0.48600006103515625,14.710000038146973,-0.28730617862690133,0.03973392990055387,-0.08778177553227855,0.019977531762322656
2024-11-14,0.06100034713745117,0.5480003356933594,14.020000457763672,-0.2839632016142519,0.048489690856873414,-0.07879417064651933,0.02111628144241465
2024-11-15,0.03500032424926758,0.45399999618530273,14.3100004196167,-0.2511773959931106,0.0542234523685159,-0.045944273315150656,0.0166944202823537
2024-11-18,0.034999847412109375,0.47499990463256836,16.139999389648438,-0.10482535912474811,0.049770119245675565,-0.08560541510678846,0.01783376682018852
2024-11-19,0.011000156402587002,0.3470001220703116,15.579999923706056,-0.15187810495733067,0.05373270755002447,-0.07879618479544187,0.014421302002838912
2024-11-20,-0.028999805450439453,0.2670001983642578,16.350000381469727,-0.10164836834715252,0.05178400844343687,-0.10950236538307682,0.01794927017099709
2024-11-21,-0.0039997100830078125,0.259000301361084,17.15999984741211,-0.10810810542879612,0.059178555605168826,-0.09230920272624481,0.017066630311037053
2024-11-22,0.01900005340576172,0.3060002326965332,16.8700008392334,-0.11582804472272701,0.05653725978994159,-0.06114472841259854,0.01794883808234064
2024-11-25,-0.005000114440917969,0.27300024032592773,15.239999771118164,-0.2503689213816783,0.058916636200308486,-0.06349404783638517,0.016688187741662485
2024-11-26,-0.1400003433227539,0.06399965286254794,14.600000381469728,-0.2626262149474101,0.04911789900764556,-0.06472889203752172,0.020329335201882955
2024-11-27,-0.09299993515014648,0.11299991607666016,14.100000381469728,-0.27094104083639303,0.049617533836755455,-0.02257302046504513,0.021999634715230084
2024-11-29,-0.14300012588500977,0.053999900817871094,14.100000381469728,-0.3071253013681078,0.0455150016641205,-0.006960523083643561,0.021329530195458697
2024-12-02,-0.19500017166137695,-0.04699993133544922,13.510000228881836,-0.4166666529407841,0.0447741914648144,-0.01677037500087734,0.019917469888553224
2024-12-03,-0.18400001525878906,-0.14499998092651367,13.34000015258789,-0.39031075574682506,0.050774250791068926,0.006334267563476254,0.020816213817304578
2024-12-04,-0.13399982452392578,-0.024999618530273438,13.300000190734863,-0.39490443731912517,0.04637229000642579,0.01774303082391113,0.018418477543766534
2024-12-05,-0.16499996185302734,-0.031000137329101562,13.449999809265137,-0.34358223721292147,0.04530273351408412,0.04155785874615149,0.02269327034961083
2024-12-06,-0.15000009536743164,-0.14600038528442383,13.539999961853027,-0.16779351070072968,0.03886885723729283,0.014601033506866446,0.020301866569334987
2024-12-09,-0.14400005340576172,-0.06500005722045898,12.770000457763672,-0.15986838039433804,0.044378830217139884,-0.025998443026204455,0.02054419565183587
2024-12-10,-0.09400033950805664,0.022999286651611328,14.1899995803833,-0.05020080462283105,0.048644163384189365,-0.004086982342882862,0.016525461532983173
2024-12-11,-0.06399965286254883,0.043000221252441406,14.18000030517578,-0.052772207599287246,0.054464118562925865,-0.02163338014363363,0.014517843775258658
2024-12-12,0.015999794006347656,0.006999492645263672,13.579999923706056,-0.07681849840316268,0.05608405767827582,-0.012722839197196245,0.01451815360372439
2024-12-13,0.10099983215332031,0.03999948501586914,13.920000076293944,-0.007132694593768862,0.06130268173630125,-0.01263065137635194,0.010882952221153631
2024-12-16,0.1810002326965332,0.14599990844726562,13.8100004196167,-0.03494059995376242,0.06157717209143689,-0.009215312946562053,0.004992358977821536
2024-12-17,0.16899967193603516,0.13399982452392578,14.6899995803833,-0.08983890112134141,0.05917517038545808,-0.016967372035247664,0.005632863158531675
2024-12-18,0.14500045776367188,0.13400030136108487,15.869999885559082,0.018613604831394737,0.05812681860492616,-0.004129602252839369,0.00536441588596539
2024-12-19,0.26200008392333984,0.2909998893737793,27.6200008392334,0.6892966480010929,0.07354556983894545,-0.013789380333513667,-0.005082105318366346
2024-12-20,0.35000038146972656,0.3540000915527344,24.09000015258789,0.40384617522131805,0.07159226382414896,0.003151882424288122,-0.004981741502074072
2024-12-23,0.30900001525878906,0.28999996185302734,18.36000061035156,0.08832244795465405,0.0678519895784982,0.026108110949741286,-0.0003497238415888086
2024-12-24,0.3839998245239258,0.38899993896484375,16.780000686645508,0.10104993035799459,0.07314016502578616,0.015427428269671481,-0.005517212417175782
2024-12-26,0.39100027084350586,0.5310006141662598,14.270000457763672,-0.022602733909849126,0.07159584996134093,0.027918213758801057,-0.0015855599704302733
2024-12-27,0.3639998435974121,0.4569997787475586,14.729999542236328,0.044680790334910014,0.0663342196880852,-0.0030118212452076953,0.0014559085227760931
2024-12-30,0.44099998474121094,0.5840001106262207,15.949999809265137,0.13120562962726479,0.06030059724168578,0.007107350612810486,-0.002100729428043906
2024-12-31,0.36299991607666016,0.5580000877380371,17.399999618530273,0.28793481300854107,0.05845943323976812,-0.03759947082122793,0.0016801248228848435
2025-01-02,0.36499977111816406,0.5489997863769531,17.350000381469727,0.30059971386911233,0.056600114392096855,-0.036417385813239216,0.0026826082903443726
2025-01-03,0.36699962615966797,0.5009994506835938,17.93000030517578,0.34812030436407815,0.0646664972680631,-0.05338330314249292,0.009375896150493763
2025-01-06,0.4030003547668457,0.568000316619873,16.1299991607666,0.19925646018636578,0.06053851910288217,0.005287064344169628,0.008502647118360596
2025-01-07,0.42799997329711914,0.5780000686645508,16.040000915527344,0.18463818025980094,0.05048661259788484,0.004359675908029779,0.01090358327447436
2025-01-08,0.48000001907348633,0.624000072479248,17.81999969482422,0.39545803101286037,0.052486901674594424,-0.021319907994673253,0.00811505029995155
2025-01-10,0.48799991607666016,0.5820002555847168,17.700000762939453,0.24735738452089095,0.05851274558440893,-0.030093591513219543,0.00674044795137598
2025-01-13,0.5630002021789551,0.6269998550415039,19.540000915527344,0.37799721403356634,0.05965608311153904,0.036440173267421834,0.0010303113335425492
2025-01-14,0.5850000381469727,0.569000244140625,19.190000534057617,0.4131075583114261,0.06286655483165875,0.11041992370495952,0.0010268206870835345
2025-01-15,0.5750002861022949,0.4740004539489746,18.709999084472656,0.34410912226474655,0.053381088143145086,0.0962267374102593,0.0005420638746030981
2025-01-16,0.4479999542236337,0.2669997215271005,16.1200008392334,0.1672701194371733,0.049418232089565084,0.12450539236107173,0.010787693509441445
2025-01-17,0.41099977493286133,0.24200010299682617,16.600000381469727,0.13002048030259972,0.05150586496060621,0.12809914155723431,0.009537789321838568
2025-01-21,0.4160003662109375,0.2709999084472656,15.970000267028809,0.006301221310072158,0.05006666426494989,0.09870576813904484,0.014437227742939344
2025-01-22,0.3769998550415039,0.11499977111816406,15.0600004196167,-0.45474294127375947,0.037526754025846036,0.05136962775588452,0.018461734330088492
2025-01-23,0.3839998245239258,0.03399944305419922,15.100000381469728,-0.37318388186694984,0.035187053300876237,0.06390253603414978,0.020108642715520153
2025-01-24,0.4250001907348633,0.11600017547607422,15.020000457763672,-0.1819172135922893,0.03762647879620262,0.061202719075445514,0.018462348764287463
2025-01-27,0.42100000381469727,0.037000179290771484,14.850000381469728,-0.11501789190698808,0.03004477510900677,0.03933865382363619,0.020600014010120554
2025-01-28,0.3399996757507333,-0.05100059509277255,17.899999618530273,0.2543797508283667,0.0285382373788083,0.08243727865543887,0.018832102458022783
2025-01-29,0.36100006103515625,-0.0029997825622558594,16.40999984741211,0.11405297741921872,0.03384724649001426,0.09313006703082406,0.018205082094697556
2025-01-30,0.36699962615966797,-0.07400035858154297,16.559999465942383,0.038244493038984695,0.03783650699473147,0.056802098208722666,0.019340618176307767
2025-01-31,0.3299999237060547,-0.03299999237060547,15.84000015258789,-0.08965514368638539,0.03607908154435262,0.048886430504639374,0.023996091728889425
2025-02-03,0.3809995651245117,0.015999794006347656,16.43000030517578,-0.05302593983090231,0.03847174592010342,0.042817425960317484,0.02192792907904242
2025-02-04,0.3530001640319824,-0.013999462127685547,18.6200008392334,0.03848301853393932,0.04792347409351583,0.023371075267008736,0.017877366743118225
2025-02-05,0.3000001907348633,-0.10300016403198242,17.209999084472656,0.06695598139477688,0.042962430406517226,0.009814151754839198,0.01824448981156537
2025-02-06,0.21199989318847656,-0.21600008010864258,15.770000457763672,-0.016832945283831058,0.02341768283535518,-0.009248996095848044,0.019115692822934897
2025-02-07,0.22700023651123047,-0.25299978256225586,15.5,-0.1301907819615764,0.0299739709646228,-0.024481882789787336,0.013332495965817735
2025-02-10,0.2589998245239258,-0.22900009155273438,16.540000915527344,-0.06553671171816755,0.02854118724085796,0.00877078417291309,0.008556184364073077
2025-02-11,0.2649998664855957,-0.2980003356933594,15.8100004196167,-0.19089049749975306,0.025999769694393764,0.06100493088074001,0.011699600273638191
2025-02-12,0.312000274658204,-0.27299976348876864,16.020000457763672,-0.1651902026093205,0.018133055773109023,0.07356252269501314,0.015344738873468414
2025-02-13,0.4089999198913574,-0.1660003662109375,15.890000343322754,-0.15072147937677915,0.013618334195396153,0.04206632204259587,0.01295155929013501
2025-02-14,0.3120002746582031,-0.13599967956543058,15.100000381469728,-0.06327545934620293,0.005981879716278968,0.03700692316504237,0.019623578771212166
2025-02-18,0.259000301361084,-0.15199947357177734,14.770000457763672,-0.11024095672605227,-0.0011254127173006946,0.054020121358367076,0.020878411080465255
2025-02-19,0.33100032806396484,-0.08500003814697266,15.350000381469728,-0.03882278492124469,0.0072189341375857655,0.03815787752167565,0.018109605559694042
2025-02-20,0.3169999122619629,-0.059999942779541016,15.270000457763672,0.01394422525204142,0.008998083925915253,0.040389570877042535,0.017351231512467143
2025-02-21,0.2950000762939453,-0.08899974822998047,15.65999984741211,0.0370860564102764,-0.0031922285360279977,0.052330899647504495,0.01822951638498128
2025-02-24,0.22300004959106445,-0.20200014114379883,18.209999084472656,0.21238339077813473,-0.00337111104220822,0.004270512565042736,0.01597075428514928
2025-02-25,0.20300006866455078,-0.21799993515014648,18.979999542236328,0.27811441445618645,-0.00831430269352876,-0.007608898697434944,0.017477078536281696
2025-02-26,0.11599969863891602,-0.2239999771118173,19.43000030517578,0.08547490051684892,-0.004785840719167116,-0.0001450951773230043,0.01621471109579229
2025-02-27,0.0560002326965332,-0.30499982833862305,19.100000381469727,0.1639244703882088,-0.00552879603951805,-0.0021834770615465422,0.019471277639947687
2025-02-28,0.08999967575073242,-0.27699995040893555,21.1299991607666,0.27596617404625934,0.010875749749042313,0.023442466431144043,0.014587369591161676
2025-03-03,0.03800010681152344,-0.29199981689453125,19.6299991607666,0.23926761184781387,0.01753035527955351,0.02555310504718689,0.015335279720461052
2025-03-04,-0.013000011444091797,-0.3939995765686035,22.780000686645508,0.38648814750595895,0.002814289437708059,0.003956981349007835,0.013615797199661378
2025-03-05,0.014999866485595703,-0.3380002975463867,23.51000022888184,0.26262079319271225,-0.005940377479962046,-0.02431379176832657,0.013490245771919745
2025-03-06,0.059999942779541016,-0.24000024795532227,21.93000030517578,0.2742592371757673,-0.005658243033818362,-0.03307685124132014,0.011610176748675498
2025-03-07,0.08899974822998047,-0.1230001449584961,24.8700008392334,0.577045029633448,-0.015731854719194055,-0.028815336738583743,0.008712603945476764
2025-03-10,0.11999988555908203,-0.10700035095214844,23.3700008392334,0.5077419896279611,-0.020304829017139533,-0.002383732285778536,0.008721249494931619
2025-03-11,0.0279998779296875,-0.23099994659423828,27.86000061035156,0.6844013946938345,-0.021328027416363735,-0.03482500637864816,0.006190844768792967
2025-03-12,0.09299993515014648,-0.17199993133544922,26.920000076293945,0.7027197572298736,-0.028213833182760842,-0.03471123325359537,0.0021458807831098293
2025-03-13,0.12099981307983398,-0.19100046157837003,24.229999542236328,0.5124843227138547,-0.02948100989437393,-0.037838834405748985,0.0030358837311793073
2025-03-14,0.08599996566772461,-0.3229999542236328,24.65999984741211,0.5519194030587078,-0.029699960283673617,-0.05082727688628625,0.00020634526624926182
2025-03-17,0.11999988555908203,-0.1920003890991211,21.770000457763672,0.44172184819804183,-0.031133862022226247,-0.05938048924502899,0.007672985876033335
2025-03-18,0.11800003051757812,-0.14100027084350586,20.51000022888184,0.3886255648760666,-0.03320476109052766,-0.04527488428774587,0.00819138424215785
2025-03-19,0.08599996566772461,-0.24500036239624023,21.700000762939453,0.4136807963298388,-0.035398570075632366,-0.04643848281366221,0.00855839240017103
2025-03-20,0.06599998474121094,-0.25099992752075195,19.899999618530277,0.30320884230311806,-0.043513896688959525,-0.04966895745262068,0.025446187161847808
2025-03-21,0.05099964141845703,-0.24400043487548828,19.799999237060547,0.26436777969270486,-0.042972833824363704,-0.023884778133035224,0.025084833880988547
2025-03-24,0.06699991226196289,-0.15600013732910156,19.280000686645508,0.05875901460561983,-0.03335065523715268,-0.017134154086948555,0.017316087567976264
2025-03-25,0.14899969100952148,-0.0540003776550293,17.479999542236328,-0.07903056038868916,-0.03561373756896759,-0.0018792525205609647,0.022890744675536687
2025-03-26,0.125,0.009000301361083984,17.149999618530273,-0.1173443464145576,-0.03841558585488154,-0.01581626767611064,0.019202442573019736
2025-03-27,0.14799976348876953,0.09199953079223633,18.32999992370605,-0.04031415928717508,-0.033668726492605286,0.00043080029928258055,0.012623823735663555
2025-03-28,0.180999755859375,0.09100008010864258,18.690000534057617,-0.11547556666445513,-0.03706748040686046,-0.009678417726753923,0.014157101459784412
2025-03-31,0.06699991226196289,0.028999805450439453,21.649999618530277,0.10290374651675682,-0.03855873217649131,-0.02322865068725325,0.010982417447185255
2025-04-01,0.05299997329711914,0.06599998474121094,22.280000686645508,-0.021949077477118717,-0.040249897924855824,-0.0033519285028495156,0.01225150475129489
2025-04-02,-0.043999671936035156,-0.05899953842163086,21.770000457763672,-0.07401104866773212,-0.048031672722693784,-0.02674586616916885,0.012154182847055684
2025-04-03,-0.006999969482421875,-0.06699991226196289,21.51000022888184,-0.019151849997686266,-0.04832675169287347,-0.030894199012838814,0.012664373933845105
2025-04-04,-0.13000011444091797,-0.21899986267089844,30.020000457763672,0.20707677703033878,-0.058876911675700076,-0.09415533999226199,-0.001613685043371463
2025-04-07,-0.17000031471252441,-0.29000020027160645,45.310001373291016,0.9388104298749058,-0.052195665518011525,-0.1804646688925691,-0.012678452304725864
2025-04-08,0.005000114440917969,-0.02299976348876953,46.97999954223633,0.6862885324123293,-0.05492309590066641,-0.18888970817478806,-0.02258184785620044
2025-04-09,0.0840001106262207,-0.008999824523925781,52.33000183105469,0.9439079376948842,-0.06295293438399846,-0.2508853731216103,-0.021983950021257
2025-04-10,0.17199993133544922,0.051000118255615234,33.619998931884766,0.3875360943891202,-0.06635899730228245,-0.23440312024180343,0.004716666223144933
2025-04-11,0.19700002670288086,0.11100006103515625,40.720001220703125,0.6512571562313452,-0.07998926656552424,-0.2547673925775672,-0.013019024552212634
2025-04-14,0.2800002098083496,0.16000032424926758,37.560001373291016,0.7253100865184536,-0.08920544584110383,-0.26348934634143306,-0.01875679461592014
2025-04-15,0.16899967193603516,0.05099964141845703,30.88999938964844,0.5060945414398221,-0.08941714973037339,-0.24586415648630888,-0.014951156912220345
2025-04-16,0.1230001449584961,0.037000179290771484,30.1200008392334,0.3880184230534278,-0.08718595145688116,-0.23889999574348444,-0.013113268423470109
2025-04-17,0.07099962234497159,0.004999637603760654,32.63999938964844,0.6402010057957519,-0.08373574728585466,-0.19459845432713138,-0.0158820480785465
2025-04-21,0.12800025939941406,0.07700061798095703,29.649999618530277,0.49747478590974104,-0.08475318817763013,-0.1538856312602801,-0.008697564135893085
2025-04-22,0.19500017166137695,0.12800025939941406,33.81999969482422,0.7541492992917782,-0.09477357596452378,-0.1680048134782596,-0.015885878042883987
2025-04-23,0.17600011825561523,0.02700042724609375,30.56999969482422,0.7488558635804863,-0.08262115079566482,-0.14922942035324166,-0.013142099016311056
2025-04-24,0.1789999008178711,0.053999900817871094,28.450000762939453,0.6588922096651084,-0.07243246469043438,-0.161305699635642,-0.008881234668895907
2025-04-25,0.10799980163574219,-0.039999961853027344,26.46999931335449,0.4440807105034974,-0.08288195358305789,-0.16115625968400604,0.00042845437244901086
2025-04-28,0.07299995422363281,-0.10799980163574219,24.84000015258789,0.32905293968951543,-0.08227512368782393,-0.14178826021456578,0.0019444955111420936
2025-04-29,0.023000240325927734,-0.043999671936035156,25.149999618530277,0.16166282040043756,-0.0850568100740085,-0.1588135009674975,0.0005727266993976972
2025-04-30,-0.017000198364257812,-0.07000017166137695,24.170000076293945,0.08482941343809247,-0.08801018598169202,-0.18268010689191522,0.005238814391376242
2025-05-01,-0.013000011444091797,0.03099966049194336,24.700000762939453,0.1345888949731684,-0.09140001186458133,-0.22859172802319738,0.0011701829793509123
2025-05-02,0.046000003814697266,0.05299997329711914,24.600000381469727,0.14365411993064003,-0.0740937134828794,-0.20474432482912816,-0.0006885019813593322
2025-05-05,0.11399984359741211,0.24399995803833008,22.68000030517578,-0.24450366557838088,-0.07306458787740541,-0.19767173806009786,-0.00026543675873008524
2025-05-06,0.13499975204467773,0.30500006675720215,23.63999938964844,-0.478260898849066,-0.07578799432141459,-0.21184239473964311,0.0008590947945015981
2025-05-07,0.09800004959106445,0.09299993515014648,24.76000022888184,-0.4729672100864558,-0.08496040010068302,-0.18361816910143589,0.0032403134410499
2025-05-08,0.059999942779541016,-0.024000167846679688,23.549999237060547,-0.5499713660800019,-0.08382723906212408,-0.2194515377354734,0.0021174149791096946
2025-05-09,0.15799999237060547,-0.01399993896484375,22.479999542236328,-0.3313503790472584,-0.07021099278212913,-0.201989985260378,0.0022402510873267916
2025-05-12,0.15999984741210938,-0.037000179290771484,21.899999618530277,-0.4621807720527341,-0.07301115724957313,-0.15667596467629394,0.0050182905813082835
2025-05-13,0.17699956893920898,-0.10300064086914062,18.38999938964844,-0.5103834207331632,-0.05280994272954482,-0.14042845758127573,0.010370142381428067
2025-05-14,0.21400022506713867,0.045000553131103516,18.21999931335449,-0.41016511254900834,-0.05368152652798725,-0.1052976883085776,0.01100481300735465
2025-05-15,0.243000030517579,0.11999988555908292,18.6200008392334,-0.3818060982594811,-0.0577795564401967,-0.1290677183287578,0.008226555714799428
2025-05-16,0.19700002670288086,0.12600040435790927,17.829999923706055,-0.45373773722064703,-0.060484677208956124,-0.15914585115792498,0.00936659490317165
2025-05-19,0.20399999618530273,0.07599973678588867,17.239999771118164,-0.41854974728756056,-0.050630300698713146,-0.1495450382840285,0.0098740004659714
2025-05-20,0.2350001335144043,0.039999961853027344,18.13999938964844,-0.4636310007884308,-0.05971635124353205,-0.1159913614585978,0.01125122432671835
2025-05-21,0.2329998016357422,0.05699968338012695,18.09000015258789,-0.40824336495984026,-0.06271400342120897,-0.12231941154899668,0.009492748702292232
2025-05-22,0.36100006103515625,0.18200016021728516,20.8700008392334,-0.2664323276075332,-0.06559887835810897,-0.11291676735833678,0.0002855421007876107
2025-05-23,0.3210000991821289,0.21300029754638672,20.280000686645508,-0.23384959528827942,-0.06262341515448222,-0.11443687547166112,0.0009388994806706946
2025-05-27,0.27899980545043945,0.20599985122680664,22.290000915527344,-0.10265697348616487,-0.07883894287072626,-0.13395792095733167,0.002560811482693252
2025-05-28,0.23099994659423828,0.20799970626831055,18.959999084472656,-0.24612328540541561,-0.07815499062456327,-0.13599186262664997,0.005872971368966699
2025-05-29,0.252000331878663,0.2690005302429208,19.309999465942383,-0.20107573831239967,-0.06652021419598093,-0.10038376535140009,0.007326658397459433
2025-05-30,0.1939997673034668,0.2069997787475586,19.18000030517578,-0.22348179300650184,-0.06303910200384003,-0.11343422375162569,0.008963016020441555
2025-06-02,0.18400001525878906,0.1380000114440918,18.56999969482422,-0.24512197533084934,-0.06253557194331313,-0.08691536174158153,0.009340825224392066
2025-06-03,0.23000001907348633,0.11600017547607422,18.36000061035156,-0.1904761744574739,-0.05288271688072921,-0.05960796164467438,0.012938631391846457
2025-06-04,0.22499990463256836,0.09000015258789062,17.690000534057617,-0.2516920054657966,-0.04520929812163261,-0.05566789452469089,0.013194028774840718
2025-06-05,0.125,0.026999950408935547,17.610000610351562,-0.2887721951710649,-0.050528780783852006,-0.049358254961230266,0.01886599475938941
2025-06-06,0.16200017929077148,0.10200023651123047,18.479999542236328,-0.21528661821973982,-0.04650164686993821,-0.0444449183861252,0.020268731671468764
2025-06-09,0.2780003547668457,0.12000036239624023,16.770000457763672,-0.2540035231648684,-0.043596628783182906,-0.04688592612365959,0.019001996251218713
2025-06-10,0.24200010299682617,0.0820002555847168,17.15999984741211,-0.21643834948323493,-0.04824133347529777,-0.019114691476719552,0.025094506865288597
2025-06-11,0.2239999771118164,0.04700040817260742,16.950000762939453,-0.07830335369774666,-0.04607016848484493,-0.03329600682482413,0.022911802916412056
2025-06-12,0.16200017929077237,-0.0520000457763663,17.260000228881836,-0.05268930409722983,-0.0469393640322182,0.008399072151779749,0.02025474814306443
2025-06-13,0.0989999771118164,-0.1440000534057626,18.020000457763672,-0.03222343471679612,-0.05290555409400569,0.016896791040846293,0.023157982376376982
2025-06-16,0.18400001525878906,-0.013000011444091797,20.81999969482422,0.16769488412295397,-0.05209252660203024,0.0831075902688234,0.013571999776793802
2025-06-17,0.20399999618530273,0.0,19.11000061035156,0.1084687276136842,-0.05798005695844471,0.05014253989443131,0.016971335117681403
2025-06-18,0.17500019073486328,-0.059999942779541016,21.600000381469727,0.19073876010137725,-0.05195586401582689,0.09173557242503529,0.01735253832967713
2025-06-20,0.17399978637695312,-0.05900001525878906,20.13999938964844,0.11332223437086508,-0.05267741705300253,0.08365358508806625,0.015963605372242493
2025-06-23,0.17999982833862305,-0.1810002326965332,20.6200008392334,-0.01197891662419226,-0.05393392609148138,0.08244784385177173,0.019604608822447706
2025-06-24,0.16200017929077148,-0.15899991989135742,19.82999992370605,-0.02218938598142084,-0.06042143823076562,-0.016502970937522166,0.02552054343859376
2025-06-25,0.11100006103515625,-0.1679997444152832,17.479999542236328,-0.21579188765041013,-0.06152585461939456,-0.082703976426237,0.030166689930020026
2025-06-26,0.10500001907348633,-0.12599992752075195,16.760000228881836,-0.1160337005180826,-0.06307861645352432,-0.06615462683044505,0.0316924771828513
2025-06-27,0.059999942779541016,-0.19200038909912198,16.59000015258789,-0.14085962654488082,-0.07015189368905726,-0.09134499224585287,0.03341616702841156
2025-06-30,0.08599996566772461,-0.10799980163574219,16.31999969482422,-0.14911368951228754,-0.06806157351481662,-0.08313738724659962,0.03060289967959257
2025-07-01,0.039999961853027344,-0.14400005340576172,16.729999542236328,-0.09908455481023681,-0.06908921079264319,-0.0965520385044722,0.032422841203767476
2025-07-02,0.026000022888183594,-0.20399999618530273,16.829999923706055,-0.08333336796202906,-0.05280526806598231,-0.022659580825947417,0.043670361953979386
2025-07-03,0.07000017166137695,-0.1549997329711914,16.639999389648438,-0.059355631018080945,-0.06248276280018061,0.08441342861878252,0.05989676719134427
2025-07-07,0.10800027847290039,-0.01699972152709961,16.3799991607666,-0.06984675791901662,-0.060685168021311124,0.09874890875649459,0.06915469883391476
2025-07-08,0.15000009536743164,-0.012000083923339844,17.790000915527344,-0.037337588950258405,-0.05469329120164597,0.13115778967787148,0.07039919383149501
2025-07-09,0.16499996185302734,-0.11300039291381836,16.809999465942383,0.0023851524798375046,-0.05380269891392236,0.09158528793666822,0.04257910877379022
2025-07-10,0.0970001220703125,-0.14499998092651367,15.9399995803833,-0.07109558728887733,-0.03428793542266836,0.12956980026296766,0.061788452342241784
2025-07-11,0.10600042343139648,-0.11799955368041992,15.779999732971191,-0.0690266063306868,-0.02157807725025737,0.07921684621585605,0.05778896970087374
2025-07-14,0.18599987030029297,0.023999691009520596,16.399999618530273,-0.04982622241872803,-0.018128006020388228,0.10657866623745996,0.05160056153205615
2025-07-15,0.19899988174438477,0.09999990463256836,17.200000762939453,-0.04550497635925044,-0.021584290854920828,0.0881249679908375,0.04963075565168517
2025-07-16,0.2569999694824219,0.07299995422363281,17.3799991607666,-0.16522577254949666,-0.00767674989087105,0.06281614281359076,0.04675914540879235
2025-07-17,0.23000001907348633,0.026000022888183594,17.15999984741211,-0.10204085299103383,-0.0100116918627193,0.02594372548803121,0.04358260191221111
2025-07-18,0.22799968719482422,0.05299949645996094,16.520000457763672,-0.23518517749953838,0.00456835039219661,0.06831623739041985,0.050513518908609424
2025-07-21,0.20200014114379883,0.028000354766845703,16.40999984741211,-0.18520355785876919,-0.004457908179092715,0.04603925716686618,0.04801227465939019
2025-07-22,0.1490001678466797,-0.03099966049194336,16.649999618530273,-0.19253157415733257,-0.020133189693311706,0.0761934258804081,0.044369376627453605
2025-07-23,0.10599994659423828,-0.0560002326965332,16.5,-0.16792737955208747,-0.019321340560222163,0.05303565540232455,0.037175911115969164
2025-07-24,0.14800024032592773,0.037000179290771484,15.369999885559082,-0.12070936567125912,-0.02298252602145479,0.03477390260989014,0.03678389044911474
2025-07-25,0.16300010681152344,0.05800008773803711,15.390000343322754,-0.0817422354922297,-0.01660005416056074,0.06216866636432427,0.035033618814867266
2025-07-28,0.14100027084350586,0.08100032806396484,14.93000030517578,-0.10006026715757244,-0.016151464349010457,0.07552569428255866,0.03299394959678436
2025-07-29,0.18499994277954102,0.0989999771118164,15.029999732971191,-0.07904411678770695,-0.008176470512322832,0.13629770744179825,0.03782620351019946
2025-07-30,0.09999990463256836,0.059999942779541016,15.979999542236328,-0.04482964856672955,-0.013456683410267348,0.15554832989258646,0.03715673245781069
2025-07-31,0.14400005340576172,0.11800003051757812,15.479999542236328,-0.08021392677299843,-0.0006001556433130888,0.18306467428547865,0.03198212122294897
2025-08-01,0.125,0.05499982833862305,16.719999313354492,0.0048076878990646055,0.0020013711036576294,0.19253817838532067,0.03298636383071148
2025-08-04,0.037999629974365234,-0.07000064849853516,20.3799991607666,0.24420025671190548,-0.005557488375650965,0.1305442218125374,0.03380082778305315
2025-08-05,0.04699993133544833,-0.10300016403198331,17.520000457763672,-0.015177090717741981,-0.008367424529804492,0.13238989593559242,0.036279192105824046
2025-08-06,0.046000003814697266,-0.11899995803833008,17.850000381469727,0.06186799218134542,-0.018654644132746468,0.08400240638676261,0.036035234528945206
2025-08-07,0.08699989318847656,-0.010000228881835938,16.770000457763672,0.05207031990150224,-0.02176185082086647,0.05313522353956709,0.03639533329642453
2025-08-08,0.10599994659423828,-4.76837158203125e-07,16.56999969482422,0.050063369785892764,-0.03387105689341728,0.0306787196769052,0.025517636872678676
2025-08-11,0.15199995040893555,-0.03399991989135742,15.149999618530272,-0.07621951396801452,-0.028317985103023566,0.0032928747970453584,0.023878771308292544
2025-08-12,0.12999963760375977,-0.069000244140625,16.25,-0.05523260004653041,-0.025256947924563292,0.012745000692422893,0.027534783587355064
2025-08-13,0.16300010681152344,-0.09399986267089844,14.729999542236328,-0.15247409358409814,-0.027944313413437956,0.024843000089848574,0.027883655068588392
2025-08-14,0.12799978256225586,-0.10200023651123047,14.489999771118164,-0.15559441142399577,-0.03267771899039397,0.002557134896929797,0.02935821358352247
2025-08-15,0.1810002326965332,-0.046999454498291016,14.829999923706056,-0.10230027162398714,-0.021945719694568405,0.020055950271877322,0.027253564873104284
2025-08-18,0.21600008010864258,0.01399993896484375,15.09000015258789,-0.08043873900659326,-0.02293381574845028,0.003828943136797404,0.028503391665041802
2025-08-19,0.21799993515014648,0.0689997673034668,14.989999771118164,-0.09969969281949098,-0.014059801924878143,0.029604506271767316,0.0344600269987021
2025-08-20,0.1919999122619629,0.08599996566772461,15.56999969482422,-0.05636365485913819,-0.01705133859378896,0.0186164456686365,0.03218299841032433
2025-08-21,0.1810002326965332,0.03299999237060547,15.6899995803833,0.020819759089580447,-0.009020477537589167,0.026937661087061575,0.0320630990493432
2025-08-22,0.20200014114379883,0.03900003433227539,16.600000381469727,0.07862248285601603,-0.00908448661349062,0.0422858765488436,0.024133237668438105
2025-08-25,0.17200040817260742,0.031000137329101562,14.220000267028809,-0.047555259453064824,-0.021863179031368044,0.029006012710398182,0.03283508374093308
2025-08-26,0.18200016021728516,-0.0029997825622558594,14.789999961853027,-0.015968048927617606,-0.008598489859237862,0.061415899430826495,0.029343508564752086
2025-08-27,0.1700000762939453,0.07000017166137695,14.619999885559082,-0.08510636393215565,-0.011135956800322021,0.039669810786506075,0.03069145575998704
2025-08-28,0.17799997329711914,0.03399991989135742,14.850000381469728,-0.04069762140804212,-0.004773213658906297,0.025737601972602872,0.03210419774535126
2025-08-29,0.13499975204467773,0.009999752044677734,14.43000030517578,-0.13696166879323135,-0.014615123225600343,0.018592811862568708,0.030705496854954977
2025-09-02,0.18400001525878995,0.14600038528442472,15.359999656677246,-0.2463199073017296,-0.010378647141218937,0.018288443769147015,0.026962698958492973
2025-09-03,0.24499988555908292,0.1979999542236346,17.170000076293945,-0.019977190201192596,-0.0034492916307048613,0.03443264299208695,0.028022509477155587
2025-09-04,0.19299983978271484,0.14699983596801758,16.350000381469727,-0.08403361164950818,-0.010642202928768486,-0.00949055113892935,0.030881716639150264
2025-09-05,0.17800021171569824,0.09100031852722168,15.300000190734863,-0.08765654304727655,-0.005981101154901236,-0.02811401077395596,0.0331026582887353
2025-09-08,0.1759998798370357,0.06999993324279741,15.18000030517578,-0.0838865066535045,-0.01300705677226232,-0.049044189622946995,0.03120570061218865
2025-09-09,0.11800003051757812,-0.03399991989135742,15.109999656677246,-0.0026402615749310243,-0.012036052481143132,-0.09039204247807683,0.031457057880793844
2025-09-10,0.13099980354309082,0.0010001659393310547,15.039999961853027,-0.07446154080904444,-0.0013284683781582187,-0.08285136739169117,0.029212580210487893
2025-09-11,0.10199999809265137,-0.06100010871887207,15.350000381469728,0.04209102909036955,-0.004082487071916426,-0.13647201173587648,0.03297441953574678
2025-09-12,0.08300018310546875,-0.04499959945678711,14.710000038146973,0.015182903416418148,-0.004704919002492072,-0.14038214125592008,0.033431528393678224
2025-09-15,0.13299989700317383,-0.048000335693359375,14.760000228881836,-0.004720141280130763,-0.012934911976248794,-0.17715052909355833,0.03357625944595371
2025-09-16,0.13399982452392534,-0.08200025558471724,15.6899995803833,0.039761393090013364,-0.016411362220035117,-0.17146771492559013,0.0349031988037778
2025-09-17,0.1359999179840088,-0.0820000171661377,16.360000610351562,0.09139432022360894,-0.021297025567359035,-0.1495791472213732,0.031026021430778532
2025-09-18,0.20800018310546875,0.01600027084350586,15.720000267028809,0.009633948307298468,-0.01587411504176301,-0.06731567520686732,0.028161946532425326
2025-09-19,0.2239999771118164,0.0429997444152832,15.699999809265137,0.0006373632344987001,-0.005225175953910183,-0.012506072585497961,0.027632176166672916
2025-09-22,0.2609999179840088,0.05899977684020996,15.449999809265137,-0.069277141311895,-0.0004095936529702995,-0.035113292084993974,0.028250827598212947
2025-09-23,0.29500007629394487,0.12299966812133745,16.100000381469727,0.1322081630898404,0.001851093721380842,-0.0406687030698813,0.02612360060051769
2025-09-24,0.27499985694885254,0.09299969673156738,16.639999389648438,0.1250844781992566,-0.0014383993748359448,-0.03273381300399175,0.025883176596528275
2025-09-25,0.28899979591369673,0.11899971961975142,16.18000030517578,0.1067031759116217,0.010167024606817239,-0.0018447775868148455,0.02067745097076719
2025-09-26,0.2890000343322754,0.11100006103515625,16.739999771118164,0.12727268290220595,0.017710483205765227,-0.007206863826611322,0.01909827068235137
2025-09-29,0.3269999027252197,0.192000150680542,15.289999961853027,0.059598034545347955,0.014056587516870434,-0.025983225665653316,0.019204505600285155
2025-09-30,0.2779998779296875,0.09399986267089755,16.1200008392334,0.04947924476194676,0.007483794650720202,-0.054440413206306985,0.020307107945640297
2025-10-01,0.30299973487854004,0.05799984931945712,16.280000686645508,-0.05183455944634674,0.0029704839884156344,-0.08539339428314789,0.0233028352524894
2025-10-02,0.2609999179840088,0.06800007820129395,16.290000915527344,-0.0036696920209483563,0.0020489398315722924,-0.10076926785835268,0.026543964291445486
2025-10-03,0.23999977111816362,0.061999559402465376,16.6299991607666,0.08692803617330269,0.0038910273750196677,-0.12276761974226809,0.023426641977233053
2025-10-06,0.26099991798400923,0.08500003814697354,16.649999618530273,0.09683789748365701,0.000716585932697059,-0.08934928993029824,0.023312152468626952
2025-10-07,0.3020002841949472,0.18400025367736905,16.3700008392334,0.08338856460525101,0.0026536261483699566,-0.10398168619031911,0.024808123700728945
2025-10-08,0.2839999198913574,0.1530001163482666,17.239999771118164,0.14627658343385286,0.005084928994640968,-0.0816240884942787,0.022944827549501712
2025-10-09,0.28600025177001953,0.18400025367736816,16.299999237060547,0.061889174721952545,0.002329425534187078,-0.061536379144052,0.02445919654297667
2025-10-10,0.2949998378753662,0.21199965476989746,16.43000030517578,0.11692727821674964,0.011620415953706524,-0.07619602898260708,0.018976919678319548
2025-10-13,0.19800019264221191,0.06500029563903809,21.65999984741211,0.4674796417027558,0.0025289578145030137,-0.13687891194895282,0.012116601456583293
2025-10-14,0.19800019264221191,0.06400036811828658,19.030000686645508,0.2128745185205807,0.007989860821772821,-0.12394609993646657,0.016979603301306562
2025-10-15,0.16899991035461426,0.03299999237060547,20.809999465942383,0.272004809876055,0.01218912570681123,-0.13523346228472452,0.01672783090449055
2025-10-16,0.18799996376037642,-0.02000021934509233,20.63999938964844,0.31297703810723587,0.014272864617770461,-0.12774410609823597,0.0182104853058962
2025-10-17,0.1230001449584961,-0.10099983215332031,25.309999465942383,0.6121018963965872,0.012065589259343068,-0.12713700858495816,0.014117631634010554
2025-10-20,0.17499995231628418,-0.08599996566772461,20.780000686645508,0.3449838798175291,0.010724816191785934,-0.13762879168483344,0.01796509618287893
2025-10-21,0.18799996376037598,-0.10700011253356889,18.229999542236328,0.13229808138502408,0.009580126493425524,-0.12471311856451375,0.01932380251147591
2025-10-22,0.17799997329711914,-0.0969998836517334,17.8700008392334,0.0739183590565593,0.0027328994958231542,-0.14302012168726594,0.018336416954220093
2025-10-23,0.1649999618530278,-0.12399983406066895,18.600000381469727,0.14956736901419077,-0.00010112871924230871,-0.16811859338770882,0.016723844542273162
2025-10-24,0.20299983024597212,-0.08600020408630327,17.299999237060547,0.033452776200664,-0.010056399869592095,-0.12475368815971502,0.02106649002698818
2025-10-27,0.23399996757507324,-0.09299993515014648,16.3700008392334,0.07063445912850641,-0.01085548758655754,-0.11883039500544273,0.023161197285732377
2025-10-28,0.27900004386901855,0.0010001659393310547,15.789999961853027,-0.020471517382133375,0.0009114938326349665,-0.09366294557868483,0.02557475120273307
2025-10-29,0.26300001144409135,-0.039999723434448686,16.420000076293945,0.008599470745924487,-0.0009114938326349186,-0.0971976022756591,0.021220022968892964
2025-10-30,0.3280000686645508,0.06700015068054199,16.920000076293945,0.03867397945730611,0.0044444764212149225,-0.07453311563321038,0.01863511213786968
2025-10-31,0.3359999656677246,0.09600019454956099,16.90999984741211,0.016837083630532268,0.013656562255061035,-0.06053719437549586,0.015783755991479326
2025-11-03,0.38299989700317383,0.1219999790191646,17.440000534057617,0.047447503521149015,0.014127394331046159,-0.04646040601413836,0.016780709882603436
2025-11-04,0.3229999542236328,0.020999670028685635,17.170000076293945,0.04886983482268481,0.017066836018379557,-0.045313152007710404,0.013541209767046404
2025-11-05,0.29600024223327637,0.012000322341918945,19.0,0.10208818168491685,0.01710824253310233,-0.05462324184596328,0.013665916270652065
2025-11-06,0.3689999580383305,0.08299970626831099,18.010000228881836,0.10490804121839092,0.021180807177103172,-0.05817392745515645,0.012421989283711833
2025-11-07,0.3299999237060547,0.03500008583068848,19.5,0.18685329505788917,0.019133114124650828,-0.05276455118407081,0.010187602962741477
2025-11-10,0.3359999656677246,0.1379997730255127,19.07999992370605,-0.11911357072397721,0.013646898521112383,-0.06808868284007229,0.013667556803374399
2025-11-11,0.32700014114379883,0.12899994850158691,17.600000381469727,-0.07514452199569799,0.017927296967701928,-0.04344615851052522,0.01627734768154774
2025-11-12,0.33699989318847656,0.1679999828338623,17.280000686645508,-0.16962993127770454,0.013054893029058424,-0.03824983826330876,0.01813933391324378
2025-11-13,0.2869999408721924,0.09899997711181596,17.510000228881836,-0.1516472506455785,0.012237894465986655,-0.06390781950166827,0.0164033002659486
2025-11-14,0.3190000057220459,0.1959998607635498,20.0,-0.20979848194337658,0.00972651109862419,-0.07419317082912721,0.012670047517439257
2025-11-17,0.35999965667724654,0.18499970436096236,19.82999992370605,-0.04571707081559362,0.006569268139303624,-0.05551138326032806,0.014788036914636647
2025-11-18,0.36099982261657715,0.17299985885620117,22.3799991607666,0.2276467209401356,0.018955462290304072,-0.060712985908145736,0.0050942054558919675
2025-11-19,0.3510000705718994,0.17300009727478027,24.690000534057617,0.38164518044403106,0.011314422424178088,-0.06470316320202177,0.0073247276867241485
2025-11-20,0.36099982261657715,0.19599986076354936,23.65999984741211,0.27204297646054965,0.02015587666808071,-0.06212775030194556,0.0055957702425914356
2025-11-21,0.3309998512268062,0.12800002098083407,26.420000076293945,0.5271677018167882,0.019457242053384075,-0.08131661074387576,0.0037358580546334287
2025-11-24,0.3230001926422119,0.08900022506713867,23.43000030517578,0.43127667098354294,0.023941774634045773,-0.10673740491869314,0.006606936362827604
2025-11-25,0.3080000877380371,0.029000043869018555,20.520000457763672,0.2995567135742765,0.023951453624243276,-0.08421745620079316,0.011194098789254576
2025-11-26,0.269999742507935,0.006999731063843662,18.559999465942383,0.13032882945829094,0.012723610034181092,-0.12384260652105461,0.01574420542485006
2025-11-28,0.24499988555908203,-0.08300018310546875,17.190000534057617,0.015957473791147425,0.01476712482791843,-0.08682664142830254,0.013999637799778563
2025-12-01,0.32000017166137695,-0.015999794006347656,16.350000381469727,-0.03311646782942368,0.011223014761327171,-0.08084381143389689,0.011768641954971949
2025-12-02,0.4030001163482666,0.020000219345092773,17.239999771118164,-0.011467933303607514,0.016635001879920924,-0.042088880153870634,0.009473356409645042
2025-12-03,0.4140000343322754,0.09100008010864258,16.59000015258789,-0.03377984397954903,0.01941022969056861,-0.059902090884525444,0.01133575345101554
2025-12-04,0.4220001697540283,0.12599992752075195,16.079999923706055,-0.1536842145417866,0.010781202493957975,-0.060554773666167,0.01331706420023682
2025-12-05,0.495999813079834,0.12699985504150346,15.779999732971191,-0.12382012590618918,0.01229876868513096,-0.06488411442278098,0.013318216222691862
2025-12-08,0.5360000133514404,0.20600008964538574,15.40999984741211,-0.20974359756860983,0.014756253683370486,-0.03740733547974538,0.010846982800364974
2025-12-09,0.5539999008178711,0.21799993515014648,16.65999984741211,-0.12683438605716135,0.01566339276024459,-0.0627004308186503,0.00935482596317619
2025-12-10,0.5539999008178711,0.22699975967407227,16.93000030517578,-0.038068185327959414,0.01954059861952122,-0.08314122465156445,0.005399821706977151
2025-12-11,0.5710000991821289,0.23400020599365234,15.770000457763672,-0.08738426903239704,0.022107170736274034,-0.0986324572053063,0.009489588896830025
2025-12-12,0.5729997158050537,0.28599977493286133,14.850000381469728,-0.15191318176139001,0.015162627528713842,-0.10614153477834228,0.010352102824047032
2025-12-15,0.6689996719360347,0.3499996662139888,15.739999771118164,-0.21300001144409175,0.010728103421052603,-0.10140075531599309,0.006273657154019395
2025-12-16,0.6440000534057617,0.2840003967285152,16.5,-0.16792737955208747,0.005209696995148306,-0.0981540513014905,0.006400708108365257
2025-12-17,0.6040000915527344,0.24300026893615723,16.479999542236328,-0.263628232340299,0.008389651017615449,-0.12517376781126002,0.006282857877920301
2025-12-18,0.6080000400543213,0.2569999694824219,17.6200008392334,-0.2863507307369959,0.011348080505836638,-0.12534191208111423,0.005780085346140598
2025-12-19,0.5940001010894775,0.2330002784729004,16.8700008392334,-0.28698220845176337,0.005705543240252263,-0.1462066706766168,0.009861924093059363
2025-12-22,0.6289999485015869,0.2980000972747807,14.90999984741211,-0.435654814369569,0.0005071815678220322,-0.13701109019265462,0.0122150899765658
2025-12-23,0.6410000324249268,0.31799983978271484,14.079999923706056,-0.3990610439473308,0.0014253656242229084,-0.1247879311994906,0.011110219457544004
2025-12-24,0.6220002174377441,0.31400012969970703,14.0,-0.31773880664300147,0.00030634443294939834,-0.0832788224627804,0.010131003317136962
2025-12-26,0.5810000896453857,0.31100034713745073,13.470000267028809,-0.27424565438451265,0.002145663289272089,-0.0666250408304544,0.012362208591766085
2025-12-29,0.5930001735687256,0.34800028800964355,13.600000381469728,-0.20884235259185802,0.0031676066475567668,-0.0851002087691384,0.009999187803507257
2025-12-30,0.5780000686645508,0.25799989700317383,14.199999809265137,-0.1314985028771799,0.001939889750192339,-0.04049132225946989,0.010741922661330172
2025-12-31,0.5900001525878902,0.18700003623962358,14.329999923706056,-0.16879349687041023,0.005307183772429918,-0.049324148146791306,0.012846264794904286
2026-01-02,0.6160001754760742,0.20200014114379883,14.949999809265137,-0.09885475155145962,0.001731230835917743,-0.07172917815626496,0.01160720260059692
2026-01-05,0.6539998054504399,0.23199963569641158,14.510000228881836,-0.09763679740505693,-0.0016244030181991333,-0.07412043135432633,0.01321705051188818
2026-01-06,0.6499998569488525,0.15400004386901855,14.899999618530272,-0.055766801605339866,-0.005884775966293579,-0.07002114224802483,0.017303486197719715
2026-01-07,0.6589999198913574,0.12299990653991699,14.75,-0.04282932212507107,-0.00969116277645707,-0.07387034449997623,0.020406763979231822
2026-01-08,0.622999906539917,0.0690000057220459,15.380000114440918,-0.07683071696846511,-0.003035548685275315,-0.05066798322502784,0.02602085598665012
2026-01-09,0.6760001182556152,0.12200021743774414,15.449999809265137,-0.08741881094108328,-0.00343084436553978,-0.029511793888839642,0.02052804444486948
2026-01-12,0.6579999923706055,0.08699989318847656,14.489999771118164,-0.08116681353774824,0.0008072883831003754,0.007129518741728839,0.020150936438000314
2026-01-13,0.6539998054504399,0.08100008964538619,15.119999885559082,0.018181784320104644,0.0007083197289195872,0.02088892354069472,0.017421454714648798
2026-01-14,0.6110000610351562,-0.05799961090087846,15.979999542236328,0.015247762046257884,0.007492925663651676,0.062240849468384825,0.02101722658746474
2026-01-15,0.5799999237060547,-0.06400012969970703,16.75,0.015151515151515138,0.0070864535963808695,0.07497654701865918,0.01841226968334655
2026-01-16,0.5949997901916504,-0.009000301361083984,15.84000015258789,-0.03883491549912932,0.007377158125200741,0.028619864130100262,0.016432218099470403
2026-01-20,0.6740000247955322,0.06599998474121094,15.859999656677246,-0.09988655497888876,0.0046389664190426725,0.02763264599551563,0.018533470204212792
2026-01-21,0.7230000495910645,0.12899994850158691,20.09000015258789,0.19087131909714916,-0.002632401388747984,0.0309684820219059,0.016931680193478255
2026-01-22,0.6649997234344478,0.035999774932860884,16.899999618530273,0.1334674575106427,-0.0018209443676843976,-0.01911669987983581,0.017666107288712252
2026-01-23,0.66100001335144,0.019999980926513228,15.640000343322754,0.11079548494813363,-0.0059804176538873835,-0.03541656567114438,0.01568852259271847
2026-01-26,0.6569998264312744,0.03499960899353027,16.09000015258789,0.1492857251848494,-0.01201766496964082,-0.003922241935836008,0.012732254795015753
2026-01-27,0.6379997730255127,0.05699968338012695,16.149999618530273,0.19896060121553472,-0.016860374851717073,0.00794836991199893,0.014209607482883817
2026-01-28,0.6530001163482666,0.059999942779541016,16.350000381469727,0.20220587668121892,-0.030702370218005662,0.03109227203741828,0.01716996967465921
2026-01-29,0.6689999103546143,0.09099984169006348,16.350000381469727,0.15140849303404713,-0.03143438628238663,0.042662786045849305,0.017421454714648798
2026-01-30,0.6470003128051767,0.05700016021728649,16.8799991607666,0.17794830779043425,-0.03590761365996022,0.07028206006769386,0.01729789614741248
2026-02-02,0.6690001487731934,0.05299997329711914,17.440000534057617,0.16655523455253318,-0.029261509376429552,0.06591962930568077,0.021522902738121748
2026-02-03,0.6970000267028809,0.04300022125244096,16.34000015258789,0.12611991005096468,-0.026387828271978112,0.025755262336971348,0.02200497785212163
2026-02-04,0.6840002536773682,0.034000396728515625,18.0,0.2080537222037533,-0.027931329177029958,0.05880695353099834,0.020388470776881284
2026-02-05,0.6800000667572026,0.02100014686584517,18.63999938964844,0.26372877217955537,-0.02138414947954944,0.0917396359646294,0.01877474129872424
2026-02-06,0.6319999694824219,0.009000062942504883,21.770000457763672,0.4154746616238916,-0.01803309727904079,0.05755816244118627,0.016786235203875507
2026-02-09,0.6159999370574951,-0.06000018119812012,20.3700008392334,0.31844667253767933,-0.02017818011070807,0.05531808281521123,0.016901489703577105
2026-02-10,0.6050000190734863,-0.05299997329711914,17.360000610351562,0.19806769389699763,-0.026901962722054928,0.052962929632570224,0.01714567946942172
2026-02-11,0.556999921798706,-0.09699988365173384,17.790000915527344,0.17658737104345779,-0.027309626871057924,0.08940204550011274,0.018141461918777024
2026-02-12,0.5720000267028809,-0.03900003433227539,17.649999618530273,0.10450563980806193,-0.023979501604543815,0.09640932560660932,0.022124167138706647
2026-02-13,0.5060000419616699,-0.07399988174438477,20.81999969482422,0.24298505640741608,-0.023854305132505096,0.04474837493045811,0.02137972385536988
2026-02-17,0.4630002975463867,-0.13199949264526367,20.600000381469727,0.30050506205987393,-0.027588650277204106,0.04854372530146506,0.02374391130723401
2026-02-18,0.4590001106262207,-0.21499991416931152,20.290000915527344,0.2793191270332098,-0.024300919340228325,0.025840392946304518,0.022999250207086253
2026-02-19,0.4760000705718994,-0.24699997901916504,19.6200008392334,-0.02339468938699585,-0.025566050716347544,0.09233874308138826,0.02373699026170291
2026-02-20,0.47999978065490767,-0.18499994277954013,20.229999542236328,0.19704142005156156,-0.022516003065413705,0.1162412621672164,0.024731701669478724
2026-02-23,0.49099993705749556,-0.17000007629394442,19.09000015258789,0.2205882182565333,-0.02404396273090658,0.13406945128819556,0.022107632913019527
2026-02-24,0.4409997463226323,-0.21600008010864213,21.01000022888184,0.3057799894117852,-0.024667672994085597,0.11951878023620045,0.01776782048561711
2026-02-25,0.4449999332427974,-0.1929998397827153,19.549999237060547,0.21052629714177606,-0.018022219085524985,0.12445228368490178,0.013557031376504766
2026-02-26,0.4599997997283931,-0.1930003166198735,17.93000030517578,0.09663607870595214,-0.019260621457752678,0.10924039300484395,0.013928800341958647
2026-02-27,0.42900013923644975,-0.2399997711181645,18.6299991607666,0.13944946337009956,-0.01693321239525082,0.1077317403522703,0.012569184101162692
2026-03-02,0.3839998245239262,-0.26300048828125044,19.86000061035156,0.17654037901324293,-0.018272795622658485,0.12204452009546518,0.012760457390914417
2026-03-03,0.45799994468688965,-0.2110002040863037,21.440000534057617,0.2293577911416127,-0.009912120878898537,0.19449707794840268,0.010325084206568181
2026-03-04,0.46100020408630416,-0.2359998226165767,23.56999969482422,0.44247242807346354,0.0020212697745158217,0.23491449770762765,0.007462269120068927
2026-03-05,0.48499989509582564,-0.19900035858154252,21.149999618530277,0.1749999788072376,-0.002224932418795572,0.22411517168928674,0.010207531251315486
2026-03-06,0.5579998493194576,-0.12200021743774503,23.75,0.2741416726220147,0.003328144215863697,0.29889559227953855,0.006219510882467366
2026-03-09,0.562999963760376,-0.0690000057220459,29.489999771118164,0.35461640565107877,-0.0010096777619509046,0.43425852540861487,0.0038174957799031193
2026-03-10,0.5430002212524414,-0.07299971580505371,25.5,0.2518408909873988,-0.00040323503792041984,0.48670877561439163,0.01094070148204794
2026-03-11,0.5410001277923588,-0.06399989128112749,24.93000030517578,0.4360598749236402,0.000404826591616994,0.355904869515596,0.005967737049199802
2026-03-12,0.6080002784729004,0.051000356674194336,24.229999542236328,0.36200102840287496,0.008907892435690264,0.41525501987164465,0.003839992218473816
2026-03-13,0.6679997444152832,0.09599971771240234,27.290000915527344,0.5461757226825255,0.01352595913487749,0.510790863193246,-0.0007066375787209716
2026-03-16,0.681999921798706,0.17599987983703613,27.190000534057617,0.30595585651314683,0.022266791310975954,0.5522978780997567,-0.003094960406957724
2026-03-17,0.6149997711181641,0.15199947357177734,23.51000022888184,0.14126212589926634,0.015769027389933105,0.5257311621671527,-0.0005636297508466547
2026-03-18,0.5970001220703125,0.1380000114440918,22.3700008392334,0.10251354508881727,0.012225452156214124,0.5422536296327897,0.005198185923884561
2026-03-19,0.6489999294281006,0.17299985885620117,25.09000015258789,0.2787970988470263,0.016724105901207865,0.5396492700326586,-0.0026794805866306587
2026-03-20,0.6690001487731934,0.1890003681182857,24.059999465942383,0.18932278845136685,0.006369175622830814,0.5287369644079181,0.0010748442762570595
2026-03-23,0.7729997634887695,0.28199982643127397,26.780000686645508,0.4028287308848,0.013741760078095872,0.5276120816099975,-0.0091287692815442
2026-03-24,0.7220001220703125,0.2810003757476802,26.149999618530277,0.24464537523339147,0.01025957000542011,0.41183958222456984,-0.0033069160547069213
2026-03-25,0.7720003128051758,0.3270003795623784,26.950000762939453,0.3785167168626211,0.014690471589390077,0.45912635754035497,-0.008573623115389568
2026-03-26,0.7080001831054688,0.24800038337707564,25.32999992370605,0.41271608993749664,0.015990644036517364,0.4648794575001533,-0.004924476690431427
2026-03-27,0.7960000038146973,0.3669998645782475,27.440000534057617,0.4728932780546886,0.018794132930354753,0.48656680537676894,-0.01161228356349919
2026-03-30,0.8329999446868901,0.44900012016296387,31.049999237060547,0.5634440222965786,0.01925563469394736,0.5419831013171733,-0.015141470006928408
2026-03-31,0.7439999580383301,0.28600001335144043,30.61000061035156,0.4277052167852011,0.022436711058246565,0.5831705909882395,-0.013006937417921227
2026-04-01,0.7109999656677246,0.24999976158142045,25.25,0.07127706096426878,0.015526079974480394,0.5702262083163518,-0.004031455425027206
2026-04-02,0.7139997482299805,0.22899985313415483,24.540000915527344,0.16028375215794166,0.013945303757160375,0.5404244115288523,-0.0041839132650262935
2026-04-06,0.7060000896453862,0.14800024032592862,23.8700008392334,0.005052666915090542,0.014601708942185595,0.6690538877368764,-0.0020405179789916117
2026-04-07,0.7120001316070557,0.1490001678466797,24.170000076293945,-0.18040012669089622,0.013087904807739055,0.6969798007130751,-3.475362429599957e-05
2026-04-08,0.7279999256134033,0.18499970436096191,25.780000686645508,0.010980419084137605,0.0071511518485159655,0.6706487503701084,-0.000525657612755215
2026-04-09,0.6909999847412109,0.1499998569488521,21.040000915527344,-0.15603687693661294,0.0,0.4680777799608026,0.0046117112624478275
2026-04-10,0.7050001621246333,0.09699988365173295,19.489999771118164,-0.19562525219431692,-0.00040470372330588515,0.49766378294971825,0.005239564653282527
2026-04-13,0.7239999771118164,0.0560002326965332,19.229999542236328,-0.29534632110272563,-0.004853844401709533,0.45693824373244607,0.0012457067230702782
2026-04-14,0.6940000057220459,0.012000083923339844,19.1200008392334,-0.29680027717233426,-0.007696184892337633,0.4684707020485196,0.004990506697866367
2026-04-15,0.6440000534057617,0.029000282287597656,18.36000061035156,-0.21905570261133167,-0.012155710184954493,0.43317910667941745,0.007976379594725637
2026-04-16,0.6700000762939453,0.07299995422363281,18.170000076293945,-0.18775147990040864,-0.01347198751291713,0.42907388530008544,0.006862588442423698
2026-04-17,0.6990001201629639,0.05000019073486328,17.940000534057617,-0.2849740763270897,-0.004266979629068267,0.45061318751883916,0.008087827601471484
2026-04-20,0.6459999084472656,-0.023000240325927734,17.479999542236328,-0.27348296216798473,-0.006705335090505708,0.32440461606168863,0.008851325406223895
2026-04-21,0.6519999504089355,-0.12099981307983398,18.8700008392334,-0.2953696655936465,-0.003156639786413385,0.4118463185659995,0.007243496121982122
2026-04-22,0.6939997673034668,-0.028000354766845703,19.5,-0.25430209237242163,0.008264984338628923,0.41117985107091715,0.005126815072620524
2026-04-23,0.6990001201629643,-0.07300019264221147,18.920000076293945,-0.2979592007169083,0.015846525371783104,0.42737944555440316,0.006250312555011672
2026-04-24,0.7279999256134038,0.019999742507935014,19.309999465942383,-0.23766286916288615,0.026460386684166823,0.42937945723235516,0.004757176720106257
2026-04-27,0.7170000076293945,-0.07899999618530273,18.709999084472656,-0.3181487346820411,0.02113337984209478,0.4010785873151195,0.007727905193212645
2026-04-28,0.7460000514984131,-0.086999893188477,18.020000457763672,-0.4196457036863491,0.022592915727469756,0.3873669842425613,0.008224249402283244
2026-04-29,0.7640001773834229,0.020000219345092773,17.829999923706055,-0.4175106315523437,0.016666250265946266,0.42685712656215974,0.00574664555381386
2026-04-30,0.8280003070831299,0.11700034141540527,18.809999465942383,-0.2550495261012917,0.013331470702920421,0.5423167899478238,0.0017759554090728943
2026-05-01,0.804999828338623,0.09100008010864258,16.889999389648438,-0.311735991869441,0.006546661839823074,0.5081642897958774,0.005510195243627802
2026-05-04,0.80299973487854,0.09699964523315385,16.989999771118164,-0.288227935744647,0.006025615253097978,0.44784563838309394,0.007987140346066025
2026-05-05,0.8560001850128174,0.14400005340576172,18.290000915527344,-0.24327675391833092,0.0066228936649690845,0.5196661587094906,0.005851441913110433
2026-05-06,0.8159999847412109,0.08800005912780762,17.3799991607666,-0.32583403033927205,0.008668720858645361,0.47578935636357333,0.003883176007480132
2026-05-07,0.7560000419616699,0.06500005722045898,17.389999389648438,-0.1734791524265209,0.012317923874408445,0.39022633014245395,0.005521278802050531
2026-05-08,0.7940001487731934,0.08899998664856001,17.079999923706055,-0.12365314908743297,0.014868224940416142,0.3936169895276611,0.002760797709213984
2026-05-11,0.7689998149871831,0.044999837875366655,17.190000534057617,-0.10608419431826321,0.010376571415910524,0.38960952412074956,0.00638463850827066
2026-05-12,0.809999942779541,0.11599993705749512,18.3799991607666,-0.03870301495742334,0.010365999548810675,0.44508969047679575,0.004881015955780593
2026-05-13,0.8599998950958252,0.21599984169006348,17.989999771118164,-0.020152550486560727,0.014449230998605124,0.4853488080389542,0.0027624057370859785
2026-05-14,0.8810000419616699,0.2109999656677246,17.8700008392334,-0.016510689917494825,0.013494374138158577,0.48287560361198134,0.0037580153743585996
2026-05-15,0.8729999065399165,0.17399978637695268,17.260000228881836,-0.0379041407431876,0.012005438119727811,0.4394961317319357,0.0017699604045441917
2026-05-18,1.0069997310638423,0.3609998226165767,18.43000030517578,0.05434787115663231,0.013590435936468068,0.46180358778682623,-0.0034967954650697336
2026-05-19,1.0550000667572021,0.4030001163482666,17.81999969482422,-0.05564393734557127,0.011892177997833195,0.49267734128819535,-0.0032314110762772068
2026-05-20,1.0919997692108154,0.39800000190734863,18.059999465942383,-0.073846181233724,0.016244073971102904,0.48565861689698026,-0.00401684989168026
2026-05-21,1.0150001049041748,0.3159999847412105,17.440000534057617,-0.07822407696978351,0.01248814006317877,0.40358418184495265,0.003131977123096932
2026-05-22,1.003999948501587,0.27600002288818315,16.760000228881836,-0.13205589371237714,0.015135699558602849,0.387159384902523,0.0022725534721248853
2026-05-26,0.9730000495910645,0.2560000419616699,16.700000762939453,-0.10742909780264454,0.015524625880952839,0.3929659080571906,0.0032631075241025425
2026-05-27,0.9110000133514404,0.16499996185302734,17.010000228881836,-0.05604884590592174,0.01585557729440223,0.33713284554911865,0.008245357202493664
2026-05-28,0.8959999084472656,0.13199973106384277,16.290000915527344,-0.0863712290952503,0.008401302984535211,0.21912026307107754,0.008194501007947096
2026-05-29,0.8650000095367432,0.03699970245361328,15.739999771118164,-0.16321104635769912,-0.0003029879231299342,0.1759080220506982,0.011436535424514248
2026-06-01,0.8650000095367427,0.06000018119811967,15.31999969482422,-0.09295439618467005,0.0014165018437566825,0.15709299644629612,0.008944515684283243
2026-06-02,0.8550000190734863,0.05200028419494629,16.049999237060547,-0.055326694921771225,-0.0012089740401748077,0.12895360647165044,0.012168885101447542
2026-06-03,0.8369998931884766,-0.01900029182434082,15.770000457763672,-0.13778022589513983,0.002320805824447026,0.030978330642950865,0.017802042527086434
2026-06-04,0.8680002689361572,0.05200028419494629,16.059999465942383,-0.0759493531969766,0.003522709855319961,0.013103600081817459,0.009039653484689854
2026-06-05,0.8570003509521493,0.1010003089904794,15.399999618530272,-0.11443357337336835,0.005851528147084894,0.10878190451260923,0.01254324091968363
2026-06-08,0.9109997749328613,0.11699962615966797,21.51000022888184,0.2593677005248225,0.008429516296766517,0.03701419103713081,0.009771442891790891
2026-06-09,0.9240000247955322,0.15500020980834917,18.920000076293945,0.10063987716630796,0.0031033128320841104,-0.047380942998416595,0.017562048667708753
2026-06-10,0.8929998874664316,0.08299994468689054,19.8700008392334,0.08106647151798074,-0.0044939101808343035,-0.11257932074256038,0.02045946437311069
2026-06-11,0.9069998264312744,0.04699993133544922,22.21999931335449,0.23513060567278754,0.0024040667547635354,-0.03781850173310446,0.01542220731623012
2026-06-12,0.8399999141693115,-0.0410001277923584,19.440000534057617,0.08785672194134997,0.0028078515827239066,-0.09249738533207412,0.016797943153146064
2026-06-15,0.8689999580383301,-0.00399994850158647,17.68000030517578,0.024333723680440178,-0.003402688872789533,-0.12643751644484275,0.021948299014559636
2026-06-16,0.8509998321533203,-0.15599989891052202,16.200000762939453,-0.12099834537767573,0.004022874732968066,-0.1744474940144783,0.01992916812589564
2026-06-17,0.7979998588562012,-0.257000207901001,16.40999984741211,-0.07912457191689182,-0.0011044793431956058,-0.2568364033202671,0.02913745000318652
2026-06-18,0.8159997463226318,-0.2760000228881836,18.440000534057617,0.021041034294150496,0.011455103435601048,-0.1377385306815151,0.01881427146449273
2026-06-22,0.7930002212524414,-0.2219998836517334,16.399999618530273,-0.05963307819265162,0.014180367208803415,-0.18698863329601176,0.02572464027761911
2026-06-23,0.8289997577667236,-0.17500019073486328,17.280000686645508,0.031026279872453433,0.014156334539036817,-0.18827369162137758,0.021696411964370856
2026-06-24,0.8029999732971191,-0.1700000762939453,19.489999771118164,0.16706580124057613,0.01500204080724931,-0.2550561962666773,0.027136166774741306
2026-06-25,0.7119998931884775,-0.19900012016296298,18.6299991607666,0.09523803116322815,0.014472884156833675,-0.3482231092855479,0.02942301623083275
2026-06-26,0.7120001316070557,-0.18399977684020996,18.88999938964844,0.15960701829321722,0.009111662106079103,-0.3580088690885996,0.028655987941228783
2026-06-29,0.7090001106262211,-0.15599989891052202,18.40999984741211,0.16963151938497578,0.013908445226690574,-0.38144146277273894,0.018558314280987365
2026-06-30,0.6940000057220459,-0.17100000381469682,17.649999618530273,0.15208877089555228,0.014544977168632048,-0.34721695747312714,0.018363259379186127
