Date,Ticker,Close,eligible_signal,label_available_at,target_entry_120d_next_close,target_end_120d_next_close,target_excess_simple_120d_next_close,target_simple_120d_next_close,future_price,momentum_252d,beta_120d,ma_gap_120d,momentum_120d,relative_momentum_120d,rsi_56d,momentum_diff_short,momentum_diff_mid,momentum_diff_long,relative_momentum_diff_short,relative_momentum_diff_mid,relative_momentum_diff_long,relative_volume_20d,volume_trend_20_120,risk_rank,stability_group,stable,Sector,pred
2024-07-01,AAPL,214.703369140625,True,2024-12-20,2024-07-02,2024-12-20,0.08139189022536536,0.15796469605629196,252.65647888183594,0.14932802,1.0342563,0.17625085,0.17116274,0.018779458,67.85245,-0.15821485,0.114490524,0.021834716,-0.106319256,0.17073363,0.09901559,-0.32627797,0.36642456,1,Stable,True,Information Technology,-0.002545053595673581
2024-07-01,ABBV,158.0858154296875,True,2024-12-20,2024-07-02,2024-12-20,-0.0003620809655463103,0.07621072486538029,165.72975158691406,0.33067343,0.4551652,0.011845856,0.07541405,-0.06651184,51.56202,0.032436036,-0.051226452,-0.2552594,0.0561784,0.028657679,-0.13278341,-0.21394783,0.08088199,1,Stable,True,Health Care,-0.013076347592936096
2024-07-01,ABT,98.44429779052734,True,2024-12-20,2024-07-02,2024-12-20,0.04142383549104314,0.11799664132196974,110.06039428710938,-0.021992506,0.33901703,-0.06069955,-0.07283955,-0.21484624,41.477245,0.06799072,0.014732361,-0.050847046,0.094698355,0.09322856,0.026805282,-0.25482127,0.044349898,1,Stable,True,Health Care,-0.02018107913645272
2024-07-01,ACGL,95.70793914794922,True,2024-12-20,2024-07-02,2024-12-20,-0.11968837974498378,-0.04311557391405718,90.98999786376953,0.37820086,0.09418506,0.09797408,0.3051089,0.12706889,57.888847,-0.12424382,-0.20015764,-0.073091954,-0.094282776,-0.089021534,0.025703542,-0.33222094,-0.09047919,1,Stable,True,Financials,-0.006293628139053247
2024-07-01,ACN,289.8127746582031,True,2024-12-20,2024-07-02,2024-12-20,0.1394840470026816,0.2160568528336082,353.91986083984375,-0.0036462874,0.850193,-0.09328557,-0.10436166,-0.24943617,43.294655,0.15271115,0.023420729,-0.10071538,0.17871611,0.103277415,-0.026369646,-0.49561426,0.5500589,1,Stable,True,Information Technology,-0.01519785845919029
2024-07-01,ADP,224.6432647705078,True,2024-12-20,2024-07-02,2024-12-20,0.1787084640050173,0.2552812698359439,283.1391906738281,0.11356818,0.1845212,-0.032391556,0.006916996,-0.1323244,46.00076,-0.013745977,-0.025392016,-0.10665119,0.010895833,0.05192271,-0.02048026,0.20667085,0.023683174,1,Stable,True,Industrials,-0.023203627052961553
2024-07-01,AEE,66.76358032226562,True,2024-12-20,2024-07-02,2024-12-20,0.19148236762160695,0.26805517345253355,85.55735778808594,-0.095655896,0.18113568,-0.00367718,-0.034621134,-0.17445223,48.70802,-0.0064100847,0.014447156,0.06103476,0.018435985,0.0923181,0.1455067,0.12645686,-0.12098508,1,Stable,True,Utilities,-0.02939065596581056
2024-07-01,AEP,80.91917419433594,True,2024-12-20,2024-07-02,2024-12-20,0.0019755557412840796,0.07854836157221068,87.61522674560547,0.09418316,0.27084526,0.04185031,0.054913867,-0.08575846,55.75134,-0.08264987,-0.005172629,-0.039269295,-0.057006463,0.072548285,0.04364699,-0.47496772,-0.26435122,1,Stable,True,Utilities,-0.018658781509397405
2024-07-01,AFL,85.01278686523438,True,2024-12-20,2024-07-02,2024-12-20,0.08241897258747524,0.15899177841840184,98.9384536743164,0.318285,0.078625396,0.06508647,0.08770947,-0.05514351,59.10718,-0.07078072,-0.025941718,-0.23057552,-0.043989494,0.053324845,-0.112061575,-0.24274448,0.020528996,1,Stable,True,Financials,-0.0066782469670707955
2024-07-01,AIG,71.23616790771484,True,2024-12-20,2024-07-02,2024-12-20,-0.10095463668484769,-0.02438183085392109,70.28302764892578,0.3305907,0.49016365,0.010884396,0.10306632,-0.041123725,49.421555,-0.027282912,-0.12559009,-0.22752437,-0.0033089817,-0.043411456,-0.10733313,0.11327887,0.23158999,1,Stable,True,Financials,-0.01406474984129773
2024-07-01,AIZ,161.9619140625,True,2024-12-20,2024-07-02,2024-12-20,0.21262886122237826,0.28920166705330486,207.50042724609375,0.36437044,0.43948203,-0.036762062,0.013866531,-0.12544632,44.006905,0.031620756,-0.07940627,-0.3505039,0.058278143,-0.0040937364,-0.21672584,0.36094067,-0.084108695,1,Stable,True,Financials,-0.02018830684775412
2024-07-01,AJG,254.31495666503906,True,2024-12-20,2024-07-02,2024-12-20,0.008303835034632417,0.08487664086555902,278.8592834472656,0.21901402,0.3742561,0.060158398,0.13824598,-0.009729123,58.330853,-0.0556172,-0.056933016,-0.080768034,-0.02780529,0.026151264,0.01164211,-0.44534793,0.1582425,1,Stable,True,Financials,-0.01606988407963892
2024-07-01,AKAM,89.52999877929688,True,2024-12-20,2024-07-02,2024-12-20,-0.020748100789519698,0.0558247050414069,95.88999938964844,0.0038120453,0.59761995,-0.1495553,-0.22812311,-0.3981478,36.809383,0.12591779,0.07282545,-0.23193516,0.16395041,0.16762294,-0.18253902,-0.55617887,-0.07606335,1,Stable,True,Information Technology,0.0006845276401982182
2024-07-01,ALL,154.38943481445312,True,2024-12-20,2024-07-02,2024-12-20,0.14313907018042749,0.21971187601135408,187.88833618164062,0.5108585,-0.07667413,-0.0089772,0.0870046,-0.055791747,45.657738,0.01550613,-0.1441775,-0.42385387,0.04131218,-0.06483449,-0.2490562,-0.23989937,-0.044008225,1,Stable,True,Financials,-0.013244229253249445
2024-07-01,ALLE,113.16419219970703,True,2024-12-20,2024-07-02,2024-12-20,0.06964499574481811,0.1462178015757447,130.12548828125,-0.01679436,0.96937305,-0.0739694,-0.057384815,-0.19831474,39.9884,0.06698345,-0.055665787,-0.040590458,0.09780489,0.016593516,0.038035825,-0.20672747,0.112155415,1,Stable,True,Industrials,-0.010745909221929702
2024-07-01,AMCR,44.32107162475586,True,2024-12-20,2024-07-02,2024-12-20,-0.0718698906565883,0.004702915174338296,44.43674087524414,0.022222837,0.571925,0.020807637,0.0046328013,-0.13459548,55.867443,-0.11609772,0.05541777,-0.017590037,-0.09099614,0.13115822,0.062838584,-0.22068378,-0.12516633,1,Stable,True,Materials,-0.025647834141333564
2024-07-01,AME,163.44602966308594,True,2024-12-20,2024-07-02,2024-12-20,0.0307873404278233,0.1073601462587499,181.57298278808594,0.04056045,0.70091474,-0.040513143,0.026036851,-0.113513924,42.42343,0.05322052,-0.10132959,-0.014523599,0.08095815,-0.02651801,0.06614018,-0.2661391,0.1629287,1,Stable,True,Industrials,-0.013695035293535352
2024-07-01,AMGN,290.7995300292969,True,2024-12-20,2024-07-02,2024-12-20,-0.21633932530540376,-0.13976651947447716,249.96243286132812,0.45020464,0.71200943,0.06904001,0.015399919,-0.123935044,62.0663,-0.15146436,0.15293542,-0.4348047,-0.11385016,0.21776111,-0.27622613,-0.31494147,-0.11680993,1,Stable,True,Health Care,-0.028226013163276206
2024-07-01,AMP,413.8903503417969,True,2024-12-20,2024-07-02,2024-12-20,0.1580050488315842,0.2345778546625108,520.3098754882812,0.30432582,0.6997871,0.028494397,0.116142124,-0.029339382,50.394257,-0.021109244,-0.11912757,-0.1881837,0.0035997294,-0.035404406,-0.0756121,0.022049448,-0.0498578,1,Stable,True,Financials,-0.01917663808356479
2024-07-01,AMT,180.89772033691406,True,2024-12-20,2024-07-02,2024-12-20,-0.11403719561120526,-0.03746438978027866,172.5500030517578,0.042709135,0.46840554,0.023091089,-0.08650546,-0.22969547,56.43254,-0.037805077,0.12375127,-0.12921458,-0.012128826,0.20451054,-0.05210416,-0.31386924,-0.10672496,1,Stable,True,Real Estate,-0.030823427739491094
2024-07-01,ANSS,321.16,True,2024-12-20,2024-07-02,2024-12-20,-0.042087938817780925,0.034484867013145674,338.38,-0.014997699,1.1358222,-0.03359845,-0.07879414,-0.22128934,43.49631,0.07036558,0.020115435,-0.06379644,0.09708941,0.09906471,0.013235539,-0.32399425,0.030381858,1,Stable,True,Unknown,-0.019089180279624165
2024-07-01,AON,289.1695251464844,True,2024-12-20,2024-07-02,2024-12-20,0.1409735140533991,0.2175463198843257,354.5725402832031,-0.13492107,0.20984064,-0.030078122,-0.0024925298,-0.14171323,43.225815,0.107435256,-0.06286769,0.13242854,0.13380758,0.012365267,0.22263488,-0.44872934,0.38407677,1,Stable,True,Financials,-0.0166485137986014
2024-07-01,AOS,76.6324462890625,True,2024-12-20,2024-07-02,2024-12-20,-0.2199938314541384,-0.1434210256232118,66.22300720214844,0.12629594,1.0366037,-0.039376516,0.019379683,-0.1200233,44.433952,0.03495151,-0.09569899,-0.106916256,0.062140577,-0.021119408,-0.019544043,-0.2751044,-0.16790357,1,Stable,True,Industrials,-0.020630864873887315
2024-07-01,APA,27.01144790649414,True,2024-12-20,2024-07-02,2024-12-20,-0.34704724163390754,-0.2704744358029809,19.525978088378906,-0.10139418,0.4583096,-0.04386579,-0.10745605,-0.2528971,39.11116,0.12772712,-0.04975023,-0.0060618743,0.16611019,0.02011019,0.07342726,-0.17019957,-0.06530126,1,Stable,True,Energy,-0.026436337649354644
2024-07-01,APD,235.07972717285156,True,2024-12-20,2024-07-02,2024-12-20,0.1057145933369722,0.1822873991678988,282.04449462890625,-0.13298346,0.78203094,0.005556011,-0.0805057,-0.22314902,54.544147,-0.11653472,0.13085455,0.052477762,-0.09260067,0.2105175,0.13896178,-0.09133787,0.18358645,1,Stable,True,Materials,-0.0317762551204262
2024-07-01,APH,66.45144653320312,True,2024-12-20,2024-07-02,2024-12-20,-0.026841437810679457,0.04973136802024714,69.7974853515625,0.6316656,1.1085414,0.15997711,0.40327096,0.19958833,63.346905,-0.15331367,-0.22816129,-0.22839463,-0.11480007,-0.09998073,-0.07059944,-0.41848356,0.17373876,1,Stable,True,Information Technology,-0.015487328329480089
2024-07-01,ATO,110.16043853759766,True,2024-12-20,2024-07-02,2024-12-20,0.13677695728719386,0.21334976311812046,134.28546142578125,0.030544596,0.36108834,0.011279651,-0.010230058,-0.14950033,51.876556,-0.005293804,0.01604155,-0.040774655,0.01972242,0.09354112,0.039825857,-0.20626874,0.10015815,1,Stable,True,Utilities,-0.031655666986736705
2024-07-01,AVB,190.3634016991,True,2024-12-20,2024-07-02,2024-12-20,0.019640488571996448,0.09621329440292305,208.5563316721,0.12600927,0.4716978,0.10619528,0.12661399,-0.020000925,61.23201,-0.07423403,0.016744405,0.0006047189,-0.04213039,0.092216946,0.08073288,-0.0010842995,-0.12612583,1,Stable,True,Real Estate,-0.016330490772895258
2024-07-01,AVY,204.8321533203125,True,2024-12-20,2024-07-02,2024-12-20,-0.19474199443930257,-0.11816918860837598,182.1172637939453,0.29065952,0.64035493,-0.005839754,0.10033481,-0.04360308,49.241898,-0.04529185,-0.1139267,-0.19032471,-0.022003956,-0.031835895,-0.07934286,0.20766859,-0.03268131,1,Stable,True,Materials,-0.01406474984129773
2024-07-01,AWK,120.81736755371094,True,2024-12-20,2024-07-02,2024-12-20,-0.08543112868645095,-0.008858322855524346,120.40323638916016,-0.07005953,0.45360872,0.031582158,-0.02862148,-0.16825666,57.55649,-0.0903494,0.09595317,0.04143805,-0.063449,0.17166457,0.12379162,-0.30488428,-0.2867989,1,Stable,True,Utilities,-0.030995485925113146
2024-07-01,AXP,228.17236328125,True,2024-12-20,2024-07-02,2024-12-20,0.19614076877097072,0.2727135746018973,293.080810546875,0.3776678,0.69080377,0.05898515,0.23954561,0.07552729,57.038345,-0.09054881,-0.17478845,-0.1381222,-0.06387731,-0.074534394,-0.025451213,-0.06954972,-0.059938952,1,Stable,True,Financials,-0.006499932259839011
2024-07-01,AZO,2832.7900390625,True,2024-12-20,2024-07-02,2024-12-20,0.05704042437922144,0.13361323021014804,3253.469970703125,0.15369803,0.46827066,-0.025466785,0.10918863,-0.035588805,43.59907,0.10445561,-0.19095418,-0.044509396,0.13273853,-0.1114676,0.040852305,0.089828484,0.0081174895,1,Stable,True,Consumer Discretionary,-0.009456940252704975
2024-07-01,BA,186.6999969482422,True,2024-12-20,2024-07-02,2024-12-20,-0.12009557654132605,-0.04352277071039945,177.35000610351562,-0.11863289,0.4774973,-0.014429018,-0.18471617,-0.34343657,53.9478,0.032575108,0.20332058,-0.066083275,0.056478962,0.30011618,0.0022580624,0.48881257,-0.25554806,1,Stable,True,Industrials,0.00985957345813979
2024-07-01,BAC,38.2203254699707,True,2024-12-20,2024-07-02,2024-12-20,0.01566451235126856,0.09223731818219516,42.70558166503906,0.4375765,0.74000233,0.104275614,0.18667728,0.03193961,58.10282,-0.08370032,-0.09639175,-0.25089923,-0.05487646,-0.0072538704,-0.111605525,-0.2908239,-0.06560631,1,Stable,True,Financials,-0.007620288067483219
2024-07-01,BALL,57.8822135925293,True,2024-12-20,2024-07-02,2024-12-20,-0.1360917710531858,-0.05951896522225919,54.5833854675293,0.045815457,0.955345,-0.069327064,0.047975946,-0.09235696,41.534428,-0.04484033,-0.14295945,0.0021604896,-0.02581641,-0.06919902,0.08225969,-0.4267615,0.26119348,1,Stable,True,Materials,0.0010699726696628126
2024-07-01,BAX,32.028934478759766,True,2024-12-20,2024-07-02,2024-12-20,-0.167032590198547,-0.09045978436762038,28.94654655456543,-0.2373847,0.4653211,-0.13682371,-0.17424025,-0.330669,28.478306,0.18748942,-0.043463156,0.06314446,0.23984104,0.02339378,0.15974617,-0.072500534,0.2020727,1,Stable,True,Health Care,-0.05390874642426533
2024-07-01,BDX,172.54974365234375,True,2024-12-20,2024-07-02,2024-12-20,-0.07456975296184618,0.002003052869080424,172.8727569580078,-0.10621208,0.33737013,-0.02847276,-0.06708654,-0.20866042,45.260372,0.045235205,0.014129303,0.03912554,0.07165857,0.09249552,0.1230399,-0.32906872,-0.03614601,1,Stable,True,Health Care,-0.019089180279624165
2024-07-01,BF-B,39.74600601196289,True,2024-12-20,2024-07-02,2024-12-20,-0.09524363789333598,-0.01867083206240938,39.34662628173828,-0.3547908,0.20724697,-0.16950585,-0.23712559,-0.40987945,37.07068,0.099782534,0.060152784,0.11766522,0.13943337,0.15335953,0.24771482,-0.40350613,0.5058699,1,Stable,True,Consumer Staples,0.0006845276401982182
2024-07-01,BG,100.3679428100586,True,2024-12-20,2024-07-02,2024-12-20,-0.349414641076923,-0.27284183524599637,75.06432342529297,0.18701808,0.14037368,0.08658754,0.097526796,-0.046158306,50.276478,-0.026634902,-0.07340135,-0.089491285,-0.0013520978,0.00824346,0.0018109232,-0.48425514,-0.15951465,1,Stable,True,Consumer Staples,-0.008652751593086143
2024-07-01,BIIB,231.77000427246094,True,2024-12-20,2024-07-02,2024-12-20,-0.43646269075183997,-0.35988988492091334,146.47000122070312,-0.17849927,0.84728396,0.033833295,-0.10159705,-0.24635418,58.718983,-0.0985696,0.23053032,0.07690222,-0.06636183,0.30587348,0.16968186,-0.24620129,-0.06396271,1,Stable,True,Health Care,-0.008828099577702699
2024-07-01,BKR,33.44950485229492,True,2024-12-20,2024-07-02,2024-12-20,0.09936217212124732,0.17593497795217392,39.053001403808594,0.14252986,0.5422728,0.105157465,0.09208807,-0.051126063,52.17009,0.0067176707,-0.05519768,-0.050441787,0.031457316,0.025598418,0.03504254,-0.31454977,-0.119612366,1,Stable,True,Energy,-0.007501955937252104
2024-07-01,BLK,749.8681640625,True,2024-12-20,2024-07-02,2024-12-20,0.2412095165944456,0.3177823224253722,996.8284912109375,0.16735938,1.0058013,-0.0041271895,-0.0061154705,-0.14535184,50.50142,0.0258307,0.00023008324,-0.17347485,0.05065132,0.0776952,-0.08068253,-0.09868077,-0.0945231,1,Stable,True,Financials,-0.029938631826207148
2024-07-01,BMY,37.07329177856445,True,2024-12-20,2024-07-02,2024-12-20,0.37838943411299764,0.4549622399439242,52.83009719848633,-0.3269755,0.36820853,-0.12623812,-0.19327253,-0.35398695,33.648605,0.20160873,-0.0032255054,0.13370296,0.24887288,0.07345742,0.2614002,0.07712559,0.040782556,1,Stable,True,Health Care,-0.03871299390775161
2024-07-01,BR,189.63877868652344,True,2024-12-20,2024-07-02,2024-12-20,0.07227610821545186,0.14884891404637846,219.78382873535156,0.22362994,0.81336975,-0.0122836875,-0.0092716515,-0.1485325,46.806675,-0.010791138,0.0031017195,-0.23290159,0.014082026,0.08058958,-0.13094072,-0.40380436,-0.13780561,1,Stable,True,Industrials,-0.029989015723315453
2024-07-01,BRK-B,405.19000244140625,True,2024-12-20,2024-07-02,2024-12-20,0.03666719763837693,0.11324000346930353,453.20001220703125,0.20266539,0.4832863,0.00637278,0.10052151,-0.043433417,48.43276,0.0021659601,-0.12491235,-0.102143876,0.027217187,-0.04301368,-0.008560095,-0.2907994,0.18781175,1,Stable,True,Financials,-0.01406474984129773
2024-07-01,BRO,87.63595581054688,True,2024-12-20,2024-07-02,2024-12-20,0.07466770696957259,0.1512405128004992,101.50145721435547,0.32536542,0.5361457,0.059015483,0.23839712,0.07460031,57.28329,-0.0677289,-0.17513713,-0.0869683,-0.040819038,-0.075014524,0.012325678,-0.023862038,-0.14562176,1,Stable,True,Financials,-0.006499932259839011
2024-07-01,BSX,76.41000366210938,True,2024-12-20,2024-07-02,2024-12-20,0.08541273828590837,0.16198554411683497,88.94999694824219,0.43385255,0.4338373,0.10210843,0.3079426,0.12923777,62.451878,-0.11670736,-0.18011966,-0.12590995,-0.08423538,-0.07070248,-0.011713564,-0.24140093,-0.15164427,1,Stable,True,Health Care,-0.004651990529235203
2024-07-01,C,59.690765380859375,True,2024-12-20,2024-07-02,2024-12-20,0.013025379471509752,0.08959818530243635,66.32064819335938,0.42988732,0.9224986,0.08345247,0.19592088,0.039698917,54.893047,-0.032444313,-0.14550182,-0.23396644,-0.006374537,-0.052263595,-0.09848316,0.20393455,-0.14390808,1,Stable,True,Financials,-0.008438684422504984
2024-07-01,CAG,24.45502281188965,True,2024-12-20,2024-07-02,2024-12-20,-0.09680924090368467,-0.020236435072758074,23.98554039001465,-0.10977595,-0.0927944,-0.02685687,0.008165119,-0.13108562,43.62831,0.012972973,-0.07401614,0.117941074,0.03879147,0.0012124032,0.20461006,0.2340948,-0.029537102,1,Stable,True,Unknown,-0.014506589484035597
2024-07-01,CAH,95.25589752197266,True,2024-12-20,2024-07-02,2024-12-20,0.1542539976039704,0.230826803434897,115.78036499023438,0.06805378,-0.22862361,-0.060350288,-0.061470773,-0.20265888,41.73623,0.097532354,-0.046178143,-0.12952456,0.1287271,0.027009368,-0.049083397,-0.22150803,-0.017584989,1,Stable,True,Health Care,-0.019796636544196437
2024-07-01,CB,250.01193237304688,True,2024-12-20,2024-07-02,2024-12-20,-0.0006524857190542688,0.07592032011187233,269.78460693359375,0.36748347,0.17963183,0.013688002,0.13418207,-0.013305845,52.693554,-0.06958886,-0.12040854,-0.2333014,-0.046113502,-0.0347685,-0.10686442,-0.20463096,-0.15716518,1,Stable,True,Financials,-0.01907575473079939
2024-07-01,CBOE,169.13827514648438,True,2024-12-20,2024-07-02,2024-12-20,0.04806766201515271,0.12464046784607931,189.63330078125,0.28252667,-0.27796778,-0.047691464,-0.019551745,-0.158963,46.46095,0.043972235,-0.030605739,-0.30207843,0.07025416,0.045750037,-0.18838152,-0.3727504,0.022593945,1,Stable,True,Financials,-0.030645850643559135
2024-07-01,CCI,86.54586029052734,True,2024-12-20,2024-07-02,2024-12-20,-0.09696821919150864,-0.020395413360582038,84.17123413085938,-0.106809855,0.5225417,-0.049513582,-0.1380729,-0.28780216,49.82991,-0.011174168,0.10055067,-0.03126304,0.013321824,0.18780398,0.044567198,-0.2467671,0.011046694,1,Stable,True,Real Estate,-0.01984729867513467
2024-07-01,CF,69.77115631103516,True,2024-12-20,2024-07-02,2024-12-20,0.1377768743468956,0.2143496801778222,81.78227996826172,0.068126015,0.49416542,-0.05967085,-0.060990546,-0.20214732,43.904613,0.063110486,-0.08176382,-0.12911656,0.09603573,-0.013637334,-0.048639476,-0.47305313,-0.044352718,1,Stable,True,Materials,-0.019089180279624165
2024-07-01,CFG,33.140262603759766,True,2024-12-20,2024-07-02,2024-12-20,0.14160286783783974,0.21817567366876633,40.9903678894043,0.4608575,0.8279114,0.06621588,0.092724025,-0.0505439,55.261696,-0.04820076,-0.02922161,-0.3681335,-0.021382324,0.05035766,-0.21015394,-0.2428265,-0.031573292,1,Stable,True,Financials,-0.0066782469670707955
2024-07-01,CHD,102.03108978271484,True,2024-12-20,2024-07-02,2024-12-20,-0.06479765126575429,0.011775154565172308,103.79362487792969,0.07177837,0.08820683,0.017536445,0.11745969,-0.02815961,53.09384,-0.049858138,-0.087599695,0.04568132,-0.02462414,-0.004171394,0.121934675,0.08651422,0.21483748,1,Stable,True,Consumer Staples,-0.01988753489205131
2024-07-01,CHRW,83.36579895019531,True,2024-12-20,2024-07-02,2024-12-20,0.1491219130266891,0.2256947188576157,101.40415954589844,-0.051971376,0.48667553,0.11194333,0.006277978,-0.13295923,62.13976,-0.20742315,0.21326907,0.058249354,-0.16142899,0.26968488,0.13982491,-0.4867124,-0.11315979,1,Stable,True,Industrials,-0.03148721403550673
2024-07-01,CHTR,296.0199890136719,True,2024-12-20,2024-07-02,2024-12-20,0.08158205413612443,0.15815485996705103,351.5,-0.1837984,0.4629137,0.009355767,-0.21867661,-0.38598374,58.010914,-0.06040089,0.31007499,-0.03487821,-0.031933483,0.41168964,0.03652373,-0.14600529,-0.18087196,1,Stable,True,Communication Services,-0.0021521697409502883
2024-07-01,CI,313.587890625,True,2024-12-20,2024-07-02,2024-12-20,-0.22004254286442057,-0.14346973703349397,268.3011779785156,0.19748603,0.035318464,-0.030713856,0.04894503,-0.09143267,39.270947,0.04154818,-0.13984296,-0.148541,0.06968839,-0.0656191,-0.05224348,-0.14764622,-0.05609637,1,Stable,True,Health Care,-0.013812016343562898
2024-07-01,CINF,113.86011505126953,True,2024-12-20,2024-07-02,2024-12-20,0.15403030008051938,0.23060310591144598,139.71690368652344,0.2686242,0.1451911,0.04183096,0.12439184,-0.021975284,49.410923,0.022917898,-0.12635069,-0.14423235,0.047702745,-0.04173936,-0.04049471,0.11984911,-0.18238372,1,Stable,True,Financials,-0.017705373211072153
2024-07-01,CL,90.70040893554688,True,2024-12-20,2024-07-02,2024-12-20,-0.10942916180932746,-0.03285635597840087,88.25286102294922,0.27901495,0.2187271,0.0778962,0.20234019,0.04505222,63.862225,-0.07172078,-0.102865435,-0.07667476,-0.042457215,-0.01197353,0.01837559,-0.026843268,-0.06840483,1,Stable,True,Consumer Staples,-0.011646235531678333
2024-07-01,CLX,122.9034194946289,True,2024-12-20,2024-07-02,2024-12-20,0.17486630428221975,0.25143911011314635,153.01559448242188,-0.12050736,0.55453056,-0.062203594,-0.04023956,-0.18028915,44.297195,0.09673306,-0.036122497,0.0802678,0.12460095,0.039100155,0.1675345,-0.3348654,0.016052598,1,Stable,True,Consumer Staples,-0.027419579170784487
2024-07-01,CMCSA,32.71220016479492,True,2024-12-20,2024-07-02,2024-12-20,-0.05923453921433927,0.01733826661658733,33.270652770996094,-0.053876363,0.22090043,-0.06537511,-0.120696515,-0.26784277,46.426945,0.02505033,0.049181275,-0.06682015,0.051621802,0.13188758,0.006952822,-0.19991575,-0.008311984,1,Stable,True,Communication Services,-0.012377642220086211
2024-07-01,CME,180.0622100830078,True,2024-12-20,2024-07-02,2024-12-20,0.14596647168817714,0.22253927751910374,221.91220092773438,0.116713054,-0.0019261101,-0.055727463,-0.012258796,-0.15155214,41.777935,0.04213236,-0.06119568,-0.12897184,0.06946849,0.013506174,-0.04252816,-0.19050078,0.2953723,1,Stable,True,Financials,-0.02234558273375139
2024-07-01,CMG,61.810001373291016,True,2024-12-20,2024-07-02,2024-12-20,-0.06891812514158233,0.007654680689344272,61.869998931884766,0.46427554,0.84943,0.079334736,0.38191468,0.1842524,52.80083,-0.094564825,-0.29981822,-0.08236086,-0.06644753,-0.16710593,0.02230537,-0.054199226,0.5518213,1,Stable,True,Consumer Discretionary,-0.012715771342850637
2024-07-01,CMI,261.36871337890625,True,2024-12-20,2024-07-02,2024-12-20,0.2511658097943089,0.32773861562523554,340.98822021484375,0.15596591,0.56751865,0.0021122587,0.14298134,-0.0055775354,41.44664,0.03725344,-0.21374214,-0.012984574,0.06430704,-0.12956545,0.068899766,-0.3889852,-0.51289624,1,Stable,True,Industrials,-0.0048362000057781815
2024-07-01,CMS,54.89213943481445,True,2024-12-20,2024-07-02,2024-12-20,0.07049242740009859,0.1470652332310252,63.14691162109375,0.042012684,0.16666932,-0.00022894268,0.004413806,-0.13481349,52.078907,-0.06588704,-0.0041552894,-0.03759888,-0.043140132,0.073318094,0.043445975,-0.060904454,0.0034066092,1,Stable,True,Utilities,-0.022496408235609566
2024-07-01,CNC,65.33999633789062,True,2024-12-20,2024-07-02,2024-12-20,-0.1764368391674259,-0.09986403333649929,59.58000183105469,-0.024630565,0.41466057,-0.12617567,-0.14877547,-0.30029693,42.98192,0.0058271587,0.055645615,-0.12414491,0.031404555,0.14078705,-0.055944383,-0.072423965,0.13761722,1,Stable,True,Health Care,-0.008698732051288446
2024-07-01,CNP,28.909547805786133,True,2024-12-20,2024-07-02,2024-12-20,0.00727882023442418,0.08385162606535078,31.241352081298828,0.09401041,0.22061945,0.06827352,0.053487998,-0.087111026,62.07982,-0.093253374,0.041076396,-0.040522415,-0.06404677,0.115713626,0.04245232,-0.42807898,0.09276767,1,Stable,True,Utilities,-0.023598644097046817
2024-07-01,COF,135.30032348632812,True,2024-12-20,2024-07-02,2024-12-20,0.2049681804856404,0.281540986316567,174.3610076904297,0.3041021,0.71681416,0.014938364,0.05388717,-0.086732194,50.208817,0.027981121,-0.06682786,-0.25021493,0.05295314,0.011953168,-0.13283336,0.2132285,-0.020117393,1,Stable,True,Financials,-0.021690806154752537
2024-07-01,COO,86.38999938964844,True,2024-12-20,2024-07-02,2024-12-20,0.003533541805764623,0.08010634763669122,93.44000244140625,-0.09051312,0.97042614,-0.091294385,-0.074979275,-0.21715672,41.06101,0.044803455,-0.053802535,0.015533842,0.075147085,0.017540023,0.097131565,-0.26230404,0.116258055,1,Stable,True,Health Care,-0.01152256406957947
2024-07-01,COP,106.63031768798828,True,2024-12-20,2024-07-02,2024-12-20,-0.2311681189026255,-0.1545953130716989,89.95658111572266,0.14095889,0.36268738,-0.023569291,0.0123015335,-0.12699111,34.47264,0.10826992,-0.13877194,-0.12865736,0.14184466,-0.06997603,-0.039446577,-0.46745703,0.20583728,1,Stable,True,Energy,-0.02307645132883931
2024-07-01,COR,219.53109741210938,True,2024-12-20,2024-07-02,2024-12-20,-0.0487637135259725,0.027809092304954097,224.6064453125,0.18462266,-0.047332864,-0.032764174,0.06721939,-0.074161015,43.836273,0.060951054,-0.14158791,-0.11740327,0.088770345,-0.06487196,-0.024171729,-0.073009074,0.24016567,1,Stable,True,Health Care,-0.013733182513179782
2024-07-01,COST,835.28271484375,True,2024-12-20,2024-07-02,2024-12-20,0.03669489780933903,0.11326770364026563,944.94677734375,0.6377905,0.8654479,0.12517986,0.28197876,0.10918721,68.24633,-0.15748274,-0.08031717,-0.35581174,-0.11547495,0.012764178,-0.1647473,0.025093928,-0.06762648,1,Stable,True,Consumer Staples,0.005816278201964951
2024-07-01,CPAY,266.260009765625,True,2024-12-20,2024-07-02,2024-12-20,0.20513141416319428,0.2817042199941209,343.8299865722656,0.07341264,0.72062796,-0.06553877,-0.0637505,-0.20509087,38.933773,0.121261775,-0.06277897,-0.13716313,0.15499881,0.008056104,-0.056520253,-0.292613,0.14422593,1,Stable,True,Financials,-0.018539842642668156
2024-07-01,CPB,40.59182357788086,True,2024-12-20,2024-07-02,2024-12-20,-0.15045822387875818,-0.07388541804783157,37.80858612060547,0.029786564,-0.25527197,0.034410417,0.039159004,-0.10080585,53.109135,-0.009043433,-0.010061417,0.009372439,0.01617297,0.067734264,0.08925617,-0.22191058,0.26833645,1,Stable,True,Unknown,-0.02622883791705515
2024-07-01,CPRT,53.349998474121094,True,2024-12-20,2024-07-02,2024-12-20,-0.012027136007665876,0.06454566982326072,58.220001220703125,0.18214042,1.0661854,0.0012151271,0.12695391,-0.019699246,45.265015,0.04834316,-0.16983162,-0.05518651,0.07427421,-0.08587873,0.032387618,-0.28434768,0.067868374,1,Stable,True,Industrials,-0.007154012218644595
2024-07-01,CPT,101.30956268310547,True,2024-12-20,2024-07-02,2024-12-20,-0.0034983593239964195,0.07307444650693018,108.453857421875,0.047440886,0.9209311,0.104846925,0.1225815,-0.023586648,58.180378,-0.07593928,0.02714771,0.07514061,-0.043332532,0.10135922,0.14947699,-0.24937025,-0.27230278,1,Stable,True,Real Estate,-0.01688166424089084
2024-07-01,CSCO,44.92843246459961,True,2024-12-20,2024-07-02,2024-12-20,0.1813038916515272,0.2578766974824538,56.22900390625,-0.04318508,0.5487633,-0.018034823,-0.050569925,-0.19111098,45.59209,0.03419907,0.03830629,-0.007384844,0.059037305,0.11701766,0.07244791,-0.19327316,0.058156926,1,Stable,True,Information Technology,-0.02278761058654129
2024-07-01,CSGP,73.87999725341797,True,2024-12-20,2024-07-02,2024-12-20,-0.11402900003160008,-0.037456194200673476,71.44000244140625,-0.18020423,0.8484194,-0.13509382,-0.10880584,-0.25441056,36.62892,0.14041424,-0.08648879,0.071398385,0.18583481,-0.02462238,0.16370302,-0.35465872,0.38986763,1,Stable,True,Real Estate,-0.020323798691180266
2024-07-01,CSX,32.627593994140625,True,2024-12-20,2024-07-02,2024-12-20,-0.12668514334460676,-0.050112337513680154,31.149404525756836,0.0055118343,0.60621053,-0.042423293,-0.025125802,-0.16466443,44.732254,0.061940238,-0.041555256,-0.030637637,0.089255735,0.033902273,0.04925245,-0.077732995,-0.08598514,1,Stable,True,Industrials,-0.030257380900141972
2024-07-01,CTAS,170.1566925048828,True,2024-12-20,2024-07-02,2024-12-20,-0.010836846707190512,0.06573595912373609,184.01747131347656,0.42991805,0.79504836,0.06466456,0.19325013,0.037463196,54.811455,-0.022784716,-0.1466739,-0.23666792,0.0029883431,-0.053692967,-0.100740366,-0.1654895,0.23097798,1,Stable,True,Industrials,-0.008438684422504984
2024-07-01,CTLT,56.16,True,2024-12-20,2024-07-02,2024-12-20,,,,0.30483273,0.29595003,0.01334039,0.20360051,0.046099905,47.24359,0.05810518,-0.21764545,-0.101232216,0.08226123,-0.12199828,-0.000561364,-0.34883338,-0.21348017,1,Stable,True,Unknown,-0.0108146600326387
2024-07-01,CTRA,25.0317470409,True,2024-12-20,2024-07-02,2024-12-20,-0.1772890595323224,-0.10071625370139581,22.7142059675,0.08819893,0.40127373,0.0005808382,0.054829177,-0.08583875,45.76213,-0.012316711,-0.11193743,-0.033369754,0.011850774,-0.034718923,0.049050853,-0.33366752,-0.010349039,1,Stable,True,Unknown,-0.02163197883611754
2024-07-01,CTSH,64.96319580078125,True,2024-12-20,2024-07-02,2024-12-20,0.08733461485519717,0.16390742068612377,76.5822525024414,0.06705806,0.71449906,-0.054218963,-0.0732422,-0.2152806,47.375965,0.07402675,0.023251668,-0.14030026,0.10003476,0.10224341,-0.06077242,-0.4561279,-0.09180755,1,Stable,True,Information Technology,-0.023132483501498328
2024-07-01,CVS,53.289459228515625,True,2024-12-20,2024-07-02,2024-12-20,-0.28796518597746695,-0.21139238014654035,41.56917953491211,-0.12384366,0.29887453,-0.14891738,-0.26566753,-0.44801098,37.5538,0.18118314,0.060155585,-0.14182386,0.23042724,0.15619978,-0.09638667,-0.30733207,-0.047009632,1,Stable,True,Health Care,0.0056147471182104785
2024-07-01,CVX,142.45822143554688,True,2024-12-20,2024-07-02,2024-12-20,-0.14564903468100876,-0.06907622885008215,132.81259155273438,0.043606926,0.36289445,0.016578352,0.06906813,-0.07243023,47.058926,-0.019498415,-0.0851827,0.0254612,0.004982762,-0.005569458,0.10430043,-0.30524027,-0.028540945,1,Stable,True,Energy,-0.013076347592936096
2024-07-01,D,43.8616943359375,True,2024-12-20,2024-07-02,2024-12-20,0.054884457431642636,0.13145726326256923,50.17548370361328,-0.021666724,0.16071217,-0.0036620882,0.0058792527,-0.13335556,49.639374,-0.108929016,-0.0065569063,0.027545977,-0.090414554,0.070923805,0.10796291,-0.17991932,-0.17469548,1,Stable,True,Utilities,-0.022496408235609566
2024-07-01,DD,95.7500228881836,True,2024-12-20,2024-07-02,2024-12-20,-0.09387550784700446,-0.017302702016077864,94.20011901855469,0.14108968,0.6394176,0.07048382,0.044438202,-0.095738456,54.42134,-0.0865266,0.0069132224,-0.09665148,-0.060885593,0.08406099,-0.008308545,-0.36659813,-0.19524094,1,Stable,True,Materials,-0.025229745593042554
2024-07-01,DE,351.5696716308594,True,2024-12-20,2024-07-02,2024-12-20,0.11267587867921247,0.18924868451013907,422.69036865234375,-0.087795734,0.6500864,-0.059864666,-0.086020604,-0.22916484,38.96106,0.07684242,-0.023792803,0.0017751306,0.10779694,0.051086783,0.08214006,-0.16403174,0.11303192,1,Stable,True,Industrials,-0.022800370825798055
2024-07-01,DFS,131.2578680466,True,2024-12-20,2024-07-02,2024-12-20,0.23225064054726183,0.3088234463781884,172.5557527418,0.15895253,0.44975132,0.112544,0.19172256,0.036182206,56.751263,0.014301211,-0.12213334,0.032770023,0.03828169,-0.03066141,0.108079165,0.062071517,-0.28991744,1,Stable,True,Unknown,-0.008752417018422328
2024-07-01,DG,124.08740997314453,True,2024-12-20,2024-07-02,2024-12-20,-0.47960881012954004,-0.40303600429861347,73.44603729248047,-0.2034915,0.713311,-0.07231372,-0.023508782,-0.16300711,40.619385,0.12966667,-0.15239254,0.1799827,0.17112696,-0.09221178,0.28392395,0.21459126,0.15248312,1,Stable,True,Consumer Staples,-0.017479357075916687
2024-07-01,DGX,131.45240783691406,True,2024-12-20,2024-07-02,2024-12-20,0.05548629984167647,0.13205910567260307,148.32342529296875,-0.0071775904,0.24578117,0.03286672,-0.021160312,-0.16060498,53.72259,-0.08286296,0.069649786,-0.013982722,-0.057329133,0.14620164,0.06601207,-0.028503153,-0.2543698,1,Stable,True,Health Care,-0.030328688649460585
2024-07-01,DHR,241.4466552734375,True,2024-12-20,2024-07-02,2024-12-20,-0.12497731701981349,-0.048404511188886896,225.90687561035156,0.16512145,0.927629,-0.016648445,0.043339875,-0.096790604,49.643353,-0.058710784,-0.031465087,-0.12178157,-0.034773596,0.04684157,-0.030202359,0.091206275,0.23984435,1,Stable,True,Health Care,-0.02693326394118192
2024-07-01,DIS,95.36577606201172,True,2024-12-20,2024-07-02,2024-12-20,0.07707095203272099,0.1536437578636476,109.9620132446289,0.10578435,0.55328345,-0.08060633,0.070890225,-0.0707273,33.612873,0.10620403,-0.23358545,-0.034894124,0.1444171,-0.16859372,0.04813137,0.55970997,-0.1475777,1,Stable,True,Communication Services,-0.015197590931907617
2024-07-01,DLTR,107.25,True,2024-12-20,2024-07-02,2024-12-20,-0.3955906190531495,-0.3190178132222229,72.94000244140625,-0.25318572,0.48751417,-0.1562736,-0.22039694,-0.38818797,36.346302,0.082630344,0.047050208,0.032788783,0.12027125,0.13606417,0.123164326,-0.2597503,0.2881334,1,Stable,True,Consumer Staples,0.0006845276401982182
2024-07-01,DOC,16.950393676757812,True,2024-12-20,2024-07-02,2024-12-20,-0.01735520924764819,0.05921759658327841,18.00948715209961,0.03955433,0.70611316,0.061194148,0.007193586,-0.13204975,54.92272,-0.100688234,0.07188641,-0.032360747,-0.0729544,0.14640471,0.048571736,-0.30407903,-0.31447375,1,Stable,True,Real Estate,-0.019735713859040972
2024-07-01,DOV,173.2745819091797,True,2024-12-20,2024-07-02,2024-12-20,-0.001309268466601482,0.07526353736432512,186.2842559814453,0.23965538,0.84086424,0.037341855,0.20111829,0.04403544,52.101784,-0.061915584,-0.17635849,-0.038537085,-0.037322357,-0.081331074,0.048615597,-0.24621981,0.095903784,1,Stable,True,Industrials,-0.012717711706109705
2024-07-01,DOW,46.544837951660156,True,2024-12-20,2024-07-02,2024-12-20,-0.29663400716028876,-0.22006120132936216,36.357303619384766,0.040451262,0.62898064,-0.051417045,-0.020496879,-0.15992744,39.642727,0.023164913,-0.08942844,-0.06094814,0.05069244,-0.018276334,0.019831613,-0.31901637,0.115261994,1,Stable,True,Materials,-0.02234558273375139
2024-07-01,DPZ,488.451904296875,True,2024-12-20,2024-07-02,2024-12-20,-0.20536531103920383,-0.12879250520827723,414.81494140625,0.5468438,0.6537557,0.06642077,0.26274368,0.0940693,49.994343,-0.053079188,-0.2131697,-0.28410015,-0.026896175,-0.10743881,-0.12273373,0.0002753829,-0.17320913,1,Stable,True,Consumer Discretionary,-0.007525765492596609
2024-07-01,DRI,138.03895568847656,True,2024-12-20,2024-07-02,2024-12-20,0.22593302064629298,0.3025058264772196,177.90560913085938,-0.071913056,0.498613,-0.061436735,-0.08035783,-0.22298822,44.732086,0.042698756,0.023961313,-0.008444771,0.069256335,0.10318511,0.0710552,-0.357256,0.13541566,1,Stable,True,Consumer Discretionary,-0.017447943785839606
2024-07-01,DTE,102.14002990722656,True,2024-12-20,2024-07-02,2024-12-20,0.04097771737529003,0.11755052320621663,114.43953704833984,0.0360309,0.24049178,0.005506425,-0.0032447395,-0.1424676,52.997005,-0.060119532,0.00837109,-0.03927564,-0.036676854,0.085826986,0.041548997,-0.17306738,-0.06579699,1,Stable,True,Utilities,-0.030378482022125137
2024-07-01,DUK,91.6990966796875,True,2024-12-20,2024-07-02,2024-12-20,0.02884157132857537,0.10541437715950197,101.83482360839844,0.16807778,0.086391985,0.029297912,0.021068832,-0.118367635,55.63058,-0.084702894,0.02288867,-0.14700896,-0.05961799,0.09963255,-0.05431354,-0.2426179,-0.09312899,1,Stable,True,Utilities,-0.022426038650966467
2024-07-01,DVA,138.61000061035156,True,2024-12-20,2024-07-02,2024-12-20,0.02021310569410477,0.09678591152503137,151.85000610351562,0.40250933,0.50396985,0.0659595,0.27387193,0.10284343,53.32386,-0.100416325,-0.2312995,-0.1286374,-0.076275915,-0.12290616,-0.016006008,-0.39023697,0.15479024,1,Stable,True,Health Care,-0.007525765492596609
2024-07-01,DVN,45.07154083251953,True,2024-12-20,2024-07-02,2024-12-20,-0.42105689087789044,-0.3444840850469639,29.569875717163086,0.030815225,0.42684844,0.022472048,0.06629556,-0.07502704,38.47004,0.06453676,-0.15084311,0.03548033,0.09312267,-0.07506368,0.11403657,-0.3494287,-0.13395378,1,Stable,True,Energy,-0.01110791325578989
2024-07-01,EA,136.0764391279,True,2024-12-20,2024-07-02,2024-12-20,-0.009749205881230155,0.06682359994969644,146.8187301833,0.058746282,0.4532019,0.023156097,0.009123572,-0.13013539,57.17578,-0.028007373,0.05229741,-0.04962271,-0.0017415183,0.12799007,0.032192737,-0.42106745,-0.041598037,1,Stable,True,Communication Services,-0.02531755907354781
2024-07-01,EBAY,51.11787414550781,True,2024-12-20,2024-07-02,2024-12-20,0.15509431080940975,0.23166711664033635,63.64144515991211,0.20765404,0.59229064,0.07900068,0.24255365,0.077951066,50.702488,-0.05851894,-0.2124376,0.034899607,-0.033485986,-0.110033475,0.10868497,-0.14550197,-0.15679826,1,Stable,True,Consumer Discretionary,-0.007525765492596609
2024-07-01,ECL,230.72003173828125,True,2024-12-20,2024-07-02,2024-12-20,-0.060429157332658384,0.01614364849826822,234.59402465820312,0.29456538,0.20589681,0.059857048,0.20751241,0.049344797,58.662853,-0.03449308,-0.15642488,-0.08705297,-0.008367566,-0.0612733,0.010583345,-0.35985443,0.017855173,1,Stable,True,Materials,-0.010230701984886934
2024-07-01,ED,82.38829803466797,True,2024-12-20,2024-07-02,2024-12-20,-0.04752236672583274,0.029050439105093865,84.9344482421875,0.028017154,0.15772906,-0.01747649,-0.03623972,-0.17613028,50.9263,-0.05384988,0.029381134,-0.06425688,-0.030747622,0.10749419,0.01565145,-0.45146748,-0.09563233,1,Stable,True,Utilities,-0.031655666986736705
2024-07-01,EG,365.9522399902344,True,2024-12-20,2024-07-02,2024-12-20,-0.10172129113519687,-0.025148485304270277,348.3160705566406,0.13549595,0.16308548,0.010463832,0.026261073,-0.11329541,52.182713,-0.034438934,-0.023310984,-0.10923487,-0.0099414885,0.054487288,-0.020951346,0.100327894,-0.31072965,1,Stable,True,Financials,-0.023130464675093238
2024-07-01,EIX,63.437225341796875,True,2024-12-20,2024-07-02,2024-12-20,0.05591689831914817,0.13248970415007477,72.2860336303711,0.08540206,0.3289195,0.01649229,-0.015809253,-0.15515314,53.42382,-0.09283371,0.034993127,-0.10121131,-0.07050562,0.112401456,-0.017690033,-0.17073847,-0.17579132,1,Stable,True,Utilities,-0.03209551718265469
2024-07-01,ELV,515.4126586914062,True,2024-12-20,2024-07-02,2024-12-20,-0.38885463591574054,-0.31228183008481397,355.3671569824219,0.2300795,0.20444223,0.04231496,0.12052608,-0.025419295,55.310406,-0.0796409,-0.045171887,-0.10955342,-0.051946472,0.036315516,-0.0130845215,-0.359618,-0.13370785,1,Stable,True,Health Care,-0.01688166424089084
2024-07-01,EMN,87.43688201904297,True,2024-12-20,2024-07-02,2024-12-20,-0.09836026057393585,-0.02178745474300925,85.69363403320312,0.19015694,0.5968852,0.024188899,0.08928536,-0.053695742,45.76573,-0.015770875,-0.12659818,-0.10087158,0.0084817335,-0.0460849,-0.008367348,-0.09706169,0.00051428494,1,Stable,True,Unknown,-0.011502930628344447
2024-07-01,EMR,104.09473419189453,True,2024-12-20,2024-07-02,2024-12-20,0.06949111565195365,0.14606392148288025,120.64623260498047,0.23665908,0.8582076,0.012406984,0.13903503,-0.009036142,45.516098,0.0031089112,-0.17878808,-0.09762405,0.028231919,-0.09328252,-0.002036016,-0.04858041,-0.09900176,1,Stable,True,Industrials,-0.01856014853707325
2024-07-01,EOG,117.66375732421875,True,2024-12-20,2024-07-02,2024-12-20,-0.1232996713945623,-0.0467268655636357,112.2632064819336,0.1658727,0.45608437,0.0352954,0.09029281,-0.052771296,42.18943,0.0654674,-0.1397827,-0.07557988,0.091607235,-0.05973905,0.013172377,-0.16373236,-0.11722903,1,Stable,True,Energy,-0.009864771358983995
2024-07-01,EQT,35.60344696044922,True,2024-12-20,2024-07-02,2024-12-20,0.09751376845596851,0.1740865742868951,42.10914993286133,-0.09181342,0.6077579,-0.017519377,-0.03163296,-0.17136167,48.607765,-0.10903515,0.03358604,0.060180463,-0.09021224,0.111558974,0.14435734,-0.35597727,0.053852808,1,Stable,True,Energy,-0.02939065596581056
2024-07-01,ES,51.581031799316406,True,2024-12-20,2024-07-02,2024-12-20,-0.0455193681515734,0.031053437679353202,53.14518737792969,-0.15106753,0.41405845,-0.016019827,-0.07839668,-0.22085796,47.32819,-0.016428335,0.049746588,0.07267085,0.007941991,0.13003558,0.16233124,-0.051836565,-0.2503727,1,Stable,True,Utilities,-0.023705891030628267
2024-07-01,ESS,253.47557067871094,True,2024-12-20,2024-07-02,2024-12-20,-0.028403946113859067,0.04816885971706753,265.8507995605469,0.21779065,0.7191523,0.11575068,0.12009697,-0.025802331,61.26559,-0.1069173,0.04647264,-0.09769368,-0.0711271,0.11811594,-0.003427023,-0.031610105,-0.028789368,1,Stable,True,Real Estate,-0.01780315831725992
2024-07-01,ETR,49.617591857910156,True,2024-12-20,2024-07-02,2024-12-20,0.36783874562651764,0.44441155145744426,71.76988220214844,0.15543678,0.2651699,0.01872437,0.032758087,-0.10698461,52.206005,-0.08446982,-0.0082935635,-0.1226787,-0.061051555,0.069400795,-0.03204947,-0.4314536,0.11751221,1,Stable,True,Utilities,-0.02693326394118192
2024-07-01,EVRG,48.39937973022461,True,2024-12-20,2024-07-02,2024-12-20,0.11226883125592674,0.18884163708685334,57.626529693603516,-0.039333135,0.2263401,0.024614815,0.0015271236,-0.13769163,53.416763,-0.047942795,0.010740621,0.040860258,-0.023520518,0.08813086,0.12184952,-0.25216168,-0.35514534,1,Stable,True,Utilities,-0.021169429898333435
2024-07-01,EW,90.25,True,2024-12-20,2024-07-02,2024-12-20,-0.256557516936299,-0.1799847111053724,74.80999755859375,-0.019234912,0.7450467,0.03909113,0.19267876,0.036984254,48.83892,0.049086224,-0.20309539,0.21191368,0.07341146,-0.10920939,0.27582014,0.008690675,-0.086760916,1,Stable,True,Health Care,-0.011787245096163159
2024-07-01,EXC,32.09166717529297,True,2024-12-20,2024-07-02,2024-12-20,0.017433961958903815,0.09400676778983041,35.088172912597656,-0.104476996,0.11939782,-0.038954444,-0.03870507,-0.17869161,44.447834,-0.017452765,-0.023735635,0.06577192,0.006209001,0.05246246,0.15106933,-0.28794542,0.29287574,1,Stable,True,Utilities,-0.029060815664569053
2024-07-01,EXPD,118.08997344970703,True,2024-12-20,2024-07-02,2024-12-20,-0.15137019339033883,-0.07479738755941223,109.57352447509766,0.01806529,0.8423258,0.0032893878,-0.036950532,-0.17686808,53.028145,-0.041133575,0.083909184,-0.055015825,-0.015081724,0.16100365,0.02464144,-0.3708411,0.17090797,1,Stable,True,Industrials,-0.03209551718265469
2024-07-01,EXPE,120.82495880126953,True,2024-12-20,2024-07-02,2024-12-20,0.4271712183212165,0.5037440241521431,182.22377014160156,0.13594204,0.2697179,-0.07123506,-0.18158744,-0.3396063,45.3158,0.14815466,0.11884829,-0.3175295,0.17175606,0.21305878,-0.24765503,-0.09308998,-0.15948525,1,Stable,True,Consumer Discretionary,-0.0013322668891602176
2024-07-01,FANG,191.48916625976562,True,2024-12-20,2024-07-02,2024-12-20,-0.3074852152810754,-0.2309124094501488,148.1322479248047,0.65328974,0.41454402,0.109643556,0.34314677,0.15579762,49.78747,-0.00093846954,-0.31987557,-0.31014296,0.02408199,-0.19454692,-0.12755592,-0.20070425,-0.11297319,1,Stable,True,Energy,-0.007525765492596609
2024-07-01,FAST,29.585298538208008,True,2024-12-20,2024-07-02,2024-12-20,0.12857382880055662,0.20514663463148322,36.039363861083984,0.09271575,0.7616048,-0.099896,0.0053656776,-0.13386625,32.016212,0.110248834,-0.17457183,-0.08735007,0.14960635,-0.11326121,-0.0031187832,-0.3476966,-0.17036116,1,Stable,True,Industrials,-0.03185430343391052
2024-07-01,FDS,400.5296936035156,True,2024-12-20,2024-07-02,2024-12-20,0.09108923908173275,0.16766204491265935,473.2001037597656,0.048980784,0.61911935,-0.072249636,-0.09954714,-0.24407504,46.28844,0.065708615,0.050906707,-0.14852792,0.09178689,0.13245797,-0.072480485,-0.27565733,0.49261206,1,Stable,True,Financials,-0.013067703828522912
2024-07-01,FDX,231.0098876953125,True,2024-12-20,2024-07-02,2024-12-20,-0.14286615426158153,-0.06629334843065493,215.36326599121094,0.21913907,0.5130981,0.17171368,0.21418238,0.05485332,58.94998,0.09249538,-0.124153614,-0.0049566925,0.10644671,-0.030403107,0.07612197,0.017543513,0.27894968,1,Stable,True,Industrials,-0.013623199885603716
2024-07-01,FE,34.97401428222656,True,2024-12-20,2024-07-02,2024-12-20,-0.014860976657928925,0.061711829172997675,37.07416915893555,0.03688296,0.24247855,0.014126327,0.020659037,-0.11876906,52.925594,-0.060441215,-0.0086529115,-0.016223922,-0.03658246,0.0689498,0.06442546,-0.1401861,-0.2037702,1,Stable,True,Utilities,-0.023570314871011227
2024-07-01,FI,147.14,True,2024-12-20,2024-07-02,2024-12-20,0.3027029154355573,0.3792757212664839,206.05,0.18613462,0.78343284,-0.013702303,0.08807217,-0.054810107,45.147617,0.0326635,-0.13823032,-0.09806245,0.058809824,-0.05840355,-0.0060963333,-0.40815273,0.030160792,1,Stable,True,Financials,-0.013244229253249445
2024-07-01,FIS,70.57766723632812,True,2024-12-20,2024-07-02,2024-12-20,0.015599071555261773,0.09217187738618837,78.07931518554688,0.44347382,0.6972204,0.06656927,0.18394984,0.029638587,52.320637,-0.05443291,-0.14616756,-0.259524,-0.028877284,-0.05430644,-0.11800042,-0.44292614,0.0018124339,1,Stable,True,Financials,-0.008852425421026582
2024-07-01,FITB,33.84332275390625,True,2024-12-20,2024-07-02,2024-12-20,0.09441511047170048,0.17098791630262708,40.4058952331543,0.44355145,0.79847884,0.029638251,0.03779123,-0.10212295,54.086792,-0.059373174,0.00040574372,-0.40576023,-0.03388962,0.0778546,-0.24981573,-0.0485046,-0.07646814,1,Stable,True,Financials,-0.02622883791705515
2024-07-01,FOX,31.086984634399414,True,2024-12-20,2024-07-02,2024-12-20,0.3780267939588383,0.45459959978976494,45.93010711669922,0.008751365,0.23923394,0.0935845,0.12760715,-0.019119766,62.60103,-0.12331352,-0.008676879,0.11885579,-0.091766454,0.06973901,0.19158052,-0.4909301,-0.17264134,1,Stable,True,Communication Services,-0.016330490772895258
2024-07-01,FOXA,33.4140625,True,2024-12-20,2024-07-02,2024-12-20,0.36942749512766715,0.4460003009585938,48.8265380859375,0.0085317595,0.2576542,0.082388215,0.12694724,-0.019705173,60.913334,-0.10470076,-0.031250447,0.11841548,-0.07543571,0.0493418,0.19121283,-0.2162871,-0.1033178,1,Stable,True,Communication Services,-0.016330490772895258
2024-07-01,FRT,92.25289154052734,True,2024-12-20,2024-07-02,2024-12-20,0.040922919387247486,0.11749572521817409,103.81084442138672,0.088198975,0.44234446,0.008743772,0.0026765636,-0.1365446,52.061874,-0.016194819,0.019120611,-0.08552241,0.009023247,0.09635374,-0.0016550422,-0.30622816,-0.19867298,1,Stable,True,Real Estate,-0.022496408235609566
2024-07-01,FTV,53.8802490234375,True,2024-12-20,2024-07-02,2024-12-20,-0.044672411774214625,0.031900394056711974,55.73781967163086,-0.015272345,0.7475867,-0.0861088,0.0020380747,-0.13718158,35.43308,0.10696811,-0.14017224,0.01731042,0.14199315,-0.07322796,0.09762217,0.17550243,0.023553595,1,Stable,True,Industrials,-0.008936755415956149
2024-07-01,GD,275.68792724609375,True,2024-12-20,2024-07-02,2024-12-20,-0.14505299190983886,-0.06848018607891226,254.97108459472656,0.37365815,0.31029525,0.025563072,0.1457805,-0.0031315163,49.671745,-0.02628132,-0.1591962,-0.22787765,-0.002000399,-0.07212886,-0.10119531,0.48004118,-0.07650302,1,Stable,True,Industrials,-0.01574405176922753
2024-07-01,GDDY,141.5,True,2024-12-20,2024-07-02,2024-12-20,0.3604637140635706,0.4370365198944972,205.41000366210938,0.90829396,0.89394325,0.1526235,0.3880714,0.1886977,61.264023,-0.12838107,-0.2462978,-0.52022254,-0.09427967,-0.117868744,-0.23809835,-0.5355665,0.8259747,1,Stable,True,Information Technology,-0.015372396916985333
2024-07-01,GILD,64.80718231201172,True,2024-12-20,2024-07-02,2024-12-20,0.3009198533934647,0.3774926592243913,88.95926666259766,-0.0589828,0.0379872,-0.021281153,-0.16426404,-0.31866014,51.700443,0.082072824,0.16328247,-0.105281234,0.10395254,0.25592422,-0.038452715,-0.47041202,0.23763981,1,Stable,True,Health Care,0.005563798195700139
2024-07-01,GIS,56.67231750488281,True,2024-12-20,2024-07-02,2024-12-20,-0.05134165132578636,0.025231154505140244,57.98290252685547,-0.14092425,-0.3016885,-0.050230183,-0.0033087505,-0.14253183,42.722267,0.013678797,-0.08964274,0.1376155,0.03996753,-0.016781405,0.22877993,-0.36712927,0.17076372,1,Stable,True,Consumer Staples,-0.01730534871884509
2024-07-01,GLW,37.33397674560547,True,2024-12-20,2024-07-02,2024-12-20,0.17150349709813897,0.24807630292906557,46.270225524902344,0.1529452,0.58465517,0.16127403,0.25461006,0.08760722,66.17944,-0.16585864,-0.051177353,0.101664856,-0.12329316,0.035816975,0.16470107,-0.5048847,0.50707936,1,Stable,True,Information Technology,-0.005274997594377582
2024-07-01,GM,45.77497863769531,True,2024-12-20,2024-07-02,2024-12-20,0.03219073832385483,0.10876354415478143,51.04719543457031,0.23568274,0.68121994,0.10701116,0.27906755,0.10691373,55.137,-0.031199615,-0.20756719,0.043384805,-0.004550482,-0.099607736,0.11470366,-0.36241612,-0.011998284,1,Stable,True,Consumer Discretionary,-0.006293628139053247
2024-07-01,GPC,125.17803955078125,True,2024-12-20,2024-07-02,2024-12-20,-0.21231416068454564,-0.13574135485361905,109.90778350830078,-0.17194663,0.5656127,-0.08740728,-0.020105902,-0.15952836,43.005188,0.029588208,-0.07440488,0.15184073,0.0571535,-0.0015054196,0.24856289,0.3469132,-0.10253007,1,Stable,True,Consumer Discretionary,-0.01399267483404963
2024-07-01,GPN,93.46566772460938,True,2024-12-20,2024-07-02,2024-12-20,0.08245203999128059,0.1590248458222072,109.92542266845703,-0.0049142926,0.81434137,-0.20358226,-0.27770752,-0.46454272,28.966724,0.18053752,0.03910549,-0.27279323,0.23778015,0.13018975,-0.24020274,-0.2380908,0.06920577,1,Stable,True,Financials,-0.049403546387603386
2024-07-01,GRMN,156.03854370117188,True,2024-12-20,2024-07-02,2024-12-20,0.22742397571933368,0.3039967815502603,203.96633911132812,0.5900772,0.61566955,0.11104435,0.32223538,0.14010619,59.58303,-0.12919241,-0.20518239,-0.26784185,-0.09790813,-0.0911661,-0.104262814,0.14747617,-0.28163904,1,Stable,True,Consumer Discretionary,-0.004651990529235203
2024-07-01,GS,445.1725769042969,True,2024-12-20,2024-07-02,2024-12-20,0.15250326018229235,0.22907606601321895,549.4520263671875,0.4781586,0.7939009,0.12355911,0.20807369,0.04980952,62.50087,-0.13258363,-0.059849903,-0.27008492,-0.09769757,0.026652817,-0.12157403,-0.11100115,-0.112388395,1,Stable,True,Financials,-0.014617471197810806
2024-07-01,GWW,879.6795654296875,True,2024-12-20,2024-07-02,2024-12-20,0.11861289435770794,0.19518570018863454,1076.9317626953125,0.15605949,0.9604063,-0.045854505,0.09443514,-0.04897921,39.121082,0.06828449,-0.1901435,-0.06162435,0.09779596,-0.113378,0.02541713,-0.204271,0.07296076,1,Stable,True,Industrials,-0.00971059114805845
2024-07-01,HAL,31.817365646362305,True,2024-12-20,2024-07-02,2024-12-20,-0.2955053348694154,-0.21893252903848878,24.992748260498047,0.02585033,0.65841734,-0.075466186,-0.0411309,-0.1812183,35.05266,0.08895945,-0.13233437,-0.066981226,0.12722161,-0.071048915,0.012673423,-0.4144104,0.41886067,1,Stable,True,Energy,-0.009917141564924922
2024-07-01,HAS,52.90064239501953,True,2024-12-20,2024-07-02,2024-12-20,-0.044929422029758775,0.031643383801167824,54.13814926147461,-0.05099546,0.70284426,0.045600504,0.18266654,0.028554084,51.392334,-0.07904585,-0.14142585,0.23366201,-0.05395174,-0.04989499,0.30030936,-0.58596134,-0.005167274,1,Stable,True,Consumer Discretionary,-0.009763755541935757
2024-07-01,HBAN,12.184342384338379,True,2024-12-20,2024-07-02,2024-12-20,0.18360546037037953,0.26017826620130613,15.4127836227417,0.2831478,0.6650894,0.011992608,0.03033287,-0.10933566,48.433243,-0.028325353,-0.044608817,-0.25281495,-0.004156992,0.03320296,-0.13923836,0.12879908,0.2515295,1,Stable,True,Financials,-0.02698364783829022
2024-07-01,HCA,310.50543212890625,True,2024-12-20,2024-07-02,2024-12-20,-0.12326236935906085,-0.04668956352813425,300.3102722167969,0.057881296,0.6580822,-0.0036606453,0.12394743,-0.022370609,47.465614,-0.04166826,-0.15297449,0.06606613,-0.018862411,-0.06883994,0.14077485,1.1267319,0.03670539,1,Stable,True,Health Care,-0.01854197300148744
2024-07-01,HD,319.77166748046875,True,2024-12-20,2024-07-02,2024-12-20,0.10880086279568621,0.1853736686266128,377.6733703613281,0.12087524,0.9443408,-0.041171815,-0.021205956,-0.16065162,47.0183,0.057489373,-0.032341532,-0.1420812,0.08396815,0.043863274,-0.05534789,-0.31004333,0.06053054,1,Stable,True,Consumer Discretionary,-0.030645850643559135
2024-07-01,HES,146.0047851807,True,2024-12-20,2024-07-02,2024-12-20,-0.20925632107715939,-0.13268351524623279,127.3163017177,0.11953657,0.39211878,-0.0052038827,0.0357473,-0.10409439,44.451286,0.012474593,-0.08409637,-0.083789274,0.038022734,-0.007216461,0.0024043545,-0.55031615,-0.22057486,1,Stable,True,Unknown,-0.023296767342015266
2024-07-01,HIG,96.54813385009766,True,2024-12-20,2024-07-02,2024-12-20,0.026900599125777733,0.10347340495670433,106.68761444091797,0.43082806,0.3158152,0.03816559,0.22961114,0.067480385,50.958206,-0.015528248,-0.24408883,-0.20121692,0.00911773,-0.14381777,-0.07135938,0.3501145,-0.16873738,1,Stable,True,Financials,-0.012121937175640113
2024-07-01,HII,236.6448974609375,True,2024-12-20,2024-07-02,2024-12-20,-0.29819191628017727,-0.22161911044925067,184.71485900878906,0.11023162,0.23751403,-0.07348404,-0.024130384,-0.16364388,39.512,0.10831495,-0.109115325,-0.13436201,0.1427525,-0.04110974,-0.048798963,-0.42215684,-0.06347911,1,Stable,True,Industrials,-0.017479357075916687
2024-07-01,HLT,213.16860961914062,True,2024-12-20,2024-07-02,2024-12-20,0.08179134757987053,0.15836415341079713,248.5059814453125,0.4935977,0.915257,0.06087867,0.17754595,0.024214987,52.016636,0.041138195,-0.15073816,-0.31605172,0.06428195,-0.0595141,-0.1575592,-0.13699363,0.093803674,1,Stable,True,Consumer Discretionary,-0.008852425421026582
2024-07-01,HOLX,74.1,True,2024-12-20,2024-07-02,2024-12-20,-0.10214060128856292,-0.025567795457636322,71.65,-0.07455976,0.21536054,-0.008978485,0.038833592,-0.10111905,43.987667,0.045486286,-0.07998266,0.11339335,0.07134703,-0.002654478,0.19578025,-0.19756648,-0.14507161,1,Stable,True,Unknown,-0.021346039785914952
2024-07-01,HON,199.2639617919922,True,2024-12-20,2024-07-02,2024-12-20,0.0053547814282079165,0.08192758725913452,217.91932678222656,0.044515073,0.5070778,0.056515306,0.052168496,-0.08836432,60.020405,-0.03837255,0.02952955,0.0076534227,-0.01111933,0.10514252,0.08749652,-0.300771,0.03242736,1,Stable,True,Industrials,-0.026351654984226668
2024-07-01,HPQ,32.01955795288086,True,2024-12-20,2024-07-02,2024-12-20,-0.11419050855532428,-0.03761770272439768,30.66524887084961,0.19406272,0.5038174,0.15178312,0.14696057,-0.002102129,62.056583,-0.22344044,0.041898414,-0.047102153,-0.18318802,0.11334227,0.039949898,-0.5106589,0.072256945,1,Stable,True,Information Technology,-0.01341385411331072
2024-07-01,HRL,27.581432342529297,True,2024-12-20,2024-07-02,2024-12-20,-0.020450590908636844,0.056122214922289755,29.244232177734375,-0.21138155,0.34780213,-0.06718522,-0.035095286,-0.1749435,38.786026,0.10995744,-0.09261541,0.17628627,0.14372094,-0.023444504,0.28194275,-0.1984708,-0.19337183,1,Stable,True,Consumer Staples,-0.016880997318411802
2024-07-01,HSIC,65.11000061035156,True,2024-12-20,2024-07-02,2024-12-20,-0.012243517433642673,0.06432928839728393,69.81999969482422,-0.19517924,0.8707484,-0.10207139,-0.13635759,-0.28581408,41.63154,0.04573247,0.02962143,0.05882165,0.0749291,0.11118691,0.1507352,0.7671247,-0.03561154,1,Stable,True,Health Care,-0.019922821408476444
2024-07-01,HST,15.417795181274414,True,2024-12-20,2024-07-02,2024-12-20,-0.0339092893926288,0.0426635164382978,16.093809127807617,0.11596258,1.0415528,-0.075113215,-0.11694331,-0.26358345,39.65555,0.10590738,0.0047853515,-0.2329059,0.13769078,0.082868144,-0.15388721,-0.29455835,0.0065775975,1,Stable,True,Real Estate,-0.021649252110343867
2024-07-01,HSY,170.22787475585938,True,2024-12-20,2024-07-02,2024-12-20,-0.14053269591979364,-0.06395989008886704,161.261474609375,-0.247463,0.07370326,-0.049479112,-0.033737186,-0.173537,46.358685,-0.015099943,-0.028906416,0.21372582,0.008759297,0.047091424,0.33018166,-0.033480935,-0.14669852,1,Stable,True,Consumer Staples,-0.03004749088605425
2024-07-01,HUM,363.3369140625,True,2024-12-20,2024-07-02,2024-12-20,-0.41549220135595044,-0.3389193955250238,241.05030822753906,-0.15115285,0.08199786,0.05976551,-0.18531844,-0.34417555,62.985344,-0.16212782,0.39291382,-0.03416559,-0.11916735,0.47105277,0.039114177,-0.21965522,-0.28342217,1,Stable,True,Health Care,0.03145497949727357
2024-07-01,IBM,164.53497314453125,True,2024-12-20,2024-07-02,2024-12-20,0.20424657824803324,0.28081938407895984,213.38739013671875,0.3617117,1.0172062,-0.011821181,0.10742454,-0.0371805,44.505436,0.1085166,-0.16649559,-0.25428718,0.13414916,-0.08546101,-0.12650943,-0.12092043,-0.19427305,1,Stable,True,Information Technology,-0.009456940252704975
2024-07-01,ICE,133.6981658935547,True,2024-12-20,2024-07-02,2024-12-20,-0.0030919966168190954,0.0734808092141075,147.59976196289062,0.23644076,0.64373165,0.02666038,0.07340199,-0.06838456,54.268524,0.021015793,-0.06839556,-0.16303878,0.045695007,0.011624619,-0.06120788,-0.062369835,0.07750515,1,Stable,True,Financials,-0.012371921568809327
2024-07-01,IEX,189.68040466308594,True,2024-12-20,2024-07-02,2024-12-20,0.012019337891744974,0.08859214372267157,207.03271484375,-0.071369216,0.79097986,-0.11666949,-0.06509578,-0.20652878,31.90369,0.10906288,-0.10507725,0.0062734336,0.1484805,-0.04176317,0.086928844,0.20049264,0.19632044,1,Stable,True,Industrials,-0.021920369752025753
2024-07-01,IFF,89.23439025878906,True,2024-12-20,2024-07-02,2024-12-20,-0.1638012217443815,-0.08722841591345488,82.84981536865234,0.23409261,0.8490658,0.08426838,0.17119834,0.018809853,56.5495,-0.1428623,-0.05589886,-0.06289427,-0.112073235,0.028559232,0.027887456,-0.22826827,-0.2394492,1,Stable,True,Materials,-0.007620288067483219
2024-07-01,INCY,60.869998931884766,True,2024-12-20,2024-07-02,2024-12-20,0.08981139959032572,0.16638420542125232,68.83999633789062,-0.01584478,0.209294,0.049202353,-0.07520512,-0.21740091,58.843025,-0.0536321,0.1821336,-0.05936034,-0.024664845,0.25723606,0.017984316,-0.63744456,1.3002884,1,Stable,True,Health Care,-0.030102196134073212
2024-07-01,INVH,33.11336135864258,True,2024-12-20,2024-07-02,2024-12-20,-0.17796152495914705,-0.10138871912822045,29.98058319091797,0.091235496,0.6241982,0.05437401,0.062364917,-0.07872011,53.96584,-0.011753675,-0.013887219,-0.028870579,0.0137260035,0.06430554,0.053382933,0.232318,0.040639192,1,Stable,True,Real Estate,-0.008660006411126416
2024-07-01,IP,39.44038772583008,True,2024-12-20,2024-07-02,2024-12-20,0.19821215366356668,0.2747849594944933,50.46363067626953,0.44055164,0.26879466,0.13566522,0.17889242,0.025357783,57.832058,-0.15415715,-0.06354655,-0.2616592,-0.123749524,0.022052895,-0.12025477,-0.07888354,0.1490249,1,Stable,True,Materials,-0.012678822189371365
2024-07-01,IPG,26.4351633561,True,2024-12-20,2024-07-02,2024-12-20,-0.03729947130910202,0.03927333452182458,27.9527744217,-0.23230176,0.53676957,-0.09814497,-0.13701269,-0.28657287,41.66773,0.015308991,0.026352078,0.09528907,0.042066947,0.10754265,0.19719923,0.009314353,0.11615433,1,Stable,True,Unknown,-0.01844184729511968
2024-07-01,IR,89.3488540649414,True,2024-12-20,2024-07-02,2024-12-20,-0.05828490165724717,0.018287904173679426,92.12089538574219,0.39179936,0.97535175,0.0024084356,0.18303606,0.028866475,47.4529,-0.008031262,-0.21272649,-0.2087633,0.016688079,-0.120760456,-0.08231737,-0.5418439,0.029489601,1,Stable,True,Industrials,-0.012099463589826089
2024-07-01,IRM,84.22201538085938,True,2024-12-20,2024-07-02,2024-12-20,0.09487348041574911,0.1714462862466757,99.9375991821289,0.6548386,1.1035244,0.17246062,0.33867022,0.15245917,66.55571,-0.028315358,-0.19054742,-0.3161684,2.8014183e-05,-0.07608478,-0.13183075,-0.51168716,0.6629309,1,Stable,True,Real Estate,-0.0023806025788792725
2024-07-01,ITW,222.30812072753906,True,2024-12-20,2024-07-02,2024-12-20,0.02868456269370459,0.10525736852463119,247.91830444335938,-0.03932411,0.556418,-0.06923142,-0.08234439,-0.2251507,37.936554,0.07031227,-0.020739503,-0.043020282,0.100471854,0.054603875,0.03438106,-0.21992481,-0.09350967,1,Stable,True,Industrials,-0.018679009534557655
2024-07-01,J,111.92791748046875,True,2024-12-20,2024-07-02,2024-12-20,0.10765192601736395,0.18422473184829055,132.03985595703125,0.17899485,0.8135627,-0.026321333,0.07960911,-0.062618546,45.790157,0.06326484,-0.15033776,-0.09938574,0.09086224,-0.07248982,-0.007867217,-0.13570763,0.102805786,1,Stable,True,Industrials,-0.013244229253249445
2024-07-01,JBHT,155.2367401123047,True,2024-12-20,2024-07-02,2024-12-20,-0.003589618896604113,0.07298318693432249,167.3431854248047,-0.12248831,1.0192612,-0.13515016,-0.17644231,-0.33333927,34.88058,0.16927479,-0.0057097375,-0.053953998,0.21311751,0.07050654,0.016739309,-0.0380667,0.0035709345,1,Stable,True,Industrials,-0.02068838584253348
2024-07-01,JCI,64.0009765625,True,2024-12-20,2024-07-02,2024-12-20,0.14533399045754447,0.22190679628847107,79.1581039428711,-0.0023434784,0.97647685,0.04559817,0.15832138,0.00775428,50.542957,-0.10699117,-0.1352192,0.16066486,-0.08545755,-0.046668794,0.22951409,-0.055476535,-0.2189998,1,Stable,True,Industrials,-0.00927341568954792
2024-07-01,JKHY,159.00672912597656,True,2024-12-20,2024-07-02,2024-12-20,0.009518113850786408,0.08609091968171301,172.98092651367188,-0.00495039,0.69245243,-0.023953581,-0.030376406,-0.17006491,45.91748,0.02455527,-0.0014047865,-0.025426015,0.050044555,0.07601386,0.05431135,-0.18508463,0.18806624,1,Stable,True,Financials,-0.02939065596581056
2024-07-01,JNJ,137.6830596923828,True,2024-12-20,2024-07-02,2024-12-20,-0.07174825549233241,0.004824550338594191,137.96002197265625,-0.07968098,0.12753345,-0.03845998,-0.07915201,-0.2216779,47.94758,0.03040728,0.047176465,0.00052896887,0.055927966,0.1274261,0.08077058,-0.29734942,-0.074012235,1,Stable,True,Health Care,-0.023132483501498328
2024-07-01,JNPR,35.8784359235,True,2024-12-20,2024-07-02,2024-12-20,-0.04616462285103514,0.03040818297989146,36.7883591894,0.22307657,0.13229185,0.020414298,0.23089871,0.068526976,50.041344,0.036453143,-0.23068048,0.007822141,0.060796313,-0.13006265,0.08657108,-0.53360474,-0.42936376,1,Stable,True,Unknown,-0.01035342907376873
2024-07-01,JPM,196.07936096191406,True,2024-12-20,2024-07-02,2024-12-20,0.07451005365400748,0.15108285948493408,229.4168243408203,0.4703713,0.5759011,0.09051333,0.20130451,0.044190466,54.436333,-0.036172517,-0.15121502,-0.2690668,-0.01005483,-0.057068948,-0.121910915,0.07846214,0.0045903698,1,Stable,True,Financials,-0.012553303480252763
2024-07-01,K,54.3765047697,True,2024-12-20,2024-07-02,2024-12-20,0.3633751328644007,0.4399479386953273,78.2717268818,0.0064867367,0.09566732,0.004503125,0.02284553,-0.11662911,50.34602,-0.04547894,-0.028570453,0.016358795,-0.021820411,0.049133867,0.09631868,0.052371025,-0.29072326,1,Stable,True,Unknown,-0.023130464675093238
2024-07-01,KDP,30.919944763183594,True,2024-12-20,2024-07-02,2024-12-20,-0.08299137389097852,-0.00641856806005192,30.665348052978516,0.096589945,0.009790999,0.036010798,0.046246532,-0.09400856,57.715508,-0.11227968,0.030945506,-0.050343413,-0.08507616,0.10661238,0.033199705,-0.24953948,-0.20334287,1,Stable,True,Consumer Staples,-0.028159479163282174
2024-07-01,KHC,28.349714279174805,True,2024-12-20,2024-07-02,2024-12-20,-0.09964061174178515,-0.023067805910858552,27.81744956970215,-0.04702309,-0.1858851,-0.09906298,-0.14769246,-0.29902545,39.08804,0.04599203,0.012977511,-0.10066937,0.07678755,0.0925753,-0.03144726,-0.1176499,0.067146726,1,Stable,True,Consumer Staples,-0.02759617473901542
2024-07-01,KIM,17.612403869628906,True,2024-12-20,2024-07-02,2024-12-20,0.15471940106555832,0.23129220689648491,21.843564987182617,0.031905927,0.62303036,0.016870754,-0.05394284,-0.19466987,57.564243,-0.041182593,0.103016675,-0.08584876,-0.015047902,0.18082371,-0.0066637993,-0.18825743,-0.15539256,1,Stable,True,Real Estate,-0.030091602580061393
2024-07-01,KMB,126.81893157958984,True,2024-12-20,2024-07-02,2024-12-20,-0.10845285426234039,-0.03188004843141379,122.92739868164062,0.043537907,0.36859313,0.08344633,0.13976958,-0.008391466,60.025528,-0.056076877,-0.040494367,0.09623168,-0.027360212,0.041288663,0.16840532,-0.10656151,0.005252434,1,Stable,True,Consumer Staples,-0.015518710611643343
2024-07-01,KMI,17.97308921813965,True,2024-12-20,2024-07-02,2024-12-20,0.3194714313708543,0.39604423720178095,25.00247573852539,0.22838137,0.38170546,0.093373775,0.12826024,-0.018540747,61.019707,-0.07521481,-0.037652813,-0.100121126,-0.04645992,0.043521687,-0.0048245126,-0.22858918,-0.016645512,1,Stable,True,Energy,-0.01732959238767524
2024-07-01,KO,59.7886962890625,True,2024-12-20,2024-07-02,2024-12-20,-0.07171955109419223,0.00485325473673437,59.9554443359375,0.088087074,0.20646812,0.046575017,0.06939108,-0.07212819,63.678707,-0.062032156,0.0060052723,-0.018695995,-0.03441407,0.08306361,0.0628642,-0.17033501,-0.11376326,1,Stable,True,Consumer Staples,-0.014254879312372685
2024-07-01,KR,48.15540313720703,True,2024-12-20,2024-07-02,2024-12-20,0.16409225590429272,0.24066506173521932,59.59111022949219,0.1182474,0.17679343,-0.019077614,0.112737425,-0.03239446,37.924446,0.08056666,-0.22786587,-0.0055099726,0.11213915,-0.15167221,0.075256474,0.14343278,0.2751372,1,Stable,True,Consumer Staples,-0.0027914270963693964
2024-07-01,KVUE,16.348472595214844,True,2024-12-20,2024-07-02,2024-12-20,0.13907189722431537,0.21564470305524197,20.19501495361328,-0.28139523,0.23607902,-0.08259565,-0.1526928,-0.30490953,41.712387,0.030689083,0.052055605,0.12870243,0.058553398,0.1370869,0.24494779,-0.120262764,0.2014567,1,Stable,True,Consumer Staples,-0.008573668083191644
2024-07-01,L,74.28812408447266,True,2024-12-20,2024-07-02,2024-12-20,0.03521099451596413,0.11178380034689073,82.82443237304688,0.2688565,0.28985173,-0.0032378635,0.050478477,-0.08997183,49.9615,-0.0064405426,-0.07099128,-0.21837802,0.018402398,0.0074918494,-0.10867435,-0.45363343,0.061689127,1,Stable,True,Financials,-0.023777019766279824
2024-07-01,LDOS,142.50172424316406,True,2024-12-20,2024-07-02,2024-12-20,-0.07871102794572124,-0.002138222114794641,142.4901123046875,0.67970127,-0.029902188,0.11774293,0.3286649,0.14495702,65.99343,-0.14141971,-0.19476168,-0.35103637,-0.10821119,-0.08104504,-0.15424536,-0.3229264,0.0012238594,1,Stable,True,Industrials,0.0014659926292383807
2024-07-01,LH,198.6310272216797,True,2024-12-20,2024-07-02,2024-12-20,0.05800064864810878,0.13457345447903538,224.91770935058594,-0.0031798738,0.73258036,-0.033564985,-0.09488578,-0.23891172,48.51416,0.076902814,0.060156316,-0.09170591,0.1016547,0.14181098,-0.016313195,-0.20178527,-0.13695708,1,Stable,True,Health Care,-0.023132483501498328
2024-07-01,LHX,214.06784057617188,True,2024-12-20,2024-07-02,2024-12-20,-0.11220167984017335,-0.03562887400924675,207.96617126464844,0.16187641,0.23445788,0.046401087,0.08676707,-0.05601029,59.548832,-0.07215443,-0.022299044,-0.07510934,-0.04519173,0.05673159,0.013366982,-0.25497535,-0.22489107,1,Stable,True,Industrials,-0.006127073499075217
2024-07-01,LIN,417.9937438964844,True,2024-12-20,2024-07-02,2024-12-20,-0.08410960933994147,-0.007536803509014867,415.95562744140625,0.14547987,0.3598765,-0.016203796,0.0570662,-0.08372025,43.36294,0.04697627,-0.11598872,-0.08841367,0.07371116,-0.038763426,-0.00013032556,0.31044704,-0.13083312,1,Stable,True,Materials,-0.01601924934364701
2024-07-01,LKQ,38.21612548828125,True,2024-12-20,2024-07-02,2024-12-20,-0.18461693267894208,-0.10804412684801547,34.48957061767578,-0.26319823,0.54011685,-0.11191466,-0.11783521,-0.264594,35.865723,0.1470842,-0.0648054,0.14536302,0.190472,0.0011637211,0.26025596,0.23894832,-0.0017834816,1,Stable,True,Unknown,-0.017727528243090058
2024-07-01,LLY,900.4849243164062,True,2024-12-20,2024-07-02,2024-12-20,-0.22723175198870935,-0.15065894615778275,758.4117431640625,0.9832501,0.5560483,0.19899966,0.4656388,0.24307358,65.88015,-0.077867776,-0.27314788,-0.51761127,-0.042528428,-0.12878315,-0.22224978,-0.072987534,-0.08385147,1,Stable,True,Health Care,-0.025086241259045558
2024-07-01,LMT,442.5189514160156,True,2024-12-20,2024-07-02,2024-12-20,-0.01401955493886739,0.06255325089205921,469.4540100097656,0.048405666,-0.10306609,0.043914612,0.03146604,-0.108236454,56.2722,-0.035842154,0.0027707443,-0.016939625,-0.0102708675,0.08014633,0.06390653,-0.51601243,0.0076117506,1,Stable,True,Industrials,-0.024795121877762685
2024-07-01,LNT,47.2143440246582,True,2024-12-20,2024-07-02,2024-12-20,0.09649647879532122,0.17306928462624782,55.778656005859375,0.016833387,0.22165634,0.030956822,-0.011258922,-0.15054037,55.938618,-0.05743056,0.05412353,-0.02809231,-0.031644896,0.13075785,0.052179933,-0.1792101,-0.12694947,1,Stable,True,Utilities,-0.030328688649460585
2024-07-01,LOW,204.2989044189453,True,2024-12-20,2024-07-02,2024-12-20,0.09318501099000778,0.16975781682093438,239.13690185546875,-0.021851704,0.9131196,-0.06631867,-0.006816865,-0.1460578,40.85797,0.06350626,-0.09162103,0.015034839,0.093069546,-0.01932241,0.09544976,-0.16009846,0.16271643,1,Stable,True,Consumer Discretionary,-0.016085915877274377
2024-07-01,LVS,40.87897872924805,True,2024-12-20,2024-07-02,2024-12-20,0.16977056082808276,0.24634336665900936,50.271976470947266,-0.2407946,0.8433541,-0.11965852,-0.16502398,-0.31956986,36.802456,0.13339573,-0.016117662,0.07577062,0.17592031,0.057971835,0.17532665,-0.2286639,0.5302062,1,Stable,True,Consumer Discretionary,-0.012561065555543519
2024-07-01,LYB,80.91957092285156,True,2024-12-20,2024-07-02,2024-12-20,-0.27878939228327826,-0.20221658645235166,64.75411224365234,0.09994579,0.49860677,-0.022865746,0.005006322,-0.13422376,42.09469,0.04602807,-0.086107776,-0.09493947,0.07387587,-0.012109667,-0.010071084,-0.31700653,0.009208984,1,Stable,True,Materials,-0.011085676964611815
2024-07-01,MA,431.7718200683594,True,2024-12-20,2024-07-02,2024-12-20,0.11428573396645239,0.190858539797379,522.4509887695312,0.13544694,0.61887467,-0.04316471,0.03847609,-0.10146324,39.22278,0.046008743,-0.10564485,-0.09697084,0.07314342,-0.029821604,-0.009076014,0.18488173,0.062624976,1,Stable,True,Financials,-0.010987807332156643
2024-07-01,MAA,128.225830078125,True,2024-12-20,2024-07-02,2024-12-20,0.033415424051304404,0.109988229882231,142.15777587890625,-0.03199034,0.7882904,0.07697358,0.08151009,-0.060859296,56.30979,-0.06981312,0.044170238,0.11350043,-0.039025623,0.11749302,0.19106749,-0.32622615,-0.28163713,1,Stable,True,Real Estate,-0.009190087404346283
2024-07-01,MAR,234.59347534179688,True,2024-12-20,2024-07-02,2024-12-20,0.11273560800979401,0.1893084138407206,279.5514831542969,0.3343771,1.0719845,-0.007080354,0.05448793,-0.086162314,44.482704,0.071190774,-0.089601256,-0.27988917,0.096186064,-0.011336185,-0.15521333,-0.15546101,0.18134208,1,Stable,True,Consumer Discretionary,-0.019246430852891946
2024-07-01,MAS,62.211708068847656,True,2024-12-20,2024-07-02,2024-12-20,0.08087933378870032,0.15745213961962692,72.05158996582031,0.1490337,0.9254846,-0.09040798,-0.023531042,-0.16302991,39.488926,0.076934256,-0.12791687,-0.17256474,0.111787446,-0.06294778,-0.08253766,-0.084139906,-0.07913859,1,Stable,True,Industrials,-0.012704142960395598
2024-07-01,MCD,238.46788024902344,True,2024-12-20,2024-07-02,2024-12-20,0.1186083532338437,0.1951811590647703,282.50408935546875,-0.13088106,0.3757425,-0.09097493,-0.1331117,-0.28206274,42.91309,0.040302068,0.06470143,-0.0022306442,0.067351505,0.1494461,0.07762611,-0.04247848,0.13278686,1,Stable,True,Consumer Discretionary,-0.014507796850753596
2024-07-01,MCK,581.3387451171875,True,2024-12-20,2024-07-02,2024-12-20,-0.08288661882050583,-0.006313812989579226,576.1804809570312,0.40025723,0.034489386,0.09648812,0.23297912,0.0702157,61.255646,-0.06705882,-0.13539119,-0.16727811,-0.038043067,-0.038854595,-0.04702668,0.116284475,-0.054516353,1,Stable,True,Health Care,-0.004858294650020968
2024-07-01,MCO,414.0325622558594,True,2024-12-20,2024-07-02,2024-12-20,0.02206938294414089,0.09864218877506749,459.75164794921875,0.2344564,1.0832264,0.0754489,0.12675835,-0.019872794,59.862305,-0.016932566,-0.048111364,-0.10769805,0.009177054,0.033826385,-0.0110899275,-0.07386623,-0.10442096,1,Stable,True,Financials,-0.016330490772895258
2024-07-01,MDLZ,61.29664993286133,True,2024-12-20,2024-07-02,2024-12-20,-0.17139942093882338,-0.09482661510789679,56.15595626831055,-0.07502873,0.2056357,-0.06755458,-0.10378719,-0.24879497,48.46239,-0.00449498,0.066387996,-0.028758459,0.020318978,0.14892462,0.048611224,0.06860927,-0.15275973,1,Stable,True,Consumer Staples,-0.015270065908308844
2024-07-01,MDT,72.29268646240234,True,2024-12-20,2024-07-02,2024-12-20,-0.021007449721034945,0.055565356109891655,76.55703735351562,-0.08051765,0.5364228,-0.06566614,-0.093789004,-0.2377007,44.628384,0.029055517,0.020940617,-0.013271354,0.055856988,0.10030866,0.06565732,0.04332977,0.039404873,1,Stable,True,Health Care,-0.020722234567238266
2024-07-01,MET,65.51241302490234,True,2024-12-20,2024-07-02,2024-12-20,0.10262064823514408,0.17919345406607068,77.42868041992188,0.28506464,0.32361808,-0.0047500306,0.021057935,-0.118378304,48.009335,0.0025924593,-0.058056936,-0.2640067,0.027687982,0.018923603,-0.14977375,0.09194017,-0.044010613,1,Stable,True,Financials,-0.02318084857220154
2024-07-01,MKC,65.82868957519531,True,2024-12-20,2024-07-02,2024-12-20,0.05875728799221683,0.13533009382314343,75.047119140625,-0.17581838,0.0045602126,-0.0051151575,0.04636455,-0.09389576,43.893845,0.048052356,-0.12584849,0.22218293,0.07588421,-0.05067894,0.31888217,0.0011254844,0.1637462,1,Stable,True,Consumer Staples,-0.016731265125888014
2024-07-01,MLM,526.1171875,True,2024-12-20,2024-07-02,2024-12-20,-0.07590875068365097,0.0006640551472756328,529.2173461914062,0.16891593,1.0554622,-0.059674792,0.07406255,-0.067769356,38.71893,0.04934495,-0.19217563,-0.09485338,0.079444,-0.11967596,-0.004432544,0.0002482519,0.09343631,1,Stable,True,Materials,-0.007411598353804513
2024-07-01,MMM,96.33807373046875,True,2024-12-20,2024-07-02,2024-12-20,0.20927824386060126,0.28585104969152786,125.1199722290039,0.27959827,0.33466682,0.12273139,0.13152522,-0.015651114,58.21322,-0.11424558,-0.012586057,-0.14807305,-0.08269893,0.06627831,-0.0427837,-0.45620397,-0.28184086,1,Stable,True,Industrials,-0.018639428761377724
2024-07-01,MNST,49.900001525878906,True,2024-12-20,2024-07-02,2024-12-20,-0.02833605956512017,0.04823674626580643,51.720001220703125,-0.13096477,0.4566612,-0.09357736,-0.13906138,-0.28894967,41.49636,0.06602676,0.034128666,-0.008096606,0.096172914,0.116339415,0.07083553,-0.70323175,1.0775843,1,Stable,True,Consumer Staples,-0.019922821408476444
2024-07-01,MO,40.040992736816406,True,2024-12-20,2024-07-02,2024-12-20,0.11555128974907483,0.19212409558000143,47.754573822021484,0.11907153,0.32412842,0.100844346,0.14736201,-0.0017521811,66.31355,-0.115588024,-0.014745191,0.02829048,-0.08264577,0.06452904,0.10516204,-0.32992736,-0.09785684,1,Stable,True,Consumer Staples,-0.006250523159015884
2024-07-01,MOH,292.1600036621094,True,2024-12-20,2024-07-02,2024-12-20,-0.06722345313802211,0.009349352692904487,294.7300109863281,-0.008854312,0.21062239,-0.1927979,-0.22661933,-0.3962015,31.38714,0.15025982,0.0050899237,-0.21776502,0.20148683,0.084023565,-0.16789417,-0.21338545,0.12543228,1,Stable,True,Unknown,-0.04506959236514468
2024-07-01,MOS,26.195404052734375,True,2024-12-20,2024-07-02,2024-12-20,-0.19618681136293722,-0.11961400553201063,22.905353546142578,-0.17593023,0.7991697,-0.082776695,-0.19882582,-0.3608945,41.374783,0.05138786,0.05797644,-0.02289559,0.08309145,0.1473296,0.05201915,-0.308574,-0.018519295,1,Stable,True,Materials,-0.01540486237280114
2024-07-01,MPC,167.25418090820312,True,2024-12-20,2024-07-02,2024-12-20,-0.3025015440245912,-0.22592873819366455,128.98519897460938,0.53299624,0.6773671,-0.022320217,0.12937798,-0.017550575,35.10724,0.177578,-0.31726134,-0.40361828,0.22275202,-0.2523146,-0.22536115,-0.39649084,0.013838717,1,Stable,True,Energy,-0.0011643563858903113
2024-07-01,MRK,119.72027587890625,True,2024-12-20,2024-07-02,2024-12-20,-0.29755526193097226,-0.22098245610004566,93.1329345703125,0.15649088,0.43630537,0.018806372,0.10309512,-0.04109761,51.588577,0.017019963,-0.09522134,-0.053395756,0.041745536,-0.012813311,0.03292565,0.042091157,0.26125804,1,Stable,True,Health Care,-0.01406474984129773
2024-07-01,MRO,28.4865515865,True,2024-12-20,2024-07-02,2024-12-20,,,,0.27355772,0.44999036,0.10669648,0.22012322,0.059734263,47.677742,0.013454933,-0.24221075,-0.053434506,0.038664572,-0.14382324,0.037333507,-0.3810654,-0.18422586,1,Stable,True,Unknown,-0.009350798231961551
2024-07-01,MS,93.31133270263672,True,2024-12-20,2024-07-02,2024-12-20,0.18318720766193777,0.2597600134928644,118.13076782226562,0.21114355,0.6528077,0.08867284,0.080704734,-0.061604228,58.54652,-0.07099438,0.0037810355,-0.13043882,-0.042705197,0.08095629,-0.033755645,0.28792855,-0.24653031,1,Stable,True,Financials,-0.014513241799677926
2024-07-01,MSCI,465.5112609863281,True,2024-12-20,2024-07-02,2024-12-20,0.16091956034040777,0.23749236617133437,590.6212158203125,0.049178213,0.65684736,-0.08827522,-0.112166174,-0.25818828,42.087917,0.06671797,0.013399266,-0.16134438,0.096417144,0.09244305,-0.086781904,-0.12710455,-0.102345385,1,Stable,True,Financials,-0.01545311974780736
2024-07-01,MSI,378.3216552734375,True,2024-12-20,2024-07-02,2024-12-20,0.14404052318953292,0.22061332902045952,462.2506408691406,0.35445318,0.8707449,0.11712199,0.24172331,0.07728259,62.53991,-0.051807743,-0.1283448,-0.11272986,-0.02264989,-0.03163737,-0.0067016482,-0.407159,0.027822945,1,Stable,True,Information Technology,-0.005516896593148124
2024-07-01,MTB,141.4058074951172,True,2024-12-20,2024-07-02,2024-12-20,0.18986878578763836,0.26644159161856495,181.365234375,0.2539742,0.6000702,0.060838412,0.10513231,-0.03925252,58.965034,-0.09739597,-0.010598041,-0.14884189,-0.06819521,0.0678276,-0.04615682,0.036394622,-0.19191289,1,Stable,True,Financials,-0.007829042622904833
2024-07-01,MTCH,28.170452117919922,True,2024-12-20,2024-07-02,2024-12-20,0.0697767850304433,0.1463495908613699,32.41426086425781,-0.29942697,0.8028045,-0.12887387,-0.22565325,-0.3949531,41.23513,0.08777791,0.09575987,0.07377373,0.12111101,0.19405971,0.18031713,-0.0043823,-0.08945493,1,Stable,True,Unknown,0.01758148942444056
2024-07-01,NDAQ,57.99577713012695,True,2024-12-20,2024-07-02,2024-12-20,0.22744181409370576,0.30401461992463236,76.2376480102539,0.2124408,0.6732269,0.0070176013,0.05700703,-0.08377623,43.697845,0.03363593,-0.07891811,-0.15543377,0.058810882,-0.00013233721,-0.05699817,-0.14152609,-0.25214338,1,Stable,True,Financials,-0.01601924934364701
2024-07-01,NDSN,221.5673065185547,True,2024-12-20,2024-07-02,2024-12-20,-0.15475507573375621,-0.07818226990282962,204.7201385498047,-0.06735659,0.99204665,-0.10887252,-0.09489792,-0.23892513,35.32003,0.1271289,-0.062224187,-0.027541332,0.16548052,0.006238073,0.050220788,-0.17022997,0.062736265,1,Stable,True,Industrials,-0.017283969793933627
2024-07-01,NEE,65.96472930908203,True,2024-12-20,2024-07-02,2024-12-20,-0.04609716580749543,0.030475640023431172,68.52935028076172,-0.010158942,0.54202074,0.08294274,0.12836508,-0.018447837,55.734535,-0.22472933,-0.024445698,0.13852403,-0.20262158,0.055560887,0.21117665,-0.18395174,0.096797876,1,Stable,True,Utilities,-0.017880765855670822
2024-07-01,NEM,40.34003829956055,True,2024-12-20,2024-07-02,2024-12-20,-0.14885065163324093,-0.07227784580231433,37.4782600402832,0.027293231,0.31957945,0.1139477,0.04972925,-0.090685315,53.899555,-0.111770466,0.06108892,0.022436019,-0.08105004,0.13402829,0.10180085,-0.44497952,-0.36964974,1,Stable,True,Materials,-0.01829251023305909
2024-07-01,NI,26.928936004638672,True,2024-12-20,2024-07-02,2024-12-20,0.20991345066393788,0.2864862564948645,34.48678207397461,0.09788612,0.3457982,0.059452046,0.07252365,-0.06920316,56.73249,-0.078814834,-0.0060969517,-0.02536247,-0.051779497,0.071762815,0.056823798,-0.10263768,0.02922188,1,Stable,True,Utilities,-0.014345360139364577
2024-07-01,NOC,420.8937072753906,True,2024-12-20,2024-07-02,2024-12-20,0.005777749653877479,0.08235055548480408,458.0364990234375,-0.0195852,-0.12321991,-0.045414366,-0.07688135,-0.2192151,44.898327,0.014100406,0.027796295,-0.05729615,0.039718926,0.107130565,0.019978017,-0.36042193,0.0073501007,1,Stable,True,Industrials,-0.019089180279624165
2024-07-01,NSC,204.6967315673828,True,2024-12-20,2024-07-02,2024-12-20,0.021621041515113834,0.09819384734604043,226.36141967773438,-0.029125571,0.8383476,-0.102795504,-0.057231076,-0.19815166,37.917133,0.0857774,-0.07632213,-0.028105505,0.11939935,-0.006956786,0.050820053,-0.37627983,-0.14823854,1,Stable,True,Industrials,-0.010745909221929702
2024-07-01,NTRS,79.53488159179688,True,2024-12-20,2024-07-02,2024-12-20,0.1587863378298792,0.2353591436608058,98.72299194335938,0.18665363,0.7089123,0.02114692,0.014308796,-0.12501019,49.111256,0.027028622,-0.037103757,-0.17234483,0.05228305,0.040197536,-0.07673389,-0.36586475,-0.13597748,1,Stable,True,Financials,-0.023436635335555595
2024-07-01,NUE,152.3026580810547,True,2024-12-20,2024-07-02,2024-12-20,-0.3287807628606898,-0.2522079570297632,113.49900817871094,-0.02656344,0.4361505,-0.11479326,-0.08544407,-0.22853425,32.41996,0.14176583,-0.12324559,-0.05888063,0.18979615,-0.06728467,0.01780194,-0.20448264,0.22428147,1,Stable,True,Materials,-0.0402289175946274
2024-07-01,NVR,7482.16015625,True,2024-12-20,2024-07-02,2024-12-20,0.032811039754737995,0.1093838455856646,8276.7802734375,0.18847266,1.0859232,-0.010686863,0.05875677,-0.08212223,48.007206,0.01366432,-0.09827408,-0.12971589,0.039125808,-0.019950964,-0.03537765,-0.37593502,0.13184689,1,Stable,True,Consumer Discretionary,-0.01601924934364701
2024-07-01,NWS,27.76780128479004,True,2024-12-20,2024-07-02,2024-12-20,0.007599141556877839,0.08417194738780444,30.393823623657227,0.43789873,0.8918144,0.060895976,0.095505096,-0.048002053,59.264706,-0.057412043,-0.028408676,-0.34239364,-0.030304015,0.051189516,-0.19177131,-0.5396838,0.18991777,1,Stable,True,Communication Services,-0.006320143976812944
2024-07-01,NWSA,26.881237030029297,True,2024-12-20,2024-07-02,2024-12-20,-0.06441155889559166,0.012161246935334935,27.547122955322266,0.4093327,0.851947,0.06424534,0.111747086,-0.033284858,59.808617,-0.064424135,-0.043645233,-0.2975856,-0.0372126,0.037414093,-0.15698761,-0.2069195,-0.103026085,1,Stable,True,Communication Services,-0.013800780954295575
2024-07-01,O,46.74370193481445,True,2024-12-20,2024-07-02,2024-12-20,-0.047276873968703365,0.029295931862223235,48.177425384521484,-0.07491602,0.44240266,-0.0063933376,-0.09369652,-0.23759866,52.09044,-0.013112159,0.10349455,-0.0187805,0.011929564,0.18559512,0.059685677,-0.19869903,-0.1783695,1,Stable,True,Real Estate,-0.028771469609408382
2024-07-01,OKE,73.14279174804688,True,2024-12-20,2024-07-02,2024-12-20,0.16633949919255786,0.24291230502348446,91.58868408203125,0.40464368,0.5349144,0.07437683,0.17728522,0.023993537,54.833748,-0.035366185,-0.13303024,-0.22735846,-0.00945463,-0.0424437,-0.09637655,-0.41138694,-0.04045669,1,Stable,True,Energy,-0.007620288067483219
2024-07-01,OMC,81.58260345458984,True,2024-12-20,2024-07-02,2024-12-20,-0.06421335218879695,0.012359453642129647,83.90010070800781,-0.037498184,0.5707397,-0.032692842,0.0093083475,-0.1299523,46.61502,0.0018371232,-0.06053143,0.04680653,0.026933968,0.015616849,0.12768061,-0.14050592,-0.011944364,1,Stable,True,Communication Services,-0.023203627052961553
2024-07-01,ORLY,67.75466918945312,True,2024-12-20,2024-07-02,2024-12-20,0.09897149364747584,0.17554429947840244,81.27400207519531,0.08416721,0.6027128,-0.029467884,0.09524326,-0.048241094,43.00245,0.13084571,-0.17100511,0.011076048,0.15740529,-0.092298284,0.09036033,0.07370067,0.24160552,1,Stable,True,Consumer Discretionary,-0.012320565172957276
2024-07-01,OTIS,90.99665069580078,True,2024-12-20,2024-07-02,2024-12-20,-0.09353992041005874,-0.016967114579132136,90.3947982788086,0.088656135,0.8586265,0.006242817,0.09285526,-0.050423816,47.969,-0.023828777,-0.1118692,0.004199125,0.00040901452,-0.030527085,0.08404574,0.30211943,0.009820121,1,Stable,True,Industrials,-0.013244229253249445
2024-07-01,OXY,60.421730041503906,True,2024-12-20,2024-07-02,2024-12-20,-0.314157037261497,-0.2375842314305704,45.68552780151367,0.0888408,0.48548722,0.017328762,0.08703526,-0.055763546,41.34908,0.076598585,-0.15381889,-0.0018055364,0.10388484,-0.07510853,0.07853639,-0.3453992,-0.0042704996,1,Stable,True,Energy,-0.011606069983888993
2024-07-01,PAYX,108.11672973632812,True,2024-12-20,2024-07-02,2024-12-20,0.11951228674577358,0.19608509257670018,130.84205627441406,0.103108615,0.52510095,-0.033431754,-0.0054963734,-0.14472912,44.97598,-0.009328712,-0.011473039,-0.10860499,0.015464477,0.065860204,-0.023447752,-0.27657017,0.21827106,1,Stable,True,Industrials,-0.030257380900141972
2024-07-01,PCAR,95.11963653564453,True,2024-12-20,2024-07-02,2024-12-20,0.0033121319867321225,0.07988493781765872,101.78024291992188,0.2892807,0.8704283,-0.06658536,0.06934242,-0.07217369,37.442677,0.100035004,-0.22202851,-0.2199383,0.13659576,-0.1552642,-0.10684458,-0.31819007,0.1894541,1,Stable,True,Industrials,-0.004976324659951762
2024-07-01,PCG,16.905031204223633,True,2024-12-20,2024-07-02,2024-12-20,0.08443452938309115,0.16100733521401775,19.523988723754883,0.007614488,0.31941578,0.0015895601,-0.047623932,-0.18801288,52.630547,-0.11016747,0.08442715,-0.05523842,-0.08733734,0.16240115,0.02381505,-0.10886916,-0.068697974,1,Stable,True,Utilities,-0.025650827085535472
2024-07-01,PEG,69.14906311035156,True,2024-12-20,2024-07-02,2024-12-20,0.09619510991664332,0.17276791574756992,81.0407485961914,0.2344358,0.2925981,0.118356995,0.20490576,0.047183774,61.038025,-0.14301766,-0.08210618,-0.029530033,-0.11125091,0.006887544,0.055983327,0.33074504,0.019303098,1,Stable,True,Utilities,-0.014617471197810806
2024-07-01,PEP,151.1792755126953,True,2024-12-20,2024-07-02,2024-12-20,-0.1274083424234553,-0.05083553659252871,144.10183715820312,-0.08711476,0.1114619,-0.03550237,-0.02177711,-0.16123532,47.061913,-0.018190142,-0.010498805,0.06533765,0.0060238093,0.066673175,0.14932336,-0.22672233,0.026550137,1,Stable,True,Consumer Staples,-0.030645850643559135
2024-07-01,PFE,24.298603057861328,True,2024-12-20,2024-07-02,2024-12-20,-0.10110620067624163,-0.024533394845315026,23.374906539916992,-0.17505561,0.28776047,0.03585976,-0.017016513,-0.15638055,55.917645,-0.09023358,0.09189761,0.1580391,-0.06268206,0.16683672,0.25547236,-0.26393646,-0.1887446,1,Stable,True,Health Care,-0.030328688649460585
2024-07-01,PFG,72.56778717041016,True,2024-12-20,2024-07-02,2024-12-20,-0.0842522227192489,-0.007679416888322299,73.16437530517578,0.06838714,0.38809153,-0.024078224,-0.013719123,-0.15303169,46.888744,0.029024847,-0.05612697,-0.08210626,0.05572693,0.018872604,0.00023171306,-0.0997548,0.022099134,1,Stable,True,Financials,-0.029989015723315453
2024-07-01,PG,153.25160217285156,True,2024-12-20,2024-07-02,2024-12-20,-0.03895935929315594,0.037613446537770656,160.16905212402344,0.11721873,0.119933106,0.016341504,0.10837967,-0.0363184,55.922104,-0.06458744,-0.054853365,-0.008839063,-0.03826615,0.026707452,0.072252855,0.16909534,-0.027751975,1,Stable,True,Consumer Staples,-0.01753144104391424
2024-07-01,PGR,192.6567840576172,True,2024-12-20,2024-07-02,2024-12-20,0.061065342296208996,0.1376381481271356,220.91062927246094,0.59707135,-0.027324848,0.052204672,0.27359015,0.10262221,51.362934,-0.009196021,-0.27253866,-0.3234812,0.015770722,-0.16332516,-0.14613576,-0.16878234,-0.0032656481,1,Stable,True,Financials,-0.007525765492596609
2024-07-01,PKG,171.46975708007812,True,2024-12-20,2024-07-02,2024-12-20,0.22256935481504989,0.2991421606459765,219.60882568359375,0.40635592,0.37762946,0.018876316,0.08237684,-0.060058188,46.513313,0.021953896,-0.11635269,-0.32397908,0.047471177,-0.036262136,-0.18164653,-0.038207304,-0.17791106,1,Stable,True,Materials,-0.013244229253249445
2024-07-01,PLD,104.76458740234375,True,2024-12-20,2024-07-02,2024-12-20,-0.14913009359497817,-0.07255728776405157,98.25672912597656,-0.0511641,0.9534033,-0.056887463,-0.14582455,-0.29683626,44.811695,0.11638226,0.05139312,-0.094660446,0.1459052,0.13589011,-0.024903268,-0.49444228,0.09176785,1,Stable,True,Real Estate,-0.011671632047622765
2024-07-01,PM,94.02190399169922,True,2024-12-20,2024-07-02,2024-12-20,0.15929430257474056,0.23586710840566716,116.6461410522461,0.09440603,0.3240142,0.083906665,0.07997633,-0.06227847,66.08027,-0.12666078,0.058398567,-0.014429703,-0.09295613,0.1301263,0.066923335,-0.45778844,-0.071379334,1,Stable,True,Consumer Staples,-0.01286925216755906
2024-07-01,PNC,144.49966430664062,True,2024-12-20,2024-07-02,2024-12-20,0.1588821628544727,0.2354549686853993,181.60986328125,0.3002534,0.61437905,0.027433105,0.0115911905,-0.12769306,51.615353,-0.0133393,-0.0061940686,-0.2886622,0.011643045,0.07132179,-0.17083864,-0.021348134,-0.17633924,1,Stable,True,Financials,-0.020729579702415447
2024-07-01,PNR,72.5666275024414,True,2024-12-20,2024-07-02,2024-12-20,0.2946090888004357,0.3711818946313623,99.92987060546875,0.18401103,0.9813584,-0.0509461,0.07236598,-0.06935018,43.062847,0.013064697,-0.17095521,-0.11164505,0.03938912,-0.0961979,-0.018844452,-0.11244039,0.093762815,1,Stable,True,Industrials,-0.013116495777476918
2024-07-01,PNW,69.29917907714844,True,2024-12-20,2024-07-02,2024-12-20,0.0643869513894228,0.1409597572203494,79.39128112792969,-0.017243072,0.28243378,0.04710427,0.041611925,-0.09844815,56.349194,-0.089120165,0.0076907985,0.058854997,-0.06375819,0.08482015,0.13835889,-0.5150107,0.020905329,1,Stable,True,Utilities,-0.025591944925949073
2024-07-01,PPG,117.2696762084961,True,2024-12-20,2024-07-02,2024-12-20,-0.10319286028002514,-0.02662005444909854,114.97657012939453,-0.13068783,0.68126243,-0.0891357,-0.15077253,-0.30264577,39.39918,0.052088473,0.042143412,-0.020084694,0.081792235,0.12589721,0.05682078,-0.25797278,-0.1135508,1,Stable,True,Materials,-0.01625506062091554
2024-07-01,PPL,25.684995651245117,True,2024-12-20,2024-07-02,2024-12-20,0.12497363798035291,0.2015464438112795,30.92939567565918,0.08535396,0.2187314,0.012150192,-0.0039791027,-0.14320463,52.908096,-0.070741646,0.016103018,-0.089333065,-0.047457453,0.09350176,-0.0056972206,-0.21723971,-0.12095193,1,Stable,True,Utilities,-0.030378482022125137
2024-07-01,PRU,105.22367095947266,True,2024-12-20,2024-07-02,2024-12-20,-0.06105601161097782,0.015516794219948782,107.78377532958984,0.40581796,0.50228965,0.060255133,0.15033777,0.0008380306,54.96043,-0.048568584,-0.12520081,-0.25548017,-0.023537196,-0.037765674,-0.120367706,-0.26388937,-0.05605606,1,Stable,True,Financials,-0.00767621983456842
2024-07-01,PSA,261.7737121582031,True,2024-12-20,2024-07-02,2024-12-20,-0.015434426060040383,0.061138379770886216,279.99542236328125,0.024313869,0.88248485,0.024116289,-0.036279775,-0.17617184,53.503178,0.02536715,0.056294307,-0.060593642,0.04956473,0.13423485,0.019218743,-0.2562103,0.1024782,1,Stable,True,Real Estate,-0.030328688649460585
2024-07-01,PSX,130.79002380371094,True,2024-12-20,2024-07-02,2024-12-20,-0.2772934022905886,-0.20072059645966198,104.19656372070312,0.5417344,0.52794236,-0.030865595,0.068930976,-0.07255852,36.733204,0.15943709,-0.23667145,-0.4728034,0.20027244,-0.17280631,-0.28605294,-0.50062644,-0.01218786,1,Stable,True,Energy,-0.01174518500704662
2024-07-01,PTC,181.02000427246094,True,2024-12-20,2024-07-02,2024-12-20,-0.05092896277194034,0.025643843058986263,187.5800018310547,0.26915795,1.0534675,0.00529994,0.0670204,-0.074347496,49.46569,0.037671387,-0.07756969,-0.20213754,0.06236568,0.0019882917,-0.093287565,-0.17015506,-0.08587827,1,Stable,True,Information Technology,-0.013076347592936096
2024-07-01,REG,57.221763610839844,True,2024-12-20,2024-07-02,2024-12-20,0.13590325971815723,0.21247606554908383,69.53704071044922,0.046600427,0.3736957,0.03286762,-0.02714647,-0.16673933,57.45382,-0.039646905,0.085548915,-0.0737469,-0.01317928,0.1617461,0.0071270317,-0.15765828,-0.09099853,1,Stable,True,Real Estate,-0.030995485925113146
2024-07-01,REGN,1047.1383056640625,True,2024-12-20,2024-07-02,2024-12-20,-0.4047275082248821,-0.3281547023939555,695.2886962890625,0.4920811,0.6356623,0.09742012,0.17072025,0.018401567,62.996994,-0.04964964,-0.04265496,-0.32136086,-0.020011518,0.04034859,-0.16235672,-0.24259794,0.02891865,1,Stable,True,Health Care,-0.006271461438355519
2024-07-01,RF,18.341732025146484,True,2024-12-20,2024-07-02,2024-12-20,0.13043848754827594,0.20701129337920254,22.350055694580078,0.18571359,0.83522063,0.05337092,0.04632223,-0.09393621,52.08419,0.0368567,-0.041839723,-0.13939136,0.06103463,0.03665483,-0.04486741,0.20171149,-0.08832801,1,Stable,True,Financials,-0.026493589563617023
2024-07-01,RJF,119.87720489501953,True,2024-12-20,2024-07-02,2024-12-20,0.198180569393588,0.2747533752245146,151.42466735839844,0.21180595,0.73615754,0.02840371,0.10340069,-0.04082064,47.206287,0.036843024,-0.13291061,-0.10840526,0.062259983,-0.050887328,-0.013518833,-0.39040232,-0.0622398,1,Stable,True,Financials,-0.012653726284178487
2024-07-01,ROL,46.903228759765625,True,2024-12-20,2024-07-02,2024-12-20,-0.11582288179081976,-0.03925007595989316,45.8363151550293,0.15302438,0.6013607,0.07071921,0.13491227,-0.01266224,56.718697,-0.030073326,-0.04727702,-0.018112108,-0.0030401181,0.03491421,0.06436295,-0.1762386,-0.17955573,1,Stable,True,Industrials,-0.01606988407963892
2024-07-01,ROP,553.7130737304688,True,2024-12-20,2024-07-02,2024-12-20,-0.14099004793408906,-0.06441724210316246,518.486328125,0.18836346,0.7249245,0.036736533,0.06548253,-0.07578982,56.034275,0.008884542,-0.018300291,-0.122880936,0.03344799,0.060138915,-0.028953359,-0.29556406,-0.051700097,1,Stable,True,Information Technology,-0.012371921568809327
2024-07-01,ROST,142.3756561279297,True,2024-12-20,2024-07-02,2024-12-20,-0.03870648474446167,0.03786632108646493,146.9122772216797,0.34793743,0.7634091,0.033450063,0.07484988,-0.06703658,54.72154,-0.00037286058,-0.032618467,-0.27308756,0.024641719,0.04664671,-0.1461986,-0.29251885,0.16425689,1,Stable,True,Consumer Discretionary,-0.012371921568809327
2024-07-01,RSG,188.16195678710938,True,2024-12-20,2024-07-02,2024-12-20,-0.01880324355711225,0.05776956227381435,199.8753204345703,0.290345,0.30660838,0.049469218,0.17688183,0.023650842,52.553234,0.008866236,-0.14422317,-0.11346318,0.033548724,-0.053268004,-0.011845207,0.17156151,-0.0314523,1,Stable,True,Industrials,-0.008852425421026582
2024-07-01,RTX,95.65518951416016,True,2024-12-20,2024-07-02,2024-12-20,0.09588987000193763,0.17246267583286423,113.12100982666016,0.045602664,0.13799495,0.027637353,0.1743737,0.0215174,48.347103,-0.08506355,-0.16592638,0.12877104,-0.063122645,-0.074859425,0.19633754,-0.36543632,-0.10149574,1,Stable,True,Industrials,-0.012099463589826089
2024-07-01,RVTY,102.37852478027344,True,2024-12-20,2024-07-02,2024-12-20,0.02820138459116653,0.10477419042209313,112.01803588867188,-0.12875836,0.9843932,-0.02969254,-0.053847987,-0.19456962,46.474262,-0.07098224,0.06753557,0.07491037,-0.047596734,0.1464105,0.16267985,0.17171982,0.014807044,1,Stable,True,Health Care,-0.02278761058654129
2024-07-01,SBAC,180.68727111816406,True,2024-12-20,2024-07-02,2024-12-20,0.01022622181726475,0.08679902764819135,195.5636444091797,-0.15958771,0.7892209,-0.08286157,-0.22882941,-0.39906326,44.671246,0.07281692,0.12093026,-0.0692417,0.10346323,0.2231333,-0.005787015,0.15073568,-0.17488593,1,Stable,True,Real Estate,0.014923223246250247
2024-07-01,SBUX,72.90059661865234,True,2024-12-20,2024-07-02,2024-12-20,0.08246795697974191,0.1590407628106685,84.16613006591797,-0.19911277,0.538143,-0.105101764,-0.1699466,-0.32548282,42.885376,0.07452385,0.05690345,0.029166177,0.105677694,0.14377001,0.11596587,-0.40984753,0.060552433,1,Stable,True,Consumer Discretionary,-0.00680301205572986
2024-07-01,SCHW,71.28927612304688,True,2024-12-20,2024-07-02,2024-12-20,-0.0669588782565683,0.009613927574358305,72.69027709960938,0.30523464,0.73116827,0.051067185,0.09081421,-0.052293185,52.941936,-0.030479627,-0.058423948,-0.21442044,-0.004968405,0.02241607,-0.09926244,-0.36797374,-0.18546006,1,Stable,True,Financials,-0.007501955937252104
2024-07-01,SHW,289.9835205078125,True,2024-12-20,2024-07-02,2024-12-20,0.1004259885346658,0.1769987943655924,339.9947509765625,0.1422725,0.94851166,-0.05704927,-0.007838471,-0.14708695,42.21289,0.07488921,-0.09341654,-0.15011097,0.10503588,-0.021422878,-0.06069307,-0.12954405,0.19287391,1,Stable,True,Materials,-0.017727152371058937
2024-07-01,SJM,101.0892105102539,True,2024-12-20,2024-07-02,2024-12-20,-0.06451386238652188,0.012058943444404722,102.43785095214844,-0.2183048,0.030977335,-0.06530175,-0.12806852,-0.27626202,48.598183,0.050872136,0.0670745,0.09023628,0.07775951,0.1515747,0.18944195,-0.03565764,0.04086079,1,Stable,True,Consumer Staples,-0.014580004299872143
2024-07-01,SLB,44.081932067871094,True,2024-12-20,2024-07-02,2024-12-20,-0.2775558412906851,-0.20098303545975849,35.30538558959961,-0.018579934,0.7406343,-0.047201797,-0.06311607,-0.20441347,37.25375,0.15773419,-0.07311095,-0.04453614,0.19272397,-0.0037856996,0.03375481,-0.43490756,0.16683097,1,Stable,True,Energy,-0.02018107913645272
2024-07-01,SNA,242.18338012695312,True,2024-12-20,2024-07-02,2024-12-20,0.2774364684147971,0.3540092742457237,328.1227722167969,-0.08079281,0.73009807,-0.07207813,-0.079091445,-0.22161213,39.16744,0.05941739,-0.038817443,0.0017013624,0.09018756,0.034398332,0.08204517,0.2772961,-0.034883786,1,Stable,True,Industrials,-0.018679009534557655
2024-07-01,SO,71.52864074707031,True,2024-12-20,2024-07-02,2024-12-20,0.009672923392322424,0.08624572922324902,78.2526626586914,0.15908878,0.17572288,0.07110304,0.088238865,-0.05465692,60.24327,-0.14845772,0.021037377,-0.07084991,-0.11867796,0.096610814,0.017122496,-0.29813197,-0.14568026,1,Stable,True,Utilities,-0.006127073499075217
2024-07-01,SPG,133.12451171875,True,2024-12-20,2024-07-02,2024-12-20,0.11292215716345239,0.18949496299437898,159.71267700195312,0.3517146,0.8742155,0.010840282,0.05675183,-0.084017694,51.745438,-0.02228142,-0.053367477,-0.2949628,0.0025430024,0.025642458,-0.16597798,-0.20071976,0.16431662,1,Stable,True,Real Estate,-0.01607807666228201
2024-07-01,SPGI,414.79351806640625,True,2024-12-20,2024-07-02,2024-12-20,0.019144808006818753,0.09571761383774535,458.70220947265625,0.13736793,0.70820844,0.037140787,0.03708017,-0.10280836,57.141533,1.347065e-05,0.006905481,-0.100287765,0.025012443,0.084100224,-0.012111545,-0.037017383,-0.16893727,1,Stable,True,Financials,-0.02622883791705515
2024-07-01,SRE,70.5633773803711,True,2024-12-20,2024-07-02,2024-12-20,0.09490566170390763,0.17147846753483423,82.88398742675781,0.07890891,0.26389134,0.04332487,-0.009216046,-0.14847636,56.94046,-0.08574149,0.07620829,-0.08812496,-0.05877141,0.15156619,-0.0050130486,-0.07409919,-0.047711708,1,Stable,True,Utilities,-0.03421812700549976
2024-07-01,STE,214.63180541992188,True,2024-12-20,2024-07-02,2024-12-20,-0.12149975361718732,-0.04492694778626072,204.8014373779297,-0.0017466813,0.84360886,-0.010785312,-0.005726816,-0.14496087,53.942833,-0.04365941,0.03218075,-0.0039801346,-0.018465754,0.10931707,0.07620092,0.63653463,0.03201593,1,Stable,True,Health Care,-0.030378482022125137
2024-07-01,STLD,125.65206146240234,True,2024-12-20,2024-07-02,2024-12-20,-0.17155342874113408,-0.09498062291020748,112.96912384033203,0.20049244,0.8117681,-0.002918643,0.111071855,-0.033892404,42.3429,0.08474556,-0.22751373,-0.08942059,0.11658822,-0.15165965,0.0027893297,-0.1964802,0.24054368,1,Stable,True,Materials,-0.0027914270963693964
2024-07-01,STT,69.44804382324219,True,2024-12-20,2024-07-02,2024-12-20,0.2644898936670286,0.34106269949795515,93.5140151977539,0.053232554,0.6326514,0.0046770996,-0.044692032,-0.1849391,49.834576,0.0046558827,0.02233995,-0.09792459,0.029750567,0.10057955,-0.01738958,-0.050903447,-0.05802818,1,Stable,True,Financials,-0.025650827085535472
2024-07-01,STZ,242.6981964111328,True,2024-12-20,2024-07-02,2024-12-20,-0.19004045089643995,-0.11346764506551334,217.384521484375,0.0535829,0.50709176,0.006002259,0.03295084,-0.106797986,46.605343,0.05068896,-0.059421964,-0.020632058,0.075756565,0.01821632,0.060418956,-0.16733862,-0.027060822,1,Stable,True,Consumer Staples,-0.02698364783829022
2024-07-01,SYF,46.21645736694336,True,2024-12-20,2024-07-02,2024-12-20,0.29996015512389707,0.37653296095482364,63.5126838684082,0.45237088,0.70579547,0.1546388,0.24215737,0.07763209,58.63952,-0.07608885,-0.067666456,-0.21021351,-0.0419788,0.02144882,-0.07615163,0.27673644,-0.08186724,1,Stable,True,Financials,-0.009591482075552833
2024-07-01,SYK,330.1277770996094,True,2024-12-20,2024-07-02,2024-12-20,0.01649158676664321,0.09306439259756981,358.4917297363281,0.12644635,0.52752846,-0.004935188,0.126956,-0.019697392,46.747383,0.017905321,-0.15599509,0.0005096495,0.043272395,-0.07152555,0.08064833,-0.33819905,-0.16028245,1,Stable,True,Health Care,-0.01854197300148744
2024-07-01,SYY,65.64444732666016,True,2024-12-20,2024-07-02,2024-12-20,0.02921190413164866,0.10578470996257526,73.32613372802734,-0.017857246,0.4969904,-0.08648729,-0.06996722,-0.21175303,40.39609,0.046759006,-0.017165437,-0.05210997,0.07495295,0.05883445,0.025679156,-0.42498475,0.28358823,1,Stable,True,Consumer Staples,-0.01152256406957947
2024-07-01,T,17.056644439697266,True,2024-12-20,2024-07-02,2024-12-20,0.16614485682004532,0.24271766265097192,21.017906188964844,0.27261323,-0.002430476,0.109646216,0.1319616,-0.01526553,63.250816,-0.05623261,-0.03401667,-0.14065163,-0.027574826,0.046951845,-0.036924403,-0.009130264,-0.053297013,1,Stable,True,Communication Services,-0.015811521592333677
2024-07-01,TAP,46.9857292175293,True,2024-12-20,2024-07-02,2024-12-20,0.11532872635840744,0.19190153218933403,55.95809555053711,-0.20640586,0.50323784,-0.15492429,-0.17521314,-0.33184788,27.553751,0.1736701,-0.06751871,0.03119272,0.23147509,-0.007943869,0.118748814,-0.3514264,0.35592258,1,Stable,True,Consumer Staples,-0.052678288869947625
2024-07-01,TDG,1110.17578125,True,2024-12-20,2024-07-02,2024-12-20,-0.022383779989698517,0.05418902584122808,1194.046142578125,0.46569115,0.97876525,0.03113968,0.25626254,0.088923484,52.139145,-0.1075365,-0.21610847,-0.20942861,-0.08412937,-0.111308515,-0.07398984,0.07643859,0.25681633,1,Stable,True,Industrials,-0.010147124952982969
2024-07-01,TDY,382.9100036621094,True,2024-12-20,2024-07-02,2024-12-20,0.13845216547750272,0.21502497130842932,467.25,-0.059835974,0.8312266,-0.06791838,-0.13231358,-0.2811425,45.483494,0.04605047,0.050893396,-0.07247761,0.073915645,0.13446215,-2.8014183e-05,-0.07112065,0.12310482,1,Stable,True,Information Technology,-0.012377642220086211
2024-07-01,TEL,143.8566131591797,True,2024-12-20,2024-07-02,2024-12-20,-0.1100649368086297,-0.033492130977703094,140.41517639160156,0.0917679,0.9981735,0.03652629,0.118622854,-0.027119251,53.091347,-0.04025608,-0.08658326,0.026854955,-0.014787924,-0.0030975845,0.10449602,-0.17556156,-0.18071458,1,Stable,True,Information Technology,-0.01961648827948278
2024-07-01,TFC,35.429771423339844,True,2024-12-20,2024-07-02,2024-12-20,0.04479875737732689,0.12137156320825349,40.043724060058594,0.36260065,0.9707631,0.067586705,0.062049195,-0.07901734,54.339993,-0.008632928,-0.013681054,-0.30055147,0.016730811,0.064498276,-0.16899888,0.228256,-0.14145088,1,Stable,True,Financials,-0.008660006411126416
2024-07-01,TFX,206.78311157226562,True,2024-12-20,2024-07-02,2024-12-20,-0.23046962034312743,-0.15389681451220083,174.8026123046875,-0.09435673,0.6979459,-0.047415495,-0.14819425,-0.29961437,47.718967,0.011820456,0.14770968,-0.053837523,0.036756344,0.23737581,0.018909007,0.11057433,0.33721015,1,Stable,True,Unknown,-0.01782060249174401
2024-07-01,TGT,133.8189697265625,True,2024-12-20,2024-07-02,2024-12-20,-0.1585833630462467,-0.08201055721532012,122.54937744140625,0.13341126,0.3647992,-0.05518208,0.04304067,-0.09707742,39.534115,0.08120529,-0.19097236,-0.09037059,0.11603126,-0.12476503,-0.0028957427,-0.40768158,0.066857025,1,Stable,True,Consumer Staples,-0.0028746786660257925
2024-07-01,TJX,107.51517486572266,True,2024-12-20,2024-07-02,2024-12-20,0.03777415764427508,0.11434696347520168,119.3974838256836,0.34010804,0.55109006,0.118149444,0.19994526,0.043058343,67.464836,-0.086721115,-0.04067333,-0.14016278,-0.05275288,0.04297995,-0.03027831,-0.35905343,0.068966985,1,Stable,True,Consumer Discretionary,-0.004082168911347689
2024-07-01,TMO,537.9957275390625,True,2024-12-20,2024-07-02,2024-12-20,-0.09372335589165567,-0.017150550060729075,521.1650390625,0.055977322,0.9186351,-0.045724347,0.0019684662,-0.13725105,43.821148,0.0043990463,-0.051951446,-0.054008856,0.029619351,0.024221793,0.02769582,-0.17969991,0.14166261,1,Stable,True,Health Care,-0.015581117883177596
2024-07-01,TMUS,173.34603881835938,True,2024-12-20,2024-07-02,2024-12-20,0.1559257474862227,0.2324985533171493,214.7224578857422,0.32467544,0.015785284,0.08665816,0.10446537,-0.039856195,65.913414,-0.08878724,0.007870026,-0.22021008,-0.058187056,0.08456409,-0.101610094,-0.52554005,0.34623522,1,Stable,True,Communication Services,-0.006683807784401205
2024-07-01,TPR,40.52302169799805,True,2024-12-20,2024-07-02,2024-12-20,0.5281552577741419,0.6047280636050685,62.782867431640625,0.017508296,0.908473,-0.0036177181,0.11965986,-0.026192643,51.442574,-0.0104050245,-0.13592307,0.102151565,0.014366165,-0.051958136,0.17586413,-0.23439944,-0.30195674,1,Stable,True,Consumer Discretionary,-0.01944768469613332
2024-07-01,TRGP,125.28343200683594,True,2024-12-20,2024-07-02,2024-12-20,0.2866927956906349,0.36326560152156145,170.4433135986328,0.78850055,0.6139461,0.23298718,0.5754149,0.3153011,63.21591,-0.044987388,-0.420134,-0.21308565,-0.014719568,-0.23271145,-0.046662927,0.09718868,0.021368604,1,Stable,True,Energy,0.016798364953600792
2024-07-01,TRMB,55.689998626708984,True,2024-12-20,2024-07-02,2024-12-20,0.19770677143928625,0.27427957727021285,71.63999938964844,0.055334434,0.9103195,-0.032977868,0.07842756,-0.063713565,40.97243,0.094503894,-0.17275189,0.023093127,0.12425311,-0.097114325,0.1018423,-0.07319904,0.046589814,1,Stable,True,Information Technology,-0.01191306666735997
2024-07-01,TRV,196.47470092773438,True,2024-12-20,2024-07-02,2024-12-20,0.11573387730330753,0.19230668313423413,235.05450439453125,0.21247081,0.37136027,-0.05104914,0.06549067,-0.07578217,41.11005,0.052972745,-0.17281787,-0.14698014,0.082647234,-0.09950686,-0.049028866,-0.10427663,-0.022023275,1,Stable,True,Financials,-0.007411598353804513
2024-07-01,TSCO,51.2349853515625,True,2024-12-20,2024-07-02,2024-12-20,-0.0550061153378992,0.021566690493027396,52.00566864013672,0.25452706,0.5937601,0.051181324,0.20799404,0.049743578,54.343204,-0.1259645,-0.1435458,-0.04653302,-0.10094679,-0.049040865,0.042398505,-0.23620656,0.1337116,1,Stable,True,Consumer Discretionary,-0.011226967094408033
2024-07-01,TSN,53.65382766723633,True,2024-12-20,2024-07-02,2024-12-20,-0.04685939591031105,0.029713409920615556,55.11322784423828,0.17433666,-0.050848715,0.020791026,0.06352727,-0.07762659,49.51564,0.029211929,-0.090817854,-0.110809386,0.054588933,-0.011797167,-0.018916462,-0.48719406,-0.2679553,1,Stable,True,Consumer Staples,-0.013076347592936096
2024-07-01,TT,316.1418151855469,True,2024-12-20,2024-07-02,2024-12-20,0.08958376310351027,0.16615656893443687,372.65179443359375,0.71295625,0.9291411,0.08300764,0.3291938,0.145355,55.334885,-0.09905493,-0.24617192,-0.38376245,-0.0709186,-0.1273537,-0.1734521,0.05347419,0.37647992,1,Stable,True,Industrials,-0.006293628139053247
2024-07-01,TTWO,154.2899932861328,True,2024-12-20,2024-07-02,2024-12-20,0.1000842158467174,0.176657021677644,181.97000122070312,0.060631003,0.77915055,0.006910545,-0.026807116,-0.16639057,51.26767,-0.069271564,0.05822631,-0.08743812,-0.04452356,0.1355724,-0.005841002,-0.2489083,-0.043395914,1,Stable,True,Communication Services,-0.031655666986736705
2024-07-01,TXT,85.20649719238281,True,2024-12-20,2024-07-02,2024-12-20,-0.18024918711051016,-0.10367638127958356,76.73938751220703,0.26916194,0.72285783,-0.03133166,0.08413802,-0.05843237,39.303036,0.08052407,-0.19000325,-0.18502392,0.11123054,-0.11522026,-0.07737559,-0.3067688,-0.10517222,1,Stable,True,Industrials,-0.01191306666735997
2024-07-01,TYL,499.5199890136719,True,2024-12-20,2024-07-02,2024-12-20,0.11285741599649224,0.18943022182741884,605.4199829101562,0.2132222,0.7345269,0.119363956,0.20534717,0.04755004,67.18278,-0.16444336,-0.001017049,-0.00787504,-0.12181213,0.07661958,0.07368383,-0.09173893,0.2754778,1,Stable,True,Information Technology,-0.011428415054209528
2024-07-01,UDR,37.31311798095703,True,2024-12-20,2024-07-02,2024-12-20,0.005260202289351451,0.08183300812027805,40.3173828125,7.25872e-06,0.65134835,0.09514126,0.087472074,-0.055361785,59.95833,-0.07800332,0.05319319,0.08746482,-0.0458351,0.12521958,0.16404453,-0.23607305,-0.25526243,1,Stable,True,Real Estate,-0.006127073499075217
2024-07-01,UHS,180.69363403320312,True,2024-12-20,2024-07-02,2024-12-20,-0.09973759149189851,-0.02316478566097191,178.9491729736328,0.17026936,0.79275656,0.060762137,0.1826828,0.028567834,54.900364,-0.09735729,-0.12435497,0.012413442,-0.071502134,-0.033631567,0.090747476,-0.10327044,-0.0036206634,1,Stable,True,Health Care,-0.007620288067483219
2024-07-01,ULTA,384.4100036621094,True,2024-12-20,2024-07-02,2024-12-20,0.017544597318932917,0.09411740314985952,430.010009765625,-0.1738093,0.4151669,-0.16304487,-0.20405415,-0.3674417,34.676674,0.11613424,0.06088811,-0.030244842,0.15210679,0.15117672,0.042901546,-0.11874007,0.031589925,1,Stable,True,Consumer Discretionary,-0.026774615222427883
2024-07-01,UNH,472.82000732421875,True,2024-12-20,2024-07-02,2024-12-20,-0.06535640845387233,0.011216397377054267,481.59344482421875,0.054395102,0.026989786,-0.0002040285,-0.07047898,-0.21230344,57.01498,-0.088061154,0.16132271,-0.124874085,-0.05917321,0.23750104,-0.045857117,-0.05523801,0.075250395,1,Stable,True,Health Care,-0.03340787161552373
2024-07-01,UNP,214.95790100097656,True,2024-12-20,2024-07-02,2024-12-20,-0.06177451137499243,0.01479829445593417,218.75973510742188,0.12349049,0.4986329,-0.05705876,-0.05531924,-0.19612582,45.315754,0.026251424,-0.005121749,-0.17880973,0.052556492,0.072027296,-0.0931526,-0.34451997,0.03884522,1,Stable,True,Industrials,-0.020493965520447546
2024-07-01,UPS,118.45639038085938,True,2024-12-20,2024-07-02,2024-12-20,-0.1215161170389498,-0.044943311208023196,112.26712799072266,-0.1939376,0.80394006,-0.065184966,-0.13078482,-0.27938217,44.0689,0.06212811,0.047207005,0.063152775,0.09059457,0.13035017,0.15562552,-0.384325,0.01930734,1,Stable,True,Industrials,-0.014507796850753596
2024-07-01,USB,36.098453521728516,True,2024-12-20,2024-07-02,2024-12-20,0.13565337402500713,0.21222617985593373,44.57356643676758,0.25900155,0.9333188,-0.034916986,-0.085920006,-0.22905478,45.055553,0.054103065,0.011610381,-0.34492156,0.08180149,0.09008545,-0.23996018,-0.0760068,0.028594254,1,Stable,True,Financials,-0.02061194044786901
2024-07-01,V,258.8112487792969,True,2024-12-20,2024-07-02,2024-12-20,0.11252722205778234,0.18910002788870894,313.5863037109375,0.13212426,0.5915081,-0.043276995,0.0063950447,-0.1328429,44.852722,0.0036523193,-0.043887187,-0.12572922,0.028786942,0.032875977,-0.037525065,-0.15109202,0.35030016,1,Stable,True,Financials,-0.02190229453991219
2024-07-01,VICI,24.826684951782227,True,2024-12-20,2024-07-02,2024-12-20,-0.011441470426327358,0.06513133540459924,26.320466995239258,-0.05980834,0.6605963,-0.026306754,-0.10475994,-0.24988095,50.72562,0.018539555,0.07252193,-0.0449516,0.043975495,0.15535799,0.03120415,0.15558204,-0.031404935,1,Stable,True,Real Estate,-0.018133282407303025
2024-07-01,VLO,148.79409790039062,True,2024-12-20,2024-07-02,2024-12-20,-0.31507506641524274,-0.23850226058431612,113.29200744628906,0.39673185,0.7941185,0.036359426,0.23990068,0.07581369,42.65488,0.124589965,-0.35914502,-0.15683118,0.15730596,-0.26454258,-0.03890785,-0.29795578,-0.046739772,1,Stable,True,Energy,-0.008158662205962128
2024-07-01,VMC,239.67691040039062,True,2024-12-20,2024-07-02,2024-12-20,0.0009941379980950293,0.07756694382902163,259.6985168457031,0.09210313,1.0431361,-0.03761499,0.091846846,-0.05134697,42.520374,0.034648646,-0.17360818,-0.00025628507,0.062038854,-0.09570484,0.079961285,-0.18478566,-0.033733312,1,Stable,True,Materials,-0.012404125784778307
2024-07-01,VRSK,264.1576232910156,True,2024-12-20,2024-07-02,2024-12-20,-0.05718311879350377,0.01938968703742283,273.548095703125,0.20794146,0.5275876,0.105543695,0.15574439,0.005527044,68.73097,-0.12314145,0.029622331,-0.05219707,-0.08468664,0.102771275,0.036022987,-0.010556265,-0.17712498,1,Stable,True,Industrials,0.0004942534501967341
2024-07-01,VRSN,172.57765197753906,True,2024-12-20,2024-07-02,2024-12-20,0.05332826261991688,0.12990106845084348,195.29530334472656,-0.21181531,0.5221897,-0.05832103,-0.11703519,-0.26368752,42.462315,0.068498835,0.05651009,0.094780125,0.09537583,0.13949949,0.19374889,-0.13810761,0.074964255,1,Stable,True,Information Technology,-0.014507796850753596
2024-07-01,VRTX,471.25,True,2024-12-20,2024-07-02,2024-12-20,-0.23806128141612326,-0.16148847558519666,397.2699890136719,0.35346663,0.5341465,0.09742046,0.124379665,-0.021986112,66.386406,-0.13149057,0.042051837,-0.22908697,-0.09460519,0.114181325,-0.10524171,-0.3249937,0.076039776,1,Stable,True,Health Care,-0.013718592667764517
2024-07-01,VTR,48.17022705078125,True,2024-12-20,2024-07-02,2024-12-20,0.06602659502729086,0.14259940085821746,56.02367401123047,0.12130023,0.86487204,0.11993711,0.06478252,-0.07644701,69.69644,-0.18194771,0.13846669,-0.056517705,-0.13894825,0.1997187,0.028477632,0.021323843,-0.013261542,1,Stable,True,Real Estate,-0.009593620317035501
2024-07-01,VTRS,9.656623840332031,True,2024-12-20,2024-07-02,2024-12-20,0.14733455823973088,0.22390736407065748,11.640246391296387,0.1173092,0.49065924,-0.069944546,-0.07657173,-0.21887974,42.135532,0.088503525,-0.012875229,-0.19388093,0.11775879,0.06342274,-0.11038946,-0.21844101,0.03302166,1,Stable,True,Health Care,-0.01829456694230137
2024-07-01,VZ,36.021705627441406,True,2024-12-20,2024-07-02,2024-12-20,-0.07372619786309151,0.0028466079678350904,35.570343017578125,0.21223116,0.10902686,0.042738922,0.0755914,-0.066346936,53.06226,0.015140379,-0.0763939,-0.13663976,0.04003843,0.003790237,-0.03939595,-0.09342444,-0.08630459,1,Stable,True,Communication Services,-0.008660006411126416
2024-07-01,WAB,153.88052368164062,True,2024-12-20,2024-07-02,2024-12-20,0.16777729281814457,0.24435009864907117,191.39508056640625,0.4483037,0.6761192,0.046615712,0.23378707,0.07087077,54.84441,-0.13780555,-0.17681825,-0.21451662,-0.11469717,-0.07721943,-0.08010867,0.28197494,-0.08124233,1,Stable,True,Industrials,-0.006499932259839011
2024-07-01,WEC,71.9285659790039,True,2024-12-20,2024-07-02,2024-12-20,0.1563006649265252,0.2328734707574518,89.07831573486328,-0.073887736,0.13891026,-0.027061092,-0.07325267,-0.2152919,48.277668,-0.009463713,0.04149708,0.00063506514,0.015177362,0.1212673,0.08088149,-0.43731812,-0.038429707,1,Stable,True,Utilities,-0.024627477109594512
2024-07-01,WELL,100.04486083984375,True,2024-12-20,2024-07-02,2024-12-20,0.11221838340265411,0.1887911892335807,121.18529510498047,0.3291648,0.7015326,0.10539578,0.17275853,0.020141114,67.502266,-0.15386814,-0.01570712,-0.15640627,-0.117697135,0.063979894,-0.044996087,-0.3513158,0.32857794,1,Stable,True,Real Estate,-0.0027016044567634728
2024-07-01,WFC,57.566917419433594,True,2024-12-20,2024-07-02,2024-12-20,0.09262098067642457,0.16919378650735117,67.72901916503906,0.46991,0.443719,0.08641162,0.22929393,0.06722237,55.94715,-0.0639478,-0.15416458,-0.24061607,-0.036321938,-0.056535263,-0.09856522,-0.2809935,0.0519987,1,Stable,True,Financials,-0.010725391596239807
2024-07-01,WM,203.16551208496094,True,2024-12-20,2024-07-02,2024-12-20,-0.08707931136841593,-0.01050650553748933,201.13658142089844,0.2541466,0.072305635,0.03426708,0.18316816,0.028978126,51.11102,-0.01752743,-0.16844867,-0.07097845,0.0075754374,-0.07611979,0.021936353,-0.08634196,0.110431656,1,Stable,True,Industrials,-0.012099463589826089
2024-07-01,WMB,39.612831115722656,True,2024-12-20,2024-07-02,2024-12-20,0.2125241123285754,0.289096918159502,50.95635223388672,0.3704525,0.43347952,0.13151488,0.21870157,0.058568414,60.126427,-0.06339331,-0.12226156,-0.15175092,-0.034556642,-0.028253712,-0.037158985,-0.51419467,-0.077805646,1,Stable,True,Energy,-0.014617471197810806
2024-07-01,WMT,66.0820541381836,True,2024-12-20,2024-07-02,2024-12-20,0.28537604758273727,0.3619488534136639,90.78730773925781,0.33080703,0.15824398,0.119115666,0.28804138,0.11390516,62.56059,-0.11188773,-0.14999823,-0.042765647,-0.078491494,-0.04634878,0.04753319,-0.45175374,-0.16965012,1,Stable,True,Consumer Staples,-0.00843074770191097
2024-07-01,WRB,50.01209259033203,True,2024-12-20,2024-07-02,2024-12-20,0.04972664537450858,0.12629945120543518,56.46403503417969,0.3732755,0.09338914,-0.017386034,0.098172694,-0.045569975,44.800907,0.06331617,-0.17872453,-0.2751028,0.09159522,-0.100165516,-0.14335516,-0.2042245,-0.09888582,1,Stable,True,Financials,-0.01134032398838299
2024-07-01,WTW,253.27169799804688,True,2024-12-20,2024-07-02,2024-12-20,0.1387138353885357,0.2152866412194623,310.9774169921875,0.13132642,0.36448908,-0.0028799828,0.078274764,-0.06385526,48.315712,0.042227052,-0.10092587,-0.053051658,0.06729792,-0.020810194,0.032167546,-0.30128774,0.025424106,1,Stable,True,Financials,-0.013244229253249445
2024-07-01,WY,25.887069702148438,True,2024-12-20,2024-07-02,2024-12-20,-0.06297082611972979,0.01360197971119681,26.16301918029785,-0.14915092,0.8239224,-0.13816488,-0.17688634,-0.33387858,31.237999,0.11674654,-0.022111312,-0.027735412,0.16105947,0.050233305,0.047055513,-0.31502986,0.052419234,1,Stable,True,Real Estate,-0.049574792401806615
2024-07-01,WYNN,85.68569946289062,True,2024-12-20,2024-07-02,2024-12-20,-0.04005686703352159,0.03651593879740501,87.45709991455078,-0.15220138,1.0186312,-0.09965434,-0.092173114,-0.23591916,36.559784,0.095736854,-0.07955442,0.06002827,0.13437954,-0.01424782,0.14860655,0.021525797,0.04928435,1,Stable,True,Consumer Discretionary,-0.018274617721535713
2024-07-01,XEL,49.18672180175781,True,2024-12-20,2024-07-02,2024-12-20,0.2013050863236094,0.277877892154536,63.77772521972656,-0.111241646,0.0885261,-0.04039803,-0.15800935,-0.31120396,48.359272,-0.029843375,0.14302179,-0.046767704,-0.005766377,0.23434907,0.026139528,-0.4072398,-0.3359872,1,Stable,True,Utilities,-0.011534043335070859
2024-07-01,XOM,106.96226501464844,True,2024-12-20,2024-07-02,2024-12-20,-0.1342072070198985,-0.057634401188971895,100.11365509033203,0.11535224,0.22431119,0.04317813,0.15904506,0.00837885,44.538734,0.012345338,-0.19100508,0.043692812,0.037671827,-0.10261462,0.118622154,-0.36075905,-0.016736267,1,Stable,True,Energy,0.0012293945800458269
2024-07-01,XYL,127.8438720703125,True,2024-12-20,2024-07-02,2024-12-20,-0.18612020074919453,-0.10954739491826793,114.4793701171875,0.19562684,1.012829,0.020355495,0.17198746,0.0194834,52.444878,-0.10363451,-0.13564838,-0.023639381,-0.08036162,-0.04554289,0.06022638,0.22920321,-0.025810285,1,Stable,True,Industrials,-0.012099463589826089
2024-07-01,YUM,124.80570983886719,True,2024-12-20,2024-07-02,2024-12-20,-0.04861777198034009,0.027955033850586508,128.62110900878906,-0.03667636,0.5249448,-0.0405239,0.018265117,-0.12111727,43.600113,-0.01264073,-0.06187123,0.054941475,0.011694342,0.014777958,0.13566217,0.28520015,0.09189997,1,Stable,True,Consumer Discretionary,-0.013891994738254405
2024-07-01,ZBH,103.89679718017578,True,2024-12-20,2024-07-02,2024-12-20,-0.06633367582749491,0.010239130003431686,105.2676773071289,-0.2639411,0.54493105,-0.12336043,-0.12769376,-0.2758323,30.248056,0.08972223,-0.03979209,0.13624735,0.12735088,0.030773371,0.2500264,0.43231645,0.23322737,1,Stable,True,Health Care,-0.04034430576468258
2024-12-19,A,131.3297882080078,True,2025-06-17,2024-12-20,2025-06-17,-0.14225518428030481,-0.13350936617592382,114.92382049560547,-0.04075293,0.61603934,-0.028039793,0.049055245,-0.021258399,42.864777,0.07923524,-0.09235664,0.08980817,0.1130545,-0.04800176,0.22770073,0.12576157,0.17690653,1,Stable,True,Health Care,-0.010581381715906588
2024-12-19,AAPL,247.9903106689453,True,2025-06-17,2024-12-20,2025-06-17,-0.23813826934952728,-0.2293924512451463,194.69898986816406,0.27456948,0.86977494,0.09621055,0.15503688,0.07498389,60.990463,-0.013886988,-0.050363936,-0.1195326,0.02083353,-0.0004278645,0.03972795,0.39258313,-0.08332877,1,Stable,True,Information Technology,-0.0064633699692035135
2024-12-19,ABBV,161.89752197265625,True,2025-06-17,2024-12-20,2025-06-17,0.06745506641505562,0.07620088451943663,178.35850524902344,0.1574866,0.08406647,-0.071820386,0.024111629,-0.04532286,39.928368,0.118461885,-0.12016046,-0.13337497,0.15662985,-0.08065036,0.015778732,-0.036971137,0.15865244,1,Stable,True,Health Care,-0.0069303910423368425
2024-12-19,ABT,108.31645965576172,True,2025-06-17,2024-12-20,2025-06-17,0.1607377390357391,0.1694835571401201,128.7138214111328,0.05758604,0.060059976,0.001446762,0.1002817,0.026417848,49.394844,-0.03329469,-0.0972638,0.04269566,-0.00027361326,-0.04839778,0.17778139,0.6278891,-0.12556104,1,Stable,True,Health Care,-0.011896041728525663
2024-12-19,ACGL,88.98999786376953,True,2025-06-17,2024-12-20,2025-06-17,-0.01797756178623354,-0.009231743681852533,90.1500015258789,0.25063697,0.557867,-0.10049825,-0.0701921,-0.14192566,37.093624,0.10211329,-0.102133304,-0.32082906,0.14982074,-0.07220282,-0.15822613,0.13906375,0.10256237,1,Stable,True,Financials,-0.01833217805152339
2024-12-19,ACN,359.5130920410156,True,2025-06-17,2024-12-20,2025-06-17,-0.14920519958167308,-0.1404593814772921,304.20849609375,0.10726671,0.61245793,0.0847117,0.2405012,0.14636709,54.79934,-0.06640242,-0.13183814,0.13323449,-0.028278451,-0.06820554,0.25182506,1.7846273,-0.0279275,1,Stable,True,Information Technology,-0.005750675764780657
2024-12-19,ADM,46.56551742553711,True,2025-06-17,2024-12-20,2025-06-17,0.08586949619023346,0.09461531429461446,52.117103576660156,-0.3080625,0.35277933,-0.13829598,-0.17098226,-0.2566621,36.529167,0.07400792,0.028320923,0.13708024,0.11628281,0.07774654,0.31895003,0.052701905,0.06527944,1,Stable,True,Consumer Staples,-0.020185293813849297
2024-12-19,ADP,280.5487060546875,True,2025-06-17,2024-12-20,2025-06-17,0.048339914073303535,0.05708573217768454,299.3023986816406,0.27396694,0.54862016,0.055540446,0.2488632,0.1530853,55.394238,-0.08316252,-0.18495958,-0.025103733,-0.047907226,-0.11613378,0.118302226,-0.07513165,0.18691252,1,Stable,True,Industrials,-0.005290810166920838
2024-12-19,AEE,84.8674545288086,True,2025-06-17,2024-12-20,2025-06-17,0.06381369452668752,0.07255951263106852,91.7653579711914,0.26633567,-0.0015267599,0.056615986,0.2711639,0.17078456,51.95691,-0.06610106,-0.2377471,0.0048282444,-0.032616574,-0.16290726,0.14200966,1.5349826,-0.09987818,1,Stable,True,Utilities,-0.005290810166920838
2024-12-19,AEP,86.18883514404297,True,2025-06-17,2024-12-20,2025-06-17,0.10700097982660108,0.11574679793098208,97.75640869140625,0.1561731,-0.15751167,-0.055867873,0.06512252,-0.0060585537,40.27277,0.031741947,-0.15430248,-0.09105057,0.06774069,-0.11234467,0.05617848,0.31748456,-0.1296176,1,Stable,True,Utilities,-0.0063667620276243635
2024-12-19,AES,11.306351661682129,True,2025-06-17,2024-12-20,2025-06-17,-0.17115406524747112,-0.16240824714309013,9.896413803100586,-0.3310143,0.44863087,-0.23869023,-0.2720555,-0.38667887,26.588533,0.2930248,-0.08422232,0.0589588,0.4086303,-0.07880247,0.22266626,-0.008287833,0.46687788,1,Stable,True,Utilities,-0.044120096180715745
2024-12-19,AFL,97.55105590820312,True,2025-06-17,2024-12-20,2025-06-17,-0.0035071012291288785,0.005238716875252126,99.4567642211914,0.2598384,0.44495276,-0.036406197,0.14748687,0.06842582,40.538963,-0.008776873,-0.22025925,-0.11235154,0.02397354,-0.16897531,0.04479489,0.19866803,-0.035124075,1,Stable,True,Financials,-0.0021711076793361006
2024-12-19,AIG,68.73600006103516,True,2025-06-17,2024-12-20,2025-06-17,0.16161302480036524,0.17035884290474623,82.25636291503906,0.076662324,0.8723542,-0.044586297,-0.035096887,-0.10487598,48.581673,-0.021503665,0.014039446,-0.111759216,0.011273272,0.058600385,0.028610721,0.5101857,0.04965803,1,Stable,True,Financials,-0.022381712593991108
2024-12-19,AIZ,203.75648498535156,True,2025-06-17,2024-12-20,2025-06-17,-0.06751336052813936,-0.05876754242375836,195.30613708496094,0.26482946,0.62672955,0.07773802,0.25805184,0.16041598,54.23703,-0.117157415,-0.19370686,-0.0067776144,-0.08313337,-0.12304969,0.13283122,-0.15042064,0.033791937,1,Stable,True,Financials,-0.005750675764780657
2024-12-19,AJG,274.9093322753906,True,2025-06-17,2024-12-20,2025-06-17,0.11228745288258159,0.1210332709869626,312.61053466796875,0.25370467,0.2879868,-0.02436176,0.0809798,0.008719464,47.849964,-0.050933797,-0.084924005,-0.17272487,-0.01900492,-0.037664756,-0.0100309,-0.09775162,1.3097836,1,Stable,True,Financials,-0.01169010562278836
2024-12-19,AKAM,94.58000183105469,True,2025-06-17,2024-12-20,2025-06-17,-0.18822229316973088,-0.1794764750653499,78.68000030517578,-0.2130138,0.8107844,-0.034093022,0.05640571,-0.014276088,46.385212,0.1260443,-0.1071885,0.2694195,0.15816587,-0.06283483,0.432621,-0.12505004,0.07163194,1,Stable,True,Information Technology,-0.0179416403496488
2024-12-19,ALL,184.22879028320312,True,2025-06-17,2024-12-20,2025-06-17,0.02527072478165006,0.034016542886031065,194.27964782714844,0.40151784,0.40439773,0.028184474,0.1932733,0.107551806,50.31002,-0.037073668,-0.18994503,-0.20824453,-0.004166318,-0.12922235,-0.022651501,-0.10639005,0.124355145,1,Stable,True,Financials,-0.008362946066308767
2024-12-19,ALLE,128.599609375,True,2025-06-17,2024-12-20,2025-06-17,0.030013295506654006,0.03875911361103501,135.16903686523438,0.108918175,0.56914634,-0.044439934,0.13639842,0.05871559,38.94051,0.0259646,-0.22219542,0.027480245,0.061489847,-0.1734115,0.16268319,0.50066996,0.08201897,1,Stable,True,Industrials,-0.0029691398452099003
2024-12-19,AMCR,44.43674087524414,True,2025-06-17,2024-12-20,2025-06-17,-0.017918846285334897,-0.00917302818095389,44.02912139892578,0.014493656,0.37252095,-0.10051504,0.0026098026,-0.06654199,34.54902,0.061476566,-0.14360051,-0.011883854,0.10260623,-0.11042682,0.12642092,-0.13361353,0.543191,1,Stable,True,Materials,-0.01846741847444026
2024-12-19,AME,180.3351593017578,True,2025-06-17,2024-12-20,2025-06-17,-0.04796506028352919,-0.039219242179148184,174.4518280029297,0.1215967,0.72546625,0.0477831,0.103331536,0.02918588,57.21555,-0.12162698,-0.03837823,-0.018265165,-0.087789625,0.008751787,0.12178512,0.31914577,-0.11642551,1,Stable,True,Industrials,-0.008273367313105014
2024-12-19,AMGN,247.884033203125,True,2025-06-17,2024-12-20,2025-06-17,0.11122252674822067,0.11996834485260167,279.95001220703125,-0.03360845,0.62505734,-0.16316347,-0.1475776,-0.2288215,34.458485,0.06579685,-0.010899797,-0.11396915,0.108766064,0.031285807,0.012717217,0.0150502715,0.85497147,1,Stable,True,Health Care,-0.027010813906871912
2024-12-19,AMP,514.091064453125,True,2025-06-17,2024-12-20,2025-06-17,-0.05065358157494092,-0.04190776347055991,498.5048522949219,0.39659894,0.9572238,0.09535456,0.24209483,0.14765094,58.57049,-0.20213705,-0.10344204,-0.1545041,-0.16195041,-0.042798437,0.020963505,0.008379318,0.077058285,1,Stable,True,Financials,-0.005486232192318742
2024-12-19,AMT,168.48350524902344,True,2025-06-17,2024-12-20,2025-06-17,0.19170797500236064,0.20045379310674163,207.1383056640625,-0.12180678,-0.2723311,-0.16761665,-0.0686256,-0.14024232,32.486088,0.12616774,-0.16447173,0.05318118,0.18578987,-0.15014635,0.19699885,0.9564292,0.11891831,1,Stable,True,Real Estate,-0.04339439564034515
2024-12-19,AON,349.9039001464844,True,2025-06-17,2024-12-20,2025-06-17,-0.026266812183460705,-0.0175209940790797,348.3600769042969,0.13964722,0.32371467,0.020580277,0.21003035,0.12149704,51.72872,-0.090841904,-0.18846318,0.07038313,-0.05964469,-0.12515245,0.19813082,-0.25481588,0.06851934,1,Stable,True,Financials,-0.008362946066308767
2024-12-19,AOS,65.95317077636719,True,2025-06-17,2024-12-20,2025-06-17,-0.0792486716817271,-0.07050285357734609,61.55409622192383,-0.14035468,0.62762696,-0.1396322,-0.1393571,-0.219224,27.035433,0.15298323,-0.059758425,0.0009975731,0.20829263,-0.027807862,0.13936391,0.40832102,-0.071467616,1,Stable,True,Industrials,-0.04717953782109122
2024-12-19,APA,19.006271362304688,True,2025-06-17,2024-12-20,2025-06-17,0.005789355256866096,0.0145351733612471,19.809791564941406,-0.41173643,0.49810234,-0.20331806,-0.29636237,-0.42064017,39.09304,0.0835214,0.13828154,0.11537406,0.12807024,0.22357562,0.31729257,-0.040235493,0.1171111,1,Stable,True,Energy,-0.02337513071191148
2024-12-19,APD,280.3044128417969,True,2025-06-17,2024-12-20,2025-06-17,-0.058024580766366504,-0.0492787626619855,268.14569091796875,0.104724,0.1473704,-0.00051135477,0.1923802,0.10680309,50.51948,-0.10308582,-0.19507417,0.08765621,-0.07562128,-0.13449398,0.21456009,-0.19078334,-0.09228261,1,Stable,True,Materials,-0.008540715738527197
2024-12-19,ARE,87.61174774169922,True,2025-06-17,2024-12-20,2025-06-17,-0.2705670813423471,-0.26182126323796606,65.92284393310547,-0.21659791,0.63063514,-0.15123573,-0.15079486,-0.2326029,37.612507,0.14124385,-0.05774823,0.06580305,0.19769332,-0.02627024,0.21885884,0.46275496,0.17003614,1,Stable,True,Real Estate,-0.016463632474470177
2024-12-19,ATO,132.63198852539062,True,2025-06-17,2024-12-20,2025-06-17,0.09397558555621578,0.10272140366059679,148.07945251464844,0.22996335,0.21535486,0.026719317,0.2039893,0.11649206,49.829018,-0.07343419,-0.18792096,-0.02597405,-0.041533303,-0.12554474,0.116860226,0.39782834,0.009143063,1,Stable,True,Utilities,-0.008362946066308767
2024-12-19,AVB,203.8533239677,True,2025-06-17,2024-12-20,2025-06-17,-0.0653713156244827,-0.0566254975201017,196.7467256302,0.18447194,0.48648027,-0.013540183,0.07086405,-0.0006825442,47.924747,-0.0008779317,-0.11811446,-0.11360788,0.032562446,-0.07271391,0.037372936,0.3499721,-0.14327739,1,Stable,True,Real Estate,-0.012237493955571043
2024-12-19,AVY,180.3070068359375,True,2025-06-17,2024-12-20,2025-06-17,-0.07472305843903038,-0.06597724033464937,170.10166931152344,-0.056003034,0.76298285,-0.11344815,-0.119732894,-0.19667828,33.75955,0.09161171,-0.025398992,-0.06372986,0.1352868,0.014876917,0.068306565,0.21072811,0.11374474,1,Stable,True,Materials,-0.035663470307075035
2024-12-19,AWK,118.4048080444336,True,2025-06-17,2024-12-20,2025-06-17,0.12409136022849289,0.1328371783328739,136.3972625732422,-0.045003705,0.08698469,-0.10541975,-0.019968648,-0.08931911,36.714745,0.03391508,-0.11591177,0.025035057,0.07198184,-0.08171828,0.16408125,0.09236319,0.23790587,1,Stable,True,Utilities,-0.016488600020659844
2024-12-19,AZO,3215.2900390625,True,2025-06-17,2024-12-20,2025-06-17,0.09919429961698512,0.10794011772136612,3604.64990234375,0.21362838,0.369112,0.032601476,0.13502589,0.057507068,51.091675,0.02014077,-0.100828044,-0.07860249,0.05277191,-0.04887426,0.07124506,-0.13345237,0.19814771,1,Stable,True,Consumer Discretionary,-0.011385179586144123
2024-12-19,BA,177.0399932861328,True,2025-06-17,2024-12-20,2025-06-17,0.12043370044578018,0.1291795185501612,200.25999450683594,-0.328147,0.86944205,0.084913015,-0.05174078,-0.12227577,57.7293,0.04888518,0.2147942,0.27640623,0.074656755,0.2483313,0.48279244,0.4108478,0.06501941,1,Stable,True,Industrials,-0.02952360808144055
2024-12-19,BAC,41.9417724609375,True,2025-06-17,2024-12-20,2025-06-17,0.0048699779304960545,0.013615796034877059,43.287052154541016,0.3274816,0.8812085,0.042314447,0.09736827,0.02376644,58.87271,-0.16431692,0.014002688,-0.23011333,-0.12650914,0.056834627,-0.05216464,0.17531109,-0.10924067,1,Stable,True,Financials,-0.009341615261367122
2024-12-19,BALL,54.15298080444336,True,2025-06-17,2024-12-20,2025-06-17,-0.010022243710132812,-0.0012764256057518075,54.51371383666992,-0.023301503,0.69601256,-0.114814766,-0.06442796,-0.13574553,35.94007,0.08316201,-0.09952366,-0.041126452,0.12831289,-0.068316564,0.09518428,0.09288072,0.29941732,1,Stable,True,Materials,-0.01833217805152339
2024-12-19,BAX,28.357803344726562,True,2025-06-17,2024-12-20,2025-06-17,0.016102750327229652,0.02484856843161066,29.66582679748535,-0.23147283,0.4110269,-0.18167359,-0.11461921,-0.19088584,33.93613,0.1325827,-0.12773223,0.116853625,0.19474596,-0.111643076,0.27974606,0.83049494,0.06735449,1,Stable,True,Health Care,-0.028227911784045663
2024-12-19,BBY,78.59451293945312,True,2025-06-17,2024-12-20,2025-06-17,-0.1873288443070726,-0.17858302620269162,64.82408905029297,0.14783946,0.4551195,-0.049781095,0.056494415,-0.014192124,38.625782,0.11228865,-0.17634287,-0.09134504,0.15355699,-0.13846235,0.05527896,-0.31687537,0.37712866,1,Stable,True,Consumer Discretionary,-0.007403297432905874
2024-12-19,BDX,169.9495391845703,True,2025-06-17,2024-12-20,2025-06-17,-0.25442729307183076,-0.24568147496744977,130.401123046875,-0.05399408,0.26524428,-0.033477347,-0.015069304,-0.08433239,42.40259,0.055077266,-0.028752679,0.038924776,0.089487925,0.014527932,0.1785266,0.2234163,0.52378505,1,Stable,True,Health Care,-0.013629194297969553
2024-12-19,BEN,18.10614013671875,True,2025-06-17,2024-12-20,2025-06-17,0.11789021616907393,0.12663603427345493,20.930200576782227,-0.2929932,0.7680711,-0.056991793,-0.08394575,-0.15682809,50.84307,-0.060785666,0.06755953,0.20904744,-0.03030599,0.115312845,0.3972394,0.1654878,-0.09371437,1,Stable,True,Financials,-0.02200709608706238
2024-12-19,BF-B,39.422882080078125,True,2025-06-17,2024-12-20,2025-06-17,-0.3743888043445044,-0.36564298624012337,24.959808349609375,-0.28686604,0.16302472,-0.07083142,-0.008129721,-0.07731134,39.26377,0.12781145,-0.088219576,0.27873632,0.16577408,-0.048994333,0.4681272,-0.10879644,0.30429384,1,Stable,True,Consumer Staples,-0.007082292241864595
2024-12-19,BG,73.94451904296875,True,2025-06-17,2024-12-20,2025-06-17,0.09458922241008652,0.10333504051446753,82.82109832763672,-0.23834537,0.3492982,-0.18076064,-0.26326558,-0.3746762,34.636185,0.055794053,0.092121646,-0.02492021,0.09863005,0.16197415,0.10493839,0.05976445,0.0032600048,1,Stable,True,Consumer Staples,-0.02984490967008037
2024-12-19,BIIB,147.38999938964844,True,2025-06-17,2024-12-20,2025-06-17,-0.144678114794327,-0.135932296689946,126.55999755859375,-0.41439867,0.5062244,-0.22775958,-0.36406785,-0.5218118,30.06703,0.16525517,0.14362037,0.050330818,0.22574568,0.24778327,0.22065681,0.12428454,0.18917361,1,Stable,True,Health Care,-0.020144545274004597
2024-12-19,BKNG,196.80184936523438,True,2025-06-17,2024-12-20,2025-06-17,0.04522743929720175,0.05397325740158276,210.26388549804688,0.42934406,0.9549582,0.16592476,0.28709838,0.18324196,65.54508,-0.200224,-0.092411324,-0.14224568,-0.14995226,-0.030350983,0.033378854,0.24761756,-0.03180706,1,Stable,True,Consumer Discretionary,-0.01247980133785344
2024-12-19,BKR,38.549346923828125,True,2025-06-17,2024-12-20,2025-06-17,-0.015599437783385002,-0.006853619679003997,38.78534698486328,0.19837764,0.93495554,0.06413218,0.1524639,0.07275378,55.917736,-0.21196468,-0.042282075,-0.04591374,-0.1783829,0.0067767426,0.099137634,-0.023997528,-0.049913988,1,Stable,True,Energy,-0.006727813541665428
2024-12-19,BLK,984.851318359375,True,2025-06-17,2024-12-20,2025-06-17,-0.0564362533090995,-0.047690435204718495,949.289306640625,0.29850912,0.7140091,0.093246214,0.31336597,0.20344488,58.930256,-0.09349541,-0.22309819,0.014856845,-0.056171846,-0.14201483,0.14958064,0.026523575,0.35780385,1,Stable,True,Financials,-0.006561409476905303
2024-12-19,BMY,51.88094711303711,True,2025-06-17,2024-12-20,2025-06-17,-0.16679732371561493,-0.15805150561123393,44.480220794677734,0.13503587,0.01108943,0.10750688,0.3994157,0.2669064,54.826874,-0.16704193,-0.2596715,0.26437983,-0.12499677,-0.16109586,0.34759468,0.17681105,-0.20132318,1,Stable,True,Health Care,-0.0008874434368663142
2024-12-19,BR,218.00424194335938,True,2025-06-17,2024-12-20,2025-06-17,0.05569738638544876,0.06444320448982976,233.94740295410156,0.15614411,0.5881063,0.0424526,0.14957628,0.07024503,55.62122,-0.08154753,-0.06967298,-0.006567836,-0.04503274,-0.018366817,0.13250713,-0.056504417,-0.035456493,1,Stable,True,Industrials,-0.007336195892067715
2024-12-19,BRK-B,449.3399963378906,True,2025-06-17,2024-12-20,2025-06-17,0.05806794615797374,0.06681376426235475,483.4800109863281,0.24195692,0.54937625,-0.0062153093,0.10896121,0.034275338,47.818798,-0.03489548,-0.11563729,-0.13299571,-0.0022775717,-0.06596708,0.024939572,0.16600776,0.05397522,1,Stable,True,Financials,-0.012161232749548055
2024-12-19,BRO,100.88019561767578,True,2025-06-17,2024-12-20,2025-06-17,0.04458604098550624,0.053331859089887246,106.91471862792969,0.450877,0.4669717,-0.007915243,0.15112792,0.071593866,47.86731,-0.057913136,-0.15990588,-0.29974908,-0.026717994,-0.10540386,-0.09322181,0.41990674,-0.046329103,1,Stable,True,Financials,-0.009311837206365258
2024-12-19,BSX,88.66000366210938,True,2025-06-17,2024-12-20,2025-06-17,0.13493048147017409,0.14367629957455508,101.7300033569336,0.58831966,0.55048865,0.066943765,0.16031933,0.079546854,55.928654,-0.07854254,-0.09852287,-0.42800033,-0.043365784,-0.044577904,-0.17577727,0.25614455,-0.19470677,1,Stable,True,Health Care,-0.005750675764780657
2024-12-19,BXP,67.29692077636719,True,2025-06-17,2024-12-20,2025-06-17,-0.020418601913291354,-0.011672783808910348,67.69957733154297,0.08867486,1.0249741,-0.036557954,0.22311176,0.13224985,44.650368,0.0029979572,-0.30441546,0.1344369,0.0367423,-0.24204284,0.25464115,0.5662613,-0.010427032,1,Stable,True,Real Estate,-0.00643392521854493
2024-12-19,CAG,23.720111846923828,True,2025-06-17,2024-12-20,2025-06-17,-0.19119262606514162,-0.18244680796076063,19.609455108642578,-0.044416506,0.04540005,-0.08614118,-0.030051535,-0.09966073,32.786674,0.14828824,-0.12966734,0.014364971,0.19600664,-0.099351324,0.15312493,0.6053056,0.090838045,1,Stable,True,Unknown,-0.04233205668027502
2024-12-19,CAH,114.52742004394531,True,2025-06-17,2024-12-20,2025-06-17,0.39664063079465167,0.4053864488990327,162.71615600585938,0.17914335,0.31547067,0.06321095,0.20231317,0.115098946,54.594288,-0.10786982,-0.122198,0.023169816,-0.07173042,-0.063024566,0.15766327,0.33288515,-0.0024916604,1,Stable,True,Health Care,-0.005750675764780657
2024-12-19,CB,269.7451171875,True,2025-06-17,2024-12-20,2025-06-17,0.03684583702233292,0.045591655126713926,282.08453369140625,0.24792105,0.31065404,-0.018074423,0.07892897,0.006820463,43.64025,0.024997799,-0.13494894,-0.16899207,0.05962106,-0.089464016,-0.007306022,0.42914596,0.07717633,1,Stable,True,Financials,-0.010619748525712484
2024-12-19,CBOE,191.80075073242188,True,2025-06-17,2024-12-20,2025-06-17,0.1745087027250364,0.1832545208294174,224.38446044921875,0.10811004,-0.66956013,-0.03618298,0.13398786,0.056592107,43.589325,-0.024784975,-0.17701048,0.025877818,0.0072438195,-0.12556091,0.16128874,0.114910625,0.035871685,1,Stable,True,Financials,-0.010387905934475233
2024-12-19,CBRE,125.6500015258789,True,2025-06-17,2024-12-20,2025-06-17,0.015255349105526632,0.024001167209907637,132.25999450683594,0.38977987,0.671121,0.050302085,0.46155635,0.31035346,50.92882,-0.07340478,-0.43466848,0.07177648,-0.04068199,-0.308814,0.18856063,0.21478696,0.2148189,1,Stable,True,Real Estate,-0.006932216049457221
2024-12-19,CCI,84.23622131347656,True,2025-06-17,2024-12-20,2025-06-17,0.11129061609380378,0.12003643419818479,94.27484893798828,-0.15540807,-0.13184828,-0.14535733,-0.02668688,-0.096197836,29.649546,0.09366461,-0.18367071,0.12872119,0.14557697,-0.16497052,0.28005636,1.2402667,0.4237972,1,Stable,True,Real Estate,-0.044906647389443353
2024-12-19,CDW,168.04534912109375,True,2025-06-17,2024-12-20,2025-06-17,-0.023472122377263913,-0.014726304272882906,166.76502990722656,-0.21743461,0.94080526,-0.17138271,-0.2045356,-0.2979776,35.824116,0.20222734,-0.0096396655,0.012899011,0.26248595,0.031962812,0.15455273,-0.086073935,0.28689858,1,Stable,True,Information Technology,-0.02246406899576376
2024-12-19,CF,80.66592407226562,True,2025-06-17,2024-12-20,2025-06-17,0.21173091340411204,0.22047673150849303,99.81336975097656,0.097835496,0.3845827,0.03058064,0.15615003,0.07594715,47.6859,-0.073360376,-0.15052423,0.058314532,-0.042263407,-0.09533041,0.18995917,0.06549813,-0.02613257,1,Stable,True,Materials,-0.01033721196639406
2024-12-19,CHD,103.54906463623047,True,2025-06-17,2024-12-20,2025-06-17,-0.09705067862122117,-0.08830486051684017,94.62814331054688,0.15426654,-0.06608192,0.021316484,0.014877572,-0.054380406,51.679005,-0.07986431,0.016105436,-0.13938896,-0.047144793,0.05989984,0.009507019,0.29811203,0.016670892,1,Stable,True,Consumer Staples,-0.012648580932452
2024-12-19,CHRW,102.04559326171875,True,2025-06-17,2024-12-20,2025-06-17,-0.10017253611110509,-0.09142671800672408,92.13311004638672,0.26839185,0.2357765,0.03313458,0.22407024,0.13303317,46.889587,-0.009057304,-0.2463183,-0.04432161,0.024177773,-0.18052574,0.102635875,0.096033655,-0.036341947,1,Stable,True,Industrials,-0.01094301548296867
2024-12-19,CI,266.24713134765625,True,2025-06-17,2024-12-20,2025-06-17,0.13078214311992467,0.13952796122430566,305.7366943359375,-0.0509786,0.08467669,-0.17449641,-0.15096489,-0.23280312,36.876137,0.062299743,-0.058019906,-0.099986285,0.109295845,-0.026628241,0.026873335,0.5601741,0.5729763,1,Stable,True,Health Care,-0.009028073951440792
2024-12-19,CINF,137.4554443359375,True,2025-06-17,2024-12-20,2025-06-17,0.002135538468287195,0.0108813565726682,141.23721313476562,0.4258475,0.66280216,0.043177105,0.20723085,0.1191808,53.015186,-0.11442071,-0.14939754,-0.21861665,-0.08098997,-0.08795132,-0.028233051,0.24159697,-0.028814584,1,Stable,True,Financials,-0.0063590581151829455
2024-12-19,CL,89.10633850097656,True,2025-06-17,2024-12-20,2025-06-17,-0.03481312282998282,-0.026067304725601814,85.95234680175781,0.21552825,-0.074868046,-0.058887467,-0.017575119,-0.08687979,40.818714,0.08936668,-0.08233352,-0.23310336,0.12814543,-0.043372512,-0.07470602,0.5193166,0.046721246,1,Stable,True,Consumer Staples,-0.01508069729393464
2024-12-19,CLX,152.72714233398438,True,2025-06-17,2024-12-20,2025-06-17,-0.2540196156498611,-0.2452737975454801,115.48487854003906,0.190229,-0.10515576,0.06170043,0.24265984,0.14810571,50.064068,-0.038223155,-0.22776297,0.05243084,-0.0049053123,-0.15831201,0.18131252,0.2688965,-0.09187773,1,Stable,True,Consumer Staples,-0.005750675764780657
2024-12-19,CMCSA,32.55683135986328,True,2025-06-17,2024-12-20,2025-06-17,-0.08943431216207753,-0.08068849405769653,30.58609390258789,-0.13816369,0.62948483,-0.076557346,-0.0047495677,-0.073909275,42.987698,-0.058340587,-0.066940196,0.13341412,-0.031423315,-0.025473304,0.28213316,0.16169202,0.050970204,1,Stable,True,Communication Services,-0.012256902938058674
2024-12-19,CME,220.3213348388672,True,2025-06-17,2024-12-20,2025-06-17,0.16108761238750818,0.16983343049188918,259.6003112792969,0.16416623,-0.088748485,0.09520846,0.22358453,0.1326363,56.219707,-0.05028486,-0.1296014,0.059418306,-0.01357051,-0.0678043,0.18798368,0.10159974,0.28628466,1,Stable,True,Financials,-0.005750675764780657
2024-12-19,CMG,61.7400016784668,True,2025-06-17,2024-12-20,2025-06-17,-0.1782948409727732,-0.1695490228683922,51.380001068115234,0.3265837,0.92593825,0.07225509,-0.0011324979,-0.070281535,54.883522,-0.008980587,0.058686465,-0.3277162,0.024956232,0.10124691,-0.145536,-0.0483858,-0.35506994,1,Stable,True,Consumer Discretionary,-0.012841454783292516
2024-12-19,CMI,339.3578796386719,True,2025-06-17,2024-12-20,2025-06-17,-0.10346750876143729,-0.09472169065705628,308.6892395019531,0.463701,0.86734957,0.090201125,0.29838753,0.19197474,56.566586,-0.13324268,-0.19150856,-0.16531348,-0.09477744,-0.11542373,0.01835911,0.051321242,-0.0671521,1,Stable,True,Industrials,-0.0068258530493672176
2024-12-19,CMS,62.34111022949219,True,2025-06-17,2024-12-20,2025-06-17,0.04495083151542335,0.05369664961980436,66.53768920898438,0.1707853,-0.08818904,-0.015886996,0.13570195,0.058102533,41.961826,0.010828398,-0.18681026,-0.03508334,0.044831347,-0.13555643,0.107780345,-0.09859426,0.1285874,1,Stable,True,Utilities,-0.005760685982315775
2024-12-19,CNC,59.709999084472656,True,2025-06-17,2024-12-20,2025-06-17,-0.08712785637428333,-0.07838203826990232,54.90999984741211,-0.1988461,0.20070423,-0.12554249,-0.08616464,-0.15925325,38.87064,0.20473601,-0.10824987,0.11268146,0.25993887,-0.08192597,0.2698015,2.1207173,0.18011312,1,Stable,True,Health Care,-0.018602721034267383
2024-12-19,CNP,30.49248504638672,True,2025-06-17,2024-12-20,2025-06-17,0.10279725662100991,0.11154307472539092,34.72610855102539,0.12804824,0.21803546,0.09507111,0.054754827,-0.015840046,56.52768,-0.10438949,0.062389914,-0.07329342,-0.06461716,0.10162285,0.07102357,0.9495311,-0.26196867,1,Stable,True,Utilities,-0.011514429648695422
2024-12-19,COO,91.93000030517578,True,2025-06-17,2024-12-20,2025-06-17,-0.27287252679803664,-0.2641267086936556,68.76000213623047,0.0063492265,0.2684155,-0.08189507,0.0641278,-0.0069928933,34.80673,0.0798516,-0.21614332,0.057778575,0.123477094,-0.18289335,0.19403048,-0.036048934,0.40062335,1,Stable,True,Health Care,-0.012992161381592307
2024-12-19,COP,90.01331329345703,True,2025-06-17,2024-12-20,2025-06-17,0.012010299234331513,0.020756117338712517,91.82373046875,-0.16005132,0.23799664,-0.1173517,-0.15583752,-0.23855868,40.4016,-0.067400396,0.062345788,0.004213795,-0.043776534,0.11541026,0.14320832,0.24873337,0.279742,1,Stable,True,Energy,-0.01572438704558611
2024-12-19,COR,223.20565795898438,True,2025-06-17,2024-12-20,2025-06-17,0.2843597713163505,0.2931055894207315,290.4398498535156,0.13076922,0.17435174,-0.031540275,0.016738223,-0.05254871,51.13204,-0.08461794,-0.0017337454,-0.114031,-0.053563837,0.042448446,0.031905692,0.5067288,-0.123079516,1,Stable,True,Health Care,-0.0179416403496488
2024-12-19,COST,945.6697387695312,True,2025-06-17,2024-12-20,2025-06-17,0.018511692678457994,0.027257510782839,970.7036743164062,0.44925117,0.8100888,0.0671446,0.13215528,0.054974753,58.94019,-0.023661667,-0.07970308,-0.31709588,0.010745345,-0.028845167,-0.10871972,0.29518104,0.08971694,1,Stable,True,Consumer Staples,-0.0087252493354424
2024-12-19,CPAY,339.0899963378906,True,2025-06-17,2024-12-20,2025-06-17,-0.056647402794236065,-0.04790158468985506,327.3599853515625,0.21712129,0.91881245,0.053344946,0.27352956,0.17264384,55.3881,-0.19444624,-0.16073751,0.05640827,-0.15856916,-0.0907649,0.1835079,0.1735196,-0.07686236,1,Stable,True,Financials,-0.005290810166920838
2024-12-19,CPB,37.8814697265625,True,2025-06-17,2024-12-20,2025-06-17,-0.22705212603955063,-0.21830630793516964,29.554733276367188,-0.016542904,-0.11422692,-0.11613073,-0.06677093,-0.13825299,36.97206,0.102382794,-0.08651332,-0.05022803,0.14763193,-0.053130537,0.0857808,-0.03597516,0.27847114,1,Stable,True,Unknown,-0.01833217805152339
2024-12-19,CPRT,58.45000076293945,True,2025-06-17,2024-12-20,2025-06-17,-0.1842868865760333,-0.1755410684716523,48.0,0.20366555,0.7889549,0.07807184,0.09559517,0.022149358,57.66367,-0.06828527,0.027363554,-0.10807038,-0.029251385,0.06882428,0.04413036,-0.20990172,0.03883895,1,Stable,True,Industrials,-0.009126809056330652
2024-12-19,CPT,106.19812774658203,True,2025-06-17,2024-12-20,2025-06-17,0.008603982785704416,0.01734980089008542,110.33551025390625,0.18607159,0.30059,-0.04454904,0.048253737,-0.02202272,43.082615,0.034237288,-0.14100257,-0.13781786,0.07052709,-0.100306496,0.014683142,0.067296416,-0.26524195,1,Stable,True,Real Estate,-0.01296235292906453
2024-12-19,CSCO,55.37384796142578,True,2025-06-17,2024-12-20,2025-06-17,0.12273609354666938,0.1314819116510504,63.622100830078125,0.18584852,0.7571295,0.10111251,0.23249009,0.1398882,61.834473,-0.1006913,-0.12953788,0.046641573,-0.062247723,-0.066891074,0.17678215,0.150893,0.04573084,1,Stable,True,Information Technology,-0.005486232192318742
2024-12-19,CSGP,69.83999633789062,True,2025-06-17,2024-12-20,2025-06-17,0.10953521016367808,0.11828102826805909,79.88999938964844,-0.20654398,0.7275844,-0.07975101,-0.054683283,-0.12538365,46.51297,-0.031931262,0.0023087822,0.1518607,-0.00079253316,0.046594456,0.31332603,0.6080837,-0.06334304,1,Stable,True,Real Estate,-0.0215243614034575
2024-12-19,CSX,30.885343551635742,True,2025-06-17,2024-12-20,2025-06-17,0.008050804862654097,0.016796622967035102,31.672609329223633,-0.07424664,0.7945667,-0.07353772,-0.053398065,-0.12402501,44.43001,-0.028709408,-0.0013770945,0.020848572,0.0026404187,0.04269927,0.16047493,-0.01345977,0.0007216923,1,Stable,True,Industrials,-0.017987794156876062
2024-12-19,CTAS,179.93234252929688,True,2025-06-17,2024-12-20,2025-06-17,0.17957271436502203,0.18831853246940303,218.67137145996094,0.31549236,0.7377648,-0.09691688,0.05745087,-0.013287221,42.184265,-0.048125044,-0.17371437,-0.2580415,-0.022510871,-0.13530241,-0.08014572,2.3294544,0.38607535,1,Stable,True,Industrials,-0.008256578432480647
2024-12-19,CTRA,22.7046138197,True,2025-06-17,2024-12-20,2025-06-17,0.13777158396381442,0.1465174020681954,26.0422324159,-0.0473369,0.7197571,-0.0353813,-0.09296727,-0.16672514,49.21648,-0.14336804,0.1185567,-0.045630373,-0.1170954,0.16699935,0.08912133,0.21727785,-0.0034059226,1,Stable,True,Unknown,-0.021954579076744436
2024-12-19,CTSH,76.83354949951172,True,2025-06-17,2024-12-20,2025-06-17,0.0046199739041977855,0.01336579200857879,77.6058349609375,0.07081431,0.82098234,0.046012294,0.18272428,0.0986721,53.97167,-0.031801157,-0.1261713,0.11190997,0.0029230956,-0.06865369,0.23760521,0.2538499,-0.2112999,1,Stable,True,Information Technology,-0.005798862974708082
2024-12-19,CTVA,55.33723449707031,True,2025-06-17,2024-12-20,2025-06-17,0.2889221866744048,0.2976680047787858,73.4971923828125,0.18702772,0.6289958,-0.009360614,0.06428088,-0.0068490524,47.885815,-0.02699871,-0.078912385,-0.12274684,0.0057023615,-0.032883838,0.029051,0.09118352,0.224384,1,Stable,True,Materials,-0.013275918368233174
2024-12-19,CVS,41.025665283203125,True,2025-06-17,2024-12-20,2025-06-17,0.5386639494936548,0.5474097675980358,64.32455444335938,-0.40189674,0.41999203,-0.23819315,-0.23013546,-0.3306891,37.66586,0.015458614,-0.014955506,0.17176129,0.053754926,0.024537802,0.3906553,0.9198222,0.2817959,1,Stable,True,Health Care,-0.01787312570302789
2024-12-19,CVX,131.23204040527344,True,2025-06-17,2024-12-20,2025-06-17,0.05764659936408123,0.06639241746846224,141.63034057617188,-0.029076159,0.46251845,-0.056799572,-0.07880332,-0.15123011,45.387474,-0.11549882,0.06921694,-0.049727164,-0.0905118,0.116604194,0.08562966,0.96960175,0.19854505,1,Stable,True,Energy,-0.013006929271335612
2024-12-19,D,49.54899215698242,True,2025-06-17,2024-12-20,2025-06-17,0.01756610198929666,0.026311920093677665,51.495697021484375,0.15997398,-0.10146542,-0.0409949,0.12966435,0.052772153,43.55494,-0.009397842,-0.19311029,-0.030309632,0.02339916,-0.14331347,0.1117271,-0.11233988,0.20602983,1,Stable,True,Utilities,-0.010387905934475233
2024-12-19,DD,93.67596435546875,True,2025-06-17,2024-12-20,2025-06-17,-0.1303579703052642,-0.12161215220088319,82.7442398071289,0.056968886,0.8218924,-0.06143686,-0.021661181,-0.09104762,37.76191,0.04488748,-0.080041766,-0.07863007,0.08224548,-0.04120014,0.060899638,0.18307343,0.03991807,1,Stable,True,Materials,-0.014917109451114715
2024-12-19,DE,416.963134765625,True,2025-06-17,2024-12-20,2025-06-17,0.20968213631646576,0.21842795442084675,515.0177612304688,0.099123046,0.6147478,0.07472302,0.18600428,0.10144152,51.755867,0.0014002137,-0.13389295,0.086881235,0.034814317,-0.07563588,0.21428141,0.16060725,0.12771747,1,Stable,True,Industrials,-0.005750675764780657
2024-12-19,DG,71.03309631347656,True,2025-06-17,2024-12-20,2025-06-17,0.49577467324890356,0.5045204913532846,110.50106811523438,-0.4204379,-0.09931085,-0.21850897,-0.42755598,-0.6269887,41.979782,0.12535273,0.31066537,-0.007118076,0.16621706,0.4776892,0.12584627,-0.08207782,0.019650407,1,Stable,True,Consumer Staples,-0.00181707967078146
2024-12-19,DGX,146.79270935058594,True,2025-06-17,2024-12-20,2025-06-17,0.17156874106958955,0.18031455917397055,175.06829833984375,0.13432421,0.2628757,-0.004101429,0.11669852,0.04122819,48.959286,-0.059310675,-0.11813675,-0.01762569,-0.027748825,-0.06766074,0.122543655,0.3410245,-0.0020886185,1,Stable,True,Health Care,-0.012161232749548055
2024-12-19,DHI,134.4331512451172,True,2025-06-17,2024-12-20,2025-06-17,-0.1444974146434603,-0.1357515965390793,118.19001770019531,-0.07899552,0.4648375,-0.20739673,0.005680532,-0.06348393,31.225708,0.10635109,-0.2706878,0.08467605,0.16862413,-0.26940402,0.22615898,0.905811,0.11214064,1,Stable,True,Consumer Discretionary,-0.017141926360984813
2024-12-19,DHR,223.54449462890625,True,2025-06-17,2024-12-20,2025-06-17,-0.14995036658461744,-0.14120454848023645,194.00779724121094,-0.008883925,0.5070201,-0.11872025,-0.07414541,-0.14618647,32.539677,0.12514484,-0.08077207,-0.06526148,0.1715805,-0.047127813,0.07008968,0.404347,0.2076818,1,Stable,True,Health Care,-0.03747701265717524
2024-12-19,DIS,109.31420135498047,True,2025-06-17,2024-12-20,2025-06-17,0.04570386013963591,0.05444967824401692,115.94940948486328,0.19641826,0.5276477,0.14419998,0.14626238,0.06735815,65.50758,-0.21202505,0.04478848,-0.050155878,-0.16254893,0.08248456,0.09537838,0.10077845,-0.14710692,1,Stable,True,Communication Services,-0.011331414514725106
2024-12-19,DLR,169.23455810546875,True,2025-06-17,2024-12-20,2025-06-17,-0.0075713177602710745,0.00117450034410993,171.1199188232422,0.35537496,0.73099834,0.08329382,0.17881759,0.095363505,57.783386,-0.13521983,-0.08630512,-0.17655738,-0.09864187,-0.031876735,-0.0013621002,0.5245298,0.14611074,1,Stable,True,Real Estate,-0.005486232192318742
2024-12-19,DLTR,69.05999755859375,True,2025-06-17,2024-12-20,2025-06-17,0.33962263791708763,0.34836845602146865,98.3499984741211,-0.48308387,0.36869,-0.13671586,-0.35608393,-0.5093353,48.835636,0.11418723,0.33496407,0.12699994,0.14381826,0.46299592,0.35789192,-0.19357222,-0.096038274,1,Stable,True,Consumer Staples,0.009978116891689225
2024-12-19,DOC,17.687253952026367,True,2025-06-17,2024-12-20,2025-06-17,-0.13533880669872564,-0.12659298859434465,15.729612350463867,0.059461817,0.5332235,-0.07848742,0.043471575,-0.026595188,41.55644,0.043412276,-0.16481216,-0.015990242,0.081709966,-0.12775603,0.122996286,0.5064397,-0.097573474,1,Stable,True,Real Estate,-0.006163810749320235
2024-12-19,DOV,185.95944213867188,True,2025-06-17,2024-12-20,2025-06-17,-0.07330905671410025,-0.06456323860971924,174.25714111328125,0.24641612,0.9455256,0.0028943468,0.0732067,0.0015026886,49.480167,-0.03975364,-0.07745264,-0.17320943,-0.007257607,-0.030750949,-0.011417111,0.41387117,-0.2555619,1,Stable,True,Industrials,-0.012237493955571043
2024-12-19,DOW,35.5926513671875,True,2025-06-17,2024-12-20,2025-06-17,-0.23925529317842742,-0.23050947507404643,27.976600646972656,-0.2487958,0.604528,-0.20726018,-0.235304,-0.3374253,25.492126,0.15247355,-0.012938008,0.013491809,0.21815535,0.027091175,0.156005,0.17695396,0.5688068,1,Stable,True,Materials,-0.04484984227050996
2024-12-19,DPZ,416.2360534667969,True,2025-06-17,2024-12-20,2025-06-17,0.07632136817621062,0.08506718628059162,450.1020812988281,0.06583509,0.72433263,-0.013916003,-0.14784639,-0.22913687,49.74045,-0.029946081,0.15515667,-0.21368147,0.0033047264,0.21142727,-0.08554295,0.62927425,-0.24636963,1,Stable,True,Consumer Discretionary,-0.014817532925947815
2024-12-19,DRI,173.96987915039062,True,2025-06-17,2024-12-20,2025-06-17,0.20737760762676985,0.21612342573115084,216.3551788330078,0.1484435,0.7348095,0.16700925,0.26029554,0.16219784,58.118137,0.027325898,-0.15938462,0.111852035,0.058002472,-0.09105319,0.23114282,2.6703904,0.13810982,1,Stable,True,Consumer Discretionary,-0.016376045719192583
2024-12-19,DTE,112.46841430664062,True,2025-06-17,2024-12-20,2025-06-17,0.10727418187028527,0.11601999997466628,127.71681213378906,0.104778625,0.03768811,-0.021143764,0.101119846,0.027179314,41.49955,0.026107531,-0.15177195,-0.003658779,0.060613483,-0.10415255,0.13488686,-0.0050060973,0.16406572,1,Stable,True,Utilities,-0.005802320809807223
2024-12-19,DUK,100.70626068115234,True,2025-06-17,2024-12-20,2025-06-17,0.07091955330734002,0.07966537141172103,109.9475326538086,0.15124811,-0.03389416,-0.03982147,0.09822522,0.024547048,43.507477,0.011227306,-0.16800717,-0.05302289,0.045481622,-0.12187658,0.09105291,0.35866672,-0.005670132,1,Stable,True,Utilities,-0.011965096850232506
2024-12-19,DVA,147.5399932861328,True,2025-06-17,2024-12-20,2025-06-17,-0.10976663456863887,-0.10102081646425787,136.50999450683594,0.3862632,0.35373524,-0.03158374,0.06442531,-0.006713352,44.0292,0.0150952935,-0.16539422,-0.32183787,0.050135553,-0.124717586,-0.12597261,0.2335273,-0.08023311,1,Stable,True,Health Care,-0.014586532484315238
2024-12-19,DVN,29.329627990722656,True,2025-06-17,2024-12-20,2025-06-17,0.13536887717878482,0.1441146952831658,33.831329345703125,-0.30840257,0.6281875,-0.2532662,-0.34926504,-0.49880123,34.747993,0.030227646,0.12107426,-0.04086247,0.0719015,0.21479008,0.077302575,0.52185583,0.308485,1,Stable,True,Energy,0.060747792747564845
2024-12-19,EA,146.9081326577,True,2025-06-17,2024-12-20,2025-06-17,0.011162602492574074,0.01990842059695508,149.7416592153,0.073015735,0.66786975,-0.010387447,0.079600066,0.00744227,53.373676,-0.1583817,-0.0330756,0.0065843314,-0.13061307,0.013039084,0.14432167,0.15608357,0.07707809,1,Stable,True,Communication Services,-0.012709301383572446
2024-12-19,EBAY,62.603755950927734,True,2025-06-17,2024-12-20,2025-06-17,0.19202575942593197,0.20077157753031297,76.41883850097656,0.49282545,0.55488425,0.06329962,0.22469404,0.13354266,47.78184,0.054030295,-0.22282788,-0.2681314,0.08601005,-0.15667152,-0.059775427,0.25964576,-0.071950786,1,Stable,True,Consumer Discretionary,-0.007102776772190167
2024-12-19,ECL,231.8768310546875,True,2025-06-17,2024-12-20,2025-06-17,0.09351460857761164,0.10226042668199264,258.5837097167969,0.20826451,0.6432356,-0.043982495,0.005013866,-0.064147055,42.08725,0.050021768,-0.07828943,-0.20325065,0.086054936,-0.036945254,-0.045979574,0.35960388,0.16190577,1,Stable,True,Materials,-0.011848736249951227
2024-12-19,ED,84.02877807617188,True,2025-06-17,2024-12-20,2025-06-17,0.136752490994864,0.145498309099245,97.29226684570312,0.021044673,-0.18985064,-0.09524955,0.019911567,-0.04943247,34.78993,0.039127156,-0.14904693,-0.0011331066,0.077433355,-0.11382952,0.13709377,0.109774634,0.23057725,1,Stable,True,Utilities,-0.014742576813689528
2024-12-19,EFX,250.12603759765625,True,2025-06-17,2024-12-20,2025-06-17,-0.014657672782848335,-0.005911854678467331,253.3230743408203,0.035434127,0.77412134,-0.08043908,0.07594437,0.00405037,40.330307,0.15856357,-0.20629126,0.040510245,0.20097113,-0.16870454,0.17658211,0.30154297,0.09823434,1,Stable,True,Industrials,-0.002588875356878299
2024-12-19,EG,341.2059631347656,True,2025-06-17,2024-12-20,2025-06-17,-0.06424380599095968,-0.05549798788657867,328.9852294921875,-0.023447966,0.8179799,-0.07130455,-0.0676216,-0.13916494,41.51056,0.014554687,-0.015119761,-0.044173636,0.049227357,0.02780585,0.09191483,-0.081926905,0.15628645,1,Stable,True,Financials,-0.016848073061030654
2024-12-19,EIX,70.84068298339844,True,2025-06-17,2024-12-20,2025-06-17,-0.3738306890894016,-0.36508487098502057,45.8954963684082,0.16125426,0.11722699,-0.05214473,0.11670525,0.04123422,39.597134,-0.014886819,-0.1969184,-0.044549003,0.017166853,-0.14984082,0.09908606,0.33615765,0.007728252,1,Stable,True,Utilities,-0.005047052819845532
2024-12-19,ELV,355.87213134765625,True,2025-06-17,2024-12-20,2025-06-17,0.025313624193301756,0.03405944229768276,367.47076416015625,-0.2026178,0.45055902,-0.23583527,-0.3095394,-0.43954477,30.284857,0.21879417,0.016525358,-0.10692161,0.30311027,0.06780702,-0.0057710707,0.17748499,0.36506253,1,Stable,True,Health Care,-0.04452817152349858
2024-12-19,EMN,84.07799530029297,True,2025-06-17,2024-12-20,2025-06-17,-0.1731800311001371,-0.1644342129957561,71.60266876220703,0.04791218,0.8709925,-0.10639642,-0.03841499,-0.1083207,33.074505,0.07273898,-0.13864416,-0.086327165,0.118183024,-0.11154352,0.052232042,-0.027307559,0.2376269,1,Stable,True,Unknown,-0.044906647389443353
2024-12-19,EOG,111.48987579345703,True,2025-06-17,2024-12-20,2025-06-17,0.055397914876340285,0.06414373298072129,119.46418762207031,-0.0070482097,0.2808627,-0.064793244,-0.052470546,-0.123045646,45.06486,-0.08813386,0.008401573,-0.045422338,-0.06324342,0.052982844,0.09138005,0.16914248,0.05865155,1,Stable,True,Energy,-0.017987794156876062
2024-12-19,EPAM,246.8000030517578,True,2025-06-17,2024-12-20,2025-06-17,-0.3296996344212794,-0.3209538163168984,168.5800018310547,-0.16452265,0.7911958,0.1754746,0.32988468,0.21594384,62.551025,-0.20557638,-0.07185626,0.49440733,-0.14493868,-0.011391401,0.60304844,-0.17225792,0.25791574,1,Stable,True,Unknown,-0.014923042305692106
2024-12-19,EQIX,887.3753051757812,True,2025-06-17,2024-12-20,2025-06-17,-0.042233489020167866,-0.03348767091578686,862.9172973632812,0.16158631,0.63888896,0.06905221,0.22514215,0.13390848,54.474594,-0.037506245,-0.18477398,0.06355584,-0.003232481,-0.11932711,0.19147442,0.24844013,0.20695443,1,Stable,True,Real Estate,-0.005750675764780657
2024-12-19,EQT,41.7761116027832,True,2025-06-17,2024-12-20,2025-06-17,0.36877578528574034,0.37752160339012136,58.006263732910156,0.11782464,0.9530578,0.15033062,0.17337267,0.09073383,58.528637,-0.30173755,0.044780686,0.055548035,-0.25113678,0.08160894,0.18670186,-0.15706633,-0.017702738,1,Stable,True,Energy,-0.014092389540793343
2024-12-19,ERIE,395.6004333496094,True,2025-06-17,2024-12-20,2025-06-17,-0.15911091610743677,-0.15036509800305578,342.7825927734375,0.26032415,0.6790954,-0.09938642,0.1275333,0.050883934,33.06196,0.2140917,-0.36801675,-0.13279085,0.28181127,-0.35095042,0.026867514,-0.055585537,-0.061370935,1,Stable,True,Financials,-0.011262085071029862
2024-12-19,ES,52.16534423828125,True,2025-06-17,2024-12-20,2025-06-17,0.12837887572318865,0.13712469382756964,60.43270492553711,-0.048740957,-0.15464374,-0.109936945,0.011328049,-0.057884026,35.503788,0.06278256,-0.15556562,0.060069006,0.10428242,-0.12287174,0.19943736,0.4243563,-0.041420706,1,Stable,True,Utilities,-0.008501881611881973
2024-12-19,ESS,261.4006042480469,True,2025-06-17,2024-12-20,2025-06-17,0.00766624154298458,0.016412059647365584,270.2139587402344,0.1775795,0.5978307,-0.04491454,0.03126547,-0.038361732,46.20751,-0.017505914,-0.085551545,-0.14631404,0.014800079,-0.042446714,0.005529724,0.4587126,-0.120791726,1,Stable,True,Real Estate,-0.0179416403496488
2024-12-19,ETR,71.15850830078125,True,2025-06-17,2024-12-20,2025-06-17,0.08489614425097448,0.09364196235535549,78.49055480957031,0.5267696,-0.16189796,0.15387987,0.4341387,0.29141605,59.21684,-0.16908404,-0.27653357,-0.09263089,-0.124414295,-0.17005603,0.07561447,0.36120313,-0.0044628563,1,Stable,True,Utilities,0.00883965317169499
2024-12-19,EVRG,56.78225326538086,True,2025-06-17,2024-12-20,2025-06-17,0.10007293870603808,0.10881875681041908,63.897377014160156,0.2219027,0.055895023,0.020813681,0.17320208,0.09058844,49.008568,-0.04031651,-0.18268001,-0.048700616,-0.0080694705,-0.12510484,0.097531736,0.19799386,0.087078534,1,Stable,True,Utilities,-0.01014461179009727
2024-12-19,EXC,35.249298095703125,True,2025-06-17,2024-12-20,2025-06-17,0.15728162609801005,0.16602744420239104,40.91377258300781,0.09404867,-0.05051125,-0.018649984,0.0983941,0.024700817,41.35341,0.020883795,-0.15904033,0.004345432,0.055472896,-0.11225723,0.14216815,1.455585,0.0041895406,1,Stable,True,Utilities,-0.005802320809807223
2024-12-19,EXPD,110.81198120117188,True,2025-06-17,2024-12-20,2025-06-17,0.01917601824441708,0.027921836348798086,112.63301849365234,-0.097876,0.28239524,-0.06678394,-0.06163091,-0.13276032,35.181293,0.0610215,-0.045714725,0.03624509,0.09960873,-0.005788788,0.1775955,0.29737556,-0.085564174,1,Stable,True,Industrials,-0.01676068748197826
2024-12-19,EXR,133.03285217285156,True,2025-06-17,2024-12-20,2025-06-17,0.019854009779726525,0.02859982788410753,141.30747985839844,-0.03465254,0.36048335,-0.1384866,-0.044599015,-0.114772536,34.340096,0.07833077,-0.16228983,-0.009946477,0.12767018,-0.14201266,0.12784716,0.70917505,-0.02837497,1,Stable,True,Real Estate,-0.02637121336031316
2024-12-19,FANG,146.33486938476562,True,2025-06-17,2024-12-20,2025-06-17,-0.007841511911392691,0.0009043061929883133,148.26620483398438,0.01734575,0.56990457,-0.16975503,-0.23580602,-0.33808202,42.51227,-0.008553013,0.08785081,-0.25315177,0.023395404,0.15297253,-0.14792652,0.3894633,0.1308258,1,Stable,True,Energy,-0.017807976344296778
2024-12-19,FAST,35.658836364746094,True,2025-06-17,2024-12-20,2025-06-17,0.11434522510566082,0.12309104321004183,40.475486755371094,0.17017178,0.8118399,0.01963397,0.20528905,0.11757102,54.072235,-0.14758877,-0.15290923,0.03511727,-0.117621005,-0.09151022,0.16777298,0.55771714,-0.07693474,1,Stable,True,Industrials,-0.007538797041416146
2024-12-19,FDS,479.277587890625,True,2025-06-17,2024-12-20,2025-06-17,-0.12837469812305266,-0.11962888001867167,416.5917053222656,0.10177086,0.69455177,0.095877126,0.19660938,0.11034365,57.698242,-0.037575666,-0.124608524,0.094838515,-0.0021966249,-0.06581008,0.22077742,1.5582243,0.07453573,1,Stable,True,Financials,-0.005486232192318742
2024-12-19,FDX,215.4804229736328,True,2025-06-17,2024-12-20,2025-06-17,-0.19727813629773824,-0.18853231819335725,174.7603302001953,0.00551098,0.6684392,-0.026130462,-0.06722424,-0.13873884,52.56497,-0.088529415,0.118303195,-0.07273522,-0.054502614,0.16356276,0.06311783,1.6612349,0.058537923,1,Stable,True,Industrials,-0.018393692038729578
2024-12-19,FE,36.487159729003906,True,2025-06-17,2024-12-20,2025-06-17,0.010688429291714556,0.01943424739609556,37.794677734375,0.10692613,0.037589334,-0.060842685,0.043264847,-0.02679332,35.739895,0.034910567,-0.13976204,-0.06366128,0.071395665,-0.09967603,0.078972295,0.533261,-0.14096579,1,Stable,True,Utilities,-0.005179975610239627
2024-12-19,FFIV,250.41000366210938,True,2025-06-17,2024-12-20,2025-06-17,0.13531759651560163,0.14406341461998262,288.5899963378906,0.39940763,0.936528,0.166643,0.46284622,0.3112356,61.89589,-0.10537447,-0.3228052,0.063438594,-0.0635007,-0.20516464,0.1825391,-0.07305426,-0.081897095,1,Stable,True,Information Technology,0.009934094721420464
2024-12-19,FI,202.26,True,2025-06-17,2024-12-20,2025-06-17,-0.21554028546667178,-0.2067944673622908,163.44,0.50737816,0.6334691,0.1021012,0.3746092,0.2490211,59.11266,-0.21595094,-0.23060468,-0.13276896,-0.17571631,-0.13947955,0.046001807,0.0137633635,0.27406013,1,Stable,True,Financials,0.0025590769906432406
2024-12-19,FICO,2044.8900146484375,True,2025-06-17,2024-12-20,2025-06-17,-0.15893378833645344,-0.15018797023207245,1776.93994140625,0.77429265,0.990841,0.06539452,0.36643925,0.24305987,53.95664,-0.1853201,-0.2957321,-0.4078534,-0.15656537,-0.19973385,-0.122989416,0.39427286,0.059339747,1,Stable,True,Information Technology,-0.002536774697523742
2024-12-19,FIS,76.81410217285156,True,2025-06-17,2024-12-20,2025-06-17,-0.010807179767822512,-0.0020613616634415077,77.91836547851562,0.36232826,0.4863129,-0.025113463,0.08836272,0.015526085,46.117115,-0.040863376,-0.11060192,-0.27396554,-0.009206917,-0.06300959,-0.08631658,-0.20921294,0.11337831,1,Stable,True,Financials,-0.010654482734150442
2024-12-19,FITB,39.77528762817383,True,2025-06-17,2024-12-20,2025-06-17,-0.10464653262321909,-0.09590071451883808,36.530941009521484,0.2502293,0.8698402,-0.009175334,0.17527726,0.09235569,50.747383,-0.09997925,-0.16275215,-0.074952036,-0.07047992,-0.10490166,0.07638124,0.37904128,-0.019901002,1,Stable,True,Financials,-0.006633724824463253
2024-12-19,FMC,44.42782974243164,True,2025-06-17,2024-12-20,2025-06-17,-0.15216651148480806,-0.14342069338042707,39.876853942871094,-0.1851468,0.46305814,-0.20467639,-0.14707997,-0.22823788,34.168896,0.08192518,-0.09813188,0.03806682,0.13652875,-0.078073576,0.18386196,0.88588804,0.11011963,1,Stable,True,Unknown,-0.01957525538384253
2024-12-19,FOX,45.26060485839844,True,2025-06-17,2024-12-20,2025-06-17,0.06062237548411875,0.06936819358849976,49.11619567871094,0.6758508,0.31011465,0.19050309,0.45593423,0.3064994,65.17857,-0.13594049,-0.2600444,-0.21991658,-0.0871851,-0.15260215,-0.0024690926,-0.041573085,0.26641798,1,Stable,True,Communication Services,0.01427191240074131
2024-12-19,FOXA,48.14634323120117,True,2025-06-17,2024-12-20,2025-06-17,0.08838686995798098,0.09713268806236199,53.569190979003906,0.6563494,0.3080325,0.17783803,0.44090062,0.29611996,63.21981,-0.09470223,-0.27748936,-0.2154488,-0.05142068,-0.16975683,-0.0011435449,0.58904463,0.3059372,1,Stable,True,Communication Services,0.0102434824104717
2024-12-19,FRT,101.6125717163086,True,2025-06-17,2024-12-20,2025-06-17,-0.14001862167644605,-0.13127280357206506,90.18330383300781,0.093826614,0.40931818,-0.020829793,0.10145677,0.027485244,46.20528,0.00486511,-0.13813794,0.0076301545,0.038521994,-0.08984937,0.14515558,0.9417032,-0.10154143,1,Stable,True,Real Estate,-0.010654482734150442
2024-12-19,FTNT,94.8499984741211,True,2025-06-17,2024-12-20,2025-06-17,0.049799244855588516,0.05854506295996952,102.87999725341797,0.6421399,0.52712727,0.21993828,0.58479536,0.39130688,62.292446,-0.212129,-0.34670636,-0.057344556,-0.15445596,-0.2027311,0.102659196,0.085946046,-0.13954492,1,Stable,True,Information Technology,0.009235832427926033
2024-12-19,FTV,54.83194351196289,True,2025-06-17,2024-12-20,2025-06-17,-0.071895078592899,-0.06314926048851799,52.218017578125,0.010351029,1.1501695,-0.016608547,0.017663142,-0.05163943,43.90263,0.005336594,-0.05516,0.0073121125,0.03901352,-0.01157181,0.14541528,0.28582114,-0.005715303,1,Stable,True,Industrials,-0.012205561271157298
2024-12-19,GD,251.72157287597656,True,2025-06-17,2024-12-20,2025-06-17,0.06985752718103101,0.07860334528541202,275.0126647949219,0.045886017,0.66501796,-0.10733251,-0.08693291,-0.16009432,36.23485,0.06250767,-0.046169147,-0.13281894,0.10310835,-0.0077330023,0.002393812,0.27421674,0.36570764,1,Stable,True,Industrials,-0.01901697083893769
2024-12-19,GDDY,202.94000244140625,True,2025-06-17,2024-12-20,2025-06-17,-0.1419915699568519,-0.1332457518524709,178.0399932861328,0.8893957,0.9335118,0.22287269,0.43420497,0.29146227,70.724396,-0.21044813,-0.1563257,-0.45519075,-0.14646257,-0.07125369,-0.13744226,-0.09446759,0.16795306,1,Stable,True,Information Technology,0.0159143159930972
2024-12-19,GEHC,77.17573547363281,True,2025-06-17,2024-12-20,2025-06-17,-0.10637171970187075,-0.09762590159748974,70.97248840332031,0.024469601,0.725835,-0.08724247,0.016054349,-0.053221554,35.025726,0.079247914,-0.183288,-0.008415252,0.124386854,-0.15477389,0.12995596,0.06856949,0.041003317,1,Stable,True,Health Care,-0.0059251035344203284
2024-12-19,GEN,26.570690155029297,True,2025-06-17,2024-12-20,2025-06-17,0.07043906902838548,0.07918488713276649,29.071640014648438,0.20243344,0.6914914,0.013733602,0.113038756,0.037945498,51.02155,-0.09850359,-0.08213028,-0.08939468,-0.06694422,-0.03249836,0.060950655,0.37497604,0.10215938,1,Stable,True,Information Technology,-0.012161232749548055
2024-12-19,GILD,87.53699493408203,True,2025-06-17,2024-12-20,2025-06-17,0.1744693927146973,0.1832152108190783,105.2579574584961,0.19275892,0.21797253,0.1141857,0.35072985,0.23149668,57.300743,-0.08093474,-0.23340088,0.15797094,-0.04170905,-0.14554897,0.26258016,0.37302512,0.028836524,1,Stable,True,Health Care,-0.0036335667270284804
2024-12-19,GIS,58.3475227355957,True,2025-06-17,2024-12-20,2025-06-17,-0.15719228508074334,-0.14844646697636235,49.375545501708984,-0.0056885025,-0.17301425,-0.060360953,0.029559497,-0.040017355,34.2743,0.12819168,-0.1544596,0.035248,0.17018773,-0.11839315,0.17303991,0.38703936,0.22095773,1,Stable,True,Consumer Staples,-0.01574786432160604
2024-12-19,GL,104.3847885131836,True,2025-06-17,2024-12-20,2025-06-17,0.08743141962785131,0.09617723773223232,118.18397521972656,-0.13448186,0.67246455,0.04401384,0.28531843,0.1818581,51.844402,-0.0053851083,-0.30613762,0.41980028,0.027969554,-0.22789037,0.5336376,0.49407834,-0.008706327,1,Stable,True,Financials,-0.004371177914061121
2024-12-19,GLW,46.02572250366211,True,2025-06-17,2024-12-20,2025-06-17,0.07043955714144615,0.07918537524582715,49.93415069580078,0.5945534,1.0010828,0.06235497,0.2328106,0.14014821,54.598442,-0.0659353,-0.17299983,-0.3617428,-0.030749394,-0.10705112,-0.119092986,0.09164064,-0.26952147,1,Stable,True,Information Technology,-0.005750675764780657
2024-12-19,GPC,108.85362243652344,True,2025-06-17,2024-12-20,2025-06-17,0.03942161518462085,0.04816743328900186,115.2017593383789,-0.15089846,0.65216947,-0.12723455,-0.1304096,-0.20888136,39.160755,0.12267797,-0.035435125,0.020488858,0.1706939,0.0025523603,0.16204767,0.35703367,0.046061806,1,Stable,True,Consumer Discretionary,-0.017590488245917968
2024-12-19,GPN,108.5026626586914,True,2025-06-17,2024-12-20,2025-06-17,-0.3263317391233603,-0.31758592101897926,75.01465606689453,-0.13114193,0.93273,0.042985566,0.16088255,0.08003214,56.823353,-0.17668813,-0.019121632,0.2920245,-0.13463914,0.027546309,0.42796016,0.43635666,-0.13614689,1,Stable,True,Financials,-0.0063590581151829455
2024-12-19,GRMN,200.48216247558594,True,2025-06-17,2024-12-20,2025-06-17,-0.05471766338644512,-0.04597184528206411,194.58963012695312,0.6450832,0.7406617,0.12678249,0.2848246,0.18147384,62.098736,-0.18784933,-0.09432013,-0.36025858,-0.13824119,-0.03208998,-0.10896458,-0.10540247,-0.035311833,1,Stable,True,Consumer Discretionary,-0.009840582710668401
2024-12-19,GWW,1065.6890869140625,True,2025-06-17,2024-12-20,2025-06-17,-0.04821567973225836,-0.039469861627877356,1034.4254150390625,0.31314257,0.8304478,0.03471906,0.21145146,0.12267079,53.426258,-0.1318874,-0.16179064,-0.10169111,-0.10078748,-0.09919701,0.057600148,0.42522186,0.04789,1,Stable,True,Industrials,-0.007190697850392397
2024-12-19,HAL,24.800273895263672,True,2025-06-17,2024-12-20,2025-06-17,-0.10895486311698,-0.10020904501259899,22.488248825073242,-0.28528333,0.7812882,-0.15109949,-0.22054283,-0.31830594,41.237732,-0.06648708,0.11797448,0.064740494,-0.04348953,0.18509433,0.22491565,0.57589847,0.011125514,1,Stable,True,Energy,-0.01912109743894544
2024-12-19,HAS,53.132102966308594,True,2025-06-17,2024-12-20,2025-06-17,0.18853636731977833,0.19728218542415932,64.81864166259766,0.15270057,0.42446235,-0.12837192,0.004375383,-0.06478255,31.818066,0.11133417,-0.20204754,-0.14832519,0.16342776,-0.18044871,0.00046245754,0.15070722,0.17588294,1,Stable,True,Consumer Discretionary,-0.033573731157733024
2024-12-19,HCA,294.2767639160156,True,2025-06-17,2024-12-20,2025-06-17,0.2231132810715101,0.2318590991758911,369.93994140625,0.113917395,0.30469328,-0.17447561,-0.052265327,-0.122829095,29.448511,0.1593729,-0.21176,-0.16618273,0.22950059,-0.20872374,-0.02335956,0.31523255,0.10799573,1,Stable,True,Health Care,-0.03595883711731577
2024-12-19,HD,370.38153076171875,True,2025-06-17,2024-12-20,2025-06-17,-0.10916696128764947,-0.10042114318326846,339.7469787597656,0.12037504,0.6611005,0.0020013284,0.15826875,0.07777804,45.37736,-0.007483907,-0.18316609,0.037893713,0.025779745,-0.12798385,0.1714671,0.3836885,0.0010014455,1,Stable,True,Consumer Discretionary,-0.011048953404870348
2024-12-19,HES,126.7899140127,True,2025-06-17,2024-12-20,2025-06-17,0.12473039863320791,0.13347621673758892,144.31,-0.12025286,0.6357204,-0.08217546,-0.13160439,-0.2102563,42.30485,-0.10028518,0.10074305,-0.011351526,-0.07574886,0.15391542,0.12521698,0.92302394,0.07897243,1,Stable,True,Unknown,-0.016850617967672187
2024-12-19,HIG,104.33887481689453,True,2025-06-17,2024-12-20,2025-06-17,0.14765597629153204,0.15640179439591304,123.37374877929688,0.34473723,0.5962182,-0.04823496,0.08069282,0.00845394,42.87621,-0.012321264,-0.1588597,-0.2640444,0.020028166,-0.1148383,-0.08039215,-0.024914244,0.11098743,1,Stable,True,Financials,-0.011376540183619714
2024-12-19,HLT,244.8494110107422,True,2025-06-17,2024-12-20,2025-06-17,-0.017410943823952238,-0.008665125719571232,246.35264587402344,0.37106264,0.95597315,0.07103213,0.1486185,0.06941153,56.6568,-0.09894122,-0.06722741,-0.22244413,-0.06246988,-0.016156558,-0.038822033,0.081993334,-0.09224829,1,Stable,True,Consumer Discretionary,-0.006727813541665428
2024-12-19,HOLX,70.76,True,2025-06-17,2024-12-20,2025-06-17,-0.11356089137723523,-0.10481507327285422,64.14,-0.0054813772,0.06359494,-0.10977287,-0.045074224,-0.115270056,38.39962,0.020663917,-0.068875186,-0.039592847,0.056537926,-0.030704461,0.09757892,0.06670006,0.36273128,1,Stable,True,Unknown,-0.01833217805152339
2024-12-19,HON,216.5449676513672,True,2025-06-17,2024-12-20,2025-06-17,-0.027157250860226113,-0.01841143275584511,213.90711975097656,0.13257545,0.6857752,0.0723921,0.08672419,0.014019448,58.500088,-0.101679884,0.015882172,-0.04585126,-0.0632664,0.058664057,0.09687777,0.20523071,0.17403072,1,Stable,True,Industrials,-0.008862365483868736
2024-12-19,HRL,29.151918411254883,True,2025-06-17,2024-12-20,2025-06-17,-0.041380304551382176,-0.03263448644700117,28.28986167907715,0.031095933,-0.009011089,0.0069523733,0.056939974,-0.013770476,50.651833,0.02061284,-0.03254958,0.025844041,0.05340662,0.012874888,0.1629598,0.042282175,0.20907289,1,Stable,True,Consumer Staples,-0.013275918368233174
2024-12-19,HSIC,68.94999694824219,True,2025-06-17,2024-12-20,2025-06-17,-0.003876096409003311,0.004869721695377693,70.16000366210938,-0.06975183,0.3360948,-0.024121026,0.05897706,-0.01184499,47.320305,-0.052229125,-0.071579166,0.1287289,-0.020861734,-0.025830481,0.26781142,-0.13599655,-0.0399457,1,Stable,True,Health Care,-0.013275918368233174
2024-12-19,HST,15.589773178100586,True,2025-06-17,2024-12-20,2025-06-17,-0.12619966354805223,-0.11745384544367123,14.203529357910156,-0.031626426,1.0534234,0.0051224777,0.011154513,-0.05805563,50.427353,0.033106335,-0.032205753,0.04278094,0.06674333,0.011786368,0.18143424,0.08581636,-0.066249534,1,Stable,True,Real Estate,-0.013275918368233174
2024-12-19,HSY,160.01126098632812,True,2025-06-17,2024-12-20,2025-06-17,5.5771384012264294e-05,0.008801589488393269,162.6808319091797,-0.04744794,0.0586499,-0.09316609,-0.06001728,-0.13104218,42.44307,0.0792699,-0.048332997,-0.012569342,0.11865466,-0.008633018,0.124920875,-0.383919,0.8045404,1,Stable,True,Consumer Staples,-0.017405365805581958
2024-12-19,HUM,230.00743103027344,True,2025-06-17,2024-12-20,2025-06-17,-0.02497809778607439,-0.016232279681693385,237.13751220703125,-0.4864252,0.44173926,-0.25017652,-0.36695826,-0.5263673,43.532482,0.04412934,0.12488349,0.11946693,0.09007625,0.22420347,0.34734476,0.35935614,-0.06516388,1,Stable,True,Health Care,0.0629820892286638
2024-12-19,IBM,213.92237854003906,True,2025-06-17,2024-12-20,2025-06-17,0.27542251730791245,0.28416833541229347,274.02532958984375,0.4360898,0.7010736,0.0800901,0.30016357,0.19334169,52.2797,0.023293504,-0.28002742,-0.13592625,0.056061275,-0.19839886,0.038770214,0.06120277,0.074380524,1,Stable,True,Information Technology,-0.0068258530493672176
2024-12-19,ICE,145.61618041992188,True,2025-06-17,2024-12-20,2025-06-17,0.2019991779661644,0.2107449960705454,178.70567321777344,0.2129141,0.44760388,-0.050611086,0.0891412,0.0162411,41.560287,0.022034727,-0.156434,-0.1237729,0.056834087,-0.11089833,0.030567817,0.61961293,0.08651838,1,Stable,True,Financials,-0.005145410285710961
2024-12-19,IDXX,409.0299987792969,True,2025-06-17,2024-12-20,2025-06-17,0.2540252839276368,0.2627711020320178,520.5900268554688,-0.25044897,0.94363767,-0.12020698,-0.14141478,-0.22161771,35.90931,0.15537338,-0.036843836,0.109034196,0.20666273,0.00029487908,0.27401572,0.08227858,0.13903551,1,Stable,True,Health Care,-0.018004738050588276
2024-12-19,IEX,204.96607971191406,True,2025-06-17,2024-12-20,2025-06-17,-0.17434539817810688,-0.16559958007372588,172.74818420410156,-0.0021561198,0.9247056,0.0020797846,0.08058647,0.008355532,49.407616,-0.06677175,-0.07140974,0.08274259,-0.034970727,-0.024213936,0.2178665,0.41631654,-0.0043085325,1,Stable,True,Industrials,-0.012201139968275656
2024-12-19,IFF,82.65656280517578,True,2025-06-17,2024-12-20,2025-06-17,-0.12924659481254727,-0.12050077670816628,72.86634826660156,0.0991016,0.29530975,-0.1173485,-0.07371404,-0.14572068,34.313347,0.1410109,-0.099939786,-0.17281565,0.19103825,-0.07001412,-0.03286127,0.19735281,0.02843308,1,Stable,True,Materials,-0.02789738946964444
2024-12-19,INCY,67.05999755859375,True,2025-06-17,2024-12-20,2025-06-17,-0.009181593538615902,-0.00043577543423489734,68.80999755859375,0.083360195,0.56854475,-0.005992101,0.10169211,0.027698886,49.26643,-0.116897926,-0.040951896,0.018331915,-0.083278835,0.0062748045,0.15498392,0.086402416,-0.09273778,1,Stable,True,Health Care,-0.011896041728525663
2024-12-19,INVH,29.588804244995117,True,2025-06-17,2024-12-20,2025-06-17,0.05281727395425574,0.06156309205863675,31.82628059387207,-0.05229634,0.687432,-0.08248157,-0.10643912,-0.1816892,42.171844,0.04266265,0.005022891,-0.05414278,0.079869375,0.04976058,0.07937676,0.95753366,-0.112818345,1,Stable,True,Real Estate,-0.016476441923168075
2024-12-19,IP,49.89830017089844,True,2025-06-17,2024-12-20,2025-06-17,-0.149954525994733,-0.141208707890352,43.33772659301758,0.5238554,0.3614239,0.087996066,0.26515743,0.16604818,56.42899,-0.21372359,-0.13641003,-0.25869796,-0.17642936,-0.06993295,-0.04784286,0.05326673,-0.25337425,1,Stable,True,Materials,-0.005750675764780657
2024-12-19,IPG,27.5296846128,True,2025-06-17,2024-12-20,2025-06-17,-0.19577252112250862,-0.18702670301812763,22.7248591814,-0.094468966,0.7448689,-0.045576192,0.04140399,-0.0285786,44.129913,0.077684775,-0.099227056,0.13587296,0.112713575,-0.055976883,0.27800766,0.10380601,0.6395974,1,Stable,True,Unknown,-0.014586532484315238
2024-12-19,IRM,96.62854766845703,True,2025-06-17,2024-12-20,2025-06-17,-0.014288064353165526,-0.0055422462487845214,99.38372039794922,0.5206705,0.5902629,-0.09155401,0.14730747,0.06826948,42.014973,0.022257514,-0.29017124,-0.37336302,0.059120223,-0.24742118,-0.14352933,1.1825198,0.005656126,1,Stable,True,Real Estate,0.0010143416149187845
2024-12-19,ISRG,523.9099731445312,True,2025-06-17,2024-12-20,2025-06-17,-0.032238004852432535,-0.023492186748051532,512.1099853515625,0.56055635,0.88464165,0.06589576,0.20096733,0.11397894,56.461037,-0.11464238,-0.119380265,-0.35958904,-0.07855912,-0.06054276,-0.123710915,0.67780733,-0.051334385,1,Stable,True,Health Care,-0.005750675764780657
2024-12-19,IT,481.2200012207031,True,2025-06-17,2024-12-20,2025-06-17,-0.1849697515887958,-0.1762239334844148,404.67999267578125,0.0682383,1.0888672,-0.036059298,0.09041057,0.017405903,45.86451,-0.012578592,-0.14883584,0.022172265,0.020035207,-0.10260075,0.15874758,0.06168302,0.284991,1,Stable,True,Information Technology,-0.015320204715566074
2024-12-19,ITW,247.2382049560547,True,2025-06-17,2024-12-20,2025-06-17,-0.06564385100455426,-0.05689803290017326,233.81224060058594,0.020575397,0.58290666,0.011876365,0.112142034,0.03713952,48.471684,-0.036955737,-0.106232226,0.09156664,-0.0039461404,-0.0562404,0.22412546,0.83459115,-0.049185626,1,Stable,True,Industrials,-0.012161232749548055
2024-12-19,J,130.3960418701172,True,2025-06-17,2024-12-20,2025-06-17,-0.0482043454470422,-0.03945852734266119,126.82975769042969,0.2566699,0.80465937,0.031217007,0.16500016,0.083572835,51.309322,-0.031832278,-0.12139429,-0.09166975,0.002507262,-0.065884225,0.062460065,0.24086761,0.018406898,1,Stable,True,Industrials,-0.008362946066308767
2024-12-19,JBHT,165.24929809570312,True,2025-06-17,2024-12-20,2025-06-17,-0.18691217768320123,-0.17816635957882024,137.52825927734375,-0.14668912,0.94140714,-0.029822472,0.06449863,-0.006644469,49.566357,-0.055280276,-0.083455704,0.21118775,-0.024513986,-0.03748788,0.35933942,0.664534,-0.1831593,1,Stable,True,Industrials,-0.013275918368233174
2024-12-19,JKHY,172.2468719482422,True,2025-06-17,2024-12-20,2025-06-17,0.01817974025686655,0.02692555836124755,177.63853454589844,0.07864721,0.21953765,0.015905844,0.083267815,0.010833833,47.66127,-0.0050894096,-0.04649824,0.004620604,0.02856334,0.0002825819,0.14247867,0.14228663,0.37716502,1,Stable,True,Financials,-0.012201139968275656
2024-12-19,JNJ,137.11013793945312,True,2025-06-17,2024-12-20,2025-06-17,0.06356364282998407,0.07230946093436508,147.9358367919922,-0.05326832,-0.15574543,-0.08243939,-0.0041611637,-0.073318236,35.503307,0.04408583,-0.094642796,0.049107157,0.08124469,-0.05570752,0.18877384,0.10887266,0.24481714,1,Stable,True,Health Care,-0.007227255685530476
2024-12-19,JNPR,36.5512698713,True,2025-06-17,2024-12-20,2025-06-17,-0.032078176717627346,-0.02333235861324634,35.93,0.28808072,0.12216741,-0.020087818,0.018753158,-0.05056891,42.98071,0.085722364,-0.060490012,-0.26932755,0.119162805,-0.017057233,-0.09636967,0.20923865,-0.12240094,1,Stable,True,Unknown,-0.010581381715906588
2024-12-19,JPM,224.9366455078125,True,2025-06-17,2024-12-20,2025-06-17,0.13847905846911612,0.14722487657349712,263.19268798828125,0.4159867,0.9308198,0.058387812,0.14717145,0.068150915,59.53615,-0.1476001,-0.032049015,-0.26881522,-0.108496636,0.015820004,-0.07232315,0.49933589,-0.0846567,1,Stable,True,Financials,-0.008204856062331324
2024-12-19,K,78.1161557476,True,2025-06-17,2024-12-20,2025-06-17,0.0017415583008898606,0.010487376405270865,79.0925919435,0.5488404,-0.5202111,0.06802898,0.4365792,0.29311633,51.941433,-0.0023613325,-0.43264005,-0.112261206,0.031129502,-0.3141782,0.06296235,0.17956752,-0.34126064,1,Stable,True,Unknown,-0.0004142205616493968
2024-12-19,KDP,30.693769454956055,True,2025-06-17,2024-12-20,2025-06-17,0.021021109212683867,0.029766927317064873,31.578161239624023,0.02203614,0.14313073,-0.0616634,-0.007314868,-0.07649015,36.083687,0.14375913,-0.12520832,-0.029351009,0.18682413,-0.09066963,0.10906552,0.7512715,0.09032115,1,Stable,True,Consumer Staples,-0.007082292241864595
2024-12-19,KHC,27.43464469909668,True,2025-06-17,2024-12-20,2025-06-17,-0.14126583698762946,-0.13252001888324846,24.131080627441406,-0.13542126,0.24495593,-0.09532669,-0.032277912,-0.10195872,36.49704,0.10408664,-0.084701814,0.10314335,0.14491452,-0.047441676,0.2509067,0.19561476,0.37743,1,Stable,True,Consumer Staples,-0.016905650925644142
2024-12-19,KIM,21.46116065979004,True,2025-06-17,2024-12-20,2025-06-17,-0.10010609194935514,-0.09136027384497414,19.847930908203125,0.08915612,0.49061114,0.0059050946,0.21852535,0.12849301,50.648598,-0.068596415,-0.22367783,0.12936923,-0.03795977,-0.1586521,0.25044233,0.31086022,-0.046806097,1,Stable,True,Real Estate,-0.008540715738527197
2024-12-19,KMB,123.049072265625,True,2025-06-17,2024-12-20,2025-06-17,-0.008870070695872962,-0.0001242525914919579,122.91212463378906,0.12823148,-0.08842386,-0.04693471,-0.029726313,-0.09932549,41.282326,0.033266526,-0.03103037,-0.15795779,0.068289965,0.011651494,-0.012624316,0.4880806,0.14179651,1,Stable,True,Consumer Staples,-0.015447989168861321
2024-12-19,KMI,24.434444427490234,True,2025-06-17,2024-12-20,2025-06-17,0.03643586480086105,0.045181682905242056,26.132129669189453,0.57474047,0.54621184,0.13285452,0.35950166,0.2379698,62.403416,-0.2646589,-0.15769994,-0.21523881,-0.21525714,-0.079141214,-0.008768141,0.6312864,-0.075196356,1,Stable,True,Energy,-0.01144904387439201
2024-12-19,KO,59.85960006713867,True,2025-06-17,2024-12-20,2025-06-17,0.12046950088860488,0.12921531899298588,67.70260620117188,0.09395417,-0.044438634,-0.06124111,0.0011859061,-0.06796319,34.20069,0.1182797,-0.120518744,-0.09276826,0.15950617,-0.08410562,0.049590528,0.050378274,0.3686012,1,Stable,True,Consumer Staples,-0.01574786432160604
2024-12-19,KR,58.73361587524414,True,2025-06-17,2024-12-20,2025-06-17,0.06796190407150882,0.07670772217588982,64.1622085571289,0.38427213,0.31543475,0.097268544,0.21966824,0.1294305,56.80079,-0.024747461,-0.13677117,-0.16460389,0.010366153,-0.07478388,0.011608571,-0.04998448,0.31413332,1,Stable,True,Consumer Staples,-0.005750675764780657
2024-12-19,KVUE,20.046592712402344,True,2025-06-17,2024-12-20,2025-06-17,-0.005460212998829579,0.0032856051055514257,20.261367797851562,0.04671596,0.25752103,0.0028822904,0.22620586,0.13477634,46.188496,-0.039033808,-0.27842522,0.1794899,-0.008572198,-0.21340181,0.29647124,0.035289038,-0.16216059,1,Stable,True,Consumer Staples,-0.011468884346210847
2024-12-19,L,81.30116271972656,True,2025-06-17,2024-12-20,2025-06-17,0.053857742482223664,0.06260356058660467,88.00953674316406,0.18902527,0.66352195,0.018483436,0.09440323,0.021060823,52.82451,-0.07967153,-0.04752309,-0.09462204,-0.04567118,-0.00023966469,0.055279486,0.45522836,0.15268923,1,Stable,True,Financials,-0.012915237489309749
2024-12-19,LDOS,140.90591430664062,True,2025-06-17,2024-12-20,2025-06-17,0.028779486471474457,0.03752530457585546,147.83709716796875,0.34379157,0.75095135,-0.100597486,-0.011198531,-0.0804101,42.363983,-0.023256928,-0.08009899,-0.3549901,0.0075575784,-0.04032073,-0.16855273,0.87848216,0.35889983,1,Stable,True,Industrials,-0.012943051544597907
2024-12-19,LEN,129.68043518066406,True,2025-06-17,2024-12-20,2025-06-17,-0.21959724329876215,-0.21085142519438116,102.10054016113281,-0.056970865,0.48836687,-0.19675493,-0.045645904,-0.1158689,33.331,0.05955279,-0.1912236,0.011324961,0.10862659,-0.17945063,0.15014172,1.823252,0.20745449,1,Stable,True,Consumer Discretionary,-0.03595883711731577
2024-12-19,LH,223.30419921875,True,2025-06-17,2024-12-20,2025-06-17,0.1327344881084151,0.1414803062127961,256.7391357421875,0.026354754,0.34878615,0.014648951,0.1242161,0.0479376,53.40484,-0.08423625,-0.08286701,0.09786135,-0.050866716,-0.032413818,0.22927667,0.19091253,-0.13295403,1,Stable,True,Health Care,-0.012930244210170387
2024-12-19,LHX,205.13226318359375,True,2025-06-17,2024-12-20,2025-06-17,0.17826506457599126,0.18701088268037225,246.8581085205078,0.022966305,0.3248703,-0.10513101,-0.041741803,-0.11178641,38.084614,-0.045047432,-0.05120395,-0.064708106,-0.017454728,-0.010759905,0.07285957,-0.004727739,0.25536478,1,Stable,True,Industrials,-0.01833217805152339
2024-12-19,LIN,411.3285827636719,True,2025-06-17,2024-12-20,2025-06-17,0.0845878448930847,0.0933336629974657,454.7782897949219,0.03061871,0.5888868,-0.08078989,-0.0159456,-0.08522249,35.03246,0.05266653,-0.10176153,-0.04656431,0.09146339,-0.06500202,0.09197072,0.39773145,0.4313949,1,Stable,True,Materials,-0.013705349668826337
2024-12-19,LKQ,33.66660690307617,True,2025-06-17,2024-12-20,2025-06-17,0.013024329643149942,0.021770147747530947,35.240413665771484,-0.22464454,0.67567086,-0.089570634,-0.11904709,-0.1958995,41.78603,0.036249764,0.047427513,0.10559745,0.07178755,0.09659252,0.26588672,0.13032262,0.06317967,1,Stable,True,Unknown,-0.016476441923168075
2024-12-19,LMT,460.4685363769531,True,2025-06-17,2024-12-20,2025-06-17,-0.014503576845500838,-0.005757758741119834,466.7510070800781,0.09921492,0.016967906,-0.11288016,0.0405623,-0.029387157,28.552565,0.06748641,-0.20540862,-0.05865262,0.1111925,-0.17574565,0.08336915,-0.07898662,0.26610163,1,Stable,True,Industrials,-0.026808444218160775
2024-12-19,LNT,55.12577438354492,True,2025-06-17,2024-12-20,2025-06-17,0.02790768578426918,0.036653503888650185,57.82313919067383,0.17897595,0.025559753,0.0006485713,0.16756412,0.08577124,46.546333,-0.043538585,-0.18782118,-0.011411831,-0.011972111,-0.13122958,0.12847754,0.22504753,-0.01152271,1,Stable,True,Utilities,-0.010265739913963616
2024-12-19,LOW,236.04779052734375,True,2025-06-17,2024-12-20,2025-06-17,-0.1449917755640053,-0.1362459574596243,206.5554656982422,0.105377525,0.6396519,-0.039291084,0.15540409,0.07530175,41.96866,0.002891317,-0.22866747,0.050026566,0.036599368,-0.1763809,0.18246734,0.7521465,0.042202715,1,Stable,True,Consumer Discretionary,-0.00036045057405619386
2024-12-19,LUV,31.636016845703125,True,2025-06-17,2024-12-20,2025-06-17,-0.05342537812138403,-0.044679560017003024,30.683521270751953,0.13716446,0.82180613,0.110729575,0.1732729,0.09064879,55.899113,-0.122840926,-0.018640772,0.036108434,-0.07900113,0.028139703,0.16946347,0.058673784,-0.22010061,1,Stable,True,Industrials,-0.008181720272663166
2024-12-19,LVS,49.33869552612305,True,2025-06-17,2024-12-20,2025-06-17,-0.1997484794852653,-0.19100266138088431,40.66989517211914,0.05932514,0.7251606,0.11541316,0.2069454,0.11894432,49.564857,-0.12115456,-0.058341473,0.14762026,-0.0779835,-0.005390376,0.26866478,-0.16321522,-0.24092843,1,Stable,True,Consumer Discretionary,-0.006847467794285393
2024-12-19,LYB,64.28717803955078,True,2025-06-17,2024-12-20,2025-06-17,-0.16322729905784977,-0.15448148095346878,54.75080108642578,-0.20387118,0.5666945,-0.18134318,-0.20554228,-0.2992439,25.858612,0.11734741,-0.012648359,-0.0016711056,0.17333084,0.028106242,0.13610289,0.38366482,0.60573065,1,Stable,True,Materials,-0.04604833609301773
2024-12-19,LYV,132.19000244140625,True,2025-06-17,2024-12-20,2025-06-17,0.08361610920159314,0.09236192730597415,145.58999633789062,0.39279315,0.9809549,0.19928785,0.39485076,0.26363903,63.919,-0.26764417,-0.15885258,0.002057612,-0.2105521,-0.07675342,0.13968037,-0.44576797,0.15515947,1,Stable,True,Communication Services,-0.003263053513525493
2024-12-19,MA,517.751220703125,True,2025-06-17,2024-12-20,2025-06-17,0.07299907960804032,0.08174489771242133,565.15869140625,0.23700148,0.6395693,0.06975744,0.19913156,0.112449214,56.354187,-0.04958543,-0.12859154,-0.037869915,-0.013940813,-0.06927929,0.10711145,0.1727167,0.06621462,1,Stable,True,Financials,-0.005750675764780657
2024-12-19,MAA,138.4787139892578,True,2025-06-17,2024-12-20,2025-06-17,-0.01820295908465973,-0.009457140980278722,140.81336975097656,0.15689406,0.2434827,-0.025938937,0.079959586,0.007775224,45.465702,0.013454422,-0.14609566,-0.07693447,0.047788803,-0.101193056,0.069388874,0.37269276,-0.064422406,1,Stable,True,Real Estate,-0.012224077389046219
2024-12-19,MAR,274.68817138671875,True,2025-06-17,2024-12-20,2025-06-17,-0.10215700368989898,-0.09341118558551798,253.43824768066406,0.27285922,1.0220605,0.10950454,0.17091139,0.088634014,60.961376,-0.14099489,-0.03181246,-0.10194783,-0.098650955,0.016610228,0.05472081,0.30594465,-0.18015091,1,Stable,True,Consumer Discretionary,-0.005486232192318742
2024-12-19,MAS,70.40502166748047,True,2025-06-17,2024-12-20,2025-06-17,-0.17967706866426345,-0.17093125055988245,59.735721588134766,0.084137194,0.6060591,-0.06816613,0.13170052,0.054572985,37.390533,0.05757522,-0.24537235,0.047563322,0.096420884,-0.2002343,0.18114105,0.30770612,-0.16617748,1,Stable,True,Industrials,-0.000981349060399624
2024-12-19,MCD,280.1393127441406,True,2025-06-17,2024-12-20,2025-06-17,0.0014537110351092904,0.010199529139490295,285.385498046875,0.022472188,0.32615003,0.018919269,0.17474653,0.09190401,45.888363,0.03193323,-0.2030159,0.15227434,0.065818146,-0.14557394,0.27703312,0.117382884,-0.10791259,1,Stable,True,Consumer Discretionary,-0.011468884346210847
2024-12-19,MCK,575.6636962890625,True,2025-06-17,2024-12-20,2025-06-17,0.2433682128195215,0.2521140309239025,721.4436645507812,0.2988815,0.04875201,0.04105781,-0.009762035,-0.07895839,61.300217,-0.2766755,0.22000329,-0.30864355,-0.22607926,0.24478483,-0.13310936,0.579308,-0.11750253,1,Stable,True,Health Care,-0.015828190465417225
2024-12-19,MCO,455.55194091796875,True,2025-06-17,2024-12-20,2025-06-17,0.005574524843597788,0.014320342947978792,466.33544921875,0.19267222,0.7006947,-0.01593969,0.10028046,0.026416725,48.292873,0.0031956583,-0.12807979,-0.09239176,0.036765985,-0.079603046,0.0575729,0.40034634,-0.19921014,1,Stable,True,Financials,-0.010654482734150442
2024-12-19,MDLZ,56.0424919128418,True,2025-06-17,2024-12-20,2025-06-17,0.12520174654618113,0.13394756465056212,63.67790985107422,-0.1448983,0.14592181,-0.13476291,-0.08571689,-0.1587634,29.16167,0.11465712,-0.10888435,0.059181407,0.16658124,-0.08264767,0.205124,0.47860524,0.4360677,1,Stable,True,Consumer Staples,-0.03704987913992857
2024-12-19,MDT,75.5744400024414,True,2025-06-17,2024-12-20,2025-06-17,0.07239427838687862,0.08114009649125963,82.76888275146484,-0.0007070726,0.18361428,-0.06272935,0.045395374,-0.024753232,37.010105,0.049115863,-0.14349481,0.046102446,0.086511396,-0.10349105,0.18330662,0.19124776,-0.022502238,1,Stable,True,Health Care,-0.005179975610239627
2024-12-19,MET,76.23907470703125,True,2025-06-17,2024-12-20,2025-06-17,-0.03863014256974283,-0.029884324465361822,75.11477661132812,0.24407361,0.96691185,0.022497306,0.1637348,0.08248609,48.968704,-0.029273903,-0.16460615,-0.08033882,0.0037471037,-0.10835113,0.07144745,0.43318087,0.11347707,1,Stable,True,Financials,-0.01014461179009727
2024-12-19,MKC,74.45708465576172,True,2025-06-17,2024-12-20,2025-06-17,-0.07261743359334794,-0.06387161548896693,70.25373840332031,0.17356412,0.05836679,0.001347813,0.13107347,0.054018766,43.304123,0.0711222,-0.18780433,-0.042490646,0.10617673,-0.13741568,0.101325914,-0.21157746,-0.01192933,1,Stable,True,Consumer Staples,-0.010420206495886172
2024-12-19,MKTX,221.6363983154297,True,2025-06-17,2024-12-20,2025-06-17,-0.030483813244033917,-0.02173799513965291,218.37454223632812,-0.17905013,0.17921284,-0.084736414,0.18868075,0.10369569,41.989594,-0.0399182,-0.28789002,0.3677309,-0.011842176,-0.2331713,0.50834143,-0.033764254,0.24250123,1,Stable,True,Unknown,0.0019617452312600554
2024-12-19,MLM,521.3638305664062,True,2025-06-17,2024-12-20,2025-06-17,0.0088115939468071,0.017557412051188104,538.509033203125,0.07254344,1.0018392,-0.052176982,-0.009034787,-0.07822424,48.819473,-0.08265184,-0.008775993,-0.08157823,-0.054419022,0.035259653,0.059095412,0.2009977,-0.086144425,1,Stable,True,Materials,-0.018093541549176553
2024-12-19,MMM,123.0391616821289,True,2025-06-17,2024-12-20,2025-06-17,0.1021100041731268,0.1108558222775078,138.99024963378906,0.48063827,0.8863159,0.008129005,0.2771603,0.17549069,43.89415,0.05882302,-0.3415371,-0.20347798,0.09445753,-0.26702642,-0.009630024,0.026154596,-0.2005677,1,Stable,True,Industrials,-0.014973032377990319
2024-12-19,MNST,50.900001525878906,True,2025-06-17,2024-12-20,2025-06-17,0.20509790381275064,0.21384372191713164,62.779998779296875,-0.08420295,0.04485511,-0.0063089654,0.02004008,-0.049306475,48.91407,-0.037239313,-0.03494228,0.10424303,-0.0050513707,0.009298835,0.24600655,0.60997003,-0.21631432,1,Stable,True,Consumer Staples,-0.013275918368233174
2024-12-19,MO,47.000648498535156,True,2025-06-17,2024-12-20,2025-06-17,0.14806180576654673,0.15680762387092773,55.242855072021484,0.36140704,-0.09393551,0.029407034,0.17381327,0.09110926,54.014027,-0.09161718,-0.13560794,-0.18759377,-0.058900416,-0.078608975,-0.0100569725,0.45209345,-0.01979748,1,Stable,True,Consumer Staples,-0.007538797041416146
2024-12-19,MOH,293.5199890136719,True,2025-06-17,2024-12-20,2025-06-17,-0.01665141645877398,-0.007905598354392975,292.3999938964844,-0.18296453,0.23284979,-0.08603341,0.004654933,-0.06450426,43.83111,0.14418128,-0.15263754,0.18761946,0.1898241,-0.12063738,0.34492105,0.2231071,-0.00332143,1,Stable,True,Unknown,-0.0143679474410933
2024-12-19,MOS,22.72454833984375,True,2025-06-17,2024-12-20,2025-06-17,0.5164753451529821,0.5252211632573631,34.93572998046875,-0.35526225,0.7964709,-0.10576177,-0.13249865,-0.2112866,44.31242,-0.003359072,0.08197275,0.2227636,0.02994024,0.1344463,0.4349776,0.02735914,0.16450001,1,Stable,True,Materials,-0.017548283450334018
2024-12-19,MPC,127.31219482421875,True,2025-06-17,2024-12-20,2025-06-17,0.28101267970957605,0.28975849781395707,166.35975646972656,-0.12640803,0.48353395,-0.18318772,-0.23881009,-0.34202078,37.02809,0.0069561303,0.057867154,-0.11240207,0.04194133,0.11742596,0.0004735887,0.58835065,0.007911706,1,Stable,True,Energy,-0.01921720504319616
2024-12-19,MRK,94.52921295166016,True,2025-06-17,2024-12-20,2025-06-17,-0.19541794060338155,-0.18667212249900056,75.74761199951172,-0.03994395,0.1240239,-0.097692564,-0.210416,-0.30539745,37.996994,0.15515064,0.0847874,-0.17047206,0.19682905,0.1461541,-0.057281315,-0.103332445,0.33177125,1,Stable,True,Health Care,-0.01606192740993875
2024-12-19,MSCI,586.500244140625,True,2025-06-17,2024-12-20,2025-06-17,-0.09603484050015118,-0.08728902239577017,539.0664672851562,0.11986539,0.5723051,0.056798413,0.2599056,0.1618884,53.86947,-0.038846403,-0.1891346,0.14004022,-0.003469009,-0.118502736,0.25603244,0.09768868,-0.0739108,1,Stable,True,Financials,-0.005290810166920838
2024-12-19,MSFT,431.0947570800781,True,2025-06-17,2024-12-20,2025-06-17,0.09037909595942209,0.0991249140638031,473.36077880859375,0.17960145,1.0890399,0.027766217,-0.039489347,-0.1094386,53.991337,0.040537328,0.052899748,-0.21909079,0.07270592,0.097766586,-0.067262694,0.08272941,0.056128267,1,Stable,True,Information Technology,-0.02090560903690115
2024-12-19,MSI,456.2209167480469,True,2025-06-17,2024-12-20,2025-06-17,-0.13935684420065372,-0.13061102609627273,401.8756103515625,0.496877,0.5010845,0.04577527,0.2059075,0.11808399,53.439487,-0.088217445,-0.17394608,-0.29096952,-0.05587731,-0.11161601,-0.077944435,-0.15099871,0.4595902,1,Stable,True,Information Technology,-0.005798862974708082
2024-12-19,MTB,177.4791259765625,True,2025-06-17,2024-12-20,2025-06-17,-0.053858737961368516,-0.04511291985698751,173.18331909179688,0.37421778,0.91753805,0.025965946,0.25510493,0.15807079,54.676384,-0.20677496,-0.17457154,-0.11911285,-0.1789218,-0.10560928,0.047538638,0.37648648,0.091336004,1,Stable,True,Financials,-0.007538797041416146
2024-12-19,MTD,1206.02001953125,True,2025-06-17,2024-12-20,2025-06-17,-0.07388552639487488,-0.06513970829049387,1150.5699462890625,0.0035364504,0.85788053,-0.11399523,-0.11765821,-0.19432418,35.747417,0.18443011,-0.033247173,-0.12119466,0.230044,0.0057462454,0.009498134,-0.048017338,0.005654527,1,Stable,True,Health Care,-0.017630562006084163
2024-12-19,NDAQ,75.92367553710938,True,2025-06-17,2024-12-20,2025-06-17,0.10458180634970361,0.11332762445408462,84.87747955322266,0.40732875,0.6015892,0.07017117,0.3091242,0.20020998,55.937546,-0.09341176,-0.24656685,-0.09820455,-0.05853469,-0.16452466,0.06586908,0.2912191,-0.07278044,1,Stable,True,Financials,-0.0068258530493672176
2024-12-19,NDSN,203.948974609375,True,2025-06-17,2024-12-20,2025-06-17,0.019852540980625957,0.02859835908500696,210.57479858398438,-0.17628443,0.87562627,-0.1566076,-0.07951684,-0.15200497,33.070137,0.009807453,-0.103002146,0.09676759,0.04541011,-0.074515924,0.24927755,0.8697906,0.5502247,1,Stable,True,Industrials,-0.03704987913992857
2024-12-19,NEE,66.71260833740234,True,2025-06-17,2024-12-20,2025-06-17,0.010346663881538055,0.01909248198591906,69.8377456665039,0.16617927,0.06002685,-0.101481885,0.01133756,-0.057874624,35.53456,0.083565,-0.18130238,-0.1548417,0.12940928,-0.15340586,-0.0042549185,0.49733257,-0.005909671,1,Stable,True,Utilities,-0.008501881611881973
2024-12-19,NEM,36.244651794433594,True,2025-06-17,2024-12-20,2025-06-17,0.5362654753690793,0.5450112934734603,57.904335021972656,-0.0916139,0.80057794,-0.22732338,-0.10152163,-0.17620105,29.941202,0.19234468,-0.22456676,-0.00990773,0.28456616,-0.24344856,0.12723726,0.40031368,0.112337746,1,Stable,True,Materials,-0.028227911784045663
2024-12-19,NFLX,90.2040023803711,True,2025-06-17,2024-12-20,2025-06-17,0.3340516405824953,0.34279745868687633,122.06700134277344,0.8222295,1.0491877,0.22409213,0.33911318,0.22285919,65.55311,-0.22954437,-0.08898839,-0.48311633,-0.16938755,-0.024609089,-0.16984902,-0.07889205,-0.071986936,1,Stable,True,Communication Services,-0.01710366859153527
2024-12-19,NI,34.200748443603516,True,2025-06-17,2024-12-20,2025-06-17,0.09321919424061789,0.1019650123449989,38.00322723388672,0.40063778,0.15763536,0.06838974,0.2700371,0.16989774,53.924225,-0.0957585,-0.21261631,-0.13060066,-0.06144032,-0.13905828,0.040322572,0.20642771,-0.018380728,1,Stable,True,Utilities,-0.005750675764780657
2024-12-19,NKE,74.16999816894531,True,2025-06-17,2024-12-20,2025-06-17,-0.21976164091659142,-0.21101582281221043,58.397518157958984,-0.36054674,0.57959986,-0.013499276,0.013135228,-0.056098685,38.93468,0.17573746,-0.13252717,0.37368196,0.2154423,-0.09603724,0.5983956,1.3526999,-0.027214436,1,Stable,True,Consumer Discretionary,-0.010930816989792144
2024-12-19,NOC,455.6855163574219,True,2025-06-17,2024-12-20,2025-06-17,0.07455326897305427,0.08329908707743527,496.1905212402344,0.02332577,0.10730031,-0.057925034,0.08266175,0.010274196,34.77425,0.065232575,-0.19439307,0.059335977,0.10435082,-0.15374851,0.19456884,-0.10310266,0.14481916,1,Stable,True,Industrials,-0.009820025506711167
2024-12-19,NSC,222.9295196533203,True,2025-06-17,2024-12-20,2025-06-17,0.07309749622726382,0.08184331433164482,244.88758850097656,0.009559433,0.8562573,-0.06551433,0.0890722,0.016177747,45.757397,-0.06234991,-0.13613413,0.07951277,-0.03418348,-0.089376405,0.21401624,0.35658884,0.061326876,1,Stable,True,Industrials,-0.015320204715566074
2024-12-19,NTRS,96.8252182006836,True,2025-06-17,2024-12-20,2025-06-17,0.07708814249167063,0.08583396059605164,107.19677734375,0.2106512,0.8072902,0.07405305,0.21739313,0.1275634,60.43069,-0.17658146,-0.102728635,0.006741926,-0.13898592,-0.044003233,0.14375752,0.118353374,0.10484026,1,Stable,True,Financials,-0.005486232192318742
2024-12-19,NVR,8101.2099609375,True,2025-06-17,2024-12-20,2025-06-17,-0.16386049497655591,-0.15511467687217492,6992.93017578125,0.16788508,0.5648344,-0.09692709,0.082736775,0.010343494,34.839184,0.04888443,-0.23148677,-0.085148305,0.0893226,-0.19638619,0.06250153,0.24841304,0.20430017,1,Stable,True,Consumer Discretionary,-0.002588875356878299
2024-12-19,NWS,30.15621566772461,True,2025-06-17,2024-12-20,2025-06-17,0.0317704203393029,0.040516238443683905,31.625267028808594,0.23473759,0.9298866,0.04835893,0.08601381,0.013365544,59.032917,-0.14123845,0.016411059,-0.14872378,-0.10361474,0.05915335,0.009859599,-0.13494478,0.06777397,1,Stable,True,Communication Services,-0.008273367313105014
2024-12-19,NWSA,27.299930572509766,True,2025-06-17,2024-12-20,2025-06-17,-0.008622779537848941,0.00012303856653206324,27.550512313842773,0.17186695,0.96850896,0.0055727875,0.01557568,-0.05369277,54.511276,-0.104639694,0.036233835,-0.15629128,-0.07130457,0.07921151,-0.0049384087,-0.24344468,-0.082932554,1,Stable,True,Communication Services,-0.016146187787531834
2024-12-19,O,47.237422943115234,True,2025-06-17,2024-12-20,2025-06-17,0.11263834964421685,0.12138416774859785,54.0254020690918,-0.04208059,-0.037426807,-0.11638209,0.0105623,-0.058641486,31.844494,0.07686705,-0.17327465,0.05264289,0.121316485,-0.1439394,0.19170266,0.78336954,-0.018442962,1,Stable,True,Real Estate,-0.02795869516974317
2024-12-19,OKE,89.37401580810547,True,2025-06-17,2024-12-20,2025-06-17,-0.17673427130509087,-0.16798845320070988,76.20284271240234,0.4828554,0.670629,0.043756105,0.22191146,0.13126801,54.141453,-0.17898777,-0.17989781,-0.26094395,-0.15498132,-0.115106255,-0.055349022,0.1519343,0.18308851,1,Stable,True,Energy,-0.0063590581151829455
2024-12-19,OMC,82.32329559326172,True,2025-06-17,2024-12-20,2025-06-17,-0.21557845557835784,-0.20683263747397684,66.54682159423828,0.04509988,0.95914245,-0.10353791,0.009079045,-0.060110316,38.41214,0.0138370395,-0.13585517,-0.036020838,0.049206026,-0.100446284,0.103129745,0.5783473,0.4932547,1,Stable,True,Communication Services,-0.008501881611881973
2024-12-19,ORLY,80.95933532714844,True,2025-06-17,2024-12-20,2025-06-17,0.08385453113890332,0.09260034924328432,88.80000305175781,0.25940108,0.37266508,0.052220494,0.1948894,0.108905226,54.650337,-0.04116938,-0.13225427,-0.06451169,-0.0060288496,-0.07314672,0.08562147,0.2511869,-0.0563933,1,Stable,True,Consumer Discretionary,-0.005290810166920838
2024-12-19,OTIS,89.7281494140625,True,2025-06-17,2024-12-20,2025-06-17,0.01886784932450948,0.027613667428890484,92.89093017578125,0.050506327,0.57964486,-0.04889046,-0.0139400875,-0.08318656,39.378304,-0.005066961,-0.049404994,-0.06444641,0.028060019,-0.0072470754,0.074893706,0.33019802,-0.16902076,1,Stable,True,Industrials,-0.010687841765793507
2024-12-19,OXY,43.96977233886719,True,2025-06-17,2024-12-20,2025-06-17,-0.022691742629440608,-0.013945924525059604,45.04840087890625,-0.23557937,0.39650097,-0.15537219,-0.27228543,-0.3869948,38.28908,0.0036766753,0.16363437,-0.03670606,0.037600704,0.24698222,0.0889948,0.7475749,0.012121561,1,Stable,True,Energy,-0.020689142727882748
2024-12-19,PAYX,129.21987915039062,True,2025-06-17,2024-12-20,2025-06-17,0.09935337646019805,0.10809919456457906,144.98597717285156,0.102603875,0.59893405,0.03286885,0.19518857,0.10915557,48.33644,-0.075640604,-0.1478919,0.09258469,-0.04148128,-0.08793661,0.21883357,1.2758496,0.13796297,1,Stable,True,Industrials,-0.009796512599073522
2024-12-19,PCAR,100.99746704101562,True,2025-06-17,2024-12-20,2025-06-17,-0.13807903849875788,-0.1293332203943769,88.6166763305664,0.12357,0.9517417,0.04101631,0.06179408,-0.009188387,55.88815,-0.121068485,0.036726885,-0.061775923,-0.08328596,0.078159794,0.08165302,0.60769933,-0.21221349,1,Stable,True,Industrials,-0.01232444676105148
2024-12-19,PCG,19.129961013793945,True,2025-06-17,2024-12-20,2025-06-17,-0.32323475945200897,-0.31448894134762795,13.383910179138184,0.104638085,0.22373155,-0.0045554396,0.13161346,0.05449607,47.9803,-0.05648378,-0.15475063,0.026975378,-0.026076302,-0.10289839,0.16233084,-0.10798459,0.45435292,1,Stable,True,Utilities,-0.011854406901034217
2024-12-19,PEG,79.25912475585938,True,2025-06-17,2024-12-20,2025-06-17,-0.040752451775288065,-0.03200663367090706,78.44690704345703,0.38129315,0.3934938,-0.0028659247,0.14620678,0.06730964,43.966717,-0.023602735,-0.19695745,-0.23508637,0.008305356,-0.14438671,-0.048357964,0.19478217,-0.06537022,1,Stable,True,Utilities,-0.01045907855624517
2024-12-19,PEP,142.8568878173828,True,2025-06-17,2024-12-20,2025-06-17,-0.14570313999549794,-0.13695732189111695,124.36603546142578,-0.06924362,-0.035104796,-0.0927983,-0.055049792,-0.12577143,36.81534,0.06055735,-0.043180816,0.014193825,0.09847956,-0.0026183128,0.15333882,0.637239,0.11819887,1,Stable,True,Consumer Staples,-0.016905650925644142
2024-12-19,PFE,22.851716995239258,True,2025-06-17,2024-12-20,2025-06-17,-0.06556708303367663,-0.05682126492929562,22.046714782714844,-0.028932836,0.22044602,-0.07457784,-0.05954606,-0.130541,43.42589,0.12867314,-0.035847217,-0.030613225,0.16647741,0.0052927136,0.106171176,0.20927271,0.14385901,1,Stable,True,Health Care,-0.017130442966342453
2024-12-19,PFG,71.15778350830078,True,2025-06-17,2024-12-20,2025-06-17,-0.009445415520427531,-0.0006995974160465268,73.11318969726562,-0.020714547,0.9174679,-0.082729116,-0.019430159,-0.0887698,40.789818,0.008169286,-0.08778268,0.0012843888,0.042593047,-0.04963056,0.13951483,0.38695344,0.027144443,1,Stable,True,Financials,-0.015062072894780596
2024-12-19,PG,161.24600219726562,True,2025-06-17,2024-12-20,2025-06-17,-0.053844252023392256,-0.04509843391901125,152.9456787109375,0.18630426,-0.088560656,-0.0015915075,0.052165195,-0.01829826,47.898422,0.0020991787,-0.06421219,-0.13413906,0.03560686,-0.018815175,0.018211458,0.25824675,0.01696327,1,Stable,True,Consumer Staples,-0.013275918368233174
2024-12-19,PGR,220.6712646484375,True,2025-06-17,2024-12-20,2025-06-17,0.12048610771425795,0.12923192581863896,249.45933532714844,0.529929,0.3908415,-0.01108358,0.14541134,0.066615425,45.309433,-0.00047576427,-0.21228448,-0.38451764,0.032974347,-0.16082281,-0.15125334,-0.029143177,0.20332249,1,Stable,True,Financials,-0.01015641650551496
2024-12-19,PHM,107.5685806274414,True,2025-06-17,2024-12-20,2025-06-17,-0.11169123874668561,-0.10294542064230461,97.9393310546875,0.06503078,0.673394,-0.15877561,0.028439062,-0.041106213,34.63555,0.075207666,-0.25174075,-0.036591724,0.12590851,-0.23659034,0.103242606,1.085707,0.032542273,1,Stable,True,Consumer Discretionary,-0.016907555467475764
2024-12-19,PKG,217.90380859375,True,2025-06-17,2024-12-20,2025-06-17,-0.18063910481273115,-0.17189328670835016,181.8595428466797,0.41061872,0.5783981,0.062354714,0.27080023,0.17049842,56.052944,-0.12942931,-0.20953967,-0.13981849,-0.09657662,-0.13603428,0.03382252,0.37879077,0.12770705,1,Stable,True,Materials,-0.005750675764780657
2024-12-19,PLD,96.43081665039062,True,2025-06-17,2024-12-20,2025-06-17,0.02723745537045409,0.0359832734748351,101.79232788085938,-0.21718173,0.70364916,-0.1479933,-0.07954759,-0.15203838,37.002365,0.07727097,-0.10472887,0.13763413,0.12398928,-0.07663469,0.3001688,0.98227924,0.15570605,1,Stable,True,Real Estate,-0.018602721034267383
2024-12-19,PM,114.72112274169922,True,2025-06-17,2024-12-20,2025-06-17,0.49773329899928587,0.5064791171036669,175.7249755859375,0.35026965,-0.08171828,0.01266301,0.22015315,0.12982799,50.988728,-0.078248434,-0.20494644,-0.13011649,-0.046724435,-0.13972904,0.03687621,0.52748275,-0.09622704,1,Stable,True,Consumer Staples,-0.008540715738527197
2024-12-19,PNC,179.0377960205078,True,2025-06-17,2024-12-20,2025-06-17,-0.09338750473410594,-0.08464168662972493,166.23809814453125,0.27705353,0.9061838,0.02838941,0.23901877,0.14517136,54.97503,-0.1224636,-0.18480721,-0.038034767,-0.09000173,-0.1173715,0.10796839,-0.015386382,0.039966986,1,Stable,True,Financials,-0.007538797041416146
2024-12-19,PNR,98.97908782958984,True,2025-06-17,2024-12-20,2025-06-17,-0.05964539000875001,-0.050899571904369,94.8434829711914,0.43292618,1.0075524,0.078648955,0.36397532,0.24125506,55.04162,-0.079912454,-0.3146859,-0.06895086,-0.045730572,-0.21813516,0.08888894,0.06993495,-0.19746771,1,Stable,True,Industrials,-0.002536774697523742
2024-12-19,PNW,79.05487060546875,True,2025-06-17,2024-12-20,2025-06-17,0.057918292338332025,0.06666411044271303,84.68383026123047,0.21783805,0.14411473,-0.022092361,0.14077644,0.06256072,44.641884,-0.039449345,-0.17965813,-0.07706161,-0.008427054,-0.12721178,0.07283606,0.21505411,-0.033540618,1,Stable,True,Utilities,-0.008552087642181225
2024-12-19,PODD,256.55999755859375,True,2025-06-17,2024-12-20,2025-06-17,0.13313063567918273,0.14187645378356373,304.3900146484375,0.19547084,0.5684334,0.13122648,0.30791187,0.19928348,57.097687,-0.11195901,-0.23354003,0.11244103,-0.076563604,-0.15254062,0.22809589,0.1977637,-0.10277551,1,Stable,True,Health Care,-0.012120969421630516
2024-12-19,POOL,328.82110595703125,True,2025-06-17,2024-12-20,2025-06-17,-0.18458729613330713,-0.17584147802892613,277.4391784667969,-0.11802073,0.7114203,-0.039247457,0.11569732,0.04033121,43.6627,0.009986661,-0.18119968,0.23371804,0.04411431,-0.13307069,0.37327048,0.39161,-0.011551584,1,Stable,True,Unknown,-0.012230287871254897
2024-12-19,PPG,114.31661224365234,True,2025-06-17,2024-12-20,2025-06-17,-0.10332891247287976,-0.09458309436849875,104.10173034667969,-0.183896,0.5106639,-0.0459836,-0.02518182,-0.094652705,40.70107,0.04541363,-0.034824915,0.15871419,0.080666274,0.007776849,0.3159133,0.72184354,0.34984824,1,Stable,True,Materials,-0.015447989168861321
2024-12-19,PPL,30.538366317749023,True,2025-06-17,2024-12-20,2025-06-17,0.039474784487727364,0.04822060259210837,32.42082977294922,0.23312864,0.02924849,0.018611941,0.18895742,0.10392842,47.216305,-0.044006027,-0.2032776,-0.044171214,-0.012188315,-0.14334542,0.1017264,0.20839061,-0.07217526,1,Stable,True,Utilities,-0.011468884346210847
2024-12-19,PRU,105.62499237060547,True,2025-06-17,2024-12-20,2025-06-17,-0.10930200540943678,-0.10055618730505578,96.94544982910156,0.15671723,1.1115165,-0.034649808,0.003813984,-0.06534167,48.285656,-0.045223765,-0.028205879,-0.15290324,-0.013978869,0.015654072,-0.0035751574,0.28864112,-0.03385811,1,Stable,True,Financials,-0.0179416403496488
2024-12-19,PSA,272.3061218261719,True,2025-06-17,2024-12-20,2025-06-17,-0.0017324370175232206,0.007013381086857784,281.9591369628906,0.020378811,0.23093216,-0.1131649,0.04023479,-0.029701948,35.564007,0.065200984,-0.22800586,0.019855978,0.11069918,-0.20326437,0.15747663,0.45261183,0.051332317,1,Stable,True,Real Estate,-0.007351630660299577
2024-12-19,PSX,104.17767333984375,True,2025-06-17,2024-12-20,2025-06-17,0.14077913757484342,0.14952495567922441,119.77655029296875,-0.1482503,0.5706657,-0.15694366,-0.20347385,-0.29664373,38.189728,-0.017875507,0.06083204,-0.055223554,0.012414396,0.11775096,0.07117137,0.58347344,0.12963104,1,Stable,True,Energy,-0.020185293813849297
2024-12-19,PTC,187.1300048828125,True,2025-06-17,2024-12-20,2025-06-17,-0.11563356123286227,-0.10688774312848126,167.52999877929688,0.088091694,1.0834008,0.02522664,0.03375318,-0.035952352,55.014378,-0.069299705,0.028278649,-0.054338515,-0.03399397,0.07114296,0.086974755,0.35853523,-0.08010514,1,Stable,True,Information Technology,-0.012916884425758219
2024-12-19,REG,68.23675537109375,True,2025-06-17,2024-12-20,2025-06-17,-0.03976094489497593,-0.03101512679059493,67.38034057617188,0.13600628,0.28953707,0.031675503,0.19249654,0.106900655,51.556763,-0.028856896,-0.18277563,0.056490257,0.0044889254,-0.12221999,0.18673432,0.626291,0.09872192,1,Stable,True,Real Estate,-0.008362946066308767
2024-12-19,REGN,701.62890625,True,2025-06-17,2024-12-20,2025-06-17,-0.281714871644662,-0.272969053540281,505.49639892578125,-0.16518353,0.80908835,-0.2852051,-0.32995585,-0.46956006,23.137583,0.2659269,0.016810209,-0.16477232,0.3607474,0.068933785,-0.081664175,0.2733547,0.34621993,1,Stable,True,Health Care,0.01005199004047715
2024-12-19,RF,21.78589630126953,True,2025-06-17,2024-12-20,2025-06-17,-0.08209961819050592,-0.07335380008612491,20.710594177246094,0.25242713,0.97528,0.0068116644,0.18777749,0.10293551,52.759785,-0.14696746,-0.15031287,-0.06464964,-0.11927088,-0.09114892,0.08520467,0.21619704,-0.046095483,1,Stable,True,Financials,-0.007716566713634576
2024-12-19,RJF,147.33262634277344,True,2025-06-17,2024-12-20,2025-06-17,-0.050465660982594515,-0.04171984287821351,145.1072540283203,0.34705365,0.7608666,0.13876286,0.22902954,0.13707648,62.502243,-0.28016195,-0.018666372,-0.11802411,-0.22979045,0.028850675,0.04650928,0.32152435,-0.07906426,1,Stable,True,Financials,-0.012407632786714638
2024-12-19,RMD,227.6721954345703,True,2025-06-17,2024-12-20,2025-06-17,0.04994480617790877,0.05869062428228978,246.95669555664062,0.34659305,0.65684295,-0.0017356467,0.24444012,0.14953732,47.84149,-0.0052657127,-0.28044936,-0.10215293,0.028006952,-0.21120419,0.059312113,-0.12634861,-0.27220878,1,Stable,True,Health Care,-0.010265739913963616
2024-12-19,ROL,45.92424011230469,True,2025-06-17,2024-12-20,2025-06-17,0.20090271300675147,0.20964853111113246,55.445831298828125,0.12037069,0.35521913,-0.044029076,-0.020872522,-0.09024183,43.945793,0.02171361,-0.04999155,-0.14124322,0.056585133,-0.008251697,0.003451094,0.14289801,0.008299439,1,Stable,True,Industrials,-0.017680715281026483
2024-12-19,ROP,514.88427734375,True,2025-06-17,2024-12-20,2025-06-17,0.06526982425901896,0.07401564236339997,556.8624267578125,-0.03122523,0.9345665,-0.051804915,-0.070124395,-0.14185286,45.118847,-0.003216397,0.022926606,-0.038899165,0.030102909,0.06851163,0.097222805,0.18109371,0.16221045,1,Stable,True,Information Technology,-0.017987794156876062
2024-12-19,ROST,145.57266235351562,True,2025-06-17,2024-12-20,2025-06-17,-0.13822914093540706,-0.12948332283102607,127.88958740234375,0.09849993,0.5691006,0.008070278,0.022454726,-0.046942063,49.970245,0.09557763,-0.054732688,-0.07604521,0.12767169,-0.010861605,0.066464916,-0.2578335,0.30307925,1,Stable,True,Consumer Discretionary,-0.013275918368233174
2024-12-19,RSG,200.0911407470703,True,2025-06-17,2024-12-20,2025-06-17,0.219819062544406,0.228564880648787,245.55979919433594,0.2675367,0.4100518,-0.00029889814,0.06339849,-0.007678491,51.833473,-0.041018505,-0.06315699,-0.20413822,-0.008388834,-0.01707333,-0.037401382,0.5681019,0.02590565,1,Stable,True,Industrials,-0.013275918368233174
2024-12-19,RTX,112.13042449951172,True,2025-06-17,2024-12-20,2025-06-17,0.2789621378626972,0.2877079559670782,145.6668243408203,0.43029496,0.32307014,-0.013063024,0.17223567,0.08976436,43.398483,0.008940367,-0.21214539,-0.2580593,0.042753257,-0.1554856,-0.060763806,0.2735299,-0.17749625,1,Stable,True,Industrials,-0.007288391902823797
2024-12-19,RVTY,110.00776672363281,True,2025-06-17,2024-12-20,2025-06-17,-0.17109859790347146,-0.16235277979909046,93.83159637451172,0.058206838,0.79882956,-0.06269803,0.07451995,0.002725605,41.11171,0.086884625,-0.16858959,0.01631311,0.12506624,-0.12651174,0.15350232,-0.20767663,0.1304601,1,Stable,True,Health Care,-0.0025576274595133022
2024-12-19,SBAC,190.44326782226562,True,2025-06-17,2024-12-20,2025-06-17,0.12502888518925107,0.13377470329363206,221.72511291503906,-0.18836725,-0.012976673,-0.1141811,0.053993825,-0.016561802,34.887577,0.07340964,-0.2219498,0.24236107,0.118035085,-0.19230141,0.39949805,1.4126227,-0.067199685,1,Stable,True,Real Estate,-0.005601215228202365
2024-12-19,SCHW,72.01532745361328,True,2025-06-17,2024-12-20,2025-06-17,0.1962331588952181,0.2049789769995991,87.59025573730469,0.07127104,0.59107184,0.055472493,0.0101845795,-0.059015326,60.260483,-0.2385465,0.14335091,-0.06108646,-0.19819048,0.17685363,0.07949137,0.2880654,-0.12559333,1,Stable,True,Financials,-0.010660987905469784
2024-12-19,SHW,336.9537048339844,True,2025-06-17,2024-12-20,2025-06-17,-0.04634638854057725,-0.037600570436196246,327.21075439453125,0.12382127,0.7140023,-0.05412648,0.16197535,0.08097306,41.988506,0.021351226,-0.26210833,0.03815408,0.056934312,-0.21147463,0.17159086,0.1954793,0.026049424,1,Stable,True,Materials,-0.0016304125862105219
2024-12-19,SJM,101.58023834228516,True,2025-06-17,2024-12-20,2025-06-17,-0.13146158800047034,-0.12271576989608933,89.86711120605469,-0.09070914,0.08190105,-0.05744276,0.004857371,-0.06430278,42.28644,0.041576132,-0.07418165,0.09556651,0.077188306,-0.032534882,0.23814002,-0.25489616,0.3851004,1,Stable,True,Consumer Staples,-0.012624614037724472
2024-12-19,SLB,35.38207244873047,True,2025-06-17,2024-12-20,2025-06-17,-0.01397753101494535,-0.005231712910564346,35.12067794799805,-0.28577152,0.8735814,-0.145455,-0.19735658,-0.28899312,40.81142,-0.035103276,0.08575666,0.08841494,-0.006830409,0.14566673,0.25491178,0.5026684,0.008123828,1,Stable,True,Energy,-0.018558368649319822
2024-12-19,SNA,322.4129638671875,True,2025-06-17,2024-12-20,2025-06-17,-0.10300724677665526,-0.09426142867227426,297.1934509277344,0.20151094,0.8652249,0.11498349,0.33127618,0.21698962,64.97693,-0.248397,-0.13354114,0.12976524,-0.19893831,-0.061550602,0.24076226,0.001998056,0.10490116,1,Stable,True,Industrials,0.0006519883396584781
2024-12-19,SO,77.23272705078125,True,2025-06-17,2024-12-20,2025-06-17,0.07646191812117932,0.08520773622556033,84.92039489746094,0.18986125,-0.12188281,-0.050313823,0.07974549,0.00757696,40.634388,0.0068015456,-0.1569119,-0.11011577,0.040827595,-0.112876594,0.041092783,-0.012392708,-0.01997316,1,Stable,True,Utilities,-0.00478094928217955
2024-12-19,SPG,157.52560424804688,True,2025-06-17,2024-12-20,2025-06-17,-0.06957874619313296,-0.060832928088751966,149.99688720703125,0.22581264,0.74531054,0.030354368,0.18329526,0.09915475,50.892666,-0.06609773,-0.17078324,-0.04251738,-0.034024917,-0.11171363,0.10290326,0.2692557,0.19437441,1,Stable,True,Real Estate,-0.008362946066308767
2024-12-19,SPGI,453.8056335449219,True,2025-06-17,2024-12-20,2025-06-17,0.013819450411090574,0.022565268515471578,469.0529479980469,0.122952655,0.6149033,-0.028148903,0.09405189,0.020739743,44.59035,0.021997686,-0.14728972,-0.028900765,0.05645317,-0.10044038,0.11213075,0.37916085,0.097820744,1,Stable,True,Financials,-0.009584125637074566
2024-12-19,SRE,82.01515197753906,True,2025-06-17,2024-12-20,2025-06-17,-0.14757432791267042,-0.13882850980828942,71.37732696533203,0.18167356,0.32901576,0.03749907,0.16229062,0.08124434,52.512287,-0.12108366,-0.11244808,-0.019382939,-0.08906197,-0.057597436,0.121665165,0.049945835,0.2022569,1,Stable,True,Utilities,-0.008014846875285019
2024-12-19,STE,201.69227600097656,True,2025-06-17,2024-12-20,2025-06-17,0.13950963696755495,0.14825545507193594,235.16436767578125,-0.0582042,0.3293173,-0.100265086,-0.060287103,-0.13132927,35.95959,0.09611139,-0.07309154,-0.002082903,0.13865805,-0.03681715,0.13599005,0.1926274,0.16860697,1,Stable,True,Health Care,-0.01833217805152339
2024-12-19,STT,90.86666870117188,True,2025-06-17,2024-12-20,2025-06-17,-0.010634524123740092,-0.0018887060193590877,93.33739471435547,0.27320755,0.77680385,0.08746224,0.30841222,0.19966596,58.83894,-0.08627547,-0.22087766,0.03520468,-0.049170624,-0.140746,0.16547915,-0.063777804,0.08280529,1,Stable,True,Financials,-0.006561409476905303
2024-12-19,STZ,216.8306427001953,True,2025-06-17,2024-12-20,2025-06-17,-0.29528121708484717,-0.28653539898046615,155.09616088867188,-0.04303819,0.19060743,-0.06448247,-0.106583215,-0.18185048,39.287155,0.041865073,0.011746399,-0.063545026,0.078698024,0.05721716,0.069493845,1.0432385,0.20838623,1,Stable,True,Consumer Staples,-0.018685748252454882
2024-12-19,SWK,74.26152038574219,True,2025-06-17,2024-12-20,2025-06-17,-0.2085870786732018,-0.19984126056882082,61.34360885620117,-0.15232582,0.76710945,-0.1571945,0.039351635,-0.030551303,28.531069,0.17919219,-0.28009573,0.19167745,0.24537298,-0.26985836,0.34206015,0.48922035,0.10407206,1,Stable,True,Industrials,-0.02681308196744899
2024-12-19,SYK,351.1567077636719,True,2025-06-17,2024-12-20,2025-06-17,0.02005884335252696,0.028804661456907965,368.8179626464844,0.23489071,0.57407546,-9.8049175e-05,0.063699365,-0.0073955916,49.966423,-0.069645375,-0.06805308,-0.17119135,-0.039032504,-0.021960918,-0.011025538,0.50935084,-0.03691885,1,Stable,True,Health Care,-0.013275918368233174
2024-12-19,SYY,72.92603302001953,True,2025-06-17,2024-12-20,2025-06-17,-0.030928934684409146,-0.02218311658002814,71.69953155517578,0.072911136,0.22404614,0.013030139,0.110924624,0.03604427,49.120518,0.03566857,-0.106935374,0.038013488,0.06839466,-0.05705624,0.17302115,-0.174627,-0.008577965,1,Stable,True,Consumer Staples,-0.012161232749548055
2024-12-19,T,20.851608276367188,True,2025-06-17,2024-12-20,2025-06-17,0.2351290045271947,0.2438748226315757,26.143644332885742,0.44296533,-0.19773282,0.0765194,0.22249182,0.13174285,52.74718,-0.07167536,-0.16220504,-0.22047351,-0.036509003,-0.098196715,-0.027604878,0.16281585,0.11475762,1,Stable,True,Communication Services,-0.005750675764780657
2024-12-19,TAP,55.30741882324219,True,2025-06-17,2024-12-20,2025-06-17,-0.16325865425448965,-0.15451283615010866,47.311851501464844,-0.029601667,0.33589157,0.06036406,0.177111,0.09391474,52.774876,-0.10356997,-0.0951818,0.20671266,-0.06713977,-0.040162284,0.3313159,-0.1693972,-0.06433779,1,Stable,True,Consumer Staples,-0.005503027093812497
2024-12-19,TDG,1179.04736328125,True,2025-06-17,2024-12-20,2025-06-17,0.10819179533534765,0.11693761343972865,1333.675048828125,0.33257985,1.0708716,-0.009917565,0.062036645,-0.008959965,44.98489,0.04036449,-0.1279133,-0.27054322,0.07578788,-0.08418011,-0.08872424,0.32059306,0.44347405,1,Stable,True,Industrials,-0.012205561271157298
2024-12-19,TDY,464.95001220703125,True,2025-06-17,2024-12-20,2025-06-17,0.041334425654815064,0.05008024375919607,490.6499938964844,0.08425447,0.62972933,0.058973946,0.21425402,0.12498152,55.14151,-0.08421522,-0.14172974,0.12999955,-0.048290484,-0.079959795,0.25144142,0.032789167,0.06166344,1,Stable,True,Information Technology,-0.005503027093812497
2024-12-19,TEL,140.63018798828125,True,2025-06-17,2024-12-20,2025-06-17,0.14017353845725947,0.14891935656164046,161.32571411132812,0.03719961,0.9447518,-0.033692155,-0.022428064,-0.09183179,48.25754,-0.013680788,0.013744043,-0.059627675,0.019587593,0.058116555,0.078996345,0.99662024,-0.028414182,1,Stable,True,Information Technology,-0.02207463371814153
2024-12-19,TFC,39.33195877075195,True,2025-06-17,2024-12-20,2025-06-17,-0.08544163343533238,-0.07669581533095138,36.972537994384766,0.22012067,1.0004603,-0.00988906,0.110138655,0.035336528,52.096825,-0.109862834,-0.078881286,-0.10998201,-0.07916143,-0.02955101,0.043739296,-0.070669554,0.009690572,1,Stable,True,Financials,-0.010919673755172834
2024-12-19,TFX,171.49612426757812,True,2025-06-17,2024-12-20,2025-06-17,-0.3456481242071769,-0.33690230610279587,115.91120910644531,-0.3069675,0.551427,-0.21064076,-0.17064734,-0.2562582,28.866447,0.21791767,-0.114708796,0.13632016,0.2996351,-0.10470602,0.31777275,0.70282143,0.11242923,1,Stable,True,Unknown,-0.052811208854306346
2024-12-19,TJX,118.61455535888672,True,2025-06-17,2024-12-20,2025-06-17,0.005866697292911465,0.01461251539729247,121.14218139648438,0.3461564,0.6173051,0.04157802,0.103235476,0.029098812,55.206512,-0.01698144,-0.07406095,-0.2429209,0.01684664,-0.025335046,-0.060802083,0.4411515,0.10687769,1,Stable,True,Consumer Discretionary,-0.011487588080059737
2024-12-19,TMO,513.8456420898438,True,2025-06-17,2024-12-20,2025-06-17,-0.2626435115421229,-0.2538976934377419,388.8424377441406,-0.019018043,0.4287758,-0.09868795,-0.04488899,-0.1150761,34.312805,0.14614996,-0.09300484,-0.025870949,0.19008341,-0.05829402,0.111477636,0.017608784,0.43699467,1,Stable,True,Health Care,-0.024210872455815127
2024-12-19,TMUS,212.47103881835938,True,2025-06-17,2024-12-20,2025-06-17,0.003419288460397756,0.01216510656477876,217.33457946777344,0.41923413,0.40384877,0.04754845,0.22570461,0.13436748,54.615784,-0.1469742,-0.14958395,-0.19352952,-0.11336715,-0.08599818,-0.008397371,0.33166263,0.0030495396,1,Stable,True,Communication Services,-0.005290810166920838
2024-12-19,TRGP,166.33628845214844,True,2025-06-17,2024-12-20,2025-06-17,-0.040174516657214485,-0.03142869855283348,165.0865020751953,1.0450954,0.75192916,0.08785573,0.32767984,0.21428455,57.43633,-0.26360416,-0.21350366,-0.7174156,-0.23647714,-0.13116257,-0.2938074,0.8616596,0.1134985,1,Stable,True,Energy,-0.0009283135338001364
2024-12-19,TROW,104.45137023925781,True,2025-06-17,2024-12-20,2025-06-17,-0.19816001368575797,-0.18941419558137698,87.02760314941406,0.09029647,1.1273856,0.018077185,0.014544197,-0.054708946,55.22972,-0.09092389,0.04761945,-0.07575227,-0.05600559,0.09002367,0.06619392,0.34898826,0.18622752,1,Stable,True,Financials,-0.016327541503468584
2024-12-19,TRV,232.0767822265625,True,2025-06-17,2024-12-20,2025-06-17,0.09852637945410372,0.10727219755848473,260.2693176269531,0.30000058,0.5629685,0.017303718,0.18120441,0.0973862,51.05707,-0.081965074,-0.17111251,-0.11879617,-0.05114387,-0.11233818,0.042374026,0.066559106,0.18977162,1,Stable,True,Financials,-0.008540715738527197
2024-12-19,TSCO,50.93122863769531,True,2025-06-17,2024-12-20,2025-06-17,-0.055087430726835966,-0.04634161262245496,49.59564208984375,0.24188977,0.72364295,-0.039118912,-0.005928697,-0.07509474,42.18703,0.03796029,-0.05030924,-0.24781847,0.07291879,-0.0077797472,-0.08437644,0.45142546,0.12973094,1,Stable,True,Consumer Discretionary,-0.012000637449478978
2024-12-19,TSN,55.284210205078125,True,2025-06-17,2024-12-20,2025-06-17,-0.049103311340974884,-0.04035749323659388,52.88899612426758,0.1620992,-0.07297684,-0.035588443,0.030387068,-0.039213866,48.106327,-0.08463941,-0.01839526,-0.13171212,-0.053857774,0.026141055,0.01791064,0.07763032,0.014577094,1,Stable,True,Consumer Staples,-0.0179416403496488
2024-12-19,TT,372.44427490234375,True,2025-06-17,2024-12-20,2025-06-17,0.11569823070581998,0.12444404881020099,419.0260925292969,0.5745916,1.1218404,0.015491212,0.17809242,0.09474814,48.05429,-0.055580974,-0.20397776,-0.39649916,-0.025266103,-0.14596769,-0.15189527,0.085254356,0.052523512,1,Stable,True,Industrials,-0.011468884346210847
2024-12-19,TTWO,181.3800048828125,True,2025-06-17,2024-12-20,2025-06-17,0.29652429608539543,0.30527011418977645,237.52000427246094,0.13789217,0.72899663,0.124107584,0.17557853,0.092612006,65.9016,-0.22523469,0.027445942,0.037686363,-0.17381501,0.06723348,0.17078695,0.108026005,-0.05093079,1,Stable,True,Communication Services,-0.0046154404223447435
2024-12-19,TXT,75.71086883544922,True,2025-06-17,2024-12-20,2025-06-17,-0.00808050254924973,0.0006653155551312739,76.79044342041016,-0.05149021,1.0964967,-0.12357198,-0.111442536,-0.18730435,39.915752,0.039337642,-0.0014512166,-0.059952326,0.076873064,0.042520538,0.07291135,0.58080465,0.02860508,1,Stable,True,Industrials,-0.01667217720092286
2024-12-19,TYL,593.5999755859375,True,2025-06-17,2024-12-20,2025-06-17,-0.04980819802792523,-0.04106237992354422,580.5599975585938,0.43177593,0.4669259,0.016502865,0.18834078,0.10340964,52.199608,-0.035920594,-0.1649631,-0.24343514,-0.0022465086,-0.10529431,-0.048153408,-0.0667533,0.20595978,1,Stable,True,Information Technology,-0.008540715738527197
2024-12-19,UDR,39.35257339477539,True,2025-06-17,2024-12-20,2025-06-17,-0.04590567110789322,-0.03715985300351221,38.81919479370117,0.17648305,0.43717423,-0.020355795,0.054657865,-0.015931977,45.691425,0.019035917,-0.11699578,-0.12182519,0.053582482,-0.07342696,0.028891033,0.5545792,-0.22317472,1,Stable,True,Real Estate,-0.013275918368233174
2024-12-19,UHS,174.6669464111328,True,2025-06-17,2024-12-20,2025-06-17,-0.05301271197272404,-0.04426689386834303,171.02764892578125,0.16990644,0.43498197,-0.16787319,-0.03335307,-0.10307036,35.71521,0.16146211,-0.23718642,-0.20325951,0.2334367,-0.23737298,-0.05264162,1.0718763,-0.081123225,1,Stable,True,Health Care,-0.017917928246853083
2024-12-19,UNH,471.11669921875,True,2025-06-17,2024-12-20,2025-06-17,-0.3841242355208275,-0.37537841741644645,300.81365966796875,-0.051770426,0.17328127,-0.13881244,-0.0036024451,-0.07275734,41.215115,-0.034328967,-0.14420602,0.04816798,-0.007632643,-0.11217991,0.18775383,0.18751541,0.6612527,1,Stable,True,Health Care,-0.01628949356144485
2024-12-19,UNP,215.6956329345703,True,2025-06-17,2024-12-20,2025-06-17,-0.02276751552046972,-0.014021697416088717,215.69235229492188,-0.06000738,0.58641756,-0.06500683,0.0034319833,-0.06572229,42.512436,0.04673584,-0.08922574,0.06343936,0.08334229,-0.04897009,0.2035135,-0.0328937,0.23095042,1,Stable,True,Industrials,-0.010401292215058228
2024-12-19,UPS,109.56048583984375,True,2025-06-17,2024-12-20,2025-06-17,-0.19111462256255682,-0.18236880445817583,91.79310607910156,-0.2045178,0.47818112,-0.05642065,-0.07509856,-0.1472165,44.197174,-0.015573423,0.019205552,0.12941924,0.016851373,0.06470743,0.28894284,0.43943575,0.051142007,1,Stable,True,Industrials,-0.019099720461537035
2024-12-19,USB,44.09918212890625,True,2025-06-17,2024-12-20,2025-06-17,-0.09777956507573915,-0.08903374697135814,40.60501480102539,0.12288055,1.0000336,0.025516432,0.22163633,0.13104282,54.132812,-0.1368468,-0.15041824,0.09875578,-0.10319345,-0.08723971,0.22249804,0.46093345,-0.15453386,1,Stable,True,Financials,-0.007538797041416146
2024-12-19,V,310.7930603027344,True,2025-06-17,2024-12-20,2025-06-17,0.12133325468127544,0.13007907278565645,354.3773193359375,0.22038105,0.596766,0.11150413,0.20084834,0.11387987,64.48166,-0.1456764,-0.030805364,-0.01953271,-0.09948172,0.01816734,0.122069255,0.35381034,-0.109498955,1,Stable,True,Financials,0.0010192189998440573
2024-12-19,VICI,25.845073699951172,True,2025-06-17,2024-12-20,2025-06-17,0.1290818068720222,0.1378276249764032,29.94815444946289,-0.047102667,0.22322811,-0.09364495,0.041019924,-0.028947463,35.255333,0.024855502,-0.17324206,0.08812259,0.0617245,-0.13786533,0.22665317,0.54448575,-0.0030535092,1,Stable,True,Real Estate,-0.0059251035344203284
2024-12-19,VLO,113.6168212890625,True,2025-06-17,2024-12-20,2025-06-17,0.20670637831285033,0.21545219641723132,137.70101928710938,-0.08391619,0.42531988,-0.14708807,-0.2364158,-0.33888027,42.11121,-0.0600079,0.13870409,-0.15249962,-0.035336778,0.21106578,-0.043880314,0.9496314,0.0039210096,1,Stable,True,Energy,-0.0164617274950426
2024-12-19,VLTO,100.45925903320312,True,2025-06-17,2024-12-20,2025-06-17,-0.07198766562937896,-0.06324184752499795,96.81785583496094,0.21905637,0.6285514,-0.04708142,0.06246239,-0.008559171,41.39638,0.050744794,-0.1491696,-0.15659398,0.087558106,-0.10713288,0.00071626436,0.2833601,-0.02996889,1,Stable,True,Industrials,-0.007766845919793695
2024-12-19,VMC,257.517333984375,True,2025-06-17,2024-12-20,2025-06-17,-0.020318239128092372,-0.011572421023711366,256.69317626953125,0.16951631,1.0209752,0.010889247,0.0744353,0.002646831,54.09678,-0.10780502,-0.027427234,-0.09508101,-0.07517588,0.018296516,0.053409103,0.5002579,-0.18701455,1,Stable,True,Materials,-0.01403920296023025
2024-12-19,VRSK,272.2834167480469,True,2025-06-17,2024-12-20,2025-06-17,0.10427175157502545,0.11301756967940646,304.4638366699219,0.18240456,0.1547896,0.0062083146,0.030761154,-0.038850877,52.989346,-0.069723025,0.009958589,-0.15164341,-0.035860386,0.053770125,0.0009515211,0.34618235,-0.0016961456,1,Stable,True,Industrials,-0.01429511412901726
2024-12-19,VRSN,189.99159240722656,True,2025-06-17,2024-12-20,2025-06-17,0.42323135676093726,0.4319771748653183,279.6584167480469,-0.05703414,0.5778484,0.05508415,0.10090496,0.026984137,52.885677,0.0060200095,-0.04061114,0.15793909,0.039145965,0.006568633,0.29306185,-0.0043716277,-0.0064267037,1,Stable,True,Information Technology,-0.008273367313105014
2024-12-19,VRTX,396.6400146484375,True,2025-06-17,2024-12-20,2025-06-17,0.10382246658214268,0.11256828468652369,441.989990234375,-0.01612343,0.6851236,-0.16651867,-0.15832357,-0.24150802,41.29897,0.020045213,0.017297938,-0.14220014,0.056552425,0.064498544,-0.01790066,5.522636,0.32761273,1,Stable,True,Health Care,-0.01541511410946781
2024-12-19,VTR,55.04164505004883,True,2025-06-17,2024-12-20,2025-06-17,0.0751725628051351,0.0839183809095161,60.72509002685547,0.20137021,0.08939737,-0.046964798,0.14264865,0.06420055,40.745193,0.004537262,-0.24670236,-0.058721557,0.038535774,-0.19906865,0.08809033,0.6941693,0.056758314,1,Stable,True,Real Estate,-0.0011777323103824603
2024-12-19,VTRS,11.277649879455566,True,2025-06-17,2024-12-20,2025-06-17,-0.29010958939026477,-0.28136377128588375,8.365102767944336,0.2154519,0.62197655,0.030861149,0.16786675,0.0860304,54.10438,-0.15386374,-0.08172117,-0.047585145,-0.11927104,-0.028388426,0.09826699,0.06311062,-0.06525796,1,Stable,True,Health Care,-0.007538797041416146
2024-12-19,VZ,35.60597610473633,True,2025-06-17,2024-12-20,2025-06-17,0.07504276498250619,0.08378858308688719,38.55073165893555,0.13477325,-0.050850254,-0.041018497,-0.011541083,-0.08075659,39.83507,0.03550782,-0.07725915,-0.14631434,0.07171245,-0.03722982,0.00016308576,0.088807516,-0.07027432,1,Stable,True,Communication Services,-0.010687841765793507
2024-12-19,WAB,187.95448303222656,True,2025-06-17,2024-12-20,2025-06-17,0.03484577222120245,0.043591590325583456,199.73829650878906,0.5134511,1.1023997,0.06470165,0.22143127,0.13087495,54.380814,-0.06843496,-0.17804387,-0.29201984,-0.034354784,-0.113395706,-0.07616508,-0.019179434,0.094318055,1,Stable,True,Industrials,-0.005750675764780657
2024-12-19,WAT,360.6300048828125,True,2025-06-17,2024-12-20,2025-06-17,-0.08224646263237521,-0.07350064452799421,341.1000061035156,0.09623979,0.82969606,0.04633199,0.2756632,0.1743178,50.38265,-0.052682478,-0.21498671,0.1794234,-0.017460331,-0.1404042,0.28978437,-0.12163935,0.17486456,1,Stable,True,Health Care,-0.005290810166920838
2024-12-19,WEC,87.9094467163086,True,2025-06-17,2024-12-20,2025-06-17,0.11206743180421111,0.12081324990859212,99.84015655517578,0.16407393,-0.054615073,0.013732376,0.2221771,0.13148539,46.753963,-0.05488122,-0.22783785,0.058103174,-0.02329096,-0.1621555,0.18691206,0.3551715,-0.22818974,1,Stable,True,Utilities,-0.011468884346210847
2024-12-19,WELL,120.34912872314453,True,2025-06-17,2024-12-20,2025-06-17,0.2208373617988663,0.22958317990324728,149.0074005126953,0.40327165,0.20928033,0.0028303927,0.20295164,0.11562984,47.883904,-0.06281571,-0.23926245,-0.20032,-0.03391966,-0.17760958,-0.015824035,0.57733244,0.13856968,1,Stable,True,Real Estate,-0.011468884346210847
2024-12-19,WM,200.84341430664062,True,2025-06-17,2024-12-20,2025-06-17,0.1377589502154858,0.14650476831986678,230.6040496826172,0.17930487,0.48531395,-0.026863614,-0.011429586,-0.0806438,49.13626,-0.0503314,0.0043530925,-0.19073446,-0.018535651,0.048548866,-0.038216446,0.44169176,0.17282918,1,Stable,True,Industrials,-0.013695423855965888
2024-12-19,WMB,50.07992935180664,True,2025-06-17,2024-12-20,2025-06-17,0.10399808434377278,0.11274390244815378,56.70137023925781,0.56620616,0.6603951,0.09326641,0.26423505,0.16531883,59.560715,-0.26206964,-0.098820046,-0.3019711,-0.22124323,-0.037234873,-0.07598488,0.11203026,0.26813605,1,Stable,True,Energy,-0.005486232192318742
2024-12-19,WMT,91.92903900146484,True,2025-06-17,2024-12-20,2025-06-17,0.018328368969987477,0.027074187074368483,93.24530029296875,0.8231756,0.35693955,0.17738023,0.3911347,0.26097137,64.68481,-0.07624214,-0.24117222,-0.4320409,-0.0351154,-0.14623535,-0.13225594,-0.09148825,0.1481555,1,Stable,True,Consumer Staples,-0.005041083778946317
2024-12-19,WRB,55.94344711303711,True,2025-06-17,2024-12-20,2025-06-17,0.23732821605437962,0.2460740341587606,70.35836791992188,0.27149191,0.3819597,0.012033328,0.11859841,0.042928085,51.79178,-0.07757546,-0.07959729,-0.15289351,-0.044113483,-0.02966158,0.010089662,0.254099,-0.22624645,1,Stable,True,Financials,-0.012161232749548055
2024-12-19,WST,325.1951904296875,True,2025-06-17,2024-12-20,2025-06-17,-0.34968272291302716,-0.34093690480864614,217.20135498046875,-0.0851779,0.6314048,0.05836578,0.008899642,-0.06028812,54.616657,-0.029505834,0.06985865,0.09407754,0.0057516545,0.11110549,0.23609008,0.24588002,-0.26778686,1,Stable,True,Health Care,-0.010660987905469784
2024-12-19,WTW,304.5438232421875,True,2025-06-17,2024-12-20,2025-06-17,-0.06581645955391223,-0.05707064144953122,293.229736328125,0.32131478,0.2147718,0.065822445,0.20243922,0.11520378,53.30123,-0.0664551,-0.12823959,-0.11887556,-0.030376816,-0.06862122,0.043929018,-0.07381376,0.46209857,1,Stable,True,Financials,-0.005750675764780657
2024-12-19,WY,25.887117385864258,True,2025-06-17,2024-12-20,2025-06-17,-0.05373400316612607,-0.04498818506174506,24.985992431640625,-0.18644235,0.4326843,-0.12029029,1.8419897e-06,-0.06914655,35.537277,0.06227552,-0.16957217,0.1864442,0.10579749,-0.14165878,0.34454447,0.4582268,-0.07612687,1,Stable,True,Real Estate,-0.008501881611881973
2024-12-19,WYNN,86.82784271240234,True,2025-06-17,2024-12-20,2025-06-17,-0.02228717753728514,-0.013541359432904134,86.27281188964844,-0.026613723,0.70189357,0.013795102,0.01332945,-0.055907,44.009514,-0.084408656,0.039178304,0.039943174,-0.050112143,0.082089365,0.17841981,-0.112435564,-0.26137963,1,Stable,True,Consumer Discretionary,-0.012205561271157298
2024-12-19,XEL,63.06803894042969,True,2025-06-17,2024-12-20,2025-06-17,-0.010179161876967642,-0.001433343772586637,63.686309814453125,0.114296615,-0.11455277,0.061279338,0.28221676,0.17944203,52.043015,-0.08686054,-0.24389303,0.16792014,-0.053877555,-0.1668277,0.2785712,0.49382678,-0.06715714,1,Stable,True,Utilities,-0.005750675764780657
2024-12-19,XOM,99.7732162475586,True,2025-06-17,2024-12-20,2025-06-17,0.08768411988495108,0.09642993798933208,109.76760864257812,0.059414405,0.19030105,-0.08894561,-0.06721108,-0.13872473,37.850967,-0.049959496,-0.005917929,-0.12662548,-0.021923982,0.03779056,0.0109114945,0.24440368,0.18925354,1,Stable,True,Energy,-0.016905650925644142
2024-12-19,XYL,113.78549194335938,True,2025-06-17,2024-12-20,2025-06-17,0.06825964139456077,0.07700545949894178,123.29490661621094,0.05498217,1.01764,-0.107165515,-0.10996523,-0.18564314,37.87374,0.076770164,-0.016178139,-0.16494739,0.117689565,0.025810897,-0.03181447,0.03985291,0.27721554,1,Stable,True,Industrials,-0.017793512996681093
2024-12-19,YUM,126.6776123046875,True,2025-06-17,2024-12-20,2025-06-17,0.05911048287767996,0.06785630098206097,137.34886169433594,0.02084056,0.3865831,-0.02236621,0.014998532,-0.054261226,42.789707,0.0015555378,-0.030764755,-0.0058420273,0.03506355,0.013376106,0.13246495,0.21852674,-0.11741404,1,Stable,True,Consumer Discretionary,-0.010581381715906588
2024-12-19,ZBH,103.98031616210938,True,2025-06-17,2024-12-20,2025-06-17,-0.16290248759399314,-0.15415666948961215,89.03996276855469,-0.11066829,0.40722123,-0.02211391,0.00080386485,-0.068344854,48.778152,-0.027394101,-0.00507452,0.11147215,0.0055872146,0.03907177,0.25629264,0.9048739,-0.011110585,1,Stable,True,Health Care,-0.013275918368233174
2024-12-19,ZTS,158.88584899902344,True,2025-06-17,2024-12-20,2025-06-17,-0.02169205057010702,-0.012946232465726015,158.09486389160156,-0.16629873,0.337126,-0.102962025,-0.047993015,-0.1183313,36.247646,0.075056516,-0.096227154,0.11830571,0.11755469,-0.06240414,0.27090138,0.58404565,0.15375102,1,Stable,True,Health Care,-0.01833217805152339
2025-06-16,ABBV,183.53195190429688,True,2025-12-08,2025-06-17,2025-12-08,0.07768912166434366,0.22206985548601102,217.966552734375,0.1908813,0.5081165,0.01313947,0.1336304,0.09751969,47.36006,0.12839547,-0.22485599,-0.057250902,0.18301836,-0.25650632,0.029802881,-0.1865857,-0.26789117,1,Stable,True,Health Care,-0.010968135414067702
2025-06-16,ABT,130.3971710205078,True,2025-12-08,2025-06-17,2025-12-08,-0.2131487538857095,-0.06876802006404215,119.8624267578125,0.30960402,0.27919352,0.047830854,0.2038537,0.1576223,55.535896,-0.067784816,-0.14192945,-0.10575032,-0.015096177,-0.16086793,-0.0051257014,-0.11557182,-0.15240034,1,Stable,True,Health Care,-0.005118792746613079
2025-06-16,ACGL,91.13999938964844,True,2025-12-08,2025-06-17,2025-12-08,-0.1356175513240989,0.008763182497568467,90.94000244140625,-0.03341885,0.5754794,-0.013764451,0.024160035,-0.0040327315,46.866413,-0.022303374,-0.038329832,0.057578884,0.027980428,-0.07356664,0.1369341,0.44999528,-0.14354546,1,Stable,True,Financials,-0.013601240522022502
2025-06-16,ACN,306.45086669921875,True,2025-12-08,2025-06-17,2025-12-08,-0.28602448786448154,-0.14164375404281418,261.1192626953125,0.11965593,0.76543754,-0.050953493,-0.14759469,-0.18759869,51.08965,-0.06035431,0.19737262,-0.26725063,-0.008347129,0.17284912,-0.1936433,0.021058904,-0.11594166,1,Stable,True,Information Technology,-0.017636039915816738
2025-06-16,ADM,52.17490768432617,True,2025-12-08,2025-06-17,2025-12-08,-0.05511112499040126,0.0892696088312661,56.76957702636719,-0.06850554,0.42574874,0.13550317,0.12046232,0.08583585,60.04057,-0.084700756,0.05572713,0.18896785,-0.023873165,0.0131158605,0.2637777,1.7489926,-0.19352132,1,Stable,True,Consumer Staples,-0.00951573606174481
2025-06-16,ADP,299.5845947265625,True,2025-12-08,2025-06-17,2025-12-08,-0.2990726183623489,-0.1546918845406815,253.00274658203125,0.28428683,0.59059894,0.021135941,0.06785235,0.03774395,52.033386,-0.07119396,-0.02772417,-0.21643448,-0.020038288,-0.061728217,-0.10548281,0.052375514,-0.13027094,1,Stable,True,Industrials,-0.010866110896765273
2025-06-16,AEE,92.18343353271484,True,2025-12-08,2025-06-17,2025-12-08,-0.08451343729557445,0.0598672965260929,97.25910186767578,0.39275235,0.27656856,-0.0064462763,0.08620477,0.054784223,46.711403,0.019007789,-0.13074884,-0.30654758,0.07056287,-0.1636791,-0.16952085,-0.26934096,-0.067645535,1,Stable,True,Utilities,-0.0124502286807745
2025-06-16,AEP,98.03538513183594,True,2025-12-08,2025-06-17,2025-12-08,0.012913488166905546,0.1572942219885729,113.13292694091797,0.20215623,0.044676438,0.0072760563,0.13744877,0.10088231,49.078342,0.020960305,-0.16937569,-0.06470746,0.072284736,-0.19665822,0.023742326,0.12683848,-0.32464588,1,Stable,True,Utilities,-0.010968135414067702
2025-06-16,AFL,100.07051086425781,True,2025-12-08,2025-06-17,2025-12-08,-0.07457617648708068,0.06980455733458668,106.39929962158203,0.18873559,0.56350255,-0.020571603,0.025827039,-0.002406376,44.68767,0.016723223,-0.07562284,-0.16290855,0.06831075,-0.11200022,-0.068319775,0.038202267,0.0040858975,1,Stable,True,Financials,-0.011778551392588052
2025-06-16,AIG,83.44792175292969,True,2025-12-08,2025-06-17,2025-12-08,-0.23297716923616327,-0.08859643541449591,74.96874237060547,0.1747867,0.6400879,0.07903838,0.21403517,0.16604413,51.399136,-0.0075436104,-0.18798718,0.039248466,0.043484963,-0.20365784,0.11193434,-0.014308245,-0.21929736,1,Stable,True,Financials,-0.007748735007810466
2025-06-16,AIZ,197.0200958251953,True,2025-12-08,2025-06-17,2025-12-08,-0.017393862452498493,0.12698687136916886,220.10745239257812,0.20155591,0.75903213,-0.012905612,-0.03306098,-0.06152538,46.710358,0.045491476,-0.019995026,-0.23461689,0.09778627,-0.056318175,-0.13816588,-0.5605601,0.50987804,1,Stable,True,Financials,-0.013844201786657993
2025-06-16,AJG,312.80828857421875,True,2025-12-08,2025-06-17,2025-12-08,-0.388365429859846,-0.24398469603817863,236.33834838867188,0.2316186,0.3936461,-0.011740598,0.13785984,0.10124363,46.22591,-0.021599654,-0.19013262,-0.09375876,0.027809486,-0.2182604,-0.00010878593,0.117496446,-0.26689303,1,Stable,True,Financials,-0.008982745709667396
2025-06-16,ALL,195.67161560058594,True,2025-12-08,2025-06-17,2025-12-08,-0.12105496051939732,0.02332577330227004,198.81137084960938,0.26667985,0.5555492,0.019734465,0.062112037,0.03235388,46.968086,0.0051125176,-0.10781567,-0.20456782,0.056207296,-0.1424631,-0.0970685,-0.09378269,-0.23029388,1,Stable,True,Financials,-0.014237371853633747
2025-06-16,ALLE,135.03013610839844,True,2025-12-08,2025-06-17,2025-12-08,0.02164977855534539,0.16603051237701275,157.61122131347656,0.15561461,0.65687245,0.033183783,0.050004248,0.020888679,53.143154,-0.13160026,0.01954164,-0.10561037,-0.080433235,-0.016982744,-0.016766842,-0.2937601,-0.113125,1,Stable,True,Industrials,-0.011233003570002646
2025-06-16,AMCR,44.61164855957031,True,2025-12-08,2025-06-17,2025-12-08,-0.2347886104666422,-0.09040787664497485,40.04854202270508,-0.038513474,0.56017137,-0.022465639,0.003936105,-0.023977151,48.022453,0.02844017,-0.045093287,0.04244958,0.08009378,-0.08137919,0.12227439,-0.2495542,-0.14646833,1,Stable,True,Materials,-0.013077415946655934
2025-06-16,AME,177.5125732421875,True,2025-12-08,2025-06-17,2025-12-08,-0.005692083766453776,0.13868865005521358,198.6463165283203,0.03683907,0.85638404,0.011587415,-0.01565189,-0.043681204,50.81892,-0.03795699,0.032751027,-0.05249096,0.012831181,-0.0026924238,0.027118877,0.19042732,-0.082583405,1,Stable,True,Industrials,-0.013077415946655934
2025-06-16,AMGN,285.26824951171875,True,2025-12-08,2025-06-17,2025-12-08,-0.019934208966439132,0.12444652485522822,314.788818359375,0.013333151,0.43432894,0.035373047,0.15081333,0.1125634,48.415333,0.13852452,-0.20435558,0.13748017,0.18745682,-0.23092058,0.20629516,-0.19952306,-0.18508467,1,Stable,True,Health Care,-0.00888636166506937
2025-06-16,AMT,206.9842529296875,True,2025-12-08,2025-06-17,2025-12-08,-0.285335779473179,-0.14095504565151162,177.9411163330078,0.15489444,0.037490282,0.067956135,0.22851345,0.17789933,52.599453,-0.004102139,-0.20898353,0.07361901,0.046832554,-0.22188589,0.1408672,0.11837113,-0.22141305,1,Stable,True,Real Estate,-0.0065881883763108445
2025-06-16,ANSS,338.97,True,2025-12-08,2025-06-17,2025-12-08,,,,0.038542848,0.9068288,0.02341843,0.013423822,-0.01457101,53.171288,-0.06627186,0.030749545,-0.025119025,-0.014707632,-0.005531677,0.054587178,-0.2574112,0.4165663,1,Stable,True,Unknown,-0.013283140483820342
2025-06-16,AON,347.595458984375,True,2025-12-08,2025-06-17,2025-12-08,-0.163477343275334,-0.019096609453666646,341.70758056640625,0.19597565,0.39500654,-0.060384218,-0.006597358,-0.034524746,42.09725,0.074999675,-0.101227395,-0.202573,0.13158101,-0.14289618,-0.10651022,0.4784559,-0.07438031,1,Stable,True,Financials,-0.0104066266292737
2025-06-16,AOS,62.615211486816406,True,2025-12-08,2025-06-17,2025-12-08,-0.07147156783500037,0.07290916598666698,66.04195404052734,-0.21624759,0.56459624,-0.031964544,-0.050611053,-0.07984225,47.585075,-0.057007715,0.019700583,0.16563654,-0.009763077,-0.014884256,0.2707967,-0.27541003,0.37971544,1,Stable,True,Industrials,-0.018428102819041378
2025-06-16,APD,271.4170837402344,True,2025-12-08,2025-06-17,2025-12-08,-0.28126169730719386,-0.13688096348552647,231.441650390625,0.015879799,0.86658746,-0.035081334,-0.03170599,-0.06012504,47.045498,0.042171396,-0.005087629,-0.04758579,0.093715176,-0.04069076,0.031096738,-0.21827826,-0.17010376,1,Stable,True,Materials,-0.01735241432093708
2025-06-16,ATO,147.82662963867188,True,2025-12-08,2025-06-17,2025-12-08,-0.03536654612488442,0.10901418769678294,164.2222137451172,0.33961132,0.18518445,0.021811169,0.114562415,0.08055635,51.748077,-0.04410178,-0.100866064,-0.2250489,0.0063835643,-0.13028117,-0.10484636,-0.3019034,0.013637585,1,Stable,True,Utilities,-0.008301442023295904
2025-06-16,AVB,197.6241225646,True,2025-12-08,2025-06-17,2025-12-08,-0.2681799014214418,-0.12379916759977447,172.3896447692,0.075950705,0.6894392,-0.016448334,-0.030557271,-0.058939412,48.253494,0.00801873,0.018309806,-0.10650797,0.058949612,-0.016711898,-0.025167245,-0.16412076,0.12209483,1,Stable,True,Real Estate,-0.013077415946655934
2025-06-16,AVY,172.5072479248047,True,2025-12-08,2025-06-17,2025-12-08,-0.12537399499296928,0.019006738828698078,173.33474731445312,-0.21261413,0.61367476,-0.014811479,-0.043258213,-0.07212727,49.780872,-0.033677287,0.04488423,0.16935593,0.016663373,0.010423742,0.27388638,-0.3483474,-0.21785153,1,Stable,True,Materials,-0.014000428531488777
2025-06-16,AWK,135.96170043945312,True,2025-12-08,2025-06-17,2025-12-08,-0.22169696995773333,-0.07731623613606597,125.8515396118164,0.12209933,-0.21318223,0.034127418,0.14827855,0.11035837,50.09047,-0.0111627905,-0.15177633,0.026179217,0.03959904,-0.17719051,0.102133855,-0.020435149,-0.21081726,1,Stable,True,Utilities,-0.009099789365916638
2025-06-16,AZO,3603.169921875,True,2025-12-08,2025-06-17,2025-12-08,-0.09935276633771958,0.04502796748394777,3766.9599609375,0.27865845,0.23065706,0.015624462,0.120636046,0.08599089,48.34117,-0.056733295,-0.11229939,-0.1580224,-0.0070448406,-0.14101702,-0.052843735,0.01623343,0.09718255,1,Stable,True,Consumer Discretionary,-0.010968135414067702
2025-06-16,BALL,55.19377517700195,True,2025-12-08,2025-06-17,2025-12-08,-0.274987741596024,-0.13060700777435663,47.39384078979492,-0.15424319,0.54872763,0.07701737,0.019219521,-0.008868372,55.751335,-0.044596165,0.07075168,0.1734627,0.009088656,0.031691425,0.26563185,-0.12634388,0.005605965,1,Stable,True,Materials,-0.009574441346543994
2025-06-16,BDX,132.05856323242188,True,2025-12-08,2025-06-17,2025-12-08,-0.01711826337946573,0.12726247044220163,146.9962921142578,-0.25010213,0.5205345,-0.17865342,-0.22295427,-0.28016162,33.826744,0.24028048,-0.030277848,0.02714786,0.3298289,-0.07516751,0.11463347,-0.04804627,0.008638714,1,Stable,True,Health Care,-0.04246241063211542
2025-06-16,BG,83.39134216308594,True,2025-12-08,2025-06-17,2025-12-08,-0.05444654637963907,0.08993418744202829,90.26954650878906,-0.1540888,0.44724694,0.14065287,0.12775555,0.09232389,58.89971,-0.10954375,0.049081683,0.28184435,-0.046840306,0.007178411,0.36664158,0.63018817,0.040315587,1,Stable,True,Consumer Staples,-0.011283092758058224
2025-06-16,BIIB,131.0399932861328,True,2025-12-08,2025-06-17,2025-12-08,0.2813462409111471,0.4257269747328145,180.44000244140625,-0.43181723,0.62937605,-0.030216962,-0.11093023,-0.14548509,45.500515,0.11653146,0.03779392,0.320887,0.16929296,0.006208092,0.52680385,-0.28975675,-0.0619858,1,Stable,True,Health Care,-0.01691615401414557
2025-06-16,BMY,45.82696533203125,True,2025-12-08,2025-06-17,2025-12-08,-0.020709685677905418,0.12367104814376194,49.981136322021484,0.20376511,0.3115054,-0.097813636,-0.11668988,-0.15198447,39.34988,0.22676367,-0.06921818,-0.32045498,0.2965893,-0.11702575,-0.2304619,0.28291208,-0.104768,1,Stable,True,Health Care,-0.020383807404621066
2025-06-16,BR,234.1727752685547,True,2025-12-08,2025-06-17,2025-12-08,-0.18764390855771082,-0.043263174736043464,223.8260955810547,0.23737326,0.6652081,0.019389002,0.07416614,0.043639146,50.562,-0.031473223,-0.04826819,-0.16320711,0.019705076,-0.08139909,-0.06237483,-0.32740963,-0.07925145,1,Stable,True,Industrials,-0.010866110896765273
2025-06-16,BRK-B,490.2300109863281,True,2025-12-08,2025-06-17,2025-12-08,-0.11594108856735949,0.028439645254307866,497.2300109863281,0.19928083,0.58287066,-0.01074667,0.09100017,0.059189327,43.072655,0.025995955,-0.16381611,-0.10828066,0.078515895,-0.19812071,-0.015555926,-0.11577695,-0.09953679,1,Stable,True,Financials,-0.010443585480251854
2025-06-16,BRO,105.93574523925781,True,2025-12-08,2025-06-17,2025-12-08,-0.4236457810339107,-0.2792650472122433,77.05717468261719,0.19064416,0.3911985,-0.039775874,0.050114393,0.020993572,41.153442,0.06303916,-0.15466742,-0.14052977,0.118896306,-0.19475406,-0.04652408,0.0778177,0.66643876,1,Stable,True,Financials,-0.010057331292367053
2025-06-16,BSX,101.48999786376953,True,2025-12-08,2025-06-17,2025-12-08,-0.2219390426655175,-0.07755830884385016,93.83999633789062,0.31107083,0.7993833,0.01386246,0.14471006,0.10724585,49.385395,-0.042711295,-0.14490713,-0.16636077,0.0072051734,-0.17077115,-0.056621566,0.18553369,0.04748136,1,Stable,True,Health Care,-0.010968135414067702
2025-06-16,CAG,19.654956817626953,True,2025-12-08,2025-06-17,2025-12-08,-0.31919278035176246,-0.17481204653009508,16.181486129760742,-0.20803492,0.091849595,-0.12574166,-0.1713801,-0.21589926,37.342335,0.093859226,0.017468825,0.036654815,0.15606451,-0.014560029,0.12431553,0.43582237,0.11553043,1,Stable,True,Unknown,-0.019369421290785126
2025-06-16,CAH,160.24942016601562,True,2025-12-08,2025-06-17,2025-12-08,0.06924098293393288,0.21362171675560024,197.47586059570312,0.6698268,0.48591116,0.20610946,0.39922318,0.30801168,64.987305,-0.17199148,-0.17433052,-0.27060363,-0.10043961,-0.16848668,-0.09773141,0.07859365,-0.24443774,1,Stable,True,Health Care,0.02001888654987382
2025-06-16,CB,284.6986389160156,True,2025-12-08,2025-06-17,2025-12-08,-0.09705858446146817,0.047322149360199184,295.4333801269531,0.10698193,0.31750563,0.019273339,0.055435747,0.02604818,47.80075,-0.00069719367,-0.07830514,-0.051546186,0.05015046,-0.11251135,0.03138766,-0.1588643,-0.12193082,1,Stable,True,Financials,-0.011746875716110206
2025-06-16,CBOE,223.46865844726562,True,2025-12-08,2025-06-17,2025-12-08,-0.021005492581457966,0.12337524124020939,252.0679473876953,0.34087342,-0.088280305,0.057893496,0.16510837,0.12490857,52.29504,-0.0071043335,-0.1391576,-0.17576505,0.04391551,-0.16261703,-0.06143582,-0.31355992,-0.15025201,1,Stable,True,Financials,-0.005118792746613079
2025-06-16,CCI,94.45612335205078,True,2025-12-08,2025-06-17,2025-12-08,-0.21488494959998458,-0.07050421577831723,87.6280746459961,0.06773234,0.13073207,0.04213797,0.121324316,0.08660488,49.283867,0.021225149,-0.1646043,0.053591974,0.072807044,-0.1941776,0.1280446,0.59537643,-0.12242211,1,Stable,True,Real Estate,-0.008038318807831249
2025-06-16,CF,98.11863708496094,True,2025-12-08,2025-06-17,2025-12-08,-0.38150754932466063,-0.23712681550299328,76.14494323730469,0.37243947,0.4914668,0.2109065,0.21635793,0.16795556,67.6111,-0.16969226,0.100976035,-0.15608154,-0.087036625,0.0443262,-0.041657418,1.0577024,0.017899254,1,Stable,True,Materials,-0.004363404791795441
2025-06-16,CHD,96.23217010498047,True,2025-12-08,2025-06-17,2025-12-08,-0.29011623543013615,-0.1457355016084688,80.83746337890625,-0.070309736,0.0937251,-0.051432487,-0.070661135,-0.10118738,43.62251,0.112808324,-0.021587841,-0.00035139918,0.16800022,-0.058925986,0.07869324,-0.09416741,0.21488547,1,Stable,True,Consumer Staples,-0.019934178365490923
2025-06-16,CHRW,92.3989028930664,True,2025-12-08,2025-06-17,2025-12-08,0.5093703910268037,0.6537511248484711,152.365234375,0.13476013,0.7591686,-0.03322814,-0.09453314,-0.12721013,44.973297,-0.009297602,0.04592551,-0.22929326,0.041043535,0.014053188,-0.14665459,0.072359785,-0.19116116,1,Stable,True,Industrials,-0.019757325263506022
2025-06-16,CI,307.6249084472656,True,2025-12-08,2025-06-17,2025-12-08,-0.29205940043243683,-0.14767866661076948,260.5859069824219,-0.047564726,0.094041824,0.022488896,0.15541117,0.116550736,48.69089,0.0013785297,-0.17232317,0.2029759,0.052265484,-0.1969356,0.2722607,-0.28257892,-0.07369012,1,Stable,True,Health Care,-0.009099789365916638
2025-06-16,CINF,142.6275177001953,True,2025-12-08,2025-06-17,2025-12-08,-0.021092600843299197,0.12328813297836816,158.65008544921875,0.3226694,0.7048523,0.037571736,0.037627272,0.009031107,50.097733,-0.036888022,-0.028314445,-0.2850421,0.013631966,-0.0630896,-0.16364403,0.5083175,-0.33462867,1,Stable,True,Financials,-0.011500801800481915
2025-06-16,CL,87.38764190673828,True,2025-12-08,2025-06-17,2025-12-08,-0.2747009040053342,-0.13032017018366682,74.75102233886719,-0.012651922,0.099038534,-0.001503007,-0.019288152,-0.047382127,48.774815,-0.01597619,0.022987815,-0.0066362303,0.034818884,-0.012253262,0.07232733,0.15756625,-0.042172026,1,Stable,True,Consumer Staples,-0.013077415946655934
2025-06-16,CLX,117.21574401855469,True,2025-12-08,2025-06-17,2025-12-08,-0.3006054106596376,-0.15622467683797023,97.44329071044922,-0.02231605,0.24881293,-0.143088,-0.2325153,-0.29254228,40.103683,0.049366407,0.092593476,-0.21019925,0.106675,0.07848206,-0.16299665,0.1915827,0.0675953,1,Stable,True,Consumer Staples,-0.01673849651467159
2025-06-16,CMCSA,31.099851608276367,True,2025-12-08,2025-06-17,2025-12-08,-0.35724613688361795,-0.21286540306195056,24.07537269592285,-0.04074417,0.671614,-0.005233119,-0.04475189,-0.0736897,46.037426,0.018930878,0.015392724,-0.0040077195,0.070179954,-0.019437298,0.07488459,-0.026947377,-0.25772852,1,Stable,True,Communication Services,-0.014767214371490835
2025-06-16,CME,257.49237060546875,True,2025-12-08,2025-06-17,2025-12-08,-0.1369151039677061,0.007465629853961265,261.53839111328125,0.42833853,-0.038448054,0.047614817,0.16871282,0.12799747,51.871834,-0.035579704,-0.16047788,-0.2596257,0.014937416,-0.18312447,-0.121537626,0.46993002,-0.014746507,1,Stable,True,Financials,-0.005118792746613079
2025-06-16,CMS,66.94198608398438,True,2025-12-08,2025-06-17,2025-12-08,-0.10886692773839554,0.035513806083271815,68.90069580078125,0.19892485,0.122114636,-0.0047059325,0.07380164,0.04329975,46.19843,0.022201447,-0.12300742,-0.12512322,0.0739462,-0.1570856,-0.031148627,-0.1735711,-0.056361068,1,Stable,True,Utilities,-0.011632896736767331
2025-06-16,CNC,54.68000030517578,True,2025-12-08,2025-06-17,2025-12-08,-0.45452458424273956,-0.3101438504210722,37.880001068115234,-0.19243832,0.13024133,-0.08838178,-0.084240474,-0.115907006,44.701626,-0.032065824,0.0013823956,0.108197846,0.015275627,-0.033914275,0.20480564,0.26836243,-0.13457702,1,Stable,True,Health Care,-0.020301492213552087
2025-06-16,CNP,34.96915054321289,True,2025-12-08,2025-06-17,2025-12-08,-0.06534668430018373,0.07903404952148363,37.47065353393555,0.19243157,0.21842091,0.032805018,0.1468121,0.10908047,51.7635,-0.047643166,-0.14048009,-0.045619473,0.002363462,-0.16609664,0.040062733,-0.1985906,0.07041719,1,Stable,True,Utilities,-0.008301442023295904
2025-06-16,COR,289.7464599609375,True,2025-12-08,2025-06-17,2025-12-08,0.011853396772073338,0.1562341305937407,335.81646728515625,0.28193432,-0.010214227,0.10405997,0.29811433,0.23300715,56.355694,-0.0863183,-0.20393988,0.016180009,-0.031310473,-0.20633523,0.09161383,-0.19929582,-0.19618097,1,Stable,True,Health Care,-0.008459183031186951
2025-06-16,COST,977.2960205078125,True,2025-12-08,2025-06-17,2025-12-08,-0.23409257943241876,-0.0897118456107514,883.6200561523438,0.16706488,0.5724928,0.0036721025,0.033443265,0.00499067,54.605873,-0.1412104,0.06734131,-0.1336216,-0.08642461,0.027704287,-0.042524453,-0.002393159,-0.054250494,1,Stable,True,Consumer Staples,-0.018389614810315567
2025-06-16,CPB,29.963409423828125,True,2025-12-08,2025-06-17,2025-12-08,-0.17685519428656513,-0.03247446046489777,28.594959259033203,-0.21905427,0.22733322,-0.14195997,-0.209022,-0.26239064,37.683575,0.050332367,0.06691027,0.010032266,0.1078777,0.045781,0.0918358,0.75627935,0.4161898,1,Stable,True,Unknown,-0.02016535626543144
2025-06-16,CPRT,48.38999938964844,True,2025-12-08,2025-06-17,2025-12-08,-0.34417240366724844,-0.19979166984558105,38.40999984741211,-0.10189313,0.6437754,-0.14872782,-0.17211294,-0.21678406,42.349976,-0.14061855,0.070720196,-0.070219815,-0.119313344,0.046546623,-0.002341047,0.58852553,0.6940196,1,Stable,True,Industrials,-0.0181347394578472
2025-06-16,CPT,110.5830307006836,True,2025-12-08,2025-06-17,2025-12-08,-0.24120372300648793,-0.09682298918482057,99.65249633789062,0.12024256,0.61537224,0.0014735904,0.041289832,0.012554638,46.905254,-0.004982032,-0.06531381,-0.07895273,0.045746483,-0.10020012,0.005986221,-0.491109,-0.11578297,1,Stable,True,Real Estate,-0.012513661556112264
2025-06-16,CSCO,63.79739761352539,True,2025-12-08,2025-06-17,2025-12-08,0.0773132524185347,0.22169398624020206,77.72673797607422,0.47911802,0.9075801,0.079800025,0.15212144,0.11369944,54.769764,-0.05817381,-0.06423991,-0.32699656,-0.004093034,-0.09279542,-0.17076972,-0.015026656,-0.22942881,1,Stable,True,Information Technology,-0.006033924176260172
2025-06-16,CSX,32.10647964477539,True,2025-12-08,2025-06-17,2025-12-08,-0.0039646481096992925,0.14041608571196806,36.11995315551758,0.008959415,0.73474735,0.06004028,0.03953772,0.010870584,56.438805,-0.046659037,0.051031806,0.030578304,0.007137915,0.01250125,0.10892788,-0.2568178,0.040996984,1,Stable,True,Industrials,-0.00796404263527237
2025-06-16,CTAS,219.80763244628906,True,2025-12-08,2025-06-17,2025-12-08,-0.3139412629376366,-0.1695605291159692,181.5933380126953,0.29481712,0.6665611,0.087089956,0.22161269,0.17226633,57.506096,-0.13879159,-0.075485855,-0.07320443,-0.0782156,-0.09920626,0.020873696,-0.48881206,-0.26283646,1,Stable,True,Industrials,-0.0065881883763108445
2025-06-16,CTSH,78.03421783447266,True,2025-12-08,2025-06-17,2025-12-08,-0.12288171377123855,0.021499020050428804,79.27428436279297,0.22729588,0.88165283,0.018036975,0.015626876,-0.012399497,52.295227,-0.054123968,0.026417593,-0.211669,-0.002473442,-0.009744107,-0.11023596,0.70659035,-0.15490572,1,Stable,True,Information Technology,-0.013077415946655934
2025-06-16,CTVA,73.47737884521484,True,2025-12-08,2025-06-17,2025-12-08,-0.2627902422166056,-0.11840950839493823,64.79442596435547,0.44390815,0.7165436,0.17926274,0.32781082,0.25562605,63.801727,-0.11885911,-0.12501982,-0.11609733,-0.053185403,-0.13430957,-0.0047505796,-0.13622367,0.028675761,1,Stable,True,Materials,0.011307326464796732
2025-06-16,CVS,64.91899108886719,True,2025-12-08,2025-06-17,2025-12-08,0.01819344943309223,0.16257418325475959,74.78206634521484,0.18086767,0.36007467,0.11320452,0.5823995,0.43103683,51.090916,0.08621952,-0.5857788,0.40153182,0.13383667,-0.49775004,0.37176415,0.0066702664,-0.3182433,1,Stable,True,Health Care,-0.008956385251765883
2025-06-16,CVX,138.9470977783203,True,2025-12-08,2025-06-17,2025-12-08,-0.12291753119237422,0.02146320262929313,144.67018127441406,-0.010100285,0.7870378,-0.0035779937,0.058789436,0.029220682,41.514668,0.14311309,-0.16172875,0.06888972,0.19888377,-0.20118067,0.14634913,0.18773559,-0.03338853,1,Stable,True,Energy,-0.010077631126015224
2025-06-16,D,52.415096282958984,True,2025-12-08,2025-06-17,2025-12-08,-0.032627432462366074,0.11175330135930128,57.250511169433594,0.12937726,0.37948793,0.013820034,0.05784384,0.028327195,52.135746,-0.014271559,-0.05034703,-0.07153342,0.036597576,-0.08418657,0.013637628,-0.28365883,0.12787105,1,Stable,True,Utilities,-0.011746875716110206
2025-06-16,DG,110.80335235595703,True,2025-12-08,2025-06-17,2025-12-08,-0.03549299627361656,0.1088877375480508,122.53327941894531,-0.066670164,-0.15933959,0.34148943,0.5598835,0.41670558,64.67495,-0.18566477,-0.15957415,0.62655365,-0.09137745,-0.14334065,0.592679,-0.3115754,0.029726889,1,Stable,True,Consumer Staples,-0.011860325391728306
2025-06-16,DGX,178.12063598632812,True,2025-12-08,2025-06-17,2025-12-08,-0.1191951634579804,0.02518557036368696,179.4774932861328,0.3380371,0.31412977,0.09162198,0.2134161,0.16553406,58.135807,-0.07609444,-0.11428408,-0.124621004,-0.020880349,-0.1343415,-0.018692806,0.023894317,-0.2153681,1,Stable,True,Health Care,-0.0065831664184514745
2025-06-16,DHI,121.86620330810547,True,2025-12-08,2025-06-17,2025-12-08,0.13396463478990175,0.2783453686115691,151.08766174316406,-0.13089249,0.53382003,-0.041352075,-0.09348102,-0.12604885,47.857697,0.03732907,0.039452173,0.037411466,0.08956664,0.00717742,0.12121642,-0.28046247,-0.13799734,1,Stable,True,Consumer Discretionary,-0.020603951111728656
2025-06-16,DOC,15.849825859069824,True,2025-12-08,2025-06-17,2025-12-08,-0.13192936907584382,0.012451364745823534,15.925467491149902,-0.061554864,0.5073317,-0.08830933,-0.1038843,-0.13759129,37.87744,0.1212179,-0.03927683,-0.042329438,0.18318206,-0.080242336,0.03291641,-0.16949,0.12112008,1,Stable,True,Real Estate,-0.020719013283228924
2025-06-16,DPZ,445.85400390625,True,2025-12-08,2025-06-17,2025-12-08,-0.2287195797526814,-0.08433884593101404,412.1409912109375,-0.12947024,0.6562184,-0.005740627,0.07115662,0.040833488,48.368793,-0.057343155,-0.09226992,0.20062687,-0.009501651,-0.1255011,0.28646362,0.18181048,-0.12141616,1,Stable,True,Consumer Discretionary,-0.010866110896765273
2025-06-16,DRI,216.33590698242188,True,2025-12-08,2025-06-17,2025-12-08,-0.33195877588131695,-0.18757804205964956,175.77169799804688,0.57934713,0.6642803,0.14016855,0.24352507,0.19004461,56.711338,-0.075559184,-0.10602406,-0.33582205,-0.017870396,-0.12453906,-0.15999013,0.42146906,-0.0055176755,1,Stable,True,Consumer Discretionary,-0.01530870833899993
2025-06-16,DTE,128.86846923828125,True,2025-12-08,2025-06-17,2025-12-08,-0.15139873335787077,-0.007017999536203412,126.82049560546875,0.23358557,0.28285903,0.033128127,0.1458192,0.10821431,49.039566,-0.00802321,-0.16552031,-0.087766364,0.0426461,-0.19144028,0.0052661,0.2472686,-0.11078306,1,Stable,True,Utilities,-0.009099789365916638
2025-06-16,DUK,110.53180694580078,True,2025-12-08,2025-06-17,2025-12-08,-0.1231574261124335,0.021223307709233866,112.2809829711914,0.18193857,-0.0054874266,0.008717972,0.09756639,0.06518982,49.520943,0.023481727,-0.12844528,-0.084372185,0.07480526,-0.15988374,0.0050106943,0.053769253,-0.16407673,1,Stable,True,Utilities,-0.011683442840772442
2025-06-16,DVA,137.83999633789062,True,2025-12-08,2025-06-17,2025-12-08,-0.28693433603504703,-0.14255360221337965,117.05000305175781,-0.03398981,0.52859896,-0.0824639,-0.06574486,-0.09591124,43.43777,0.022901658,-0.00921654,-0.031755053,0.07532024,-0.04533679,0.045646466,-0.1410831,-0.12624851,1,Stable,True,Health Care,-0.0192961083507403
2025-06-16,EA,150.5086456957,True,2025-12-08,2025-06-17,2025-12-08,0.21226502397452615,0.3566457577961935,203.1463867398,0.119841464,0.3182227,0.0741633,0.024508603,-0.0036924453,52.98327,-0.057777468,0.03165516,-0.09533286,-0.005394035,-0.004992527,-0.009902758,-0.1647938,-0.14510776,1,Stable,True,Communication Services,-0.009256161061674798
2025-06-16,EBAY,76.72489929199219,True,2025-12-08,2025-06-17,2025-12-08,-0.0538174858585829,0.09056324796308446,83.3395767211914,0.4865492,0.569963,0.14980815,0.22556384,0.17549548,63.258522,-0.09003944,-0.04948522,-0.26098537,-0.028784178,-0.076638,-0.11398518,-0.050672438,-0.040069334,1,Stable,True,Consumer Discretionary,-0.011344494692832113
2025-06-16,ECL,262.6899719238281,True,2025-12-08,2025-06-17,2025-12-08,-0.15804422930056802,-0.013663495478900667,255.05055236816406,0.11205794,0.57870114,0.059991978,0.13288581,0.09686266,54.367573,-0.029151877,-0.076523215,0.020827875,0.02287982,-0.10535939,0.09762717,-0.2516281,-0.14769693,1,Stable,True,Materials,-0.0058182381379241355
2025-06-16,ED,97.5610580444336,True,2025-12-08,2025-06-17,2025-12-08,-0.1869022664214541,-0.04252153259978675,93.1552505493164,0.15388852,-0.1255696,0.011098678,0.1610434,0.12141355,46.476334,0.029654738,-0.21620397,0.007154882,0.08176777,-0.24148205,0.08525281,0.084146045,-0.09016222,1,Stable,True,Utilities,-0.01173492125406976
2025-06-16,EG,335.021240234375,True,2025-12-08,2025-06-17,2025-12-08,-0.21831024228664025,-0.07392950846497291,304.66351318359375,-0.072493985,0.545934,-0.025270175,-0.018126069,-0.04619789,45.30154,0.018561197,-0.020445948,0.054367915,0.069986105,-0.056465954,0.13603492,-0.15290776,-0.07124866,1,Stable,True,Financials,-0.012632032963297823
2025-06-16,ELV,368.783203125,True,2025-12-08,2025-06-17,2025-12-08,-0.2538259739547362,-0.10944524013306887,327.2528381347656,-0.27917638,0.14331847,-0.05746394,0.036280088,0.0077319304,43.322716,0.066918105,-0.16543663,0.31545648,0.1248977,-0.2093532,0.44206956,-0.051129535,0.031393275,1,Stable,True,Health Care,-0.011517678794981346
2025-06-16,EQIX,864.2699584960938,True,2025-12-08,2025-06-17,2025-12-08,-0.29978674952243267,-0.1554060157007653,728.8147583007812,0.1904682,0.8173273,0.016672397,-0.026037851,-0.05428837,55.430244,-0.028964967,0.07442381,-0.21650606,0.022847239,0.038211945,-0.121658236,0.1137657,-0.18349756,1,Stable,True,Real Estate,-0.02127085632022336
2025-06-16,ERIE,348.9857177734375,True,2025-12-08,2025-06-17,2025-12-08,-0.33872258722658,-0.1943418534049126,276.16558837890625,0.025438774,0.4262585,-0.08961033,-0.117832825,-0.15327923,42.057266,0.08092956,-0.0062320083,-0.1432716,0.13923417,-0.042512193,-0.07142301,0.09027298,-0.17726031,1,Stable,True,Financials,-0.01880165468499094
2025-06-16,ES,61.54191207885742,True,2025-12-08,2025-06-17,2025-12-08,-0.07700501002898893,0.06737572379267842,64.50440216064453,0.14493355,0.4136533,0.083303615,0.17974707,0.13739453,55.48624,-0.039433993,-0.121958666,0.034813523,0.012871913,-0.14454243,0.10902475,-0.20669,-0.14042297,1,Stable,True,Utilities,-0.006033924176260172
2025-06-16,ESS,271.7482604980469,True,2025-12-08,2025-06-17,2025-12-08,-0.23800884134054134,-0.09362810751887397,244.91433715820312,0.087283246,0.7457931,0.00052050664,0.039585434,0.010916481,46.120358,0.03571892,-0.08763502,-0.047697812,0.08769924,-0.12348703,0.034211144,-0.45809168,0.024222765,1,Stable,True,Real Estate,-0.012990720215948222
2025-06-16,ETR,79.2175064086914,True,2025-12-08,2025-06-17,2025-12-08,0.018146285747119767,0.16252701956878712,91.24739074707031,0.5724699,0.5004688,0.0024985722,0.113254175,0.07938188,48.271553,0.010421677,-0.140635,-0.4592157,0.06152229,-0.17047277,-0.26628885,-0.14327946,-0.34242585,1,Stable,True,Utilities,-0.010968135414067702
2025-06-16,EVRG,64.34735870361328,True,2025-12-08,2025-06-17,2025-12-08,-0.025001837402173405,0.11937889641949395,71.52537536621094,0.31924632,0.20840259,0.032687895,0.1332301,0.09716652,50.741745,0.015522188,-0.13428873,-0.18601622,0.066283375,-0.16155392,-0.07291727,-0.04418087,0.00045356492,1,Stable,True,Utilities,-0.009099789365916638
2025-06-16,EW,74.81999969482422,True,2025-12-08,2025-06-17,2025-12-08,0.006431379703978363,0.15081211352564572,84.31999969482422,-0.1475447,0.56483275,0.024877688,0.012038406,-0.01593901,53.940422,-0.095314726,0.04250709,0.1595831,-0.04386924,0.0057206517,0.2506723,-0.29176462,-0.12244377,1,Stable,True,Health Care,-0.012079953341683755
2025-06-16,EXC,41.19367218017578,True,2025-12-08,2025-06-17,2025-12-08,-0.10409869042894179,0.040282043392725564,42.56186294555664,0.27623746,0.0071480265,0.0052398206,0.16863808,0.1279335,48.31539,0.0023105145,-0.20292863,-0.10759938,0.053253923,-0.226154,-0.009005949,-0.34678656,-0.089298196,1,Stable,True,Utilities,-0.010968135414067702
2025-06-16,EXE,114.23371887207031,True,2025-12-08,2025-06-17,2025-12-08,-0.12848432461463896,0.015896409207028398,117.00847625732422,0.3949879,0.6139111,0.12259429,0.2713186,0.21214913,54.892048,-0.05095631,-0.1801062,-0.1236693,0.0030417796,-0.18818797,-0.013759807,0.06222453,-0.33513314,1,Stable,True,Energy,-0.012419769314756524
2025-06-16,EXPD,113.91957092285156,True,2025-12-08,2025-06-17,2025-12-08,0.16332611642965297,0.30770685025132033,147.2909698486328,-0.06934773,0.7912953,0.021942727,0.028043807,-0.0002477518,48.42355,-0.022524457,-0.026041098,0.09739154,0.028128274,-0.061079767,0.17859864,-0.28132322,-0.11522073,1,Stable,True,Industrials,-0.011897106165040333
2025-06-16,EXR,142.3394317626953,True,2025-12-08,2025-06-17,2025-12-08,-0.26554595119607005,-0.12116521737440267,124.18592834472656,0.013773446,0.6186436,0.018457547,0.069957,0.039712932,52.390858,-0.040070005,-0.037524957,0.056183558,0.011279721,-0.07112393,0.1330103,-0.047157217,-0.21042411,1,Stable,True,Real Estate,-0.010866110896765273
2025-06-16,FAST,41.14763641357422,True,2025-12-08,2025-06-17,2025-12-08,-0.15266486545621558,-0.00828413163454822,40.14018249511719,0.33822432,0.6514652,0.09569796,0.15392539,0.115263976,56.73545,-0.10735677,-0.02910509,-0.18429893,-0.049446274,-0.06096891,-0.06910282,-0.20805937,-0.31967363,1,Stable,True,Industrials,-0.006273133563868017
2025-06-16,FDS,414.2319641113281,True,2025-12-08,2025-06-17,2025-12-08,-0.4625828537294213,-0.31820211990775393,284.0313415527344,0.046838664,0.610102,-0.060403023,-0.13571598,-0.17375936,47.02836,-0.087764814,0.115684226,-0.18255463,-0.042961776,0.09019603,-0.11255737,-0.030448718,0.074409544,1,Stable,True,Financials,-0.017098876331826333
2025-06-16,FE,37.86128234863281,True,2025-12-08,2025-06-17,2025-12-08,0.005067550978115537,0.1494482847997829,43.44302749633789,0.073031396,0.13938735,-0.008231262,0.037660442,0.009063074,53.71931,-0.07762093,-0.027752668,-0.035370953,-0.029109534,-0.06253228,0.045552164,0.19332403,-0.029111434,1,Stable,True,Utilities,-0.012756487124016402
2025-06-16,FIS,78.40267944335938,True,2025-12-08,2025-06-17,2025-12-08,-0.32058476800739844,-0.17620403418573105,64.18883514404297,0.07218156,0.5997752,0.06573606,0.020680802,-0.007435673,55.019714,-0.07459875,0.07242874,-0.05150076,-0.019820645,0.03313387,0.02984573,-0.15029004,-0.21830471,1,Stable,True,Financials,-0.009331480081908504
2025-06-16,FRT,90.60962677001953,True,2025-12-08,2025-06-17,2025-12-08,-0.11770615660813696,0.02667457721353039,92.58890533447266,-0.011330702,0.8156237,-0.038287763,-0.1082833,-0.14251234,49.481922,-0.017497465,0.10219733,-0.0969526,0.033102814,0.07307954,-0.024140134,-0.32953373,-0.19859432,1,Stable,True,Real Estate,-0.017858286444391202
2025-06-16,GD,273.0476379394531,True,2025-12-08,2025-06-17,2025-12-08,0.06151354816885271,0.20589428199052007,331.6361999511719,-0.031347837,0.52110744,0.05323328,0.08472085,0.05341714,53.446728,-0.062039226,-0.027739942,0.11606869,-0.009623573,-0.061328717,0.19224364,-0.06319282,-0.3597205,1,Stable,True,Industrials,-0.007529551507898819
2025-06-16,GILD,108.01610565185547,True,2025-12-08,2025-06-17,2025-12-08,-0.014458524568234016,0.12992220925343334,118.93330383300781,0.7999274,0.369072,0.077361785,0.23394807,0.18231331,51.184307,0.034662873,-0.17966518,-0.56597936,0.08321345,-0.19278072,-0.2984562,-0.39731458,-0.10051663,1,Stable,True,Health Care,-0.007992966353277682
2025-06-16,GIS,49.79413604736328,True,2025-12-08,2025-06-17,2025-12-08,-0.2570786642041921,-0.11269793038252474,43.8110237121582,-0.14814772,0.1131647,-0.07552593,-0.14659382,-0.18642521,42.58454,0.04336732,0.07420407,0.0015538931,0.09655595,0.047953352,0.080893755,-0.11195036,-0.15828574,1,Stable,True,Consumer Staples,-0.018579408156416476
2025-06-16,GL,119.39143371582031,True,2025-12-08,2025-06-17,2025-12-08,-0.02573169417765081,0.11864903964401655,132.20639038085938,0.50127405,0.82059944,-0.003261557,0.14376275,0.10641796,45.016865,0.048271943,-0.20383123,-0.35751128,0.10094582,-0.23169443,-0.19291934,0.093380205,-0.22775142,1,Stable,True,Financials,-0.01208320202861132
2025-06-16,GPC,116.33129119873047,True,2025-12-08,2025-06-17,2025-12-08,-0.05208998018211439,0.09229075363955297,125.83381652832031,-0.12885776,0.6012181,0.014448926,0.06869472,0.03853248,51.582657,-0.062014427,-0.062467273,0.19755247,-0.012747396,-0.095652565,0.2834593,0.18908031,-0.25410104,1,Stable,True,Consumer Discretionary,-0.010866110896765273
2025-06-16,GWW,1060.4874267578125,True,2025-12-08,2025-06-17,2025-12-08,-0.22264571878215775,-0.07826498496049039,953.4661254882812,0.18088461,0.59953696,0.033954244,-0.00488103,-0.03279851,56.340538,-0.13030365,0.10808005,-0.18576564,-0.07482867,0.06768444,-0.092085525,-0.1637459,-0.36479273,1,Stable,True,Industrials,-0.014183032301115483
2025-06-16,HCA,366.10589599609375,True,2025-12-08,2025-06-17,2025-12-08,0.1605405213440649,0.30492125516573226,482.74249267578125,0.09230216,0.32073608,0.09923674,0.244087,0.1904964,56.355892,-0.15429947,-0.13678801,0.15178484,-0.09920037,-0.15190092,0.20918567,0.63681144,-0.16276138,1,Stable,True,Health Care,-0.009580765359116944
2025-06-16,HD,344.4031677246094,True,2025-12-08,2025-06-17,2025-12-08,-0.12892365637980593,0.01545707744186142,344.99847412109375,0.052147843,0.6425239,-0.05604974,-0.07013947,-0.1006262,48.65712,-0.066381894,0.07080688,-0.12228731,-0.017776154,0.03796517,-0.044483025,0.10609,-0.029899403,1,Stable,True,Consumer Discretionary,-0.022835571376762523
2025-06-16,HIG,123.69808197021484,True,2025-12-08,2025-06-17,2025-12-08,-0.10228212721832627,0.04209860660334108,128.56761169433594,0.2875221,0.59762543,0.06743307,0.18554164,0.14229423,52.270035,-0.09221056,-0.12958705,-0.10198046,-0.04051051,-0.15117726,-0.0034484714,0.029873136,-0.100518905,1,Stable,True,Financials,-0.006033924176260172
2025-06-16,HOLX,65.18,True,2025-12-08,2025-06-17,2025-12-08,0.022597750743346634,0.166978484565014,74.85,-0.10071744,0.34581017,0.026886584,-0.078858115,-0.11004673,53.309483,0.07938783,0.14720756,0.021859325,0.122541755,0.112833396,0.10308808,-0.48495862,0.21303307,1,Stable,True,Unknown,-0.016317847018260948
2025-06-16,HON,216.12538146972656,True,2025-12-08,2025-06-17,2025-12-08,-0.21562727690077418,-0.07124654307910683,198.66697692871094,0.09736347,0.8112716,0.049955294,-0.0019376399,-0.02984505,53.63523,-0.06259216,0.0699588,-0.099301115,-0.009529017,0.032324377,-0.015778698,-0.23633656,-0.24864674,1,Stable,True,Industrials,-0.008204000186454355
2025-06-16,HRL,28.496904373168945,True,2025-12-08,2025-06-17,2025-12-08,-0.33336673607961786,-0.18898600225795048,22.94347381591797,0.030820321,0.092216454,0.016464,-0.022468986,-0.05063079,52.781197,-0.038259868,0.052540094,-0.05328931,0.013013918,0.016930401,0.025991116,-0.33294562,0.056637872,1,Stable,True,Consumer Staples,-0.013609968694726172
2025-06-16,HSIC,70.76000213623047,True,2025-12-08,2025-06-17,2025-12-08,-0.10589731296488722,0.03848342085678014,72.86000061035156,0.06550216,0.5779062,-0.005446404,0.026250983,-0.0019931914,50.961357,-0.022304602,-0.021850625,-0.03925118,0.028407058,-0.05694433,0.041537426,0.13412187,-0.081542954,1,Stable,True,Health Care,-0.012223934375946164
2025-06-16,HSY,164.16439819335938,True,2025-12-08,2025-06-17,2025-12-08,-0.057344175664621105,0.08703655815704625,176.8400115966797,-0.06019041,0.07683679,0.04734195,0.02595528,-0.002281371,51.32339,0.030348852,0.018905746,0.08614569,0.07949622,-0.017162964,0.16677344,-0.098354235,-0.061965387,1,Stable,True,Consumer Staples,-0.006809287513518764
2025-06-16,HUM,231.1857452392578,True,2025-12-08,2025-06-17,2025-12-08,-0.0748524576003273,0.06952827622134006,253.62527465820312,-0.3239491,0.37895212,-0.09575081,0.0051229396,-0.022795668,44.016495,0.104130596,-0.12005378,0.32907203,0.16209474,-0.16262206,0.47566804,0.31676275,0.017121114,1,Stable,True,Health Care,-0.011979622486734377
2025-06-16,IBM,272.8442077636719,True,2025-12-08,2025-06-17,2025-12-08,-0.03861636254037501,0.10576437128129235,303.0074462890625,0.7181298,0.7120084,0.14989603,0.27543557,0.2153822,58.00168,-0.10948372,-0.10945901,-0.44269425,-0.047739983,-0.12515144,-0.21887736,0.045915797,-0.23261642,1,Stable,True,Information Technology,-0.010956743391975549
2025-06-16,ICE,177.5306854248047,True,2025-12-08,2025-06-17,2025-12-08,-0.27433905311983664,-0.12995831929816926,155.48138427734375,0.34087014,0.4737072,0.08803617,0.21916868,0.17026368,52.319504,-0.003844738,-0.19244038,-0.121701464,0.047112547,-0.20721456,-0.016078264,-0.1677534,-0.1817846,1,Stable,True,Financials,-0.0065881883763108445
2025-06-16,IFF,74.52705383300781,True,2025-12-08,2025-06-17,2025-12-08,-0.26277692477570674,-0.1183961909540394,64.23925018310547,-0.19287196,0.759042,-0.03389741,-0.09835286,-0.13143755,49.37567,0.020161139,0.0655825,0.0945191,0.07149417,0.034789994,0.18981223,-0.34106505,-0.16992964,1,Stable,True,Materials,-0.01955933457849293
2025-06-16,INCY,71.22000122070312,True,2025-12-08,2025-06-17,2025-12-08,0.26093826602133174,0.40531899984299913,96.69999694824219,0.18818824,0.57457393,0.070945255,0.062034056,0.03228046,59.05784,-0.05069474,0.113601446,-0.12615418,0.0067857504,0.066200174,-0.033172384,0.6763229,0.06268987,1,Stable,True,Health Care,-0.006647043713889959
2025-06-16,INVH,31.68390464782715,True,2025-12-08,2025-06-17,2025-12-08,-0.3341700181838897,-0.1897892843622223,25.785993576049805,-0.01538791,0.43159914,0.020095238,0.0708072,0.040507227,48.36905,-0.019170523,-0.08185173,0.08619511,0.03128926,-0.11494142,0.16299158,-0.31166804,0.038631618,1,Stable,True,Real Estate,-0.010866110896765273
2025-06-16,IT,409.1199951171875,True,2025-12-08,2025-06-17,2025-12-08,-0.5827517852875412,-0.43837105146587385,227.27999877929688,-0.061134603,0.8386239,-0.11247749,-0.14982754,-0.19022158,47.09503,-0.06433284,0.12678388,-0.08869293,-0.017254315,0.103580035,-0.020161614,-0.0020899791,0.12152894,1,Stable,True,Information Technology,-0.0168829946668942
2025-06-16,ITW,236.9823455810547,True,2025-12-08,2025-06-17,2025-12-08,-0.10288983369878776,0.04149090012287959,243.51332092285156,0.043714315,0.8333795,-0.018394023,-0.041481692,-0.07027215,47.28055,0.0018461458,0.012222476,-0.085196,0.052764215,-0.022751883,-0.0060811415,-0.24448718,-0.22872674,1,Stable,True,Industrials,-0.013077415946655934
2025-06-16,J,128.07376098632812,True,2025-12-08,2025-06-17,2025-12-08,-0.049068402066590563,0.09531233175507679,138.91819763183594,0.13181284,0.8436077,0.030935751,-0.017809443,-0.04587547,53.80681,-0.07080125,0.09540944,-0.14962229,-0.017096382,0.05728359,-0.06271929,0.124139875,-0.22239345,1,Stable,True,Industrials,-0.012079953341683755
2025-06-16,JKHY,177.9438934326172,True,2025-12-08,2025-06-17,2025-12-08,-0.13374665134639027,0.010634082475277085,179.52755737304688,0.1420081,0.38339004,0.031629518,0.033074744,0.0046340143,50.89455,-0.041707918,0.0006797761,-0.10893335,0.009681689,-0.034764897,-0.02117737,0.1120573,-0.12303169,1,Stable,True,Financials,-0.011714229501329183
2025-06-16,JNJ,150.6929931640625,True,2025-12-08,2025-06-17,2025-12-08,0.196933141206014,0.34131387502768135,198.4283905029297,0.10224458,0.054654047,0.013127134,0.09906529,0.06655455,47.31755,0.07418287,-0.13874945,-0.0031792894,0.12527424,-0.17037582,0.07618274,-0.07253848,-0.16725211,1,Stable,True,Health Care,-0.012451775606818632
2025-06-16,JNPR,36.02,True,2025-12-08,2025-06-17,2025-12-08,,,,0.038126137,0.34501526,0.0018154933,-0.014534922,-0.04254712,50.52729,0.003058146,0.016772754,-0.05266106,0.053910896,-0.01854577,0.027012393,-0.20487855,-0.3544393,1,Stable,True,Unknown,-0.013077415946655934
2025-06-16,K,79.1615995645,True,2025-12-08,2025-06-17,2025-12-08,-0.08941467505847009,0.054966058763197274,83.44,0.4052633,0.0378943,-0.012815449,0.013383196,-0.014611099,42.588776,0.0003580004,-0.031270973,-0.3918801,0.051228676,-0.06676681,-0.24785897,0.36413777,0.2893906,1,Stable,True,Unknown,-0.012582442373553675
2025-06-16,KDP,31.799116134643555,True,2025-12-08,2025-06-17,2025-12-08,-0.24792523244636963,-0.10354449862470227,28.30841636657715,0.011244832,0.21217003,0.003766834,0.036012087,0.0074732793,47.96264,-0.018109843,-0.039191626,0.024767255,0.03252956,-0.073986106,0.10326802,-0.17829148,-0.18564305,1,Stable,True,Consumer Staples,-0.012223934375946164
2025-06-16,KHC,24.168563842773438,True,2025-12-08,2025-06-17,2025-12-08,-0.16322841486465653,-0.018847681042989173,23.676265716552734,-0.17493512,0.27867252,-0.098357186,-0.119049504,-0.15465938,41.204903,0.06257283,0.00015100092,0.055885613,0.11947252,-0.035251305,0.14461069,0.13937716,0.11354463,1,Stable,True,Consumer Staples,-0.019785433482654154
2025-06-16,KIM,19.981651306152344,True,2025-12-08,2025-06-17,2025-12-08,-0.16949693565537302,-0.025116201833705665,19.34942626953125,0.1798292,0.7834939,-0.0071779885,-0.068938926,-0.09933593,49.887695,-0.03641597,0.08157672,-0.24876812,0.014240183,0.04856631,-0.15772879,-0.3516302,-0.2019061,1,Stable,True,Real Estate,-0.018878627702658468
2025-06-16,KMB,124.5709228515625,True,2025-12-08,2025-06-17,2025-12-08,-0.3369406912850055,-0.1925599574633381,99.24417114257812,0.001383055,0.119670115,-0.023336831,0.012367834,-0.015613553,45.65186,6.808713e-05,-0.06400478,0.010984779,0.050936013,-0.10073254,0.08998116,-0.14128703,0.021360386,1,Stable,True,Consumer Staples,-0.013844201786657993
2025-06-16,KMI,26.312875747680664,True,2025-12-08,2025-06-17,2025-12-08,-0.12907268015282766,0.015308053668839694,26.532161712646484,0.4573878,0.71593034,0.016801998,0.076876365,0.046159066,48.654057,-0.011782881,-0.08040142,-0.38051143,0.038969196,-0.11301857,-0.22350979,-0.02551979,-0.13779964,1,Stable,True,Energy,-0.010866110896765273
2025-06-16,KO,68.57781982421875,True,2025-12-08,2025-06-17,2025-12-08,-0.12045127584618062,0.023929457975486738,69.32269287109375,0.16325606,0.10380098,0.03839648,0.14564447,0.108061805,51.34746,-0.03240414,-0.12683223,-0.017611593,0.01854163,-0.15275255,0.06381559,0.10602991,-0.21399514,1,Stable,True,Consumer Staples,-0.008486465472298864
2025-06-16,KR,64.22057342529297,True,2025-12-08,2025-06-17,2025-12-08,-0.17331441875778228,-0.028933684936114923,62.30575942993164,0.3439779,-0.17451341,0.0107147815,0.09342107,0.061405852,50.31824,-0.06612478,-0.068545535,-0.25055683,-0.015831098,-0.1001629,-0.12725112,-0.02134057,-0.0711935,1,Stable,True,Consumer Staples,-0.011683442840772442
2025-06-16,KVUE,20.459819793701172,True,2025-12-08,2025-06-17,2025-12-08,-0.3452269896835914,-0.20084625586192403,16.19194793701172,0.25078538,0.2206781,-0.027986042,0.020613333,-0.0075017777,46.02879,-0.038331077,-0.0869142,-0.23017205,0.008944832,-0.12442745,-0.12429663,-0.17532723,0.17732924,1,Stable,True,Consumer Staples,-0.012783185849428927
2025-06-16,L,88.33857727050781,True,2025-12-08,2025-06-17,2025-12-08,0.005906993217080381,0.15028772703874774,101.23628997802734,0.1902494,0.6087584,0.027421039,0.086559825,0.05511105,48.277176,-0.013610179,-0.08108564,-0.10368957,0.0372357,-0.11298001,-0.0120749995,0.10158138,-0.048178606,1,Stable,True,Financials,-0.012054502785500394
2025-06-16,LDOS,146.70895385742188,True,2025-12-08,2025-06-17,2025-12-08,0.10084791098877682,0.24522864481044418,184.0909881591797,0.0392418,0.45493838,0.03953824,0.04118379,0.012452794,56.03297,-0.1674287,0.061141986,0.0019419901,-0.1138769,0.021641271,0.080938205,-0.17353593,-0.13281925,1,Stable,True,Industrials,-0.012016432728364144
2025-06-16,LEN,106.86345672607422,True,2025-12-08,2025-06-17,2025-12-08,0.0194847169506161,0.16386545077228346,118.83129119873047,-0.25958145,0.6634461,-0.06867487,-0.17594773,-0.22142684,46.35039,0.06268361,0.0920769,0.08363372,0.11704724,0.07050072,0.18608963,1.0128511,-0.16488439,1,Stable,True,Consumer Discretionary,-0.0168829946668942
2025-06-16,LH,261.2019958496094,True,2025-12-08,2025-06-17,2025-12-08,-0.1372153668368674,0.007165366984799969,258.5787658691406,0.36034933,0.6769174,0.099338576,0.16971377,0.12885354,58.25251,-0.061827354,-0.04692302,-0.19063556,-0.005775742,-0.07636444,-0.07191117,0.012562035,-0.07267989,1,Stable,True,Health Care,-0.006273133563868017
2025-06-16,LHX,243.81741333007812,True,2025-12-08,2025-06-17,2025-12-08,-0.011990284588868388,0.13239044923279897,279.5397644042969,0.15452528,0.40466052,0.1482879,0.18858637,0.14485915,63.35163,-0.10466705,-0.0022562444,0.03406109,-0.041500643,-0.037322767,0.10814673,0.0084449835,0.2604864,1,Stable,True,Industrials,-0.011034461838248653
2025-06-16,LIN,460.4025573730469,True,2025-12-08,2025-06-17,2025-12-08,-0.29373953547310416,-0.14935880165143678,386.8531494140625,0.088189736,0.64430106,0.039313395,0.11930601,0.084803335,51.11133,-4.4705346e-05,-0.09672133,0.031116277,0.050820507,-0.12579814,0.10726462,-0.21537305,-0.10559665,1,Stable,True,Materials,-0.008486465472298864
2025-06-16,LKQ,36.08466339111328,True,2025-12-08,2025-06-17,2025-12-08,-0.35180587261970325,-0.2074251387980359,27.930665969848633,-0.06030245,0.5258536,-0.035505947,0.07182359,0.041455954,46.204494,-0.04113563,-0.13689089,0.13212603,0.005868435,-0.1720649,0.21062998,-0.1688029,-0.20884548,1,Stable,True,Unknown,-0.013758138203985429
2025-06-16,LMT,454.79351806640625,True,2025-12-08,2025-06-17,2025-12-08,-0.15899599053785748,-0.014615256716190126,459.9293212890625,0.04414651,0.21662304,0.012388245,-0.012324443,-0.04030655,53.813576,-0.0033993414,0.019902913,-0.056470953,0.047484748,-0.015471775,0.02347045,0.98916477,-0.07318031,1,Stable,True,Industrials,-0.013609968694726172
2025-06-16,LNT,58.17918014526367,True,2025-12-08,2025-06-17,2025-12-08,-0.049685982426874914,0.09469475139479244,63.29868698120117,0.2542353,0.28579676,-0.0031016949,0.055389803,0.02600465,47.41688,0.008398753,-0.09611893,-0.19884549,0.05958147,-0.13091466,-0.09354459,-0.016088478,-0.07586004,1,Stable,True,Utilities,-0.011746875716110206
2025-06-16,LOW,210.6101837158203,True,2025-12-08,2025-06-17,2025-12-08,0.022721005516060266,0.16710173933772762,241.0712432861328,-0.021609714,0.6486143,-0.08214422,-0.10776465,-0.14193086,45.570957,-0.03753516,0.067811936,-0.08615493,0.010982208,0.037829906,-0.013107419,-0.15486391,0.09617779,1,Stable,True,Consumer Discretionary,-0.017098876331826333
2025-06-16,LW,53.28315734863281,True,2025-12-08,2025-06-17,2025-12-08,-0.027103944589497803,0.11727678923216955,58.089229583740234,-0.34490708,0.42266905,-0.0017788473,-0.10365257,-0.13733271,52.012753,-0.028906137,0.15929967,0.24125451,0.023099955,0.12815842,0.39262226,0.024959972,-0.34660056,1,Stable,True,Unknown,-0.017858286444391202
2025-06-16,MA,564.384521484375,True,2025-12-08,2025-06-17,2025-12-08,-0.19278584162376597,-0.04840510780209861,537.8021240234375,0.2912322,0.8244662,0.039562996,0.09006894,0.058335405,52.603733,-0.086929336,-0.028187778,-0.20116326,-0.034545008,-0.061621614,-0.090284735,0.36268678,-0.14728098,1,Stable,True,Financials,-0.01144117889188262
2025-06-16,MAA,141.32374572753906,True,2025-12-08,2025-06-17,2025-12-08,-0.2460567656561946,-0.10167603183452724,126.49602508544922,0.132963,0.5044095,-0.04428835,0.020544903,-0.007568828,43.963074,-0.012431122,-0.09187593,-0.1124181,0.03738787,-0.12976234,-0.025428344,-0.31571868,0.056286827,1,Stable,True,Real Estate,-0.013869705511204726
2025-06-16,MCD,289.2712097167969,True,2025-12-08,2025-06-17,2025-12-08,-0.07216866800813902,0.07221206581352833,305.9937744140625,0.1916379,0.21411353,-0.018818306,0.0325977,0.004172134,45.22022,-0.035367794,-0.062010005,-0.15904021,0.0137441605,-0.097353876,-0.0641798,0.41640294,-0.15012434,1,Stable,True,Consumer Discretionary,-0.011778551392588052
2025-06-16,MCK,716.6531372070312,True,2025-12-08,2025-06-17,2025-12-08,-0.04050136122915936,0.103879372592508,796.3867797851562,0.2360312,0.17765605,0.10329157,0.24491633,0.1911628,56.45522,-0.08630274,-0.16399792,0.00888513,-0.032345712,-0.17667994,0.08623401,-0.2738068,-0.1963174,1,Stable,True,Health Care,-0.009580765359116944
2025-06-16,MDLZ,64.5032730102539,True,2025-12-08,2025-06-17,2025-12-08,-0.30660941445740564,-0.16222868063573825,53.34752655029297,0.045292247,0.073252745,0.059311207,0.15097082,0.112700246,51.681316,-0.029388044,-0.09264836,0.10567857,0.022702876,-0.1193434,0.17538056,-0.13835724,-0.34088585,1,Stable,True,Consumer Staples,-0.006424668772270239
2025-06-16,MDT,84.44981384277344,True,2025-12-08,2025-06-17,2025-12-08,0.04948878932690276,0.19386952314857012,98.81524658203125,0.10532573,0.48655933,0.017489925,0.11743883,0.08313378,50.341095,0.045655362,-0.14597258,0.012113102,0.096789666,-0.17541075,0.08997052,-0.037400857,0.16389492,1,Stable,True,Health Care,-0.010968135414067702
2025-06-16,MKC,71.12999725341797,True,2025-12-08,2025-06-17,2025-12-08,-0.2613393183505347,-0.11695858452886733,62.03696060180664,0.09445744,0.3933214,-0.03453008,-0.04468463,-0.0736193,43.903336,0.058923356,-0.034530435,-0.13914207,0.1128926,-0.07223771,-0.05690123,-0.3021252,0.039794367,1,Stable,True,Consumer Staples,-0.015035679360673059
2025-06-16,MKTX,219.722900390625,True,2025-12-08,2025-06-17,2025-12-08,-0.3995685233549582,-0.2551877895332908,162.6480255126953,0.13318248,-0.20862024,0.048843533,-0.0086335,-0.036576517,53.42858,0.008680508,0.044581123,-0.14181598,0.059208605,0.008564878,-0.054629732,-0.44676378,-0.18012477,1,Stable,True,Unknown,-0.008204000186454355
2025-06-16,MLM,539.9015502929688,True,2025-12-08,2025-06-17,2025-12-08,0.007967487835260273,0.15234822165692763,620.5499267578125,-0.019379504,0.68518054,0.0519347,0.035556205,0.0070331483,58.14749,-0.15995054,0.0880417,0.05493571,-0.10270159,0.046174586,0.13357972,-0.2104694,-0.17603913,1,Stable,True,Materials,-0.006884606533752468
2025-06-16,MNST,63.880001068115234,True,2025-12-08,2025-06-17,2025-12-08,0.03338294695415378,0.17776368077582114,73.94000244140625,0.28350413,0.4071313,0.14116432,0.2550098,0.19923785,58.81337,-0.107037075,-0.13174617,-0.028494328,-0.04927787,-0.14632767,0.056620732,-0.03511675,-0.12531103,1,Stable,True,Consumer Staples,-0.011509229691334007
2025-06-16,MO,55.06492233276367,True,2025-12-08,2025-06-17,2025-12-08,-0.14337863342974197,0.0010021003919253868,55.298213958740234,0.4102184,0.015967775,0.07265931,0.17157793,0.13044597,53.301704,-0.03253741,-0.12324542,-0.23864046,0.019335065,-0.14657338,-0.1063218,0.4645252,-0.18907693,1,Stable,True,Consumer Staples,-0.006033924176260172
2025-06-16,MOH,290.25,True,2025-12-08,2025-06-17,2025-12-08,-0.6125407962261499,-0.4681600624044825,155.50999450683594,-0.047861163,0.1328828,-0.058578424,-0.011140601,-0.039108653,44.940395,-0.02852501,-0.068190776,0.036720563,0.019391164,-0.106874675,0.11691259,0.17073521,-0.20652524,1,Stable,True,Unknown,-0.014112666775840216
2025-06-16,MRK,78.3409194946289,True,2025-12-08,2025-06-17,2025-12-08,0.13189978333362998,0.27628051715529733,96.67520141601562,-0.3533475,0.37375206,-0.062457353,-0.17125176,-0.21574439,45.70854,0.21188378,0.034448206,0.18209575,0.2703725,0.005303189,0.32717866,-0.060241964,-0.1425143,1,Stable,True,Health Care,-0.0168829946668942
2025-06-16,MSCI,537.9067993164062,True,2025-12-08,2025-06-17,2025-12-08,-0.1594021359512939,-0.015021402129626549,530.9689331054688,0.13508113,0.8967251,-0.035906885,-0.082853235,-0.11439331,47.444283,-0.013564184,0.05298991,-0.21793437,0.036783833,0.020746775,-0.13412061,-0.13488351,-0.22172467,1,Stable,True,Financials,-0.021790954843526795
2025-06-16,MSI,402.9138488769531,True,2025-12-08,2025-06-17,2025-12-08,-0.2284281615781741,-0.08404742775650675,368.0989990234375,0.08754088,0.5847268,-0.06081501,-0.116844855,-0.15215993,45.788925,-0.0043334626,0.0843026,-0.20438573,0.04637494,0.055748172,-0.12910219,0.037810102,0.062658824,1,Stable,True,Information Technology,-0.017098876331826333
2025-06-16,NEE,71.7037124633789,True,2025-12-08,2025-06-17,2025-12-08,-0.007134048766226336,0.13724668505544102,79.42274475097656,0.05149964,0.41733894,0.06399682,0.074815005,0.044243027,53.627926,-0.053661577,-0.029460214,0.023315366,-0.0018335916,-0.06321491,0.10100247,0.107626565,0.074734196,1,Stable,True,Utilities,-0.00762735099353874
2025-06-16,NEM,57.508544921875,True,2025-12-08,2025-06-17,2025-12-08,0.38595951828788677,0.5303402521095542,88.61333465576172,0.44854897,0.46460024,0.23459457,0.5866767,0.43373618,59.136665,-0.057104185,-0.36406153,0.13812774,0.003031686,-0.29607224,0.17015064,0.28771812,0.0024468538,1,Stable,True,Materials,-0.016239681922361415
2025-06-16,NI,38.080623626708984,True,2025-12-08,2025-06-17,2025-12-08,-0.07837992959116599,0.06600080423050136,40.511470794677734,0.44072095,0.45606253,0.02476451,0.11344416,0.079552524,49.29548,0.0054102233,-0.11168954,-0.3272768,0.05625044,-0.14112766,-0.17861429,-0.021917338,-0.1347014,1,Stable,True,Utilities,-0.009099789365916638
2025-06-16,NOC,489.840087890625,True,2025-12-08,2025-06-17,2025-12-08,-0.03719550279113079,0.10718523103053657,549.3748168945312,0.18519741,0.04896813,0.036348145,0.074952066,0.04437054,49.07695,0.034681715,-0.05313796,-0.11024535,0.08424224,-0.08611918,-0.018562004,0.35740668,-0.17278111,1,Stable,True,Industrials,-0.011023743140645957
2025-06-16,NSC,246.55979919433594,True,2025-12-08,2025-06-17,2025-12-08,0.037016582252471536,0.1813973160741389,289.3095397949219,0.15039471,0.8363385,0.064322814,0.10599888,0.07284336,54.869118,-0.061710894,-0.019785784,-0.044395827,-0.007626362,-0.053474154,0.039715067,-0.20627114,0.030562058,1,Stable,True,Industrials,-0.006341828565346073
2025-06-16,NVR,7221.25,True,2025-12-08,2025-06-17,2025-12-08,-0.08068358880473789,0.06369714501692947,7438.35986328125,-0.056669712,0.4749657,-0.029906854,-0.10862081,-0.14289089,49.244595,-0.011089697,0.099472806,-0.051951095,0.03960904,0.07037256,0.022424743,-0.1017964,-0.23718415,1,Stable,True,Consumer Discretionary,-0.017858286444391202
2025-06-16,NWS,32.06229782104492,True,2025-12-08,2025-06-17,2025-12-08,-0.22067994541332778,-0.07629921159166042,29.212284088134766,0.15465742,0.79789424,0.026176488,0.06320694,0.033384226,53.631546,-0.059352424,-0.023593422,-0.09145048,-0.007921124,-0.05786342,-0.0034426525,0.31680343,-0.19584055,1,Stable,True,Communication Services,-0.011233003570002646
2025-06-16,NWSA,28.02688980102539,True,2025-12-08,2025-06-17,2025-12-08,-0.21434631149213254,-0.06996557767046518,25.6229248046875,0.03277953,0.7920163,0.023197703,0.026628612,-0.0016252906,52.109592,-0.042589255,0.013135819,-0.006150918,0.009041227,-0.022708755,0.07309778,-0.026998738,-0.0540242,1,Stable,True,Communication Services,-0.011897106165040333
2025-06-16,O,53.893924713134766,True,2025-12-08,2025-06-17,2025-12-08,-0.11980678167290201,0.024573952148765343,55.35301971435547,0.15147908,0.22481579,0.044739768,0.14091586,0.10392579,52.74365,-0.005555643,-0.11004106,-0.010563225,0.045460403,-0.13684624,0.069855325,0.042669162,-0.14628273,1,Stable,True,Real Estate,-0.0061436143077035175
2025-06-16,OMC,67.93122100830078,True,2025-12-08,2025-06-17,2025-12-08,-0.0780760077850433,0.06630472603662406,70.95919036865234,-0.18115218,0.7651761,-0.101224616,-0.17482384,-0.22006392,43.157017,0.042741068,0.05917298,0.0063283443,0.098063156,0.03383237,0.08676991,0.5697861,0.13864553,1,Stable,True,Communication Services,-0.01858577302005881
2025-06-16,ORLY,88.12000274658203,True,2025-12-08,2025-06-17,2025-12-08,-0.03953842257571691,0.10484231124595045,98.11000061035156,0.31621927,0.21635064,-0.0053422353,0.088447705,0.056847025,47.022484,-0.027429186,-0.10434316,-0.22777157,0.022596195,-0.13619839,-0.11093961,0.12723352,-0.08920841,1,Stable,True,Consumer Discretionary,-0.0124502286807745
2025-06-16,OTIS,93.96255493164062,True,2025-12-08,2025-06-17,2025-12-08,-0.23260050483535066,-0.08821977101368329,84.69611358642578,0.0061031845,0.48344243,-0.00024167933,0.047191493,0.018206283,45.483418,0.024730235,-0.09659564,0.04108831,0.07654709,-0.13220078,0.11909846,-0.00454908,-0.13707031,1,Stable,True,Industrials,-0.011301492732752095
2025-06-16,PAYX,146.088623046875,True,2025-12-08,2025-06-17,2025-12-08,-0.3943279280430575,-0.24994719422139017,108.74713897705078,0.28718302,0.60363096,0.04242471,0.13054295,0.09479247,52.528854,-0.0805193,-0.06476933,-0.15664007,-0.027692197,-0.094419755,-0.050686836,0.13957013,-0.25759023,1,Stable,True,Industrials,-0.0061436143077035175
2025-06-16,PCG,13.433297157287598,True,2025-12-08,2025-06-17,2025-12-08,-0.03798726086265565,0.1063934729590117,14.807870864868164,-0.24742791,0.6009709,-0.190972,-0.29778752,-0.38142478,36.907867,-0.030810133,0.08964971,-0.050359607,0.011178613,0.08472866,0.009810537,0.34626114,0.25808805,1,Stable,True,Utilities,-0.04501164614969078
2025-06-16,PEG,78.56307220458984,True,2025-12-08,2025-06-17,2025-12-08,-0.16494356511650884,-0.020562831294841488,76.83381652832031,0.14531825,0.56911004,-0.000987961,-0.008781986,-0.036726307,50.25303,0.049664706,-0.009194128,-0.15410024,0.10020074,-0.04474156,-0.06543204,-0.26474997,0.14856134,1,Stable,True,Utilities,-0.013077415946655934
2025-06-16,PEP,126.40530395507812,True,2025-12-08,2025-06-17,2025-12-08,0.004145436964555965,0.14852617078622332,142.837646484375,-0.1686689,0.1991588,-0.069122106,-0.11516129,-0.15025543,40.60989,0.10377306,0.017994523,0.053507604,0.15966621,-0.015290216,0.14144851,0.23059605,0.16347589,1,Stable,True,Consumer Staples,-0.019785433482654154
2025-06-16,PFE,22.414159774780273,True,2025-12-08,2025-06-17,2025-12-08,-0.03286960137813595,0.1115111324435314,24.505168914794922,-0.058877785,0.49356508,-0.0011533446,-0.019147674,-0.047238894,49.16109,0.119342454,-0.031425618,0.03973011,0.16926883,-0.067986265,0.120420195,-0.08319531,-0.18197821,1,Stable,True,Health Care,-0.013077415946655934
2025-06-16,PG,155.22268676757812,True,2025-12-08,2025-06-17,2025-12-08,-0.25957083606991566,-0.11519010224824831,135.32785034179688,-0.0022225853,0.21598874,-0.025517983,-0.03735482,-0.06597592,47.674545,0.01912508,0.0035311058,-0.035132233,0.07046547,-0.031761274,0.04322595,-0.10590986,-0.11397719,1,Stable,True,Consumer Staples,-0.013077415946655934
2025-06-16,PGR,250.07882690429688,True,2025-12-08,2025-06-17,2025-12-08,-0.3040404764767881,-0.15965974265512073,209.63072204589844,0.34306633,0.3702684,0.00092036225,0.13326412,0.09719654,48.62566,-0.03904628,-0.16274214,-0.20980221,0.00980027,-0.19044599,-0.090781964,0.18471605,0.0070031877,1,Stable,True,Financials,-0.010968135414067702
2025-06-16,PM,175.5621337890625,True,2025-12-08,2025-06-17,2025-12-08,-0.3223468222708167,-0.1779660884491493,144.45188903808594,0.86574775,0.2067766,0.20303275,0.53033835,0.39758334,63.535217,-0.12674516,-0.32820022,-0.3354094,-0.060551386,-0.2768098,-0.11910173,0.093334936,-0.1973991,1,Stable,True,Consumer Staples,0.02354921834122336
2025-06-16,PNW,84.76008605957031,True,2025-12-08,2025-06-17,2025-12-08,-0.14137479103719583,0.003005942784471527,84.93838500976562,0.20810615,0.25467893,-0.0047776923,0.07216779,0.04177704,46.813614,0.016269118,-0.119175866,-0.13593835,0.06779177,-0.1532541,-0.040300105,0.34874684,-0.10422982,1,Stable,True,Utilities,-0.011632896736767331
2025-06-16,POOL,282.2688293457031,True,2025-12-08,2025-06-17,2025-12-08,-0.30727555423282216,-0.16289482041115477,232.2457733154297,-0.15009268,0.6790479,-0.099433504,-0.14157327,-0.18055947,44.36713,-0.005039498,0.05201131,0.008519411,0.045313604,0.023401827,0.0890453,0.095056534,0.2724633,1,Stable,True,Unknown,-0.01880165468499094
2025-06-16,PPL,32.624366760253906,True,2025-12-08,2025-06-17,2025-12-08,-0.12222111035865565,0.022159623463011698,33.13926315307617,0.23540384,0.19858187,-0.007745657,0.068307534,0.038170118,48.272736,0.003339205,-0.098235734,-0.1670963,0.054300535,-0.13188353,-0.06625098,-0.27394065,-0.08377864,1,Stable,True,Utilities,-0.010866110896765273
2025-06-16,PSA,282.82330322265625,True,2025-12-08,2025-06-17,2025-12-08,-0.21696464957142034,-0.07258391574975298,261.4934387207031,0.10936703,0.4726472,0.0025762846,0.03862264,0.00998992,51.59422,-0.041129112,-0.03506834,-0.07074439,0.009017285,-0.06977014,0.013177125,0.18333103,-0.058653753,1,Stable,True,Real Estate,-0.012223934375946164
2025-06-16,REG,67.63011932373047,True,2025-12-08,2025-06-17,2025-12-08,-0.16718795636923364,-0.02280722254756629,65.84358215332031,0.20627008,0.59344095,-0.013008306,-0.008890166,-0.03683545,47.99059,-0.02379469,-0.0043015433,-0.21516025,0.026455969,-0.03977226,-0.11739166,0.22009991,-0.011797661,1,Stable,True,Real Estate,-0.013077415946655934
2025-06-16,RMD,248.5267791748047,True,2025-12-08,2025-06-17,2025-12-08,-0.14011234310790407,0.004268390713763282,248.01080322265625,0.20415802,0.66282165,0.07611087,0.09159917,0.05973822,59.439842,-0.14076743,0.049128413,-0.11255886,-0.08084191,0.008599848,-0.019065551,-0.1419576,-0.25634,1,Stable,True,Health Care,-0.006647043713889959
2025-06-16,ROL,55.75053405761719,True,2025-12-08,2025-06-17,2025-12-08,-0.06476755463066138,0.07961317919100598,59.860050201416016,0.19855058,0.33983,0.082314625,0.21396749,0.16598837,55.55928,-0.10493864,-0.113242246,0.015416905,-0.049327344,-0.13334733,0.0918522,-0.3753906,-0.17296162,1,Stable,True,Industrials,-0.00634395703084363
2025-06-16,ROP,559.9110717773438,True,2025-12-08,2025-06-17,2025-12-08,-0.3478629208537206,-0.20348218703205326,443.55084228515625,0.019237058,0.67926615,0.009625729,0.08745032,0.055930268,47.705494,-0.013931195,-0.103062175,0.06821326,0.036610994,-0.1349935,0.14385273,-0.20838778,-0.25220674,1,Stable,True,Information Technology,-0.011683442840772442
2025-06-16,ROST,129.97068786621094,True,2025-12-08,2025-06-17,2025-12-08,0.24010130563440266,0.38448203945607,177.0608367919922,-0.081754714,0.7099736,-0.06528557,-0.10717654,-0.14127195,51.67463,-0.19548705,0.1627519,-0.025421828,-0.15394197,0.13202971,0.05099559,-0.12940432,0.34539357,1,Stable,True,Consumer Discretionary,-0.017858286444391202
2025-06-16,RSG,245.07652282714844,True,2025-12-08,2025-06-17,2025-12-08,-0.2907907241982328,-0.14640999037656544,209.60739135742188,0.34149435,0.35103393,0.06769828,0.22482446,0.17489201,54.172493,-0.057733487,-0.16426606,-0.11666989,-0.0051104072,-0.17942467,-0.011915356,-0.44484484,0.04934709,1,Stable,True,Industrials,-0.0065881883763108445
2025-06-16,RTX,143.68511962890625,True,2025-12-08,2025-06-17,2025-12-08,0.020465023556935497,0.16484575737860285,169.67938232421875,0.40053946,0.5873693,0.1495789,0.28141063,0.22005601,55.93534,-0.008161098,-0.18669334,-0.11912882,0.04338131,-0.19288808,-0.009824663,0.49191886,0.0434976,1,Stable,True,Industrials,-0.014187126011069938
2025-06-16,SBAC,223.27752685546875,True,2025-12-08,2025-06-17,2025-12-08,-0.2998384845290011,-0.15545775070733373,187.2562255859375,0.19472998,0.083692305,0.065039754,0.17240965,0.13115564,54.677975,-0.054368027,-0.12599261,-0.02232033,-0.0024905223,-0.14911188,0.060212247,0.7833385,-0.2844179,1,Stable,True,Real Estate,-0.006033924176260172
2025-06-16,SHW,331.8861999511719,True,2025-12-08,2025-06-17,2025-12-08,-0.1517075098219852,-0.007326776000317836,324.8133544921875,0.13111599,0.7496392,-0.03541196,-0.015039172,-0.04305894,48.556908,-0.077724285,0.016424505,-0.14615516,-0.02993026,-0.018884908,-0.05928687,0.20570633,-0.15808684,1,Stable,True,Materials,-0.01735241432093708
2025-06-16,SJM,90.68494415283203,True,2025-12-08,2025-06-17,2025-12-08,-0.057523902607093474,0.08685683121457388,97.67268371582031,-0.09982631,0.25966927,-0.123735845,-0.10725801,-0.14136319,39.558666,-0.040253572,-0.012238137,-0.0074316934,0.0040697157,-0.049226,0.07078117,-0.056019552,0.6466401,1,Stable,True,Consumer Staples,-0.019654193057423067
2025-06-16,SNA,302.0873718261719,True,2025-12-08,2025-06-17,2025-12-08,0.0023313405516791896,0.14671207437334655,340.7953186035156,0.1944838,0.7742887,-0.049566288,-0.063042104,-0.093022466,45.627434,-0.0053435676,0.016044345,-0.25752592,0.045241363,-0.018443786,-0.16375978,0.72165567,-0.2648158,1,Stable,True,Industrials,-0.023843835605380156
2025-06-16,SO,85.41981506347656,True,2025-12-08,2025-06-17,2025-12-08,-0.1610302916296946,-0.016649557808027234,83.50650787353516,0.17228109,0.05734424,0.023060367,0.10600542,0.07284927,50.61725,0.014159179,-0.109138,-0.06627566,0.06496797,-0.13931498,0.020874593,-0.043819953,0.13307516,1,Stable,True,Utilities,-0.009114832674496382
2025-06-16,SPGI,472.73187255859375,True,2025-12-08,2025-06-17,2025-12-08,-0.15863616912724818,-0.014255435305580823,462.36639404296875,0.15539347,0.869017,0.0044358596,0.041705605,0.012953845,49.732788,-0.04919815,-0.024127068,-0.11368786,0.0013080947,-0.058856245,-0.024510287,-0.035105858,-0.20114483,1,Stable,True,Financials,-0.011746875716110206
2025-06-16,STE,239.21141052246094,True,2025-12-08,2025-06-17,2025-12-08,-0.038884609181036395,0.10549612464063096,259.9732971191406,0.07849455,0.56907195,0.0774559,0.18602167,0.14269905,56.14389,-0.1113058,-0.11391567,0.10752712,-0.058749508,-0.13640232,0.17410973,-0.3301167,-0.039567824,1,Stable,True,Health Care,-0.006033924176260172
2025-06-16,STZ,157.26959228515625,True,2025-12-08,2025-06-17,2025-12-08,-0.24789691414625564,-0.1035161803245883,139.04119873046875,-0.34229475,0.50089157,-0.11221481,-0.27468926,-0.34906065,41.36324,-0.08291188,0.18987793,0.067605495,-0.044100955,0.19710739,0.17691457,0.71441495,-0.13166358,1,Stable,True,Consumer Staples,-0.014917830751989731
2025-06-16,SYK,372.52227783203125,True,2025-12-08,2025-06-17,2025-12-08,-0.19314491898450856,-0.0487641851628412,350.8328552246094,0.09871812,0.75236166,0.00418762,0.060843404,0.031158727,52.153538,-0.05342982,-0.05076606,-0.037874717,-0.0034829527,-0.084460035,0.043991383,-0.092089295,-0.28031147,1,Stable,True,Health Care,-0.01347058601363169
2025-06-16,SYY,72.18235778808594,True,2025-12-08,2025-06-17,2025-12-08,-0.1518298168571562,-0.007449083035488858,71.16543579101562,0.08027213,0.35233042,0.02813853,-0.010197665,-0.03815555,52.623695,-0.025268096,0.06735422,-0.09046979,0.026671994,0.030410131,-0.008391717,0.06802198,-0.19227631,1,Stable,True,Consumer Staples,-0.012084120613174335
2025-06-16,T,26.44621467590332,True,2025-12-08,2025-06-17,2025-12-08,-0.22726288595653116,-0.08288215213486382,23.976802825927734,0.67111665,0.1937848,0.08209951,0.26830575,0.20977642,51.598526,-0.04610888,-0.21317805,-0.4028109,0.0061808154,-0.21944284,-0.19673882,0.10137846,-0.23075429,1,Stable,True,Communication Services,-0.007515167823022498
2025-06-16,TAP,47.58034133911133,True,2025-12-08,2025-06-17,2025-12-08,-0.1805856399544382,-0.036204906132770824,45.59893035888672,0.0051070447,0.31757316,-0.12007115,-0.13971141,-0.1783929,34.855812,0.031953402,-0.011436105,-0.14481845,0.087816074,-0.048805177,-0.07651013,0.15737823,0.054742932,1,Stable,True,Consumer Staples,-0.016335355404938804
2025-06-16,TDG,1335.5650634765625,True,2025-12-08,2025-06-17,2025-12-08,-0.13426208075918009,0.01011865306248727,1347.1700439453125,0.1398642,0.7470938,0.051416628,0.13274929,0.096742146,51.590263,-0.046015825,-0.08376129,-0.007114917,0.006006101,-0.11224448,0.072809815,-0.16163899,-0.097720504,1,Stable,True,Industrials,-0.005118792746613079
2025-06-16,TDY,488.6000061035156,True,2025-12-08,2025-06-17,2025-12-08,-0.0973411193115836,0.04703961451008376,513.72998046875,0.23014176,0.813024,0.003918635,0.05086567,0.021708742,46.60227,0.00023524277,-0.07227608,-0.1792761,0.051104587,-0.1066799,-0.078443855,0.15037447,0.13707137,1,Stable,True,Information Technology,-0.012513661556112264
2025-06-16,TJX,122.38304901123047,True,2025-12-08,2025-06-17,2025-12-08,0.11286617876646846,0.2572469125881358,152.30563354492188,0.17538238,0.5055422,0.004595041,0.031770922,0.0033711356,53.17107,-0.14048363,0.040691145,-0.14361146,-0.08953838,0.0032576427,-0.05124557,-0.1581992,0.08931926,1,Stable,True,Consumer Discretionary,-0.012756487124016402
2025-06-16,TMUS,226.7177734375,True,2025-12-08,2025-06-17,2025-12-08,-0.21326478470363316,-0.06888405088196581,202.3636932373047,0.34770223,0.3290472,-0.053644378,0.067052595,0.036994733,42.70652,0.05341562,-0.1650468,-0.28064963,0.1083958,-0.2034573,-0.15442955,-0.07638559,-0.02428169,1,Stable,True,Communication Services,-0.008567755483985496
2025-06-16,TRV,260.98785400390625,True,2025-12-08,2025-06-17,2025-12-08,-0.08163749804939543,0.06274323577227192,276.5994567871094,0.3008582,0.50541663,0.045587383,0.12457546,0.08950006,51.193,-0.052821044,-0.09878499,-0.17628273,-0.0020019002,-0.12736478,-0.06654733,0.18300073,-0.13946524,1,Stable,True,Financials,-0.005917140089233813
2025-06-16,TSCO,50.28636169433594,True,2025-12-08,2025-06-17,2025-12-08,-0.0895830997571194,0.05479763406454796,52.3133659362793,-0.061188377,0.6136168,-0.01942286,-0.012661523,-0.040647894,47.841663,-0.021738697,0.014340909,0.048526853,0.02892302,-0.021002352,0.12946935,-0.26580563,0.038809292,1,Stable,True,Consumer Discretionary,-0.013077415946655934
2025-06-16,TSN,53.053279876708984,True,2025-12-08,2025-06-17,2025-12-08,-0.09873534497229183,0.04564538884937552,55.30313491821289,0.036323175,0.268228,-0.04786335,-0.040353842,-0.06909618,42.172623,0.07342323,-0.0428382,-0.07667702,0.12790464,-0.0810893,0.0022015944,0.34356973,-0.0024107737,1,Stable,True,Consumer Staples,-0.013113386238773417
2025-06-16,TTWO,238.60000610351562,True,2025-12-08,2025-06-17,2025-12-08,-0.10328948116389045,0.04109125265777692,247.27999877929688,0.4943321,0.64428705,0.14133966,0.31547028,0.2462887,55.62268,-0.085889265,-0.1772744,-0.17886183,-0.027595688,-0.18017249,-0.048413858,-0.09166414,0.16033529,1,Stable,True,Communication Services,-0.014187126011069938
2025-06-16,TYL,589.1300048828125,True,2025-12-08,2025-06-17,2025-12-08,-0.35169778263265616,-0.20731704881098878,460.20001220703125,0.23099591,0.72240657,0.014874372,-0.0075302743,-0.0354643,51.451485,-0.01423303,0.042962786,-0.23852618,0.0370229,0.0069553014,-0.13631101,0.111042246,-0.086197995,1,Stable,True,Information Technology,-0.013077415946655934
2025-06-16,UDR,38.989707946777344,True,2025-12-08,2025-06-17,2025-12-08,-0.2735737081473968,-0.1291929743257294,33.80402755737305,0.08402565,0.70101786,-0.018969195,-0.009220882,-0.03716919,45.892525,0.017146274,-0.037628155,-0.093246534,0.068693385,-0.07414102,-0.010873942,-0.23772463,-0.0015963329,1,Stable,True,Real Estate,-0.013844201786657993
2025-06-16,UNP,219.6621856689453,True,2025-12-08,2025-06-17,2025-12-08,-0.0641131204021159,0.08026761341955145,233.00546264648438,0.014619954,0.7399026,-0.021848716,0.018389583,-0.009682992,46.26805,0.014017694,-0.05578013,0.0037696287,0.0653214,-0.09175274,0.08277971,-0.12735184,0.03453163,1,Stable,True,Industrials,-0.013844201786657993
2025-06-16,V,352.0401306152344,True,2025-12-08,2025-06-17,2025-12-08,-0.22759209811016443,-0.08321136428849707,324.88909912109375,0.32459387,0.8096675,0.041931853,0.13271554,0.09671236,52.41908,-0.07521054,-0.08390729,-0.19187833,-0.023547381,-0.11238606,-0.07741674,0.26449156,-0.11409996,1,Stable,True,Financials,-0.007239971465210515
2025-06-16,VICI,29.78136444091797,True,2025-12-08,2025-06-17,2025-12-08,-0.25653324857539284,-0.11215251475372545,26.589393615722656,0.19731772,0.40105245,0.039874602,0.15230332,0.1138573,50.654312,-0.0028151176,-0.14824207,-0.045014396,0.048056558,-0.1731325,0.040750295,-0.25245473,-0.21206506,1,Stable,True,Real Estate,-0.008486465472298864
2025-06-16,VLTO,97.15567779541016,True,2025-12-08,2025-06-17,2025-12-08,-0.11982152984313596,0.024559203978531396,99.19562530517578,-0.029292753,0.7027983,-0.004864622,-0.032884788,-0.061343174,50.119633,-0.036018956,0.030358907,-0.0035920348,0.014085952,-0.0045141242,0.07536399,-0.18383388,-0.26128376,1,Stable,True,Industrials,-0.013077415946655934
2025-06-16,VMC,258.81378173828125,True,2025-12-08,2025-06-17,2025-12-08,0.0013004088096573718,0.14568114263132473,294.0885314941406,0.056437526,0.6788697,0.024130309,0.0050344095,-0.022883752,56.863247,-0.14636183,0.09102747,-0.051403116,-0.09246851,0.051279172,0.029190639,-0.35637572,-0.027022667,1,Stable,True,Materials,-0.015132328273917044
2025-06-16,VRSK,306.6836853027344,True,2025-12-08,2025-06-17,2025-12-08,-0.4304645888470561,-0.2860838550253887,217.3616485595703,0.18278933,0.375468,0.05542837,0.12633993,0.09106785,54.843117,-0.07617618,-0.049051702,-0.0564494,-0.022471324,-0.079949096,0.030169182,0.039575934,-0.1763149,1,Stable,True,Industrials,-0.005118792746613079
2025-06-16,VRSN,276.8220520019531,True,2025-12-08,2025-06-17,2025-12-08,-0.25534352052031034,-0.110962786698643,248.62673950195312,0.56529194,0.4345773,0.15399747,0.45702264,0.34848952,59.076733,-0.1677335,-0.29385778,-0.108269304,-0.10485949,-0.26067314,0.007394016,-0.43859142,-0.13325883,1,Stable,True,Information Technology,0.006796254148530797
2025-06-16,VRTX,450.9100036621094,True,2025-12-08,2025-06-17,2025-12-08,-0.14426756766032442,0.00011316616134293689,442.0400085449219,-0.052291986,0.3910099,-0.022642648,0.1368243,0.10033313,43.114944,0.14412408,-0.25299895,0.18911628,0.201926,-0.28715718,0.26101878,-0.23049623,-0.19518796,1,Stable,True,Health Care,-0.008029051728239298
2025-06-16,VTR,60.78314208984375,True,2025-12-08,2025-06-17,2025-12-08,0.1652624170903597,0.30964315091202704,79.5281982421875,0.30797738,0.37044358,-0.019909868,0.10431187,0.07131687,43.878567,0.022881787,-0.1700094,-0.20366551,0.075059906,-0.20260015,-0.090188265,0.056551013,-0.070139125,1,Stable,True,Real Estate,-0.0064619249676605
2025-06-16,VZ,39.14949035644531,True,2025-12-08,2025-06-17,2025-12-08,-0.12432817610827326,0.020052557713394092,39.32377243041992,0.14066656,0.12178538,0.014950931,0.099520214,0.06696838,48.232494,-0.020902835,-0.11248882,-0.041146345,0.029459286,-0.14335003,0.042332407,0.4340921,-0.3472461,1,Stable,True,Communication Services,-0.012451775606818632
2025-06-16,WBA,11.4,True,2025-12-08,2025-06-17,2025-12-08,,,,-0.22707078,0.14336957,0.048199557,0.21925133,0.17033148,54.411766,-0.01543672,-0.19407147,0.4463221,0.035692137,-0.20879164,0.5348761,-0.5475974,-0.4825671,1,Stable,True,Unknown,-0.005673056946663752
2025-06-16,WEC,99.88810729980469,True,2025-12-08,2025-06-17,2025-12-08,-0.12162593219745862,0.022754801624208728,102.11199951171875,0.3603468,0.1316488,0.01327847,0.13626136,0.09983783,49.323963,0.0037556458,-0.16180721,-0.22408544,0.054710925,-0.18904388,-0.10092502,-0.04995916,-0.003609922,1,Stable,True,Utilities,-0.010968135414067702
2025-06-16,WELL,147.74176025390625,True,2025-12-08,2025-06-17,2025-12-08,0.18936842353051733,0.3337491573521847,198.73849487304688,0.4929768,0.38684493,0.048900284,0.22760972,0.17716344,50.716724,-0.010400105,-0.20470282,-0.2653671,0.04064498,-0.21784319,-0.11663173,-0.16784139,-0.10991763,1,Stable,True,Real Estate,-0.006471404289284485
2025-06-16,WM,230.95835876464844,True,2025-12-08,2025-06-17,2025-12-08,-0.2402601589499372,-0.09587942512826986,208.49386596679688,0.18484706,0.27764,0.047355633,0.1499424,0.111806326,52.778133,-0.013408486,-0.11215469,-0.03490466,0.037859775,-0.13804331,0.049169444,-0.3326711,-0.12020409,1,Stable,True,Industrials,-0.005118792746613079
2025-06-16,WMB,57.33138656616211,True,2025-12-08,2025-06-17,2025-12-08,-0.07640615321966755,0.0679745806019998,60.55562210083008,0.47655305,0.73571134,0.03764135,0.14479767,0.10732239,49.663162,0.016301006,-0.14653163,-0.3317554,0.06706166,-0.17238608,-0.17541113,-0.22437888,-0.0013161167,1,Stable,True,Energy,-0.00888636166506937
2025-06-16,WMT,93.28486633300781,True,2025-12-08,2025-06-17,2025-12-08,0.06331396177592158,0.20769469559758894,112.61185455322266,0.4365594,0.7169499,0.003974639,0.014748629,-0.013264605,57.421703,-0.14471212,0.08975579,-0.42181078,-0.089570895,0.049333125,-0.26853874,-0.13508056,-0.19688758,1,Stable,True,Consumer Staples,-0.0223531071149392
2025-06-16,WRB,70.58038330078125,True,2025-12-08,2025-06-17,2025-12-08,-0.2220372148585604,-0.07765648103689304,64.89458465576172,0.43768612,0.29861614,0.1146524,0.26163808,0.20450541,57.94035,-0.15204957,-0.11177169,-0.17604804,-0.09096709,-0.1281879,-0.051552743,-0.04998353,-0.2438284,1,Stable,True,Financials,-0.006986963601126461
2025-06-16,WTW,293.2691345214844,True,2025-12-08,2025-06-17,2025-12-08,-0.062386381290713694,0.08199435253095366,317.2729187011719,0.1777303,0.39536816,-0.064772,-0.037021562,-0.06562979,40.60488,0.06201436,-0.07019511,-0.21475187,0.118019775,-0.111109786,-0.12224209,0.56791234,-0.13191874,1,Stable,True,Financials,-0.0104066266292737
2025-06-16,WY,25.787633895874023,True,2025-12-08,2025-06-17,2025-12-08,-0.2678559842366338,-0.12347525041496643,21.900840759277344,-0.060111605,0.7478679,-0.038947735,-0.003842973,-0.031755906,44.466297,0.113417625,-0.10219906,0.056268632,0.17030928,-0.14366883,0.13721505,-0.15059309,0.031909965,1,Stable,True,Real Estate,-0.014112666775840216
2025-06-16,XEL,64.7922134399414,True,2025-12-08,2025-06-17,2025-12-08,0.018195043429751367,0.16257577725141872,74.0401611328125,0.27383736,0.25951004,-0.016665388,0.027338324,-0.0009342246,48.25838,-0.030399848,-0.066491134,-0.24649903,0.018714316,-0.10233389,-0.1359913,0.05059246,-0.20327313,1,Stable,True,Utilities,-0.012223934375946164
2025-06-16,XOM,108.3040542602539,True,2025-12-08,2025-06-17,2025-12-08,-0.1085639878498281,0.03581674597183926,113.69912719726562,0.049329456,0.63853073,0.04791124,0.08550228,0.054137286,47.145714,0.06022215,-0.106071964,0.036172826,0.11053491,-0.1382497,0.11296275,0.3513187,0.044006284,1,Stable,True,Energy,-0.007529551507898819
2025-06-16,XYL,125.4781723022461,True,2025-12-08,2025-06-17,2025-12-08,-0.03489730786543195,0.1094834259562354,136.7936553955078,-0.08234226,0.88300025,0.05099619,0.10276073,0.069911264,52.807285,-0.06832376,-0.034691,0.185103,-0.015242868,-0.067386456,0.26281887,-0.1279293,-0.24753116,1,Stable,True,Industrials,-0.005932183397813558
2025-06-16,YUM,139.26205444335938,True,2025-12-08,2025-06-17,2025-12-08,-0.11644930839899212,0.02793142542267524,141.18521118164062,0.054065768,0.43167254,-0.012216319,0.09934227,0.06680654,40.763767,0.059912678,-0.1959522,0.045276504,0.115077525,-0.2317356,0.12112851,-0.049147084,-0.15954438,1,Stable,True,Consumer Discretionary,-0.01078253101672365
2025-06-16,ZBH,90.96468353271484,True,2025-12-08,2025-06-17,2025-12-08,-0.11103450774300813,0.033346226078659225,92.00910949707031,-0.13469264,0.3072741,-0.102401964,-0.125174,-0.1616358,38.417828,0.12435004,-0.048582807,0.009518638,0.19106132,-0.09255855,0.09001152,0.09255848,-0.032428015,1,Stable,True,Health Care,-0.020719013283228924
2025-06-16,ZTS,160.74493408203125,True,2025-12-08,2025-06-17,2025-12-08,-0.40851190769113144,-0.2641311738694641,116.33708190917969,-0.054763965,0.58730125,0.012051605,0.01170076,-0.016272696,50.74359,-0.0026583076,-0.00082363375,0.06646472,0.048231058,-0.036237128,0.14702474,-0.083233394,-0.09422844,1,Stable,True,Health Care,-0.013077415946655934
2025-12-05,ABBV,220.8582000732422,True,2026-06-02,2025-12-08,2026-06-02,-0.13024244447460098,-0.018759359693366062,213.8776397705078,0.2891738,0.07513757,0.07325461,0.20337738,0.055172384,52.31316,-0.0018704943,-0.16936657,-0.08579643,0.018155746,-0.06378007,-0.07164529,-0.32814136,0.0071961186,1,Stable,True,Health Care,-0.008629909243323186
2025-12-05,ABT,122.79788208007812,True,2026-06-02,2025-12-08,2026-06-02,-0.39103967482536306,-0.27955659004412814,86.35409545898438,0.09596747,0.14663088,-0.036838025,-0.05827802,-0.19000489,43.03638,0.053914923,0.0054035448,-0.1542455,0.07532991,0.09362832,-0.1544585,-0.34091344,0.039030667,1,Stable,True,Health Care,-0.01933498841350083
2025-12-05,ACGL,91.72000122070312,True,2026-06-02,2025-12-08,2026-06-02,-0.14799066786562443,-0.036507583084389506,87.62000274658203,-0.07846878,-0.12841344,0.019997008,0.006363856,-0.12361601,54.714138,0.051299233,-0.012540037,0.08483263,0.07029632,0.075367756,0.08528651,-0.27054024,-0.14174655,1,Stable,True,Financials,-0.022975057167811414
2025-12-05,ADM,57.81796646118164,True,2026-06-02,2025-12-08,2026-06-02,0.33189461324516034,0.44337769802639526,81.93994140625,0.15314206,-0.11929277,0.014367166,0.10815656,-0.027261823,48.0816,0.0802826,-0.13929828,-0.044985503,0.0995749,-0.046428025,-0.04256838,-0.38908118,-0.1528606,1,Stable,True,Consumer Staples,-0.014640130633218786
2025-12-05,ADP,255.8781280517578,True,2026-06-02,2025-12-08,2026-06-02,-0.20461840500847628,-0.09313532022724136,229.4392547607422,-0.12017618,0.5044186,-0.09081823,-0.14589024,-0.28765526,38.587803,0.15430881,0.028314687,-0.025714055,0.18112312,0.12052025,-0.03243777,0.23870979,0.1905678,1,Stable,True,Industrials,-0.02504281793166876
2025-12-05,ADSK,306.739990234375,True,2026-06-02,2025-12-08,2026-06-02,-0.3262546692407724,-0.21477158445953745,236.66000366210938,0.026023544,0.71931046,0.00824561,0.024858011,-0.10540563,46.376976,0.09507893,-0.07964662,-0.0011655334,0.11581287,0.007006027,-0.0039124265,0.008096851,0.012973235,1,Stable,True,Information Technology,-0.017578159000311528
2025-12-05,AEE,97.78790283203125,True,2026-06-02,2025-12-08,2026-06-02,-0.0212757611694685,0.09020732361176644,106.03258514404297,0.119924605,0.07002948,-0.008476351,0.060796924,-0.070939265,51.064342,-0.016590286,-0.06528298,-0.05912768,0.0031608827,0.024390198,-0.057016734,0.27023605,0.07961186,1,Stable,True,Utilities,-0.012738857047424463
2025-12-05,AEP,114.90229797363281,True,2026-06-02,2025-12-08,2026-06-02,0.0035730713833661415,0.11505615616460108,126.14956665039062,0.2537235,0.20359218,0.052133486,0.17204924,0.028793992,60.03553,-0.09834496,-0.08259901,-0.08167426,-0.07464136,0.014826285,-0.07014004,-0.13975924,0.054377194,1,Stable,True,Utilities,-0.006030355577624868
2025-12-05,AFL,107.60054779052734,True,2026-06-02,2025-12-08,2026-06-02,-0.04887660688070318,0.06260647790053175,113.06058502197266,0.046089854,0.15267166,0.028089013,0.07524731,-0.05740901,50.659466,-0.044533685,-0.06457389,0.029157456,-0.02509731,0.025972951,0.024715617,-0.132442,-0.020599473,1,Stable,True,Financials,-0.012738857047424463
2025-12-05,AIG,75.67608642578125,True,2026-06-02,2025-12-08,2026-06-02,-0.133571351344967,-0.022088266563732084,73.31281280517578,0.047932897,0.28283042,-0.030628115,-0.093133956,-0.22772025,50.258595,0.025550786,0.07741535,-0.14106685,0.04559397,0.16982387,-0.1473559,0.07144534,-0.08729713,1,Stable,True,Financials,-0.03237378948586418
2025-12-05,AIZ,221.20916748046875,True,2026-06-02,2025-12-08,2026-06-02,0.013559809612524884,0.12504289439375982,247.6303253173828,-0.0010374705,0.43409798,0.07280239,0.12277464,-0.014156724,56.861897,-0.016931847,-0.07391195,0.12381211,0.0036915815,0.019810224,0.11406518,-0.060016003,-0.22219719,1,Stable,True,Financials,-0.013021785838100123
2025-12-05,AJG,238.1865234375,True,2026-06-02,2025-12-08,2026-06-02,-0.24371296636564466,-0.13222988158440974,205.0873565673828,-0.21794802,0.042630114,-0.17048165,-0.23855431,-0.40249613,35.500202,0.18051678,0.038084,-0.020606294,0.22354266,0.1367116,-0.029478163,0.12619928,0.019223286,1,Stable,True,Financials,-0.049509613322774274
2025-12-05,ALL,200.19703674316406,True,2026-06-02,2025-12-08,2026-06-02,-0.05289168825055347,0.05859139653068146,210.4600067138672,0.01396391,0.25442433,0.0069336616,0.023127632,-0.107095465,52.564793,0.022608045,-0.01940256,0.009163722,0.04224057,0.06876069,0.006221123,-0.013914361,0.05325883,1,Stable,True,Financials,-0.018574454469260638
2025-12-05,ALLE,157.82948303222656,True,2026-06-02,2025-12-08,2026-06-02,-0.29100263947317695,-0.17951955469194203,129.31692504882812,0.14515552,0.7131188,-0.03476147,0.16884635,0.02605754,39.58656,0.065868266,-0.2710023,0.023690835,0.090762794,-0.17586933,0.017700985,0.52210695,-0.11177183,1,Stable,True,Industrials,-0.010294135179125669
2025-12-05,AMCR,40.291259765625,True,2026-06-02,2025-12-08,2026-06-02,-0.15239698807299562,-0.0409139032917607,38.40999984741211,-0.19289024,0.33076987,-0.04490663,-0.09684441,-0.23182014,50.230415,0.013333915,0.093242906,0.09604583,0.033259712,0.18615921,0.109659374,-0.29594755,-0.0750051,1,Stable,True,Materials,-0.03550387778348991
2025-12-05,AME,199.18466186523438,True,2026-06-02,2025-12-08,2026-06-02,0.03321009572325549,0.14469318050449043,227.3890838623047,0.036565598,0.6797044,0.07429871,0.12208763,-0.014768803,56.822803,-0.029281205,-0.07830006,0.085522026,-0.0084874835,0.015571872,0.07650216,0.1080969,0.08230552,1,Stable,True,Industrials,-0.01342116474861632
2025-12-05,AMGN,323.2751770019531,True,2026-06-02,2025-12-08,2026-06-02,-0.07474745705462318,0.03673562772661176,326.352783203125,0.223872,0.47326794,0.11423325,0.13323224,-0.004885767,62.70748,-0.12235689,0.041892126,-0.09063977,-0.08998525,0.12420683,-0.07972149,-0.0026485212,0.1719426,1,Stable,True,Health Care,-0.009379948300362255
2025-12-05,AMT,173.7257080078125,True,2026-06-02,2025-12-08,2026-06-02,-0.07869344422833759,0.03278964055289735,183.77574157714844,-0.10976531,-0.03555881,-0.09825273,-0.16068152,-0.30512476,40.950947,0.08630461,0.07870072,-0.050916202,0.10981781,0.17753488,-0.061670706,0.019493824,0.117757924,1,Stable,True,Real Estate,-0.025333218135940104
2025-12-05,AON,343.5087585449219,True,2026-06-02,2025-12-08,2026-06-02,-0.18338811997167848,-0.07190503519044356,317.1370849609375,-0.09927223,0.10958443,-0.029590685,-0.011757059,-0.14178643,46.134335,0.08796039,-0.0609091,0.08751517,0.11058645,0.024291858,0.08994968,0.074666254,-0.11413355,1,Stable,True,Financials,-0.022922070252383943
2025-12-05,AOS,66.90743255615234,True,2026-06-02,2025-12-08,2026-06-02,-0.2572025192107588,-0.14571943442952387,56.418357849121094,-0.062006947,0.7144058,-0.01302844,0.06854917,-0.06365789,43.758114,0.11677803,-0.14796819,0.13055612,0.13939473,-0.061145343,0.12753874,0.44393104,0.06974195,1,Stable,True,Industrials,-0.010718582422715771
2025-12-05,APD,255.60061645507812,True,2026-06-02,2025-12-08,2026-06-02,0.08780738394981034,0.19929046873104528,277.5657653808594,-0.19147,0.59504783,-0.051135276,-0.058273662,-0.19000027,41.253944,0.11635878,-0.050743226,0.13319634,0.14271124,0.032517537,0.14972112,-0.012224241,0.06735912,1,Stable,True,Materials,-0.0171558731551897
2025-12-05,ATO,168.37026977539062,True,2026-06-02,2025-12-08,2026-06-02,-0.09007061494509051,0.02141246983614442,167.73861694335938,0.19938782,0.075402245,0.039053544,0.13897118,0.00016567038,56.278126,-0.053632364,-0.10361147,-0.06041664,-0.033224218,-0.007469681,-0.05446171,-0.25078782,0.36383256,1,Stable,True,Utilities,-0.012530649235586118
2025-12-05,AVB,172.787593952,True,2026-06-02,2025-12-08,2026-06-02,-0.05767118995066213,0.053811894830572804,181.6662582034,-0.1941755,0.33150905,-0.059894837,-0.12567559,-0.2642635,41.258244,0.103235036,0.038304508,0.06849991,0.12713172,0.13078466,0.07880968,0.5539275,0.1352726,1,Stable,True,Real Estate,-0.02504281793166876
2025-12-05,AVY,177.30946350097656,True,2026-06-02,2025-12-08,2026-06-02,-0.21125969793165678,-0.09977661315042186,156.0399932861328,-0.10350203,0.3709417,0.052724123,0.02783776,-0.10250237,57.481995,-0.02115316,0.041958533,0.13133979,-4.818663e-06,0.12791769,0.13394079,0.6545831,0.047516484,1,Stable,True,Materials,-0.016236570128510715
2025-12-05,AWK,126.87041473388672,True,2026-06-02,2025-12-08,2026-06-02,-0.13523145957640015,-0.023748374795165228,122.8627700805664,-0.010563115,-0.37917686,-0.058606602,-0.06686652,-0.19916673,46.74884,0.07301483,0.0002731979,-0.056303404,0.09528162,0.08819952,-0.061363533,-0.10572736,0.45348966,1,Stable,True,Utilities,-0.02541919832747008
2025-12-05,AZO,3822.659912109375,True,2026-06-02,2025-12-08,2026-06-02,-0.30729080802872477,-0.19580772324748982,3029.360107421875,0.19851385,-0.23728794,-0.028769163,0.0609158,-0.0708272,41.063232,0.16270283,-0.18305962,-0.13759805,0.18999693,-0.10149822,-0.12472563,0.050298534,-0.14074326,1,Stable,True,Consumer Discretionary,-0.008610529219732843
2025-12-05,BAC,53.36943435668945,True,2026-06-02,2025-12-08,2026-06-02,-0.13232392123923065,-0.020840836457995726,52.208736419677734,0.18553147,0.9162473,0.089641005,0.22792192,0.07536354,54.905247,-0.050932426,-0.15934327,0.04239045,-0.028870713,-0.051087067,0.032356266,-0.070859395,-0.041603226,1,Stable,True,Financials,-0.008629909243323186
2025-12-05,BALL,48.70509338378906,True,2026-06-02,2025-12-08,2026-06-02,0.022630527964278654,0.1341136127455136,53.75,-0.19886273,0.111368775,-0.052579824,-0.11756184,-0.25502628,50.339577,0.054539755,0.08056622,0.08130089,0.07505569,0.17527604,0.093880594,-0.0855245,0.16244628,1,Stable,True,Materials,-0.03550387778348991
2025-12-05,BDX,149.64146423339844,True,2026-06-02,2025-12-08,2026-06-02,-0.13581959877000482,-0.024336513988769903,143.41891479492188,-0.10503712,0.57788956,0.047619954,0.13314472,-0.004962995,53.018433,0.075567916,-0.115302466,0.23818184,0.09158282,-0.019404976,0.23319393,-0.27892378,-0.042741843,1,Stable,True,Health Care,-0.011200133791864653
2025-12-05,BF-B,29.86168098449707,True,2026-06-02,2025-12-08,2026-06-02,-0.27665123624539145,-0.16516815146415653,24.724470138549805,-0.23927298,0.42833626,0.08318909,0.19131327,0.04509658,57.465218,0.03829871,-0.07475731,0.43058625,0.053691946,0.023099411,0.44576117,0.32219088,0.19600944,1,Stable,True,Consumer Staples,-0.011481080194269707
2025-12-05,BG,91.9588394165039,True,2026-06-02,2025-12-08,2026-06-02,0.3100473488548698,0.4215304336361047,128.32090759277344,0.097924374,0.2805271,0.10807199,0.10273845,-0.032163117,60.741222,-0.15583053,0.048319004,0.0048140734,-0.1254992,0.13079123,0.0015993118,-0.3720843,-0.26711676,1,Stable,True,Consumer Staples,-0.009289996788290908
2025-12-05,BIIB,181.3000030517578,True,2026-06-02,2025-12-08,2026-06-02,-0.06498563811680746,0.04649744666442747,188.8300018310547,0.12713706,0.29162315,0.25994724,0.3835471,0.19469087,64.28067,-0.06139399,-0.16546051,0.25641003,-0.03175018,-0.039462537,0.20219392,-0.38500324,0.1951707,1,Stable,True,Health Care,-0.016622094005370548
2025-12-05,BMY,50.44545364379883,True,2026-06-02,2025-12-08,2026-06-02,-0.034034584503992674,0.07744850027724226,53.85210037231445,-0.06726471,0.35682148,0.13220626,0.10078102,-0.03393976,59.567707,0.0063307583,0.011266954,0.16804573,0.025643095,0.09809017,0.16287798,0.06165625,0.025755676,1,Stable,True,Health Care,-0.014651746132116417
2025-12-05,BR,228.2329864501953,True,2026-06-02,2025-12-08,2026-06-02,-0.42439652129185984,-0.3129134365106249,153.78790283203125,0.014457577,0.2633878,-0.03210516,-0.025364984,-0.15565193,42.92809,0.1562826,-0.06410992,-0.03982256,0.1783709,0.019865185,-0.042822093,-0.013585273,0.09098898,1,Stable,True,Industrials,-0.025304450840022665
2025-12-05,BRK-B,504.3399963378906,True,2026-06-02,2025-12-08,2026-06-02,-0.16320965126438783,-0.05172656648315289,471.510009765625,0.0726302,0.13766383,0.03052208,0.028782377,-0.10158376,53.423805,0.0077384785,-0.013829986,-0.04384782,0.027561909,0.074372545,-0.044513624,-0.32700434,0.09317409,1,Stable,True,Financials,-0.018168798214199727
2025-12-05,BRO,77.78170013427734,True,2026-06-02,2025-12-08,2026-06-02,-0.3787895048164863,-0.2673064200352514,56.45929718017578,-0.291826,0.1277873,-0.15832947,-0.2657653,-0.43888626,37.129566,0.1921759,0.09910631,0.0260607,0.2274755,0.21452098,0.033363104,-0.07642467,-0.27553964,1,Stable,True,Financials,-0.04314231026369233
2025-12-05,BSX,97.5199966430664,True,2026-06-02,2025-12-08,2026-06-02,-0.6033841699699649,-0.49190108518873,47.68000030517578,0.07792633,0.3751057,-0.04310543,-0.03911717,-0.16986251,49.12873,0.049916428,-0.026246067,-0.117043495,0.07199631,0.060212277,-0.11771774,-0.082584724,0.070010275,1,Stable,True,Health Care,-0.033288441244667843
2025-12-05,CAG,16.12474250793457,True,2026-06-02,2025-12-08,2026-06-02,-0.32572048827183386,-0.21423740349059892,12.71480655670166,-0.34228712,0.03746136,-0.07406216,-0.17960936,-0.32793438,44.131943,0.12587519,0.07469229,0.16267776,0.15154678,0.17504255,0.21823633,-0.12688965,-0.1729055,1,Stable,True,Unknown,-0.04413281858734415
2025-12-05,CAH,197.42620849609375,True,2026-06-02,2025-12-08,2026-06-02,-0.12677178777088594,-0.015288702989651013,194.4567108154297,0.6361526,-0.3192283,0.19676429,0.23199327,0.078673705,70.377464,-0.3040765,0.07632588,-0.40415937,-0.24454316,0.14801659,-0.2864899,-0.33456957,0.06062345,1,Stable,True,Health Care,-9.907493604524344e-05
2025-12-05,CB,293.21685791015625,True,2026-06-02,2025-12-08,2026-06-02,-0.057781211550401064,0.05370187323083387,311.2987060546875,0.040745366,-0.018783709,0.05250393,0.029920125,-0.100478455,59.617844,-0.00058944523,0.012888046,-0.010825241,0.019400943,0.10034277,-0.013231717,0.8950317,-0.15682009,1,Stable,True,Financials,-0.016229224618119868
2025-12-05,CBOE,251.61001586914062,True,2026-06-02,2025-12-08,2026-06-02,-0.018166781800368348,0.09331630298086659,275.5899963378906,0.19853264,-0.23673421,0.04342113,0.12592977,-0.011350546,56.15551,-0.06886542,-0.056589402,-0.07260287,-0.04660079,0.036339603,-0.06526466,-0.3110344,-0.10773117,1,Stable,True,Financials,-0.013711335694835852
2025-12-05,CBRE,160.86000061035156,True,2026-06-02,2025-12-08,2026-06-02,-0.28865020549319265,-0.17716712071195773,127.86000061035156,0.17304744,0.7323337,0.045806877,0.19955252,0.051988885,48.1326,0.10285117,-0.22993223,0.026505083,0.12078285,-0.12489254,0.019567773,-0.37505227,-0.13876152,1,Stable,True,Real Estate,-0.008827176608146836
2025-12-05,CCI,86.14219665527344,True,2026-06-02,2025-12-08,2026-06-02,-0.09716392111985651,0.01431916366137842,88.8828353881836,-0.09946783,0.20109522,-0.08380244,-0.08801893,-0.22209574,44.83338,0.07212758,0.03263203,0.011448897,0.093548305,0.12306297,0.00985755,-0.06303661,-0.09892119,1,Stable,True,Real Estate,-0.023227782537694117
2025-12-05,CF,76.7559814453125,True,2026-06-02,2025-12-08,2026-06-02,0.3711932821634081,0.482676366944643,112.89830780029297,-0.15278125,0.28667173,-0.10352976,-0.21772271,-0.37550572,45.862164,0.05226482,0.12733038,-0.064941466,0.07583488,0.23871088,-0.08252546,-0.20673332,-0.05515726,1,Stable,True,Materials,-0.05032227214117098
2025-12-05,CHD,83.73017120361328,True,2026-06-02,2025-12-08,2026-06-02,0.07420157387853175,0.1856846586597667,95.84774017333984,-0.22161944,-0.110234454,-0.06495481,-0.12991497,-0.26912403,42.75947,0.08554439,0.02818393,0.09170447,0.11093302,0.11978537,0.10859957,0.1364061,0.06297934,1,Stable,True,Consumer Staples,-0.02504281793166876
2025-12-05,CINF,159.6336669921875,True,2026-06-02,2025-12-08,2026-06-02,-0.12100893054953689,-0.009525845768301955,157.13880920410156,0.061534543,0.5496975,0.05116152,0.1192347,-0.017314557,55.244583,-0.03544227,-0.07809166,0.05770016,-0.014668251,0.015580825,0.050153796,-0.23344743,-0.06230597,1,Stable,True,Financials,-0.012377280441270365
2025-12-05,CL,76.67601776123047,True,2026-06-02,2025-12-08,2026-06-02,0.06263926106780858,0.1741223458490435,87.766845703125,-0.1548707,-0.21100572,-0.05150376,-0.12257596,-0.2607246,46.009613,0.075385146,0.05754409,0.032294743,0.09750924,0.15142885,0.03472495,-0.10480398,0.084032044,1,Stable,True,Consumer Staples,-0.02191931002929582
2025-12-05,CLX,101.27613830566406,True,2026-06-02,2025-12-08,2026-06-02,-0.20228750852184996,-0.09080442374061504,88.59500885009766,-0.34878486,0.21663788,-0.107876,-0.1359852,-0.27612507,36.11968,0.13502365,-0.012023047,0.21279967,0.16707517,0.07389371,0.27997404,-0.38283768,0.12915906,1,Stable,True,Consumer Staples,-0.02504281793166876
2025-12-05,CMCSA,24.671611785888672,True,2026-06-02,2025-12-08,2026-06-02,-0.09318248669508213,0.01830059808615281,24.515966415405273,-0.33873615,0.4628133,-0.12950383,-0.2066968,-0.3615095,37.352325,0.17365628,0.03304051,0.13203935,0.21071082,0.1287121,0.1792767,0.4003837,0.33902028,1,Stable,True,Communication Services,-0.038530332371810264
2025-12-05,CME,261.9736328125,True,2026-06-02,2025-12-08,2026-06-02,-0.1585150296032847,-0.04703194482204976,249.23773193359375,0.17538635,-0.20309962,-0.0014034075,0.017403476,-0.11270594,53.307312,-0.034384124,0.014954209,-0.15798289,-0.013907346,0.10249822,-0.14711896,-0.03731522,-0.0024136233,1,Stable,True,Financials,-0.02127190382618392
2025-12-05,CMS,69.45761108398438,True,2026-06-02,2025-12-08,2026-06-02,-0.07702625232326145,0.034456832457973485,71.27479553222656,0.073505856,0.06895768,-0.009232403,0.037579183,-0.09306942,51.849266,-0.009393216,-0.0381711,-0.035926674,0.010523129,0.0504244,-0.036815315,-0.14868122,-0.06545073,1,Stable,True,Utilities,-0.018574454469260638
2025-12-05,CNP,37.785282135009766,True,2026-06-02,2025-12-08,2026-06-02,-0.004427463555843697,0.10705562122539124,41.48209762573242,0.22489719,0.035356518,0.0116220405,0.08053189,-0.052506298,51.920925,-0.019439247,-0.06995042,-0.14436531,0.00054323673,0.020979255,-0.12817931,-0.016925095,-0.13089237,1,Stable,True,Utilities,-0.012738857047424463
2025-12-05,COP,91.66930389404297,True,2026-06-02,2025-12-08,2026-06-02,0.16602342159081201,0.27750650637204693,116.09566497802734,-0.085987315,0.4763005,0.026510058,0.0035725182,-0.12639356,50.549503,0.09933013,0.0009884087,0.08955983,0.11425705,0.08889119,0.09070116,0.4342876,-0.010558236,1,Stable,True,Energy,-0.019801745226646985
2025-12-05,COR,337.6455993652344,True,2026-06-02,2025-12-08,2026-06-02,-0.32436437904114,-0.21288129425990507,264.3274230957031,0.3688505,-0.14319889,0.08893158,0.16531397,0.023030853,62.127766,-0.17915323,-0.041738644,-0.20353653,-0.15373158,0.05143208,-0.1637566,-0.17919654,0.12576649,1,Stable,True,Health Care,-0.007074239884970819
2025-12-05,COST,890.7486572265625,True,2026-06-02,2025-12-08,2026-06-02,-0.033242225047767984,0.07824085973346695,952.7552490234375,-0.08430629,0.074457884,-0.052353542,-0.08855798,-0.222687,42.236153,0.039612856,0.017653845,-0.0042516887,0.0617184,0.10709073,-0.0074297637,-0.051599756,0.057562813,1,Stable,True,Consumer Staples,-0.02504281793166876
2025-12-05,CPB,28.176128387451172,True,2026-06-02,2025-12-08,2026-06-02,-0.3896352105091401,-0.27815212572790515,20.641210556030273,-0.32073158,-0.15493903,-0.0552501,-0.059648786,-0.19146155,43.274883,0.09709904,-0.05275291,0.2610828,0.123781405,0.030172631,0.32246125,0.27735445,0.029158656,1,Stable,True,Unknown,-0.019840299472256743
2025-12-05,CPRT,38.720001220703125,True,2026-06-02,2025-12-08,2026-06-02,-0.308046460648294,-0.19656337586705908,30.860000610351562,-0.37789202,0.38518077,-0.14591059,-0.19983464,-0.35289657,33.431213,0.17666425,-0.008345321,0.17805737,0.22136445,0.07742253,0.24892896,-0.20161346,0.31856313,1,Stable,True,Industrials,-0.0462240137401458
2025-12-05,CPT,100.80728912353516,True,2026-06-02,2025-12-08,2026-06-02,-0.05645068918533337,0.05503239559590156,105.13661193847656,-0.12124587,0.22159061,-0.02773812,-0.088401824,-0.22251569,48.360462,0.099010155,0.0356199,0.032844044,0.11938382,0.12623683,0.033918336,-0.51797885,0.3874779,1,Stable,True,Real Estate,-0.028515483376357995
2025-12-05,CSCO,76.84953308105469,True,2026-06-02,2025-12-08,2026-06-02,0.5291742348223418,0.6406573196035767,127.52294158935547,0.34466532,0.7751403,0.11961336,0.20458727,0.05617729,62.50543,-0.061273374,-0.045763075,-0.14007805,-0.034358338,0.04917565,-0.11278397,-0.4865309,0.1881376,1,Stable,True,Information Technology,-0.0057658394444748354
2025-12-05,CSX,36.07027053833008,True,2026-06-02,2025-12-08,2026-06-02,0.16592719288409552,0.27741027766533044,46.13999938964844,0.0244872,0.5273002,0.05667864,0.12345766,-0.013548577,59.030403,-0.07286794,-0.014350295,0.098970465,-0.047990937,0.07505117,0.089443125,-0.22049673,-0.20288405,1,Stable,True,Industrials,-0.009357775096884076
2025-12-05,CTAS,185.3347625732422,True,2026-06-02,2025-12-08,2026-06-02,-0.15957062033841674,-0.048087535557181815,172.8609619140625,-0.15437578,0.45582926,-0.08296137,-0.156832,-0.30054876,43.05409,0.097089626,0.072226934,-0.002456218,0.120773315,0.17009616,-0.005684674,-0.24417242,0.15268943,1,Stable,True,Industrials,-0.022114009786981803
2025-12-05,CTRA,27.1991289199,True,2026-06-02,2025-12-08,2026-06-02,,,,0.0835162,0.3463021,0.12587185,0.052309282,-0.07897264,58.036358,-0.085968286,0.08118258,-0.03120692,-0.058907777,0.16222271,-0.03200024,0.0016002847,-0.12632123,1,Stable,True,Unknown,-0.021906709283988496
2025-12-05,CTSH,79.28411102294922,True,2026-06-02,2025-12-08,2026-06-02,-0.4199780195008416,-0.3084949347196067,54.81856918334961,0.02557228,0.75744385,0.12098749,0.016017245,-0.11406938,61.504494,-0.035975225,0.13314131,-0.009555034,-0.011839859,0.21104644,-0.012136258,-0.2780216,0.021331262,1,Stable,True,Information Technology,-0.017744729936686666
2025-12-05,CTVA,65.70030212402344,True,2026-06-02,2025-12-08,2026-06-02,0.08568779126752908,0.19717087604876402,77.56999969482422,0.07543776,0.3950584,-0.04364667,-0.10584314,-0.24183378,44.944992,0.14127402,0.012495473,-0.18128091,0.1647759,0.10178463,-0.18737768,0.51138204,-0.19491203,1,Stable,True,Materials,-0.02195565040132463
2025-12-05,CVS,73.90261840820312,True,2026-06-02,2025-12-08,2026-06-02,0.07796409526209368,0.1894471800433286,88.9493179321289,0.33239067,0.20299712,0.051429424,0.13838212,-0.00035164738,52.25489,-0.059657082,-0.11724532,-0.19400854,-0.040231973,-0.020784752,-0.16014257,0.15010308,-0.08785292,1,Stable,True,Health Care,-0.009462720064854593
2025-12-05,CVX,145.9251251220703,True,2026-06-02,2025-12-08,2026-06-02,0.17369802016381097,0.2851811049450459,185.92738342285156,-0.030672427,0.09167282,-0.00940809,0.05022075,-0.08095933,44.619774,0.033277087,-0.091767386,0.080893174,0.054096792,-0.0035279617,0.07737724,0.46354717,0.018257346,1,Stable,True,Energy,-0.01443946180534691
2025-12-05,D,57.29949951171875,True,2026-06-02,2025-12-08,2026-06-02,0.049554604890815965,0.1610376896720509,66.47000122070312,0.08132616,0.06556953,-0.00299931,0.09318695,-0.040862463,49.214638,-0.007983187,-0.107512794,0.011860795,0.0118341595,-0.0156199075,0.008133225,0.32762456,0.060640704,1,Stable,True,Utilities,-0.012738857047424463
2025-12-05,DE,470.87091064453125,True,2026-06-02,2025-12-08,2026-06-02,0.13855184421056777,0.2500349289918027,577.7525024414062,0.049074773,0.52745044,-0.017844344,-0.08802042,-0.22209738,51.342575,-0.0012171175,0.08866947,-0.1370952,0.018749285,0.1806933,-0.14282209,-0.25166786,0.2000499,1,Stable,True,Industrials,-0.03237378948586418
2025-12-05,DG,130.52008056640625,True,2026-06-02,2025-12-08,2026-06-02,-0.248609391123643,-0.13712630634240808,105.73074340820312,0.7181669,0.2601767,0.2365217,0.17794342,0.033810355,63.51578,0.11611757,0.08565538,-0.5402235,0.10788044,0.15810058,-0.3802637,2.3753397,0.30708653,1,Stable,True,Consumer Staples,-0.011927763810794158
2025-12-05,DGX,180.15859985351562,True,2026-06-02,2025-12-08,2026-06-02,-0.039605941003227466,0.07187714377800747,192.37782287597656,0.14832887,-0.027471757,0.017387439,0.011441481,-0.11858318,50.502373,0.03475335,-0.0122023225,-0.13688739,0.054155014,0.07576913,-0.12970701,-0.37309718,0.13874973,1,Stable,True,Health Care,-0.019801745226646985
2025-12-05,DHR,224.98985290527344,True,2026-06-02,2025-12-08,2026-06-02,-0.32419811655726244,-0.2127150317760275,175.74539184570312,-0.054999467,0.5070789,0.09993009,0.12878649,-0.008816548,60.68523,-0.087398656,0.032566696,0.18378596,-0.058271855,0.116349496,0.17493713,-0.13761282,-0.085082665,1,Stable,True,Health Care,-0.00924274927562676
2025-12-05,DIS,103.79700469970703,True,2026-06-02,2025-12-08,2026-06-02,-0.16289874454453424,-0.051415659763299315,100.63886260986328,-0.08786917,0.82864076,-0.08185939,-0.11492263,-0.2520399,41.82562,0.053642422,0.014307693,-0.02705346,0.07789883,0.103942975,-0.032884166,-0.17620616,0.44746614,1,Stable,True,Communication Services,-0.02504281793166876
2025-12-05,DLR,161.24160766601562,True,2026-06-02,2025-12-08,2026-06-02,0.048879535765568485,0.16036262054680342,186.0197296142578,-0.112551704,0.78566533,-0.027041726,-0.05772742,-0.18942039,47.03492,0.028725982,0.0074985623,0.054824285,0.049763147,0.09583324,0.05716853,0.01737215,0.12588958,1,Stable,True,Real Estate,-0.025634660749928956
2025-12-05,DOC,16.191844940185547,True,2026-06-02,2025-12-08,2026-06-02,0.09236793368608874,0.20385101846732367,19.171890258789062,-0.15902627,0.51860744,-0.037702292,0.021578727,-0.1086105,46.267826,0.020683749,-0.067335084,0.180605,0.041410323,0.01972133,0.19176823,-0.024242759,-0.14830442,1,Stable,True,Real Estate,-0.02186074754747148
2025-12-05,DOV,190.18600463867188,True,2026-06-02,2025-12-08,2026-06-02,0.001267420712206535,0.11275050549344147,211.83999633789062,-0.05170385,0.84124017,0.07561835,0.06912644,-0.0631178,60.61856,-0.0028320253,0.0068150386,0.1208303,0.01733074,0.09426096,0.117154524,-0.29876122,0.00084506057,1,Stable,True,Industrials,-0.009711386468979495
2025-12-05,DPZ,410.2499694824219,True,2026-06-02,2025-12-08,2026-06-02,-0.3698910594064043,-0.2584079746251694,305.6404724121094,-0.08514678,0.062686585,-0.0469322,-0.079855815,-0.2131846,45.78205,0.12181643,-0.0043727756,0.0052909628,0.14485349,0.083143175,0.0029909462,0.5465085,-0.22375737,1,Stable,True,Consumer Discretionary,-0.025865108973247786
2025-12-05,DRI,173.65138244628906,True,2026-06-02,2025-12-08,2026-06-02,0.007464351077692832,0.11894743585892777,196.67929077148438,0.07222681,0.27011588,-0.09221427,-0.19730671,-0.3497423,38.021477,0.16163526,0.03685443,-0.26953351,0.1960406,0.13279742,-0.29229602,-0.1938467,0.08800921,1,Stable,True,Consumer Discretionary,-0.04584379536407304
2025-12-05,DTE,128.02041625976562,True,2026-06-02,2025-12-08,2026-06-02,0.0044545029005114145,0.11593758768174635,141.5237579345703,0.10311728,0.25780323,-0.038883492,-0.006580764,-0.13656221,46.6261,0.011402046,-0.02615015,-0.10969804,0.03168529,0.06123074,-0.107518375,0.07543349,0.13334873,1,Stable,True,Utilities,-0.027204658799543893
2025-12-05,DUK,113.54781341552734,True,2026-06-02,2025-12-08,2026-06-02,-0.0424273404743354,0.06905574430689954,120.03462982177734,0.06242787,-0.13247019,-0.03558309,0.027286323,-0.10303902,46.51561,-0.014670674,-0.06477053,-0.03514155,0.004606992,0.022781298,-0.03641185,0.11637254,0.168882,1,Stable,True,Utilities,-0.02186074754747148
2025-12-05,DVA,117.38999938964844,True,2026-06-02,2025-12-08,2026-06-02,0.49372831625193037,0.6052114010331653,187.88999938964844,-0.28425094,0.46449298,-0.11066835,-0.1483604,-0.29055154,43.409115,0.08489265,0.029402092,0.13589054,0.111957274,0.121848285,0.171058,-0.39130393,0.16396715,1,Stable,True,Health Care,-0.021370821632449983
2025-12-05,DVN,36.77530288696289,True,2026-06-02,2025-12-08,2026-06-02,0.13314068181714545,0.2446237665983804,45.89357376098633,0.024910608,0.52332735,0.10394975,0.08984518,-0.043924052,53.63443,0.086258054,-0.020691514,0.064934574,0.097555734,0.068738505,0.058654446,-0.11555453,0.080636,1,Stable,True,Energy,-0.013313952568721458
2025-12-05,EA,203.5356516679,True,2026-06-02,2025-12-08,2026-06-02,-0.11707701513873393,-0.005593930357499,202.01,0.22180079,0.22325604,0.14288004,0.35231867,0.17186095,76.2202,-0.18281041,-0.15089032,0.13051789,-0.14509805,-0.03040272,0.09871902,-0.08093228,-0.31887302,1,Stable,True,Communication Services,0.01577406370260058
2025-12-05,ECL,257.56982421875,True,2026-06-02,2025-12-08,2026-06-02,-0.10947189638289091,0.0020111883983440215,255.56350708007812,0.056993943,0.5492783,-0.035591792,-0.019491218,-0.14964338,48.122158,0.079185136,-0.03349449,-0.07648516,0.100269556,0.053149357,-0.07788845,0.044806786,0.087467365,1,Stable,True,Materials,-0.028902145765244712
2025-12-05,ED,94.27760314941406,True,2026-06-02,2025-12-08,2026-06-02,-0.006385028222065894,0.10509805655916904,102.94568634033203,0.024645668,-0.2470755,-0.024212638,-0.033655383,-0.16419446,51.019688,0.007298234,0.030631091,-0.05830105,0.027260061,0.11911267,-0.06135743,-0.3339372,0.11775314,1,Stable,True,Utilities,-0.024938075984402182
2025-12-05,EG,306.2145080566406,True,2026-06-02,2025-12-08,2026-06-02,-0.06481374562853318,0.046669339152701765,318.8819580078125,-0.18607436,0.25851378,-0.07426231,-0.0859848,-0.21986778,44.901386,0.08024473,-0.024421655,0.100089565,0.10633102,0.060824245,0.11320238,-0.15361008,0.13347839,1,Stable,True,Financials,-0.023227782537694117
2025-12-05,EIX,55.900508880615234,True,2026-06-02,2025-12-08,2026-06-02,0.1884129130453318,0.29989599782656673,70.0879898071289,-0.27431324,0.37216672,0.07183929,0.23940821,0.084674306,54.58758,-0.022062825,-0.19029453,0.51372147,-0.001287892,-0.078781545,0.532495,-0.018144807,-0.13379128,1,Stable,True,Utilities,-0.008629909243323186
2025-12-05,EOG,109.44253540039062,True,2026-06-02,2025-12-08,2026-06-02,0.16303577416122278,0.2745188589424577,137.55911254882812,-0.11950624,0.34585422,-0.01702875,-0.073030084,-0.20579387,43.745766,0.12456034,0.016755383,0.046476156,0.14394167,0.1058208,0.04866247,-0.192599,0.062854975,1,Stable,True,Energy,-0.021312016750166092
2025-12-05,EQIX,730.4400024414062,True,2026-06-02,2025-12-08,2026-06-02,0.35213059060222224,0.46361367538345716,1066.7032470703125,-0.21279804,0.5147683,-0.05558813,-0.1548474,-0.29819778,46.542057,-0.02494897,0.090382814,0.057950646,-0.0070638135,0.18950859,0.06825659,0.3062549,0.021284925,1,Stable,True,Real Estate,-0.02191931002929582
2025-12-05,ERIE,291.5567321777344,True,2026-06-02,2025-12-08,2026-06-02,-0.36425332552884737,-0.25277024074761245,206.35914611816406,-0.3055005,0.09252188,-0.09641516,-0.1645597,-0.3097561,45.27676,0.17176831,0.045636125,0.1409408,0.19807304,0.14109226,0.18199164,-0.28622144,-0.07197958,1,Stable,True,Financials,-0.020026907257392382
2025-12-05,ES,64.54309844970703,True,2026-06-02,2025-12-08,2026-06-02,-0.04938499780710527,0.06209808697412966,68.51000213623047,0.14205785,0.48957387,-0.0068992544,0.048766546,-0.08234495,54.287655,-0.10473712,-0.011124674,-0.093291305,-0.086436525,0.07724273,-0.087992825,-0.022036985,0.13469596,1,Stable,True,Utilities,-0.02066784817519398
2025-12-05,ESS,247.97308349609375,True,2026-06-02,2025-12-08,2026-06-02,0.01193291947427877,0.1234160042555137,275.14068603515625,-0.1206712,0.3349862,-0.036717013,-0.08748971,-0.22151563,46.63325,0.037264682,0.046751905,0.03318149,0.05807802,0.13787186,0.034264654,-0.2625528,-0.11567631,1,Stable,True,Real Estate,-0.024195849073438403
2025-12-05,ETR,92.54391479492188,True,2026-06-02,2025-12-08,2026-06-02,0.060731027987199995,0.17221411276843493,106.96147918701172,0.280336,0.5751475,0.049079273,0.16822554,0.025526267,56.85181,-0.064411886,-0.112708256,-0.11211045,-0.042999003,-0.013548222,-0.09441237,0.24558587,0.013565616,1,Stable,True,Utilities,-0.009809392140098237
2025-12-05,EVRG,71.46686553955078,True,2026-06-02,2025-12-08,2026-06-02,0.01645732337349702,0.12794040815473195,80.67636108398438,0.20448738,0.29733145,0.012907155,0.110641785,-0.025021669,53.22711,-0.044134475,-0.08769799,-0.0938456,-0.02413662,0.00565329,-0.08389184,-0.08184722,-0.16063377,1,Stable,True,Utilities,-0.016500069405563204
2025-12-05,EW,86.19000244140625,True,2026-06-02,2025-12-08,2026-06-02,-0.07187203189492687,0.03961105288630806,87.66000366210938,0.22777787,0.4245872,0.09004337,0.15196475,0.01150926,61.294968,-0.059370726,-0.0471064,-0.075813115,-0.03526738,0.046154954,-0.06651276,0.0008052589,-0.20859194,1,Stable,True,Health Care,-0.00672756780972718
2025-12-05,EXC,43.033355712890625,True,2026-06-02,2025-12-08,2026-06-02,-0.06404900620137302,0.04743407857986192,44.580745697021484,0.19041994,0.15161532,-0.012041375,0.044659372,-0.086268835,52.142418,-0.049117915,-0.028739024,-0.14576057,-0.029589709,0.06001086,-0.13339108,-0.08070356,0.2814376,1,Stable,True,Utilities,-0.018574454469260638
2025-12-05,EXE,120.73286437988281,True,2026-06-02,2025-12-08,2026-06-02,-0.3338188340231595,-0.22233574924192456,90.9933090209961,0.29345682,0.5407671,0.17128064,0.05689341,-0.07462585,62.992367,-0.1721077,0.23123515,-0.23656341,-0.12345454,0.28576338,-0.2047603,0.14775793,-0.034364544,1,Stable,True,Energy,-0.018401393943462043
2025-12-05,EXPD,150.6934356689453,True,2026-06-02,2025-12-08,2026-06-02,-0.03965909394577173,0.0718239908354632,157.8699951171875,0.26623186,0.51664984,0.2360727,0.3228055,0.14979516,64.35708,-0.10267107,-0.08836576,0.05657363,-0.06686927,0.01876913,0.0409336,0.0787528,0.12961946,1,Stable,True,Industrials,-0.017276272080688753
2025-12-05,EXR,125.17137908935547,True,2026-06-02,2025-12-08,2026-06-02,0.02197370884630699,0.13345679362754193,140.75938415527344,-0.18253177,0.33796486,-0.08115879,-0.12061347,-0.25849044,41.592587,0.105254814,0.003913529,0.061918303,0.13254555,0.092347205,0.07023671,0.09711276,-0.06979174,1,Stable,True,Real Estate,-0.02504281793166876
2025-12-05,FANG,155.9364776611328,True,2026-06-02,2025-12-08,2026-06-02,0.1882227339081406,0.2997058186893755,201.29144287109375,-0.07201352,0.43534538,0.11213283,0.064964324,-0.067018405,58.965565,-0.019259408,0.0887167,0.13697785,0.0031315684,0.1679232,0.13490361,0.26475328,-0.17007954,1,Stable,True,Energy,-0.011785263361207781
2025-12-05,FAST,40.828861236572266,True,2026-06-02,2025-12-08,2026-06-02,-0.0032200166989868745,0.10826306808224806,44.48588180541992,0.02358776,0.4838316,-0.07038083,-0.0077471077,-0.13773698,39.908913,0.13652483,-0.11087243,-0.031334866,0.16397913,-0.030581847,-0.03386695,0.03996902,0.04029472,1,Stable,True,Industrials,-0.017098394813446615
2025-12-05,FDS,287.73406982421875,True,2026-06-02,2025-12-08,2026-06-02,-0.2108078074484262,-0.09932472266719128,255.82000732421875,-0.3944447,0.32297903,-0.1530837,-0.30537936,-0.49434912,41.248455,0.3629396,0.09292872,0.08906534,0.39898264,0.21346697,0.13444418,0.7050749,0.35672605,1,Stable,True,Financials,-0.020011226684092547
2025-12-05,FE,43.59835433959961,True,2026-06-02,2025-12-08,2026-06-02,-0.07851819590245392,0.03296488887878102,44.8751220703125,0.13024427,0.07173999,0.033035208,0.15152873,0.011130684,55.028145,-0.05171247,-0.11115353,0.021284461,-0.03101709,-0.013602186,0.015880805,-0.005839591,0.1113738,1,Stable,True,Utilities,-0.014623509990426305
2025-12-05,FOX,60.564510345458984,True,2026-06-02,2025-12-08,2026-06-02,-0.14894306906230548,-0.03745998428107055,58.650001525878906,0.39645347,0.42993248,0.1281071,0.20516114,0.056653585,60.07709,-0.12622608,-0.05281441,-0.19129233,-0.09604882,0.04309399,-0.1500983,-0.37900984,0.0029676636,1,Stable,True,Communication Services,-0.006844030459258936
2025-12-05,FOXA,68.06610870361328,True,2026-06-02,2025-12-08,2026-06-02,-0.15768683475451017,-0.046203749973275254,65.69000244140625,0.48775613,0.4937958,0.14858663,0.24213944,0.08687555,61.189667,-0.12371426,-0.07748768,-0.24561669,-0.092334025,0.023493662,-0.18320957,0.1474439,-0.07330604,1,Stable,True,Communication Services,-0.00874586462905625
2025-12-05,FRT,94.21734619140625,True,2026-06-02,2025-12-08,2026-06-02,0.16542708184707422,0.27691016662830914,118.22771453857422,-0.10654315,0.4625246,0.009813442,0.03981607,-0.09091586,48.810543,0.048183925,-0.07423279,0.14635922,0.06866258,0.01384002,0.14892527,0.18866609,-0.16129197,1,Stable,True,Real Estate,-0.018574454469260638
2025-12-05,FTV,53.63846206665039,True,2026-06-02,2025-12-08,2026-06-02,0.0011316002889491944,0.11261468507018413,60.10085678100586,-0.0881272,0.71482486,0.074344926,0.010362883,-0.11965015,60.997185,-0.03340604,0.07650146,0.09849009,-0.011252077,0.16089404,0.099788524,-0.18470836,-0.19753376,1,Stable,True,Industrials,-0.024767325461243068
2025-12-05,GD,332.9193115234375,True,2026-06-02,2025-12-08,2026-06-02,-0.09793074700434869,0.013552337776886247,336.1306457519531,0.24085632,0.64153665,0.04707958,0.2192719,0.06829417,54.188797,-0.03661416,-0.19144401,-0.021584421,-0.016306475,-0.08289936,-0.020323656,0.25957608,-0.048507188,1,Stable,True,Industrials,-0.008827176608146836
2025-12-05,GILD,118.9627456665039,True,2026-06-02,2025-12-08,2026-06-02,-0.045868457996639314,0.06561462678459562,126.73706817626953,0.34967855,0.34422964,0.046808973,0.10134266,-0.033429664,55.75687,-0.053316917,-0.06569186,-0.24833588,-0.032887693,0.026406769,-0.20611222,0.50289744,0.0124305,1,Stable,True,Health Care,-0.0109430204823526
2025-12-05,GIS,43.78242874145508,True,2026-06-02,2025-12-08,2026-06-02,-0.369494001299829,-0.2580109165185941,32.507301330566406,-0.27488825,-0.18847902,-0.059936743,-0.12073123,-0.25862437,45.460766,0.07999368,0.03965015,0.15415701,0.10343575,0.13201407,0.189989,-0.0770831,-0.02755836,1,Stable,True,Consumer Staples,-0.01973650705312104
2025-12-05,GL,130.5664825439453,True,2026-06-02,2025-12-08,2026-06-02,0.02895977727836206,0.140442862059597,150.77383422851562,0.20992115,0.4509965,-0.017521514,0.09360009,-0.04048462,41.695343,0.0727627,-0.16985211,-0.116321065,0.09578692,-0.08088429,-0.10385592,-0.056260593,-0.20598897,1,Stable,True,Financials,-0.008610529219732843
2025-12-05,GPC,127.66687774658203,True,2026-06-02,2025-12-08,2026-06-02,-0.33045904409559856,-0.21897595931436364,98.27923583984375,0.06396566,0.48113155,0.0012667109,0.097442284,-0.03697743,44.209404,0.13046464,-0.177939,0.03347662,0.15264763,-0.088997155,0.02820335,-0.19298261,-0.09745469,1,Stable,True,Consumer Discretionary,-0.011162861526699423
2025-12-05,HCA,484.2848205566406,True,2026-06-02,2025-12-08,2026-06-02,-0.3520403788771502,-0.24055729409591525,366.6152648925781,0.5001684,0.17873064,0.1728348,0.32279983,0.14979088,65.56051,-0.17775933,-0.11249629,-0.17736855,-0.13887897,-0.0009726137,-0.12860256,-0.3080831,0.0021664852,1,Stable,True,Health Care,-0.004163744513819742
2025-12-05,HD,349.6324768066406,True,2026-06-02,2025-12-08,2026-06-02,-0.21524499000648656,-0.10376190522525164,309.2007751464844,-0.15348592,0.60676634,-0.06411556,0.015183684,-0.114890136,35.769974,0.12412819,-0.1722771,0.16866961,0.15734467,-0.09806191,0.17892224,0.28731778,0.27637634,1,Stable,True,Consumer Discretionary,-0.016896443677936454
2025-12-05,HIG,128.2703094482422,True,2026-06-02,2025-12-08,2026-06-02,-0.12235373491599356,-0.01087065013475863,127.16999816894531,0.08917219,0.22324756,0.010671987,0.0369628,-0.09366365,49.4484,0.04027164,-0.06113933,-0.052209392,0.06040689,0.027137145,-0.0518977,0.5251469,-0.038160212,1,Stable,True,Financials,-0.018574454469260638
2025-12-05,HII,302.325439453125,True,2026-06-02,2025-12-08,2026-06-02,-0.17489346529198924,-0.06341038051075432,293.6600036621094,0.624601,0.65071964,0.10248818,0.3409706,0.16343397,57.062004,-0.10652153,-0.23283431,-0.2836304,-0.081099786,-0.1028073,-0.19464439,0.5452803,-0.09346873,1,Stable,True,Industrials,-0.005187682428494362
2025-12-05,HLT,271.87127685546875,True,2026-06-02,2025-12-08,2026-06-02,0.12327350933267976,0.2347565941139147,332.69854736328125,0.087049864,0.70750856,0.01634521,0.10189025,-0.03293259,51.994072,0.047797695,-0.12279231,0.014840387,0.06763026,-0.030243937,0.010783829,-0.17915992,-0.114728816,1,Stable,True,Consumer Discretionary,-0.013280904823102528
2025-12-05,HOLX,74.97,True,2026-06-02,2025-12-08,2026-06-02,,,,-0.03227056,0.21824193,0.09253,0.15019944,0.009975655,63.064453,-0.11834779,-0.02079299,0.18247,-0.09072791,0.06966365,0.16996229,-0.44212195,0.13372597,1,Stable,True,Unknown,-0.00672756780972718
2025-12-05,HON,197.98402404785156,True,2026-06-02,2025-12-08,2026-06-02,0.12658683298042095,0.23806991776165587,245.96360778808594,-0.086036175,0.7298928,-0.05496176,-0.08393904,-0.21763207,46.767456,0.033992365,0.032418054,0.0020971373,0.055177905,0.12268353,-0.0004838854,0.10742909,-0.05948511,1,Stable,True,Industrials,-0.025865108973247786
2025-12-05,HRL,23.41484832763672,True,2026-06-02,2025-12-08,2026-06-02,-0.10582234258081048,0.00566074220042445,23.07335090637207,-0.20285717,0.028800312,-0.05762377,-0.17833713,-0.3263848,49.07768,0.15117435,0.14778888,0.02452004,0.16487847,0.25330734,0.027520478,0.15933467,0.25526303,1,Stable,True,Consumer Staples,-0.048344760588538066
2025-12-05,HSIC,73.62000274658203,True,2026-06-02,2025-12-08,2026-06-02,-0.06783773371704639,0.04364535106418854,76.04000091552734,-0.021140758,0.5637251,0.06601543,0.040418323,-0.09033684,56.327187,-0.0077053793,0.01810072,0.06155908,0.012660334,0.105154715,0.05821448,-0.19343232,-0.22224067,1,Stable,True,Health Care,-0.017280454435856664
2025-12-05,HST,16.132705688476562,True,2026-06-02,2025-12-08,2026-06-02,0.31357241341069214,0.42505549819192706,22.776885986328125,-0.014903654,0.79757005,0.04491409,0.13074,-0.0070874146,49.748566,0.008959597,-0.14316371,0.14564365,0.028997755,-0.04746704,0.13511232,-0.013006246,-0.10258252,1,Stable,True,Real Estate,-0.011200133791864653
2025-12-05,HSY,178.32687377929688,True,2026-06-02,2025-12-08,2026-06-02,-0.078606885203121,0.03287619957811394,182.65383911132812,0.049017485,0.1098381,0.016394837,0.08627008,-0.04720982,46.997814,0.10577346,-0.09621659,0.037252594,0.12147194,-0.004839409,0.03212008,-0.35840997,-0.0049048634,1,Stable,True,Consumer Staples,-0.012738857047424463
2025-12-05,ICE,156.2636260986328,True,2026-06-02,2025-12-08,2026-06-02,-0.19913486166651473,-0.08765177688527981,141.85316467285156,0.021339852,0.37904385,-0.06749399,-0.119793706,-0.25755867,41.89781,0.17147811,0.018136643,-0.14113356,0.19466114,0.108302355,-0.15149012,0.13472942,0.06985238,1,Stable,True,Financials,-0.02504281793166876
2025-12-05,IFF,66.02804565429688,True,2026-06-02,2025-12-08,2026-06-02,0.022633117811958106,0.13411620259319304,72.85477447509766,-0.23856556,0.59473026,0.00055750756,-0.114039235,-0.2510423,54.622696,0.049670473,0.13326304,0.12452633,0.06754972,0.22803074,0.14869279,-0.10194734,0.04284193,1,Stable,True,Materials,-0.034578857011770575
2025-12-05,INCY,102.5199966430664,True,2026-06-02,2025-12-08,2026-06-02,-0.15760510365637337,-0.04612201887513845,92.23999786376953,0.42329583,0.52046114,0.2064973,0.43948323,0.23432447,62.26467,-0.21521649,-0.24974203,0.0161874,-0.17957485,-0.1026416,0.00853318,0.15735228,0.03638195,1,Stable,True,Health Care,-0.010207421897062849
2025-12-05,INTU,667.3638916015625,True,2026-06-02,2025-12-08,2026-06-02,-0.6181717051234994,-0.5066886203422645,320.7193298339844,0.0661317,0.5633202,-0.0359568,-0.12017722,-0.25799447,51.397995,0.008870624,0.14188913,-0.18630892,0.028611,0.23742111,-0.19484743,0.23563866,0.0590964,1,Stable,True,Information Technology,-0.032901451025469756
2025-12-05,INVH,26.25025749206543,True,2026-06-02,2025-12-08,2026-06-02,-0.003214949043011339,0.1082681357382236,28.577795028686523,-0.16222115,0.24594554,-0.08936964,-0.1714955,-0.3180927,41.783367,0.08067126,0.06673226,-0.009274349,0.106246464,0.16537273,-0.013907701,-0.25625473,0.11797134,1,Stable,True,Real Estate,-0.0372244914048524
2025-12-05,ITW,245.05410766601562,True,2026-06-02,2025-12-08,2026-06-02,-0.09682109922572414,0.014661985555510794,247.08370971679688,-0.073046505,0.48924434,-0.014729043,0.034060605,-0.09646632,44.986088,0.07887612,-0.090832815,0.10710711,0.10027699,-0.0040340796,0.10656947,-0.2716495,0.029138329,1,Stable,True,Industrials,-0.013641108704013286
2025-12-05,JKHY,180.2417449951172,True,2026-06-02,2025-12-08,2026-06-02,-0.35377211956916355,-0.2422890347879286,136.02999877929688,0.05035418,0.31073,0.10921683,0.012913349,-0.11712902,62.051456,-0.011496872,0.11654417,-0.03744083,0.009735085,0.19681354,-0.039072543,-0.04450523,-0.018636985,1,Stable,True,Financials,-0.024151104886362
2025-12-05,JNJ,198.73348999023438,True,2026-06-02,2025-12-08,2026-06-02,0.0062809181338225745,0.11776400291505751,221.79611206054688,0.36591762,0.057329513,0.1388942,0.31879714,0.14676036,67.59367,-0.051572934,-0.18035412,-0.04712048,-0.026393112,-0.059151724,-0.037882194,-0.1749386,0.09214026,1,Stable,True,Health Care,0.004997622664372484
2025-12-05,JPM,310.62908935546875,True,2026-06-02,2025-12-08,2026-06-02,-0.14747584846406636,-0.03599276368283144,299.6102600097656,0.3140637,0.9776227,0.054959048,0.17656767,0.032641742,51.482315,-0.030868977,-0.14053,-0.13749602,-0.010281769,-0.039291162,-0.11329876,-0.19339362,-0.037449736,1,Stable,True,Financials,-0.009809392140098237
2025-12-05,K,83.14,True,2026-06-02,2025-12-08,2026-06-02,,,,0.06101086,0.05791482,0.037800103,0.050256696,-0.0809251,75.37623,-0.04613609,0.0017725676,-0.010754164,-0.0248787,0.089593105,-0.012963295,1.0047947,-0.11029373,1,Stable,True,Unknown,-0.03887897382621437
2025-12-05,KDP,28.005807876586914,True,2026-06-02,2025-12-08,2026-06-02,-0.04659564519605898,0.06488743958517595,30.14527702331543,-0.08701004,0.15782075,-0.03163193,-0.11928974,-0.2569863,54.122562,0.039150063,0.1685312,-0.0322797,0.056599814,0.26300085,-0.038772,-0.007266668,-0.020680847,1,Stable,True,Consumer Staples,-0.033225673399403424
2025-12-05,KHC,23.512048721313477,True,2026-06-02,2025-12-08,2026-06-02,-0.14364929325219747,-0.03216620847096253,22.914690017700195,-0.17976743,0.25042337,-0.05240795,-0.02716401,-0.15749948,46.48968,0.110060066,-0.040469848,0.15260342,0.13154693,0.04541687,0.16785179,-0.38888785,-0.09873979,1,Stable,True,Consumer Staples,-0.028909337035161353
2025-12-05,KIM,19.69180679321289,True,2026-06-02,2025-12-08,2026-06-02,0.10060706460949935,0.21209014939073428,23.453248977661133,-0.15415865,0.67198336,-0.041563235,-0.0145055335,-0.14457147,42.752983,0.099576816,-0.07764097,0.13965312,0.12404146,0.005846277,0.1500359,-0.35351598,0.06377459,1,Stable,True,Real Estate,-0.02217250389497527
2025-12-05,KMB,100.32577514648438,True,2026-06-02,2025-12-08,2026-06-02,-0.14246816396093576,-0.030985079179700836,96.16908264160156,-0.2096322,-0.075297825,-0.14526665,-0.19462927,-0.34641227,34.96122,0.22924303,-0.00046423078,0.015002936,0.2705749,0.08733019,0.016028494,-0.15120974,0.72793496,1,Stable,True,Consumer Staples,-0.04033376290887057
2025-12-05,KMI,26.99883270263672,True,2026-06-02,2025-12-08,2026-06-02,0.06252051279049749,0.17400359757173242,31.148853302001953,0.057398953,0.1886739,0.028635446,0.02606925,-0.104224466,51.817772,0.044519484,-0.0074187703,-0.031329703,0.06274264,0.08065023,-0.032852642,0.037221014,-0.03566734,1,Stable,True,Energy,-0.018574454469260638
2025-12-05,KO,69.07598876953125,True,2026-06-02,2025-12-08,2026-06-02,0.012348228066377573,0.1238313128476125,77.90701293945312,0.13452804,-0.13150023,0.022625068,0.0072642867,-0.12272168,55.777725,-0.029731728,0.043198228,-0.12726375,-0.008745375,0.12989931,-0.12175452,-0.17930092,0.04175959,1,Stable,True,Consumer Staples,-0.022975057167811414
2025-12-05,KR,61.64710998535156,True,2026-06-02,2025-12-08,2026-06-02,-0.13018543493795065,-0.01870235015671573,61.14049530029297,0.06693222,-0.40552938,-0.07783756,-0.04007226,-0.17085697,45.588417,0.05617886,-0.022184499,-0.10700448,0.078149006,0.06452495,-0.108460516,0.29732847,-0.026970007,1,Stable,True,Consumer Staples,-0.02677201393163666
2025-12-05,L,102.64387512207031,True,2026-06-02,2025-12-08,2026-06-02,-0.07557772077516468,0.03590536400607025,104.8712158203125,0.19908036,0.31436953,0.057635814,0.16193715,0.020128869,57.760704,-0.036960952,-0.11267622,-0.037143216,-0.015894737,-0.014095752,-0.03424213,0.07230845,0.01923619,1,Stable,True,Financials,-0.009809392140098237
2025-12-05,LDOS,185.28109741210938,True,2026-06-02,2025-12-08,2026-06-02,-0.4250095237716455,-0.3135264389904106,126.37359619140625,0.15025099,0.53314674,0.04438302,0.2629161,0.103463694,51.238518,-0.052096978,-0.2515872,0.1126651,-0.03292125,-0.13425142,0.09066742,0.23248923,-0.11680919,1,Stable,True,Industrials,-0.008827176608146836
2025-12-05,LH,257.0368957519531,True,2026-06-02,2025-12-08,2026-06-02,-0.11488148317313575,-0.003398398391900814,257.70001220703125,0.085989304,0.33894387,-0.03138901,-0.015945897,-0.1460341,45.17671,0.1242266,-0.057837494,-0.1019352,0.14582568,0.027334034,-0.10134158,-0.30100363,0.31550688,1,Stable,True,Health Care,-0.025586602881511572
2025-12-05,LHX,276.41339111328125,True,2026-06-02,2025-12-08,2026-06-02,-0.013690398154580855,0.09779268662665408,306.876708984375,0.18333614,0.2821337,0.008671776,0.13369012,-0.004481805,49.45227,-0.015349097,-0.13714784,-0.04964602,0.004444152,-0.04103483,-0.045635596,-0.3996029,0.013949213,1,Stable,True,Industrials,-0.014299965601295171
2025-12-05,LIN,396.9770202636719,True,2026-06-02,2025-12-08,2026-06-02,0.16638365092709373,0.27786673570832865,494.3467712402344,-0.1160608,0.382668,-0.1205192,-0.13776104,-0.27818254,29.605215,0.13631976,-0.032938153,-0.02170024,0.17215437,0.04895729,-0.02763164,0.20722835,0.32553902,1,Stable,True,Materials,-0.03480178333324368
2025-12-05,LMT,446.9036865234375,True,2026-06-02,2025-12-08,2026-06-02,0.00484059564159664,0.11632368042283157,513.4299926757812,-0.09955553,0.045087803,-0.016123256,-0.017348161,-0.1474601,46.438313,0.0037360936,-0.014722807,0.08220737,0.023818806,0.07281067,0.084590584,-0.0560828,-0.10399844,1,Stable,True,Industrials,-0.022922070252383943
2025-12-05,LNT,64.00222778320312,True,2026-06-02,2025-12-08,2026-06-02,0.0010908460975478096,0.11257393087878274,70.42446899414062,0.09398569,0.10946836,0.008510503,0.10008817,-0.034569375,54.03197,-0.039187998,-0.07947976,0.00610248,-0.019186934,0.012915382,0.0027868934,-0.38262886,0.05469853,1,Stable,True,Utilities,-0.015041827721748937
2025-12-05,LOW,244.6653289794922,True,2026-06-02,2025-12-08,2026-06-02,-0.2595740369995775,-0.14809095221834254,205.3707733154297,-0.07632625,0.60303473,0.036751237,0.16169752,0.019922614,43.84192,0.15736446,-0.24506164,0.23802377,0.17840163,-0.1490205,0.22650287,-0.29548416,0.27737436,1,Stable,True,Consumer Discretionary,-0.010608356507397497
2025-12-05,LYV,139.3300018310547,True,2026-06-02,2025-12-08,2026-06-02,0.10259568960031061,0.21407877438154554,167.63999938964844,0.014415694,0.5003079,-0.08351604,-0.021009032,-0.15119256,37.700626,0.21085207,-0.17851985,-0.035424724,0.25378072,-0.11341517,-0.038321443,0.3679131,0.29004082,1,Stable,True,Communication Services,-0.01904577031773237
2025-12-05,MA,542.8573608398438,True,2026-06-02,2025-12-08,2026-06-02,-0.22476181051565702,-0.1132787257344221,476.8805847167969,0.04271226,0.6629932,-0.03421857,-0.03814272,-0.1688489,40.576805,0.058146488,-0.034029186,-0.08085498,0.08075045,0.051887177,-0.08349027,-0.22073497,-0.03278256,1,Stable,True,Financials,-0.02107776383802532
2025-12-05,MAA,127.14298248291016,True,2026-06-02,2025-12-08,2026-06-02,-0.10367251056651573,0.007810574214719203,127.4840316772461,-0.14778686,0.24180308,-0.051039007,-0.10034239,-0.23570073,43.938423,0.11217283,0.024614811,0.047444463,0.1345116,0.11489938,0.051401764,-0.04917231,-0.0073173516,1,Stable,True,Real Estate,-0.022114009786981803
2025-12-05,MCD,307.4161071777344,True,2026-06-02,2025-12-08,2026-06-02,-0.20832750300263425,-0.09684441822139933,276.3599853515625,0.08145773,0.110982,0.03534582,0.062726244,-0.069122165,52.933765,0.034086082,-0.047592673,-0.018731482,0.052992854,0.042089444,-0.020248145,-0.043513276,-0.034110907,1,Stable,True,Consumer Discretionary,-0.012083719302329063
2025-12-05,MCK,807.05615234375,True,2026-06-02,2025-12-08,2026-06-02,-0.18632956892850006,-0.07484648414726514,736.780029296875,0.31408995,-0.11045156,0.08044479,0.12614612,-0.011158411,60.075424,-0.18178657,-0.0017042384,-0.18794383,-0.15637505,0.086392306,-0.15711889,-0.27610466,0.052510414,1,Stable,True,Health Care,-0.00924274927562676
2025-12-05,MCO,493.20758056640625,True,2026-06-02,2025-12-08,2026-06-02,-0.17607550932885996,-0.06459242454762502,452.6434631347656,0.0133606335,0.74232316,0.0071307425,0.045005772,-0.0859373,47.62687,0.072577566,-0.085905194,0.031645138,0.092912436,0.0021250471,0.027974434,-0.21281871,-0.08740175,1,Stable,True,Financials,-0.018574454469260638
2025-12-05,MDLZ,53.4936637878418,True,2026-06-02,2025-12-08,2026-06-02,0.023758958435318125,0.13524204321655306,60.562355041503906,-0.12707318,0.12697627,-0.11633222,-0.17068295,-0.31711245,39.6672,0.085166976,0.06273608,-0.04360977,0.111152574,0.16082993,-0.054024994,0.15921035,0.1281963,1,Stable,True,Consumer Staples,-0.0332836298625301
2025-12-05,MDT,98.9128189086914,True,2026-06-02,2025-12-08,2026-06-02,-0.3718144551611448,-0.2603313703799099,73.09053802490234,0.22146714,0.3519969,0.09068676,0.17126153,0.0281217,57.821262,0.04187566,-0.08766532,-0.050205603,0.057883404,0.010110715,-0.044747107,-0.35854948,0.1018939,1,Stable,True,Health Care,-0.010853276447444191
2025-12-05,MKC,61.74433517456055,True,2026-06-02,2025-12-08,2026-06-02,-0.37425229345164757,-0.26276920867041265,45.735557556152344,-0.16808112,0.009963835,-0.07509366,-0.13195083,-0.2714666,46.365936,0.07525727,0.0449839,0.036130294,0.099170774,0.13843052,0.039737612,-0.007929596,-0.033256873,1,Stable,True,Consumer Staples,-0.02191931002929582
2025-12-05,MLM,622.714111328125,True,2026-06-02,2025-12-08,2026-06-02,-0.1817754693278456,-0.07029238454661069,576.9299926757812,0.066627495,0.6172214,0.040661603,0.15338455,0.01274101,52.443,0.037111938,-0.1627607,0.08675706,0.056744855,-0.06421431,0.07542311,-0.09426162,-0.009003954,1,Stable,True,Materials,-0.010905389929826799
2025-12-05,MNST,73.73999786376953,True,2026-06-02,2025-12-08,2026-06-02,0.08191690102070372,0.19339998580193865,88.23999786376953,0.36076766,0.0018720409,0.12591323,0.15435186,0.013579319,58.591145,-0.043749884,0.0014474988,-0.2064158,-0.018621147,0.08915995,-0.16728579,-0.43978864,0.033850037,1,Stable,True,Consumer Staples,-0.00901315865125074
2025-12-05,MO,55.184024810791016,True,2026-06-02,2025-12-08,2026-06-02,0.12218750029702229,0.23367058507825722,68.21977996826172,0.09343042,-0.1926839,-0.059462458,0.0021629464,-0.1277991,39.24486,0.12457969,-0.11417054,-0.091267474,0.15125217,-0.033045903,-0.089935124,-0.28478575,-0.07259228,1,Stable,True,Consumer Staples,-0.01111203210385316
2025-12-05,MPC,188.34341430664062,True,2026-06-02,2025-12-08,2026-06-02,0.2877962948318542,0.3992793796130891,262.3416748046875,0.2525608,0.61897784,0.057681773,0.15454662,0.013748019,52.318123,-0.05673593,-0.10419663,-0.098014176,-0.03556349,-0.0066775116,-0.084258184,-0.29898262,-0.034481015,1,Stable,True,Energy,-0.009462720064854593
2025-12-05,MRK,97.44719696044922,True,2026-06-02,2025-12-08,2026-06-02,0.0762494267967959,0.18773251157803084,114.82427978515625,0.0153486775,0.3962625,0.17194544,0.2438863,0.088280894,63.125183,-0.020169184,-0.06120825,0.22853763,0.002765447,0.037447594,0.20023271,0.073893234,0.14955078,1,Stable,True,Health Care,-0.00874586462905625
2025-12-05,MSCI,532.31396484375,True,2026-06-02,2025-12-08,2026-06-02,0.07130537349661088,0.18278845827784582,628.02392578125,-0.10361285,0.56181794,-0.04019748,-0.010397404,-0.14041154,44.485638,0.008088008,-0.06735897,0.09321544,0.02869805,0.01741276,0.096155226,0.29412243,-0.1036798,1,Stable,True,Financials,-0.025586602881511572
2025-12-05,MSFT,480.11407470703125,True,2026-06-02,2025-12-08,2026-06-02,-0.20871893414643686,-0.09723584936520192,440.48077392578125,0.12876672,0.8745708,-0.045568243,0.0119381,-0.1180923,45.12665,0.007599622,-0.045761216,-0.11682861,0.027801245,0.04163102,-0.11203404,-0.11956977,0.18946336,1,Stable,True,Information Technology,-0.019309347394216764
2025-12-05,MSI,371.05242919921875,True,2026-06-02,2025-12-08,2026-06-02,0.013699764177151921,0.12518284895838686,414.1786804199219,-0.2403935,0.42085853,-0.13399987,-0.0790775,-0.2123391,27.453789,0.19686925,-0.155597,0.161316,0.24888198,-0.09716785,0.18979955,0.20162211,0.5590059,1,Stable,True,Information Technology,-0.018137627478541238
2025-12-05,MTB,192.4163055419922,True,2026-06-02,2025-12-08,2026-06-02,0.013233076824874485,0.12471616160610942,217.2899932861328,-0.062074743,0.87431973,0.028492542,0.0992208,-0.035358146,49.075054,0.07880045,-0.10513101,0.16129553,0.09625026,-0.01262252,0.15591076,-0.09969221,-0.2386358,1,Stable,True,Financials,-0.013280904823102528
2025-12-05,NDAQ,89.61377716064453,True,2026-06-02,2025-12-08,2026-06-02,-0.12942969528931292,-0.017946610508077998,87.5958251953125,0.13104369,0.6852134,0.0018457152,0.04690972,-0.084117,47.450302,0.10344131,-0.100454316,-0.08413397,0.12368958,-0.012967348,-0.08007393,0.31579995,-0.18240522,1,Stable,True,Financials,-0.01794362582634011
2025-12-05,NDSN,236.70068359375,True,2026-06-02,2025-12-08,2026-06-02,0.12383065287566007,0.235313737656895,286.91705322265625,-0.061704237,0.9231159,0.063811205,0.10209125,-0.03275019,57.050636,-0.011772662,-0.05406076,0.16379549,0.008669657,0.03760995,0.15812378,0.15631416,-0.064886816,1,Stable,True,Industrials,-0.011986904789698554
2025-12-05,NEE,81.96663665771484,True,2026-06-02,2025-12-08,2026-06-02,-0.04054302254550969,0.07094006223572524,85.05699920654297,0.12364811,0.23564765,0.08883668,0.1431296,0.0038100656,63.957947,-0.15283915,0.030354768,0.019481495,-0.11957607,0.114114426,0.014413334,-0.15692115,-0.025422225,1,Stable,True,Utilities,-0.0028294335879519416
2025-12-05,NI,41.17816162109375,True,2026-06-02,2025-12-08,2026-06-02,0.01300693809010986,0.1244900228713448,45.554744720458984,0.16535252,0.2951333,0.0076591996,0.08134158,-0.051757235,56.111996,-0.04621727,-0.053357102,-0.084010944,-0.026034772,0.03730438,-0.07759698,-0.20486969,-0.18792042,1,Stable,True,Utilities,-0.01591216898858889
2025-12-05,NOC,544.8195190429688,True,2026-06-02,2025-12-08,2026-06-02,-0.13475461024236093,-0.02327152546112599,536.5900268554688,0.15105332,-0.002756844,-0.02893918,0.11223955,-0.023584109,45.62056,0.018167906,-0.16671248,-0.038813777,0.038998663,-0.07448158,-0.03707767,0.02618704,0.018575998,1,Stable,True,Industrials,-0.015029910806026272
2025-12-05,NSC,290.4845886230469,True,2026-06-02,2025-12-08,2026-06-02,-0.05262544675123639,0.05885763802999854,306.3376159667969,0.11239261,0.46030983,0.055957723,0.17815065,0.033986263,57.64681,-0.030977167,-0.09930159,0.06575804,-0.0091670975,-0.00014439225,0.054656953,-0.28565082,-0.194412,1,Stable,True,Industrials,-0.009809392140098237
2025-12-05,NVR,7538.080078125,True,2026-06-02,2025-12-08,2026-06-02,-0.28052571319059494,-0.16904262840936002,6180.9599609375,-0.17929822,0.55889535,-0.023054074,0.043874685,-0.087020256,43.57095,0.16427058,-0.1604694,0.2231729,0.19051181,-0.07900386,0.23775914,-0.19405133,0.03786468,1,Stable,True,Consumer Discretionary,-0.013185665539836381
2025-12-05,O,56.473209381103516,True,2026-06-02,2025-12-08,2026-06-02,-0.03834289117471858,0.07314019360651636,59.40155029296875,0.104409054,0.23846228,0.019579833,0.047858544,-0.08321111,49.09445,0.05745443,-0.06221623,-0.05655051,0.07662204,0.026696432,-0.05533761,-0.08415677,0.05278295,1,Stable,True,Real Estate,-0.018574454469260638
2025-12-05,OKE,73.5398941040039,True,2026-06-02,2025-12-08,2026-06-02,0.07577482239950493,0.18725790718073987,85.69819641113281,-0.27284512,0.5342028,0.043585178,-0.044226088,-0.1751936,55.681515,0.06805867,0.10196009,0.22861904,0.08232484,0.18926956,0.2706061,-0.25458094,0.14338115,1,Stable,True,Energy,-0.027911064246703254
2025-12-05,OMC,71.24049377441406,True,2026-06-02,2025-12-08,2026-06-02,-0.06265010193885948,0.048832982842375465,74.4243392944336,-0.2672662,0.35679078,-0.018311713,0.048715048,-0.082394056,47.51338,0.06269142,-0.105241224,0.31598127,0.084299326,-0.017845526,0.35576266,0.69784236,0.1930969,1,Stable,True,Communication Services,-0.01794362582634011
2025-12-05,ORLY,98.88999938964844,True,2026-06-02,2025-12-08,2026-06-02,-0.23257163008254356,-0.12108854530130864,86.2300033569336,0.18859126,-0.12995276,-0.0034799513,0.12221966,-0.014651143,44.8769,0.12377059,-0.20504288,-0.0663716,0.14655262,-0.11385683,-0.060236026,-0.027459474,-0.047100306,1,Stable,True,Consumer Discretionary,-0.013814512118474688
2025-12-05,OTIS,85.02066040039062,True,2026-06-02,2025-12-08,2026-06-02,-0.2861055092582484,-0.17462242447701348,69.9062728881836,-0.12925306,0.2616796,-0.043945312,-0.09516445,-0.22996177,46.55875,-0.018869473,0.06688828,0.03408861,0.00035678595,0.1592252,0.03562601,0.14704482,-0.17697337,1,Stable,True,Industrials,-0.021760950643638647
2025-12-05,OXY,41.79253387451172,True,2026-06-02,2025-12-08,2026-06-02,0.3323150155019181,0.44379810028315303,58.818321228027344,-0.14068468,0.33506224,-0.03079308,-0.058972046,-0.19074214,42.17621,0.1308631,-0.01903744,0.08171263,0.1526909,0.06746887,0.088061094,0.13582557,-0.16735573,1,Stable,True,Energy,-0.01903242843181609
2025-12-05,PAYX,108.36998748779297,True,2026-06-02,2025-12-08,2026-06-02,-0.19420487536129816,-0.08272179058006324,99.75138092041016,-0.20012422,0.5846384,-0.1379966,-0.2581901,-0.42862198,34.948784,0.16761294,0.09344095,-0.058065876,0.20284924,0.20654587,-0.078139246,-0.20781574,0.061707772,1,Stable,True,Industrials,-0.039779634079869286
2025-12-05,PEG,77.63386535644531,True,2026-06-02,2025-12-08,2026-06-02,-0.10092539311897532,0.010557691662259616,77.64500427246094,-0.09999832,0.38704255,-0.039075512,-0.011827527,-0.14185773,49.01194,-0.004355762,-0.01816137,0.08817079,0.015465818,0.069357045,0.090684816,0.831325,-0.061027747,1,Stable,True,Utilities,-0.028902145765244712
2025-12-05,PEP,142.2393341064453,True,2026-06-02,2025-12-08,2026-06-02,-0.12769789839959744,-0.016214813618362522,140.5215606689453,-0.05937319,-0.14002757,0.025431897,0.12526397,-0.011942057,53.663177,0.019003998,-0.109952055,0.18463716,0.03851074,-0.014914993,0.17645064,-0.14989245,-0.16134435,1,Stable,True,Consumer Staples,-0.015838821731899468
2025-12-05,PFE,24.752408981323242,True,2026-06-02,2025-12-08,2026-06-02,-0.08677217395051141,0.02471091083072352,25.110713958740234,0.09207431,0.38265985,0.06742989,0.10432018,-0.03072978,57.004192,0.0004287511,-0.03881935,0.012245871,0.020368665,0.05212181,0.008375188,-0.3817098,0.31529647,1,Stable,True,Health Care,-0.01258418313113422
2025-12-05,PG,140.3265838623047,True,2026-06-02,2025-12-08,2026-06-02,-0.07860936028539857,0.032873724495836365,139.77658081054688,-0.16064335,-0.074853666,-0.05985952,-0.09596602,-0.23084803,38.08675,0.07103084,0.006595269,0.064677335,0.09507562,0.09517567,0.071455434,0.3382532,0.18705992,1,Stable,True,Consumer Staples,-0.02504281793166876
2025-12-05,PGR,209.37709045410156,True,2026-06-02,2025-12-08,2026-06-02,-0.17301066605931914,-0.06152758127808421,196.73265075683594,-0.13391949,0.04804866,-0.06857218,-0.16275562,-0.307599,42.317806,0.16713203,0.058979325,-0.028836131,0.19096127,0.15598086,-0.036637694,-0.34982353,-0.08835272,1,Stable,True,Financials,-0.025333218135940104
2025-12-05,PKG,194.82916259765625,True,2026-06-02,2025-12-08,2026-06-02,0.0447631014149379,0.15624618619617284,223.35235595703125,-0.16667315,0.5180694,-0.022201613,0.05373108,-0.07762243,44.757133,0.082096525,-0.1338588,0.22040424,0.10545367,-0.04795094,0.23189081,0.20174278,-0.0001837148,1,Stable,True,Materials,-0.01443946180534691
2025-12-05,PLD,125.06951141357422,True,2026-06-02,2025-12-08,2026-06-02,0.014610284159019396,0.12609336894025433,139.39830017089844,0.13969478,0.5807449,0.11932581,0.22031252,0.06914729,61.570053,-0.09245703,-0.09575865,0.08061774,-0.06582754,0.0061861873,0.0655707,-0.09535568,-0.03541173,1,Stable,True,Real Estate,-0.0057658394444748354
2025-12-05,PM,143.9843292236328,True,2026-06-02,2025-12-08,2026-06-02,0.08083155082051392,0.19231463560174886,172.2321014404297,0.18230587,-0.34213093,-0.0915989,-0.17986684,-0.32824826,41.775085,0.097439766,0.06848456,-0.36217272,0.12401387,0.1681072,-0.36853102,-0.0035666476,-0.12947178,1,Stable,True,Consumer Staples,-0.04706162673203111
2025-12-05,PNC,193.31478881835938,True,2026-06-02,2025-12-08,2026-06-02,0.02389285972915721,0.13537594451039214,219.2519989013672,-0.018307533,0.8463578,0.036715176,0.14999796,0.009800473,48.055893,0.09683663,-0.16515943,0.1683055,0.11375484,-0.06713098,0.15546156,-0.24054079,-0.10454023,1,Stable,True,Financials,-0.01190741412918971
2025-12-05,PNW,85.76520538330078,True,2026-06-02,2025-12-08,2026-06-02,0.041465021774348645,0.15294810655558358,97.92955017089844,0.005488704,0.0075707417,-0.009611271,0.011858404,-0.11817106,54.11388,-0.0020527677,-0.0037581194,0.0063696997,0.017928004,0.084185794,0.003539145,-0.12386035,0.1604022,1,Stable,True,Utilities,-0.021562668125293397
2025-12-05,PPG,99.18511199951172,True,2026-06-02,2025-12-08,2026-06-02,0.03465885793177946,0.1461419427130144,112.93758392333984,-0.17816012,0.7902969,-0.04468192,-0.060335692,-0.19219229,44.90982,0.15932456,-0.029525872,0.11782442,0.18128157,0.0559808,0.1312013,0.15248933,0.09128035,1,Stable,True,Materials,-0.019840299472256743
2025-12-05,PPL,33.07089614868164,True,2026-06-02,2025-12-08,2026-06-02,-0.06884259253851478,0.04264049224272015,34.552337646484375,0.020361716,0.293778,-0.05726648,0.01368699,-0.11636554,44.706604,-0.013407137,-0.07260864,-0.0066747256,0.0056173354,0.013583727,-0.009338826,0.26484326,0.24714036,1,Stable,True,Utilities,-0.019309347394216764
2025-12-05,PRU,107.46321868896484,True,2026-06-02,2025-12-08,2026-06-02,-0.1635594735598339,-0.05207638877859899,101.54768371582031,-0.07605534,0.8003458,0.08080944,0.09211873,-0.041840103,59.81477,0.017995726,-0.034488972,0.16817407,0.036838368,0.055817507,0.16444689,0.023817081,0.06400545,1,Stable,True,Financials,-0.009711386468979495
2025-12-05,PSA,263.9284362792969,True,2026-06-02,2025-12-08,2026-06-02,0.02195525188383017,0.1334383366650651,296.3866882324219,-0.15773799,0.24929456,-0.04598688,-0.06680803,-0.19910404,46.185448,0.06101192,-0.0011391714,0.090929955,0.083372734,0.0866853,0.09974399,-0.1594133,0.03449705,1,Stable,True,Real Estate,-0.02541919832747008
2025-12-05,PSX,136.50286865234375,True,2026-06-02,2025-12-08,2026-06-02,0.2217336680791781,0.333216752860413,181.59616088867188,0.0751815,0.46656072,0.08124858,0.14812745,0.008172603,53.820774,-0.04358892,-0.08757025,0.07294595,-0.022002153,0.008568911,0.062867016,0.07989422,-0.15981963,1,Stable,True,Energy,-0.010506604372200547
2025-12-05,REG,66.64878845214844,True,2026-06-02,2025-12-08,2026-06-02,0.03241888793102722,0.14390197271226216,75.318603515625,-0.04439816,0.4010523,-0.028445736,-0.014510264,-0.14457627,48.105778,0.048712175,-0.034493044,0.029887896,0.06991987,0.052278653,0.02802156,-0.043582674,-0.066165216,1,Stable,True,Real Estate,-0.023918365721333053
2025-12-05,REGN,715.59130859375,True,2026-06-02,2025-12-08,2026-06-02,-0.2518481128589104,-0.14036502807767548,602.216796875,-0.036321938,0.22740622,0.20809557,0.3781909,0.19081199,60.601562,-0.15394896,-0.11233258,0.41451284,-0.10970536,0.0028854758,0.35499388,-0.30857077,0.09504395,1,Stable,True,Health Care,-0.017127541848316788
2025-12-05,RMD,254.46795654296875,True,2026-06-02,2025-12-08,2026-06-02,-0.376447059611236,-0.26496397483000106,182.296875,0.04829984,0.48684573,-0.03368005,0.023905583,-0.10633539,44.708324,0.09362683,-0.087449536,-0.024394259,0.1152583,-0.0013702214,-0.026321143,-0.3399918,-0.019753426,1,Stable,True,Health Care,-0.017923697251173244
2025-12-05,ROL,60.71038818359375,True,2026-06-02,2025-12-08,2026-06-02,-0.362709812263786,-0.2512267274825511,44.82160568237305,0.25142434,0.010076375,0.07384213,0.08896514,-0.04473187,58.69633,-0.0077563114,-0.031041551,-0.1624592,0.0126077095,0.05898706,-0.14183035,-0.2594183,0.555224,1,Stable,True,Industrials,-0.010870296597582764
2025-12-05,ROP,444.39483642578125,True,2026-06-02,2025-12-08,2026-06-02,-0.35473059752249736,-0.2432475127412624,335.658203125,-0.20558763,0.411995,-0.12210534,-0.20631175,-0.36102423,37.92456,0.14044212,0.0727991,-0.0007241219,0.17017968,0.17566355,-0.0036877394,-0.024787562,-0.027717633,1,Stable,True,Information Technology,-0.039040346997469576
2025-12-05,ROST,176.74285888671875,True,2026-06-02,2025-12-08,2026-06-02,0.15012876348407073,0.26161184826530565,223.38204956054688,0.17004019,0.8166426,0.19481058,0.35986707,0.17742725,68.8717,-0.067075685,-0.18269967,0.18982688,-0.03870205,-0.056369126,0.14757304,-0.076056264,0.14697804,1,Stable,True,Consumer Discretionary,0.0005601117542640654
2025-12-05,RSG,214.65325927734375,True,2026-06-02,2025-12-08,2026-06-02,-0.15215163786080277,-0.04066855307956785,201.0829620361328,0.01863652,-0.11920276,-0.049824957,-0.12413781,-0.26250622,45.463448,0.1251802,0.059183903,-0.14277433,0.14560817,0.15329385,-0.15378731,-0.086989924,0.15378891,1,Stable,True,Industrials,-0.01973650705312104
2025-12-05,RTX,169.26390075683594,True,2026-06-02,2025-12-08,2026-06-02,-0.08788772041966576,0.02359536436156917,173.6830291748047,0.47578314,0.55049235,0.06990029,0.17801969,0.0338751,56.774296,-0.10858722,-0.08841453,-0.29776347,-0.08501357,0.009887371,-0.2281298,-0.30668622,-0.08216253,1,Stable,True,Industrials,-0.010853276447444191
2025-12-05,SBAC,185.88351440429688,True,2026-06-02,2025-12-08,2026-06-02,-0.07084700062755346,0.04063608415368147,194.86558532714844,-0.13266586,0.06820466,-0.08553436,-0.16747773,-0.313255,45.322563,0.023018317,0.12330121,-0.03481187,0.043763135,0.22602007,-0.043740153,-0.13612123,-0.18747413,1,Stable,True,Real Estate,-0.03191818052630467
2025-12-05,SBUX,83.60151672363281,True,2026-06-02,2025-12-08,2026-06-02,0.047722676834189834,0.15920576161542477,94.9644775390625,-0.139708,0.65987504,-0.019386528,-0.0768011,-0.20987028,51.825127,0.0017725788,0.11777896,0.0629069,0.021667706,0.20797788,0.067797035,-0.01789286,-0.015048309,1,Stable,True,Consumer Discretionary,-0.03237378948586418
2025-12-05,SCHW,92.89903259277344,True,2026-06-02,2025-12-08,2026-06-02,-0.1757460456671729,-0.06426296088593797,87.35527038574219,0.17072292,0.6829513,0.0011711227,0.060489964,-0.071228676,52.051495,-0.002764251,-0.058931585,-0.11023295,0.017202588,0.030732919,-0.10166622,0.05842511,-0.021563685,1,Stable,True,Financials,-0.012738857047424463
2025-12-05,SHW,330.7509765625,True,2026-06-02,2025-12-08,2026-06-02,-0.21150672365737735,-0.10002363887614242,292.3243408203125,-0.14985994,0.49199542,-0.034029692,-0.00342052,-0.13338609,45.54521,0.09505253,-0.09094738,0.14643942,0.119772874,-0.007788956,0.15615197,0.10576104,-0.05414332,1,Stable,True,Materials,-0.021514172570425
2025-12-05,SJM,97.11972045898438,True,2026-06-02,2025-12-08,2026-06-02,-0.0923938752622744,0.019089209518960537,99.53717803955078,-0.111731716,0.048327163,-0.045500416,0.0709575,-0.0614066,47.035732,0.051639743,-0.15883014,0.18268922,0.07503641,-0.07262197,0.18425876,-0.4964594,-0.060068056,1,Stable,True,Consumer Staples,-0.019076163005324595
2025-12-05,SNA,340.55987548828125,True,2026-06-02,2025-12-08,2026-06-02,-0.025337261587359952,0.08614582319387498,370.1534118652344,-0.023073893,0.6354364,0.05971648,0.12735555,-0.010085035,55.23053,-0.028922189,-0.07371752,0.15042944,-0.0078672655,0.020281078,0.14044313,-0.26902068,-0.17404696,1,Stable,True,Industrials,-0.013021785838100123
2025-12-05,SO,84.20923614501953,True,2026-06-02,2025-12-08,2026-06-02,-0.03649198124106069,0.07499110354017424,89.76875305175781,0.033703547,-0.055489242,-0.0632868,-0.014172109,-0.1442332,44.349094,0.012776375,-0.041620724,-0.047875658,0.03340695,0.04477059,-0.050197333,0.28014553,0.07388639,1,Stable,True,Utilities,-0.025289519102991844
2025-12-05,SOLV,85.43000030517578,True,2026-06-02,2025-12-08,2026-06-02,-0.18618040055513774,-0.07469731577390282,76.43000030517578,0.20714998,0.6337441,0.15383707,0.14748158,0.007609908,62.544178,0.13118085,0.0102633685,-0.059668407,0.12730142,0.096811265,-0.05346839,-0.09003699,0.1681946,1,Stable,True,Health Care,-0.010622559757933612
2025-12-05,SPG,176.3494415283203,True,2026-06-02,2025-12-08,2026-06-02,0.04590764563361115,0.15739073041484608,201.32135009765625,0.061150175,0.45064753,0.050424173,0.17025049,0.027258113,50.60961,0.017356232,-0.177537,0.10910031,0.037298903,-0.076624215,0.095088616,0.35175285,-0.18433851,1,Stable,True,Real Estate,-0.009809392140098237
2025-12-05,SPGI,468.39849853515625,True,2026-06-02,2025-12-08,2026-06-02,-0.2592083369160696,-0.14772525213483467,394.0632019042969,-0.030845523,0.28650045,-0.03074266,-0.0091666635,-0.13916864,42.592415,0.11265678,-0.08410203,0.02167886,0.13707802,-0.0007934123,0.01934652,0.26310834,0.045867972,1,Stable,True,Financials,-0.01983874091655118
2025-12-05,SRE,88.74612426757812,True,2026-06-02,2025-12-08,2026-06-02,-0.08117375885519774,0.03030932592603719,88.91456604003906,0.01710611,0.47085184,0.07297245,0.2483936,0.09189789,59.12306,-0.116830334,-0.15441296,0.23128748,-0.09297145,-0.044127807,0.20212033,-0.17280161,0.08827054,1,Stable,True,Utilities,-0.006009782809453086
2025-12-05,STE,261.8330078125,True,2026-06-02,2025-12-08,2026-06-02,-0.3070247716727649,-0.19554168689152995,209.13768005371094,0.2244184,0.2648048,0.08316381,0.09456738,-0.039600503,55.707867,-0.030600488,-0.05158514,-0.12985101,-0.00981207,0.039631728,-0.11488256,-0.19294932,0.0953634,1,Stable,True,Health Care,-0.013313952568721458
2025-12-05,STZ,139.41329956054688,True,2026-06-02,2025-12-08,2026-06-02,-0.13557934074740952,-0.024096255966174596,135.69082641601562,-0.38418987,0.4192468,-0.044021692,-0.11353938,-0.2504783,56.47952,0.10915153,0.117088266,0.2706505,0.12321361,0.21196797,0.36152223,0.29749194,-0.060408182,1,Stable,True,Consumer Staples,-0.036650945732086604
2025-12-05,SYK,361.17132568359375,True,2026-06-02,2025-12-08,2026-06-02,-0.27769836613208715,-0.1662152813508522,292.5190734863281,-0.06047701,0.49654782,-0.03835569,-0.030470533,-0.16090411,47.027912,0.09043664,-0.031108817,0.030006478,0.111972086,0.05529421,0.028662771,-0.1813153,0.17515369,1,Stable,True,Health Care,-0.02745621695622165
2025-12-05,SYY,71.54714965820312,True,2026-06-02,2025-12-08,2026-06-02,-0.07710325915039996,0.03437982563083497,73.61209106445312,-0.05519427,0.13373242,-0.062308904,-0.0088000465,-0.1387987,38.83419,0.094694436,-0.08328862,0.04639422,0.11917729,0.0001372248,0.045161143,-0.003980634,0.05163852,1,Stable,True,Consumer Staples,-0.017547646976805144
2025-12-05,T,24.40151023864746,True,2026-06-02,2025-12-08,2026-06-02,-0.09740158606397455,0.01408149871726039,24.31443214416504,0.11257174,-0.02590097,-0.06533746,-0.077315584,-0.21042772,36.28974,0.15535823,-0.05621566,-0.18988732,0.18488777,0.025045574,-0.18991804,-0.34380403,0.006262204,1,Stable,True,Communication Services,-0.009185952168349557
2025-12-05,TAP,44.14156723022461,True,2026-06-02,2025-12-08,2026-06-02,-0.25817359832682324,-0.1466905135455883,38.90999984741211,-0.2331296,0.18388438,-0.043576613,-0.072273,-0.20497748,48.011883,0.106098995,0.0004292205,0.1608566,0.12820315,0.08836934,0.18764389,-0.31992993,0.46780294,1,Stable,True,Consumer Staples,-0.030385270048373762
2025-12-05,TDG,1346.8599853515625,True,2026-06-02,2025-12-08,2026-06-02,-0.18585384734892574,-0.07437076256769082,1246.97998046875,0.14360856,0.4497411,0.0012769942,0.008457036,-0.12153823,54.81409,0.0177719,0.032956354,-0.13515152,0.036887553,0.120064124,-0.12854299,-0.4179377,-0.034854427,1,Stable,True,Industrials,-0.022975057167811414
2025-12-05,TDY,522.2999877929688,True,2026-06-02,2025-12-08,2026-06-02,0.09306019882071516,0.2045432836019501,618.8099975585938,0.091490425,0.8010955,-0.028205717,0.068972535,-0.06326176,45.841217,0.10821591,-0.14636032,-0.02251789,0.13087511,-0.05933743,-0.023621995,-0.19715375,0.18261322,1,Stable,True,Information Technology,-0.012738857047424463
2025-12-05,TJX,151.86968994140625,True,2026-06-02,2025-12-08,2026-06-02,-0.10556754221058774,0.005915542570647192,153.20660400390625,0.2439278,0.15597095,0.12309176,0.2409373,0.08590727,60.325336,-0.022321455,-0.14939052,-0.002990514,-0.0006950125,-0.040364444,-0.005182795,-0.02830071,0.21645366,1,Stable,True,Consumer Discretionary,-0.006844030459258936
2025-12-05,TMUS,207.50099182128906,True,2026-06-02,2025-12-08,2026-06-02,-0.178361145710769,-0.06687806092953408,188.8300018310547,-0.1304855,-0.01588603,-0.08719009,-0.08476081,-0.21852954,38.422886,0.1753191,-0.042507984,0.045724697,0.20302561,0.040348947,0.048474625,-0.29850337,0.041876618,1,Stable,True,Communication Services,-0.02504281793166876
2025-12-05,TRGP,178.11083984375,True,2026-06-02,2025-12-08,2026-06-02,0.37339703199480834,0.48488011677604326,262.0734558105469,-0.06283667,0.50026834,0.09858846,0.06725564,-0.06486918,55.29199,-0.037142187,0.033814043,0.13009231,-0.014348544,0.1190984,0.12721242,-0.00877865,-0.04090069,1,Stable,True,Energy,-0.013313952568721458
2025-12-05,TRV,277.6075439453125,True,2026-06-02,2025-12-08,2026-06-02,-0.06070409614193873,0.0507789886392962,290.6448974609375,0.09572905,0.29102752,0.035107892,0.06367993,-0.06822517,52.195747,0.011534575,-0.058454923,-0.03204912,0.03137564,0.031383652,-0.032461215,-0.032948706,0.07196887,1,Stable,True,Financials,-0.012083719302329063
2025-12-05,TSCO,53.039127349853516,True,2026-06-02,2025-12-08,2026-06-02,-0.5417606515970353,-0.4302775668158004,29.80409812927246,-0.03516921,0.40948305,-0.041241452,0.054741792,-0.07666371,42.70571,0.117935285,-0.14977565,0.089911,0.14246723,-0.06524696,0.08632273,-0.3592163,0.0750169,1,Stable,True,Consumer Discretionary,-0.012517443278077911
2025-12-05,TSN,55.99171447753906,True,2026-06-02,2025-12-08,2026-06-02,-0.03396731210912886,0.07751577267210608,59.59000015258789,-0.08171346,0.38330865,0.055458657,0.055386484,-0.07605267,55.018562,0.08696566,-0.03141185,0.13709995,0.10148136,0.057691507,0.13637704,-0.06929427,0.32206926,1,Stable,True,Consumer Staples,-0.016236570128510715
2025-12-05,TTWO,247.8800048828125,True,2026-06-02,2025-12-08,2026-06-02,-0.21217862837312973,-0.10069554359189481,222.3800048828125,0.31809002,0.57384753,0.024148012,0.03889354,-0.09180346,49.150032,-0.02334331,-0.03345827,-0.27919647,-0.003524527,0.05517109,-0.2408033,-0.2724418,0.023994382,1,Stable,True,Communication Services,-0.018574454469260638
2025-12-05,TXT,83.41474151611328,True,2026-06-02,2025-12-08,2026-06-02,-0.02854246289705921,0.08294062188417572,91.35050964355469,-0.019070432,0.8036625,0.024264542,0.08092041,-0.052146796,50.845947,0.02259377,-0.06571735,0.099990845,0.041977733,0.025182528,0.09429172,0.6496679,-0.18550774,1,Stable,True,Industrials,-0.012738857047424463
2025-12-05,TYL,469.3299865722656,True,2026-06-02,2025-12-08,2026-06-02,-0.43012717595624383,-0.3186440911750089,313.55999755859375,-0.24647988,0.23754749,-0.118241794,-0.20335074,-0.35730046,39.982666,0.16210872,0.050532088,0.043129146,0.19505404,0.14940704,0.052883,-0.257434,0.06861619,1,Stable,True,Information Technology,-0.040110089125272204
2025-12-05,UDR,34.1043815612793,True,2026-06-02,2025-12-08,2026-06-02,-0.02971734315871702,0.08176574162251792,36.56803894042969,-0.17922024,0.2782467,-0.058529936,-0.12529784,-0.26383156,44.767776,0.12706885,0.040574268,0.0539224,0.14996876,0.13324948,0.060852796,-0.23001453,0.036983225,1,Stable,True,Real Estate,-0.022114009786981803
2025-12-05,UHS,230.53770446777344,True,2026-06-02,2025-12-08,2026-06-02,-0.4804811494928995,-0.3689980647116646,142.35360717773438,0.16987589,0.5461731,0.18566477,0.35903308,0.17681378,63.880608,-0.19061466,-0.14686333,0.18915719,-0.15111952,-0.026454762,0.1471,-0.40183207,-0.14386603,1,Stable,True,Health Care,-0.008793598867424042
2025-12-05,UNP,232.87680053710938,True,2026-06-02,2025-12-08,2026-06-02,0.02445591711827612,0.13593900189951105,264.67999267578125,0.022469891,0.5082337,0.05183627,0.060158808,-0.07154099,59.146904,-0.009800389,0.03540924,0.03768892,0.01098061,0.12076107,0.033421747,-0.24520823,-0.1856381,1,Stable,True,Industrials,-0.01200442285415545
2025-12-05,V,329.2628173828125,True,2026-06-02,2025-12-08,2026-06-02,-0.1365916564223617,-0.025108571641126787,316.7315979003906,0.06575713,0.6872782,-0.033109352,-0.0647009,-0.19684862,45.69107,0.018725106,0.030947722,-0.13045803,0.03916018,0.12045973,-0.1333502,-0.19879575,0.016442658,1,Stable,True,Financials,-0.02217607269322787
2025-12-05,VICI,26.408449172973633,True,2026-06-02,2025-12-08,2026-06-02,-0.09284838731701207,0.018634697464222857,27.08487892150879,-0.07436442,0.23738378,-0.12335454,-0.1132559,-0.25015855,33.078102,0.08295276,-0.038534984,-0.038891487,0.11327228,0.04347755,-0.0457,0.31541836,0.47870257,1,Stable,True,Real Estate,-0.039888557367549225
2025-12-05,VLO,171.59983825683594,True,2026-06-02,2025-12-08,2026-06-02,0.39274629093418123,0.5042293757154162,257.2657775878906,0.30664548,0.5285177,0.1204267,0.28245163,0.118813865,53.821438,-0.116372876,-0.1704643,-0.024193853,-0.09057763,-0.054717995,-0.021465383,-0.21474059,-0.023183668,1,Stable,True,Energy,-0.008198041251599399
2025-12-05,VLTO,101.72480773925781,True,2026-06-02,2025-12-08,2026-06-02,-0.2817219961170693,-0.17023891133583433,82.30867004394531,-0.043563347,0.4734413,-0.011674186,0.047028955,-0.08400312,45.14592,0.09957688,-0.109659,0.0905923,0.12092426,-0.022727042,0.0877215,-0.4740062,0.2968369,1,Stable,True,Industrials,-0.01443946180534691
2025-12-05,VMC,293.1837158203125,True,2026-06-02,2025-12-08,2026-06-02,-0.15490960049570257,-0.04342651571446765,281.3172912597656,0.036850493,0.65473133,0.033343717,0.13279793,-0.0052690897,51.016186,0.052499622,-0.1536043,0.09594743,0.07219361,-0.057809703,0.085727066,-0.19923936,0.09503052,1,Stable,True,Materials,-0.014299965601295171
2025-12-05,VRSK,219.625,True,2026-06-02,2025-12-08,2026-06-02,-0.2897521393619503,-0.1782690545807154,178.61279296875,-0.22993134,-0.08953446,-0.14418763,-0.28387126,-0.46385503,41.070866,0.2069117,0.11627941,-0.053939924,0.24196525,0.2383697,-0.075395525,-0.13472019,0.086323105,1,Stable,True,Industrials,-0.04314231026369233
2025-12-05,VRSN,247.22979736328125,True,2026-06-02,2025-12-08,2026-06-02,0.08122647791551697,0.1927095626967519,296.53948974609375,0.33899185,0.48171678,-0.0711128,-0.10689992,-0.24301633,38.435204,0.17968263,-0.028081685,-0.44589177,0.2087016,0.05595891,-0.4077494,-0.48845822,0.10761442,1,Stable,True,Information Technology,-0.02504281793166876
2025-12-05,VTR,79.14527893066406,True,2026-06-02,2025-12-08,2026-06-02,-0.10978314848087957,0.0016999363003553643,79.66339111328125,0.32246152,-0.2273852,0.16314831,0.30209258,0.13401295,69.96643,-0.09328159,-0.13329403,-0.020368934,-0.06320855,-0.02008953,-0.01829794,-0.24272324,0.009414869,1,Stable,True,Real Estate,0.0045931910149918705
2025-12-05,VZ,39.69511413574219,True,2026-06-02,2025-12-08,2026-06-02,0.0854425370192788,0.19692562180051373,47.067630767822266,0.016662547,0.12633349,0.002489014,0.013936932,-0.116119,46.031887,0.086230904,-0.053206462,-0.0027256152,0.10591977,0.034004696,-0.0054603517,0.107600726,0.09938189,1,Stable,True,Communication Services,-0.018805449757697875
2025-12-05,WEC,103.03797912597656,True,2026-06-02,2025-12-08,2026-06-02,-0.041310765903145544,0.07017231887808939,109.27743530273438,0.11290282,0.049279727,-0.028019305,0.031534,-0.098912686,47.20413,-0.009293068,-0.060319792,-0.08136882,0.010351781,0.027651533,-0.07870054,0.23026213,-0.020796578,1,Stable,True,Utilities,-0.01794362582634011
2025-12-05,WELL,202.1319122314453,True,2026-06-02,2025-12-08,2026-06-02,-0.13222978988205783,-0.020746705100822885,194.61532592773438,0.56487924,0.062723875,0.19342075,0.36814338,0.18349493,68.342865,-0.1250802,-0.15066971,-0.19673586,-0.08844047,-0.028769895,-0.13712981,-0.18848751,0.0814832,1,Stable,True,Real Estate,0.0005601117542640654
2025-12-05,WM,211.8162078857422,True,2026-06-02,2025-12-08,2026-06-02,-0.09938840051426313,0.012094684266971802,211.01553344726562,-0.033434737,-0.18162072,-0.025100343,-0.08288139,-0.21647818,49.424297,0.09805603,0.05889529,-0.049446654,0.11569992,0.15014681,-0.055287823,-0.4271812,0.22860496,1,Stable,True,Industrials,-0.028515483376357995
2025-12-05,WMB,61.39626693725586,True,2026-06-02,2025-12-08,2026-06-02,0.05747971564080599,0.16896280042204093,70.78726959228516,0.1485603,0.27520117,0.057347715,0.07090148,-0.061458904,54.52375,0.016399994,-0.0032489002,-0.07765882,0.035210367,0.08486837,-0.07278426,0.055327076,-0.023056367,1,Stable,True,Energy,-0.010400972706674535
2025-12-05,WMT,114.14891052246094,True,2026-06-02,2025-12-08,2026-06-02,-0.10990133768340239,0.0015817470978325419,112.78997802734375,0.24299389,-0.103795,0.13507272,0.22365947,0.071886234,59.699368,0.010697745,-0.10227624,-0.01933442,0.029460922,0.0006237924,-0.018452764,0.09654577,0.31520823,1,Stable,True,Consumer Staples,-0.007136463522373376
2025-12-05,WRB,65.00175476074219,True,2026-06-02,2025-12-08,2026-06-02,-0.1160607507981929,-0.004577666016957972,64.59751892089844,0.07172528,0.08857329,-0.08426056,-0.079039365,-0.2122977,42.591248,-0.010810733,-0.015540138,-0.15076464,0.007954478,0.07088897,-0.15438356,5.2962627,0.2888599,1,Stable,True,Financials,-0.009185952168349557
2025-12-05,WTW,317.5997314453125,True,2026-06-02,2025-12-08,2026-06-02,-0.30624552127487087,-0.19476243649363592,255.48007202148438,-0.014366126,0.14765081,-0.0063046548,0.08296338,-0.050258555,46.408485,0.05081665,-0.13843563,0.097329505,0.0723701,-0.04886459,0.091395654,-0.08902628,0.02356025,1,Stable,True,Financials,-0.012738857047424463
2025-12-05,WY,21.320880889892578,True,2026-06-02,2025-12-08,2026-06-02,-0.0072955092087125945,0.10418757557252234,24.182636260986328,-0.2934924,0.5039417,-0.10766957,-0.17321299,-0.32016787,40.381897,0.111395404,0.020931602,0.12027942,0.14342758,0.11290841,0.15443733,0.22895451,0.20576534,1,Stable,True,Real Estate,-0.0372244914048524
2025-12-05,XEL,75.45780181884766,True,2026-06-02,2025-12-08,2026-06-02,-0.06762920612255453,0.0438538786586804,77.287109375,0.1231472,0.17329094,0.030643083,0.16461219,0.022428446,56.95686,-0.10945308,-0.09687762,0.041464992,-0.08818654,0.0010578092,0.0334776,-0.18366411,0.010661358,1,Stable,True,Utilities,-0.014970182065669949
2025-12-05,XOM,114.24811553955078,True,2026-06-02,2025-12-08,2026-06-02,0.19545578538332226,0.3069388701645572,148.59780883789062,0.02674586,0.034381036,0.045301236,0.054883093,-0.076529756,51.853977,-0.02160741,-0.006556645,0.028137233,-0.0008603623,0.08167187,0.024259701,-0.15322478,-0.040461555,1,Stable,True,Energy,-0.016236570128510715
2025-12-05,XYL,137.4760284423828,True,2026-06-02,2025-12-08,2026-06-02,-0.3082889307747637,-0.1968058459935288,109.87186431884766,0.101661295,0.74158216,-0.007938669,0.09561708,-0.03864196,48.73769,-0.05584436,-0.112520166,-0.0060442165,-0.038515385,-0.020458538,-0.008277373,0.06747114,0.20204341,1,Stable,True,Industrials,-0.013183136151408115
2025-12-05,YUM,143.59228515625,True,2026-06-02,2025-12-08,2026-06-02,-0.07327235007139744,0.03821073470983749,146.5800018310547,0.07294785,0.10442585,-0.006599584,0.031094117,-0.09933922,48.558964,0.010122367,-0.05451853,-0.041853733,0.030278165,0.03358317,-0.042565178,0.159474,0.061649512,1,Stable,True,Consumer Discretionary,-0.018574454469260638
