Date,Ticker,Close,eligible_signal,label_available_at,target_excess_simple_20d_next_close,target_simple_20d_next_close,target_end_20d_next_close,vol_ann_120d,ma_gap_20d,momentum_20d,relative_momentum_20d,rsi_14d,risk_rank,stability_group,stable,Sector,pred_all_train,pred_stable_train,horizon,strategy,top_n,target_excess_simple_60d_next_close,target_simple_60d_next_close,target_end_60d_next_close,ma_gap_60d,momentum_60d,relative_momentum_60d,rsi_28d,target_excess_simple_120d_next_close,target_simple_120d_next_close,target_end_120d_next_close,ma_gap_120d,momentum_120d,relative_momentum_120d,rsi_56d
2024-07-01,KO,59.7886962890625,True,2024-07-31,0.05443625854584757,0.05684867703894558,2024-07-31,0.11410679,0.0021324374,0.013364196,-0.023478651,52.094093,1,Stable,True,Consumer Staples,-0.0007569147093694035,-0.0014904246686521898,20,lowvol,10,,,,,,,,,,,,,,
2024-07-01,RSG,188.16195678710938,True,2024-07-31,0.003592927919004583,0.006005346412102597,2024-07-31,0.116428845,0.013826613,0.041524906,0.00393156,70.873764,1,Stable,True,Industrials,-0.00136049063453792,0.0010327725163090343,20,lowvol,10,,,,,,,,,,,,,,
2024-07-01,BRK-B,405.19000244140625,True,2024-07-31,0.07471849142022702,0.07713090991332504,2024-07-31,0.117734775,-0.010247077,-0.022224883,-0.05922991,37.803818,1,Stable,True,Financials,0.00019858673323465488,-0.002735154500674512,20,lowvol,10,,,,,,,,,,,,,,
2024-07-01,TMUS,173.34603881835938,True,2024-07-31,0.010367000186947382,0.012779418680045396,2024-07-31,0.11841326,0.009595314,0.023548154,-0.013479161,46.032494,1,Stable,True,Communication Services,-0.0014297218128561185,-0.0013560913115581263,20,lowvol,10,,,,,,,,,,,,,,
2024-07-01,PG,153.25160217285156,True,2024-07-31,-0.015671180638931786,-0.01325876214583377,2024-07-31,0.12654345,-0.024299614,-0.011061132,-0.047877096,33.934807,1,Stable,True,Consumer Staples,-0.0015024563127932374,-0.00340571653270983,20,lowvol,10,,,,,,,,,,,,,,
2024-07-01,CL,90.70040893554688,True,2024-07-31,0.034791263373212165,0.03720368186631018,2024-07-31,0.12806152,-0.00069558347,0.027753968,-0.009378527,57.884563,1,Stable,True,Consumer Staples,-0.0014297218128561185,-0.0004741461986760566,20,lowvol,10,,,,,,,,,,,,,,
2024-07-01,V,258.8112487792969,True,2024-07-31,-0.011956490175180612,-0.009544071682082598,2024-07-31,0.13798496,-0.033529483,-0.03383982,-0.07117998,30.134787,1,Stable,True,Financials,-0.0011301183810271964,-0.0032675398141536038,20,lowvol,10,,,,,,,,,,,,,,
2024-07-01,LMT,442.5189514160156,True,2024-07-31,0.1612553444296308,0.1636677629227288,2024-07-31,0.13818398,0.0023498482,-0.0016053675,-0.03836099,48.154858,1,Stable,True,Industrials,-0.0005635421721176246,-0.0006494189203348798,20,lowvol,10,,,,,,,,,,,,,,
2024-07-01,L,74.28812408447266,True,2024-07-31,0.06444087061998727,0.06685328911308529,2024-07-31,0.14196333,-0.0076883193,-0.026953345,-0.064077586,46.792862,1,Stable,True,Financials,0.0012481454729694167,-0.0005489494706634171,20,lowvol,10,,,,,,,,,,,,,,
2024-07-01,ITW,222.30812072753906,True,2024-07-31,0.04756437443911012,0.049976792932208136,2024-07-31,0.14328396,-0.019576872,-0.032771625,-0.070074975,43.23316,1,Stable,True,Industrials,0.0012970736306485795,-0.0010910361621793237,20,lowvol,10,,,,,,,,,,,,,,
2024-07-01,KO,59.7886962890625,True,2024-07-31,0.05443625854584757,0.05684867703894558,2024-07-31,0.11410679,0.0021324374,0.013364196,-0.023478651,52.094093,1,Stable,True,Consumer Staples,-0.0007569147093694035,-0.0014904246686521898,20,stable_lowvol,10,,,,,,,,,,,,,,
2024-07-01,RSG,188.16195678710938,True,2024-07-31,0.003592927919004583,0.006005346412102597,2024-07-31,0.116428845,0.013826613,0.041524906,0.00393156,70.873764,1,Stable,True,Industrials,-0.00136049063453792,0.0010327725163090343,20,stable_lowvol,10,,,,,,,,,,,,,,
2024-07-01,BRK-B,405.19000244140625,True,2024-07-31,0.07471849142022702,0.07713090991332504,2024-07-31,0.117734775,-0.010247077,-0.022224883,-0.05922991,37.803818,1,Stable,True,Financials,0.00019858673323465488,-0.002735154500674512,20,stable_lowvol,10,,,,,,,,,,,,,,
2024-07-01,TMUS,173.34603881835938,True,2024-07-31,0.010367000186947382,0.012779418680045396,2024-07-31,0.11841326,0.009595314,0.023548154,-0.013479161,46.032494,1,Stable,True,Communication Services,-0.0014297218128561185,-0.0013560913115581263,20,stable_lowvol,10,,,,,,,,,,,,,,
2024-07-01,PG,153.25160217285156,True,2024-07-31,-0.015671180638931786,-0.01325876214583377,2024-07-31,0.12654345,-0.024299614,-0.011061132,-0.047877096,33.934807,1,Stable,True,Consumer Staples,-0.0015024563127932374,-0.00340571653270983,20,stable_lowvol,10,,,,,,,,,,,,,,
2024-07-01,CL,90.70040893554688,True,2024-07-31,0.034791263373212165,0.03720368186631018,2024-07-31,0.12806152,-0.00069558347,0.027753968,-0.009378527,57.884563,1,Stable,True,Consumer Staples,-0.0014297218128561185,-0.0004741461986760566,20,stable_lowvol,10,,,,,,,,,,,,,,
2024-07-01,V,258.8112487792969,True,2024-07-31,-0.011956490175180612,-0.009544071682082598,2024-07-31,0.13798496,-0.033529483,-0.03383982,-0.07117998,30.134787,1,Stable,True,Financials,-0.0011301183810271964,-0.0032675398141536038,20,stable_lowvol,10,,,,,,,,,,,,,,
2024-07-01,LMT,442.5189514160156,True,2024-07-31,0.1612553444296308,0.1636677629227288,2024-07-31,0.13818398,0.0023498482,-0.0016053675,-0.03836099,48.154858,1,Stable,True,Industrials,-0.0005635421721176246,-0.0006494189203348798,20,stable_lowvol,10,,,,,,,,,,,,,,
2024-07-01,L,74.28812408447266,True,2024-07-31,0.06444087061998727,0.06685328911308529,2024-07-31,0.14196333,-0.0076883193,-0.026953345,-0.064077586,46.792862,1,Stable,True,Financials,0.0012481454729694167,-0.0005489494706634171,20,stable_lowvol,10,,,,,,,,,,,,,,
2024-07-01,ITW,222.30812072753906,True,2024-07-31,0.04756437443911012,0.049976792932208136,2024-07-31,0.14328396,-0.019576872,-0.032771625,-0.070074975,43.23316,1,Stable,True,Industrials,0.0012970736306485795,-0.0010910361621793237,20,stable_lowvol,10,,,,,,,,,,,,,,
2024-07-01,STLD,125.65206146240234,True,2024-07-31,0.03593506407436677,0.038347482567464786,2024-07-31,0.27028272,0.03134429,-0.031696305,-0.06896384,61.37692,1,Stable,True,Materials,0.007931572588995121,0.004798074511979505,20,all_train,10,,,,,,,,,,,,,,
2024-07-01,MOS,26.195404052734375,True,2024-07-31,0.06960767444995941,0.07202009294305743,2024-07-31,0.29706094,-0.01907676,-0.08946152,-0.13047345,43.54837,1,Stable,True,Materials,0.007220072886680572,0.00019879603776118648,20,all_train,10,,,,,,,,,,,,,,
2024-07-01,DLTR,107.25,True,2024-07-31,-0.028273722355262577,-0.025861303862164564,2024-07-31,0.32590654,-0.018908318,-0.090716384,-0.13185255,41.580753,1,Stable,True,Consumer Staples,0.006393768683415227,0.00019879603776118648,20,all_train,10,,,,,,,,,,,,,,
2024-07-01,BF-B,39.74600601196289,True,2024-07-31,0.06067608747689881,0.06308850596999682,2024-07-31,0.25074795,-0.032946225,-0.07719027,-0.117086545,42.307697,1,Stable,True,Consumer Staples,0.00626578790534675,0.00019879603776118648,20,all_train,10,,,,,,,,,,,,,,
2024-07-01,APA,27.01144790649414,True,2024-07-31,0.06827945182067066,0.07069187031376868,2024-07-31,0.29168004,0.025596619,-0.029479159,-0.066676736,51.39861,1,Stable,True,Energy,0.005976753387836863,0.005119030508637986,20,all_train,10,,,,,,,,,,,,,,
2024-07-01,PNR,72.5666275024414,True,2024-07-31,0.17666227821239303,0.17907469670549103,2024-07-31,0.24043982,-0.046319168,-0.08552453,-0.12615897,38.953506,1,Stable,True,Industrials,0.0055915123537545785,-0.0011039405278536123,20,all_train,10,,,,,,,,,,,,,,
2024-07-01,HAL,31.817365646362305,True,2024-07-31,0.029116820815117593,0.031529239308215606,2024-07-31,0.23870699,-0.012430421,-0.08450582,-0.1250456,40.87836,1,Stable,True,Energy,0.005439483702081405,0.0006696796847961438,20,all_train,10,,,,,,,,,,,,,,
2024-07-01,MAS,62.211708068847656,True,2024-07-31,0.19990411681760573,0.20231653531070373,2024-07-31,0.23325774,-0.043048788,-0.07451367,-0.11419024,40.425465,1,Stable,True,Industrials,0.005439483702081405,-0.0012472488612385183,20,all_train,10,,,,,,,,,,,,,,
2024-07-01,TGT,133.8189697265625,True,2024-07-31,0.03211547290533858,0.034527891398436594,2024-07-31,0.30601445,-0.005370987,-0.06672639,-0.10581119,45.25917,1,Stable,True,Consumer Staples,0.005208802906311662,0.004140118093587427,20,all_train,10,,,,,,,,,,,,,,
2024-07-01,NUE,152.3026580810547,True,2024-07-31,0.0390040800655598,0.04141649855865781,2024-07-31,0.2683012,0.00034747,-0.066923834,-0.10602278,50.489895,1,Stable,True,Materials,0.005208802906311662,0.004376052098472264,20,all_train,10,,,,,,,,,,,,,,
2024-07-01,NEE,65.96472930908203,True,2024-07-31,0.08159477969831389,0.0840071981914119,2024-07-31,0.2616209,-0.05211342,-0.12080995,-0.16550852,29.459528,1,Stable,True,Utilities,0.001095881130059,0.007911989096350016,20,stable_train,10,,,,,,,,,,,,,,
2024-07-01,APA,27.01144790649414,True,2024-07-31,0.06827945182067066,0.07069187031376868,2024-07-31,0.29168004,0.025596619,-0.029479159,-0.066676736,51.39861,1,Stable,True,Energy,0.005976753387836863,0.005119030508637986,20,stable_train,10,,,,,,,,,,,,,,
2024-07-01,STLD,125.65206146240234,True,2024-07-31,0.03593506407436677,0.038347482567464786,2024-07-31,0.27028272,0.03134429,-0.031696305,-0.06896384,61.37692,1,Stable,True,Materials,0.007931572588995121,0.004798074511979505,20,stable_train,10,,,,,,,,,,,,,,
2024-07-01,DVN,45.07154083251953,True,2024-07-31,-0.017903317245476093,-0.015490898752378078,2024-07-31,0.21302633,0.026064768,-0.020010792,-0.056968056,57.573032,1,Stable,True,Energy,0.005198270601406558,0.004798074511979505,20,stable_train,10,,,,,,,,,,,,,,
2024-07-01,NUE,152.3026580810547,True,2024-07-31,0.0390040800655598,0.04141649855865781,2024-07-31,0.2683012,0.00034747,-0.066923834,-0.10602278,50.489895,1,Stable,True,Materials,0.005208802906311662,0.004376052098472264,20,stable_train,10,,,,,,,,,,,,,,
2024-07-01,TGT,133.8189697265625,True,2024-07-31,0.03211547290533858,0.034527891398436594,2024-07-31,0.30601445,-0.005370987,-0.06672639,-0.10581119,45.25917,1,Stable,True,Consumer Staples,0.005208802906311662,0.004140118093587427,20,stable_train,10,,,,,,,,,,,,,,
2024-07-01,HBAN,12.184342384338379,True,2024-07-31,0.12930582980376973,0.13171824829686773,2024-07-31,0.2440493,0.030628668,-0.0426013,-0.08028969,68.72766,1,Stable,True,Financials,0.0029641349683124573,0.004122724270110959,20,stable_train,10,,,,,,,,,,,,,,
2024-07-01,DG,124.08740997314453,True,2024-07-31,-0.06830900992576038,-0.06589659143266235,2024-07-31,0.33099923,0.010376088,-0.046234652,-0.08409194,58.086124,1,Stable,True,Consumer Staples,0.0031248667979890637,0.0034135222775338665,20,stable_train,10,,,,,,,,,,,,,,
2024-07-01,BALL,57.8822135925293,True,2024-07-31,0.06658779400515114,0.06900021249824916,2024-07-31,0.24560814,-0.08152874,-0.13982382,-0.18737239,15.5643015,1,Stable,True,Materials,0.004981438802993643,0.003321617806057849,20,stable_train,10,,,,,,,,,,,,,,
2024-07-01,AXP,228.17236328125,True,2024-07-31,0.07312135194295835,0.07553377043605637,2024-07-31,0.21282521,0.014903977,-0.025791643,-0.06288441,52.429943,1,Stable,True,Financials,0.0035147819327938415,0.0032725308094887456,20,stable_train,10,,,,,,,,,,,,,,
2024-07-30,JNPR,37.059739528,True,2024-08-28,0.017327210550108205,0.02998142743440035,2024-08-28,0.09222779,0.022477811,0.03292517,0.03947901,68.085106,1,Stable,True,Unknown,-0.003136820447224627,-0.0050810184764535655,20,lowvol,10,,,,,,,,,,,,,,
2024-07-30,CTLT,59.04,True,2024-08-28,-0.004902278899796233,0.007751937984495915,2024-08-28,0.1093127,0.02072924,0.051282052,0.057094682,76.74419,1,Stable,True,Unknown,-0.003136820447224627,-0.006282622013009014,20,lowvol,10,,,,,,,,,,,,,,
2024-07-30,KO,63.94594192504883,True,2024-08-28,0.06241319146222557,0.07506740834651772,2024-08-28,0.11324672,0.0476294,0.0695323,0.07430571,84.891884,1,Stable,True,Consumer Staples,-0.0011921522578934502,-0.005881178461868149,20,lowvol,10,,,,,,,,,,,,,,
2024-07-30,BRK-B,441.260009765625,True,2024-08-28,0.046844064387978265,0.059498281272270415,2024-08-28,0.122579806,0.032286156,0.089019984,0.092362456,74.4787,1,Stable,True,Financials,-0.004165293852067225,-0.005300431630292786,20,lowvol,10,,,,,,,,,,,,,,
2024-07-30,TMUS,169.7451629638672,True,2024-08-28,0.09229416857438932,0.10494838545868147,2024-08-28,0.12649825,-0.020660684,-0.02077276,-0.013907289,36.26188,1,Stable,True,Communication Services,-0.00110873492719962,-0.0037660702550542254,20,lowvol,10,,,,,,,,,,,,,,
2024-07-30,CL,95.88634490966797,True,2024-08-28,0.05388471538479754,0.06653893226908969,2024-08-28,0.12747523,0.030696023,0.057176545,0.06268598,66.283,1,Stable,True,Consumer Staples,-0.002362233051101467,-0.005239220481990444,20,lowvol,10,,,,,,,,,,,,,,
2024-07-30,PG,153.2069091796875,True,2024-08-28,0.03897548915542914,0.051629706039721286,2024-08-28,0.1359114,-0.02591297,-0.0002916315,0.006792587,42.213646,1,Stable,True,Consumer Staples,-0.0009622625492462597,-0.0042509452783550915,20,lowvol,10,,,,,,,,,,,,,,
2024-07-30,LMT,510.0863952636719,True,2024-08-28,0.028052617290439716,0.040706834174731865,2024-08-28,0.1454115,0.11281037,0.15268825,0.14918108,97.390785,1,Stable,True,Industrials,-0.0023246827049313154,-0.014307482839095461,20,lowvol,10,,,,,,,,,,,,,,
2024-07-30,RSG,188.1766357421875,True,2024-08-28,0.05440020597652016,0.06705442286081231,2024-08-28,0.14667057,-0.027207388,7.8012345e-05,0.0071622706,42.968258,1,Stable,True,Industrials,-0.0008357688956382851,-0.0042509452783550915,20,lowvol,10,,,,,,,,,,,,,,
2024-07-30,GD,282.0161437988281,True,2024-08-28,-0.01958382945841343,-0.006929612574121281,2024-08-28,0.14670485,0.020200418,0.022954276,0.02977905,62.53387,1,Stable,True,Industrials,-0.002210749791533905,-0.005068130638058587,20,lowvol,10,,,,,,,,,,,,,,
2024-07-30,JNPR,37.059739528,True,2024-08-28,0.017327210550108205,0.02998142743440035,2024-08-28,0.09222779,0.022477811,0.03292517,0.03947901,68.085106,1,Stable,True,Unknown,-0.003136820447224627,-0.0050810184764535655,20,stable_lowvol,10,,,,,,,,,,,,,,
2024-07-30,CTLT,59.04,True,2024-08-28,-0.004902278899796233,0.007751937984495915,2024-08-28,0.1093127,0.02072924,0.051282052,0.057094682,76.74419,1,Stable,True,Unknown,-0.003136820447224627,-0.006282622013009014,20,stable_lowvol,10,,,,,,,,,,,,,,
2024-07-30,KO,63.94594192504883,True,2024-08-28,0.06241319146222557,0.07506740834651772,2024-08-28,0.11324672,0.0476294,0.0695323,0.07430571,84.891884,1,Stable,True,Consumer Staples,-0.0011921522578934502,-0.005881178461868149,20,stable_lowvol,10,,,,,,,,,,,,,,
2024-07-30,BRK-B,441.260009765625,True,2024-08-28,0.046844064387978265,0.059498281272270415,2024-08-28,0.122579806,0.032286156,0.089019984,0.092362456,74.4787,1,Stable,True,Financials,-0.004165293852067225,-0.005300431630292786,20,stable_lowvol,10,,,,,,,,,,,,,,
2024-07-30,TMUS,169.7451629638672,True,2024-08-28,0.09229416857438932,0.10494838545868147,2024-08-28,0.12649825,-0.020660684,-0.02077276,-0.013907289,36.26188,1,Stable,True,Communication Services,-0.00110873492719962,-0.0037660702550542254,20,stable_lowvol,10,,,,,,,,,,,,,,
2024-07-30,CL,95.88634490966797,True,2024-08-28,0.05388471538479754,0.06653893226908969,2024-08-28,0.12747523,0.030696023,0.057176545,0.06268598,66.283,1,Stable,True,Consumer Staples,-0.002362233051101467,-0.005239220481990444,20,stable_lowvol,10,,,,,,,,,,,,,,
2024-07-30,PG,153.2069091796875,True,2024-08-28,0.03897548915542914,0.051629706039721286,2024-08-28,0.1359114,-0.02591297,-0.0002916315,0.006792587,42.213646,1,Stable,True,Consumer Staples,-0.0009622625492462597,-0.0042509452783550915,20,stable_lowvol,10,,,,,,,,,,,,,,
2024-07-30,LMT,510.0863952636719,True,2024-08-28,0.028052617290439716,0.040706834174731865,2024-08-28,0.1454115,0.11281037,0.15268825,0.14918108,97.390785,1,Stable,True,Industrials,-0.0023246827049313154,-0.014307482839095461,20,stable_lowvol,10,,,,,,,,,,,,,,
2024-07-30,RSG,188.1766357421875,True,2024-08-28,0.05440020597652016,0.06705442286081231,2024-08-28,0.14667057,-0.027207388,7.8012345e-05,0.0071622706,42.968258,1,Stable,True,Industrials,-0.0008357688956382851,-0.0042509452783550915,20,stable_lowvol,10,,,,,,,,,,,,,,
2024-07-30,GD,282.0161437988281,True,2024-08-28,-0.01958382945841343,-0.006929612574121281,2024-08-28,0.14670485,0.020200418,0.022954276,0.02977905,62.53387,1,Stable,True,Industrials,-0.002210749791533905,-0.005068130638058587,20,stable_lowvol,10,,,,,,,,,,,,,,
2024-07-30,MOH,350.7300109863281,True,2024-08-28,0.0200179335332936,0.03267215041758575,2024-08-28,0.33462054,0.16792822,0.20047237,0.18979938,74.181076,1,Stable,True,Unknown,0.007702012802821298,-0.002165051228168535,20,all_train,10,,,,,,,,,,,,,,
2024-07-30,RJF,112.39462280273438,True,2024-08-28,0.0032941101683475627,0.01594832705263971,2024-08-28,0.21778642,-0.007385938,-0.06241872,-0.057367567,41.69901,1,Stable,True,Financials,0.004604948499665588,-0.000646367525148645,20,all_train,10,,,,,,,,,,,,,,
2024-07-30,ECL,224.21481323242188,True,2024-08-28,0.06936061496617571,0.08201483185046786,2024-08-28,0.21498771,-0.055992458,-0.028195292,-0.02151615,33.702724,1,Stable,True,Materials,0.004034165882620868,-0.0029620398916758582,20,all_train,10,,,,,,,,,,,,,,
2024-07-30,CNP,26.979089736938477,True,2024-08-28,-0.0248073292049772,-0.012153112320685054,2024-08-28,0.20026109,-0.028123412,-0.0667758,-0.06202554,40.14598,1,Stable,True,Utilities,0.003961799282417444,-0.003418701084763776,20,all_train,10,,,,,,,,,,,,,,
2024-07-30,BIIB,211.88999938964844,True,2024-08-28,-0.05486810116584252,-0.04221388428155037,2024-08-28,0.2964357,-0.05916151,-0.08577471,-0.082593985,32.02964,1,Stable,True,Health Care,0.0035745866886529656,-0.00282818803318906,20,all_train,10,,,,,,,,,,,,,,
2024-07-30,MRK,107.87928009033203,True,2024-08-28,0.02509006165700632,0.03774427854129847,2024-08-28,0.23462561,-0.08367035,-0.09890552,-0.097060904,28.611969,1,Stable,True,Health Care,0.0018696751178354603,-0.003936599455582356,20,all_train,10,,,,,,,,,,,,,,
2024-07-30,MPC,170.60328674316406,True,2024-08-28,-0.048069260388864735,-0.035415043504572585,2024-08-28,0.26863652,0.060104616,0.020024048,0.026910465,79.132034,1,Stable,True,Energy,0.0009728979043746857,-0.004300373106146834,20,all_train,10,,,,,,,,,,,,,,
2024-07-30,WM,195.14993286132812,True,2024-08-28,0.020159311644427517,0.03281352852871967,2024-08-28,0.20476972,-0.053987592,-0.039453443,-0.033168565,38.529842,1,Stable,True,Industrials,0.0009335599616230139,-0.003306275458523416,20,all_train,10,,,,,,,,,,,,,,
2024-07-30,TMO,610.83154296875,True,2024-08-28,-0.012980373143300928,-0.00032615625900878076,2024-08-28,0.19251041,0.105250895,0.13538364,0.13405485,79.352745,1,Stable,True,Health Care,0.0005988515179620471,-0.013804931377352267,20,all_train,10,,,,,,,,,,,,,,
2024-07-30,PFG,76.12128448486328,True,2024-08-28,-0.02897120622850237,-0.01631698934421022,2024-08-28,0.18461803,-0.014209228,0.048967972,0.054891057,50.93458,1,Stable,True,Financials,0.00035782763833536093,-0.005011811730130403,20,all_train,10,,,,,,,,,,,,,,
2024-07-30,VTRS,11.060891151428223,True,2024-08-28,-0.01569612342438688,-0.00304190654009473,2024-08-28,0.26419374,0.07141272,0.1454201,0.14285573,71.379234,1,Stable,True,Health Care,-0.0022432314591623492,-5.626093456108299e-05,20,stable_train,10,,,,,,,,,,,,,,
2024-07-30,RJF,112.39462280273438,True,2024-08-28,0.0032941101683475627,0.01594832705263971,2024-08-28,0.21778642,-0.007385938,-0.06241872,-0.057367567,41.69901,1,Stable,True,Financials,0.004604948499665588,-0.000646367525148645,20,stable_train,10,,,,,,,,,,,,,,
2024-07-30,ROP,536.8911743164062,True,2024-08-28,-0.0024107457100858275,0.01024347117420632,2024-08-28,0.18286474,-0.023394084,-0.030380175,-0.023766955,45.715195,1,Stable,True,Information Technology,-0.0009216543486110635,-0.0017154867580399678,20,stable_train,10,,,,,,,,,,,,,,
2024-07-30,DVN,43.598426818847656,True,2024-08-28,-0.06453605288176857,-0.05188183599747642,2024-08-28,0.21059482,-0.01583792,-0.032683905,-0.026145695,51.688305,1,Stable,True,Energy,-0.000622493413507584,-0.0017154867580399678,20,stable_train,10,,,,,,,,,,,,,,
2024-07-30,TTWO,150.0,True,2024-08-28,0.04361364526537558,0.05626786214966773,2024-08-28,0.2376642,-0.009786617,-0.027804742,-0.02111435,53.569237,1,Stable,True,Communication Services,-0.0009216543486110635,-0.0019146881431278575,20,stable_train,10,,,,,,,,,,,,,,
2024-07-30,DVA,136.47000122070312,True,2024-08-28,0.11148578692202861,0.12414000380632076,2024-08-28,0.29678035,-0.017441535,-0.015438997,-0.008475158,45.69989,1,Stable,True,Health Care,-0.0009622625492462597,-0.0019290097700200735,20,stable_train,10,,,,,,,,,,,,,,
2024-07-30,FANG,186.19692993164062,True,2024-08-28,-0.039318504277235836,-0.026664287392943686,2024-08-28,0.2470664,-0.029078998,-0.027637262,-0.020942096,44.00558,1,Stable,True,Energy,-0.0007951606950030888,-0.0019387618047968873,20,stable_train,10,,,,,,,,,,,,,,
2024-07-30,INVH,32.38224411010742,True,2024-08-28,0.020802099423086515,0.033456316307378664,2024-08-28,0.19861516,-0.01572466,-0.022079222,-0.015242355,43.937275,1,Stable,True,Real Estate,-0.0009067564622415018,-0.0019959760915040504,20,stable_train,10,,,,,,,,,,,,,,
2024-07-30,SYK,323.9666748046875,True,2024-08-28,0.0749925956186289,0.08764681250292104,2024-08-28,0.17566606,-0.01485832,-0.01866278,-0.011754867,43.791454,1,Stable,True,Health Care,-0.0009067564622415018,-0.0019959760915040504,20,stable_train,10,,,,,,,,,,,,,,
2024-07-30,MOH,350.7300109863281,True,2024-08-28,0.0200179335332936,0.03267215041758575,2024-08-28,0.33462054,0.16792822,0.20047237,0.18979938,74.181076,1,Stable,True,Unknown,0.007702012802821298,-0.002165051228168535,20,stable_train,10,,,,,,,,,,,,,,
2024-08-27,CTLT,59.4,True,2024-09-26,-0.019199618413488717,0.008193979933110329,2024-09-26,0.09056518,-0.0018484289,0.0060975607,-0.028159656,46.875,1,Stable,True,Unknown,0.0001262034859447947,-0.0003619236039810324,20,lowvol,10,,,,,,,,,,,,,,
2024-08-27,JNPR,37.9286322619,True,2024-09-26,-0.021735162133155517,0.0056584362134435295,2024-09-26,0.093943,0.0071159154,0.023445733,-0.011063598,65.95744,1,Stable,True,Unknown,-0.001375133875150162,0.001076759623759336,20,lowvol,10,,,,,,,,,,,,,,
2024-08-27,KO,67.55518341064453,True,2024-09-26,-0.025449431006179357,0.001944167340419689,2024-09-26,0.12038938,0.03737451,0.05644207,0.020668026,80.158775,1,Stable,True,Consumer Staples,-0.0009356224404895596,0.000433093695099513,20,lowvol,10,,,,,,,,,,,,,,
2024-08-27,BRK-B,460.6300048828125,True,2024-09-26,-0.04980045976024494,-0.022406861413645895,2024-09-26,0.13481858,0.05015139,0.04389701,0.008722134,91.48363,1,Stable,True,Financials,0.003379835540275314,0.0018111173653067732,20,lowvol,10,,,,,,,,,,,,,,
2024-08-27,FE,39.82155227661133,True,2024-09-26,-0.03127661649610436,-0.003883018149505313,2024-09-26,0.1359176,0.017377995,0.043538705,0.008378837,84.32383,1,Stable,True,Utilities,-0.0013894226993540193,0.0011459720668769357,20,lowvol,10,,,,,,,,,,,,,,
2024-08-27,CL,101.06758880615234,True,2024-09-26,-0.05319945409020721,-0.025805855743608164,2024-09-26,0.14042422,0.033971086,0.054035265,0.018387204,68.38763,1,Stable,True,Consumer Staples,-0.0007284443410074423,-2.155382330405411e-07,20,lowvol,10,,,,,,,,,,,,,,
2024-08-27,LIN,460.2862243652344,True,2024-09-26,-0.00570228539591644,0.021691312950682606,2024-09-26,0.14153995,0.03883022,0.047665518,0.012325671,96.042435,1,Stable,True,Materials,0.00013344516750073688,0.001573818903695805,20,lowvol,10,,,,,,,,,,,,,,
2024-08-27,ICE,156.8095703125,True,2024-09-26,-0.04112631543985423,-0.013732717093255187,2024-09-26,0.14198619,0.03612251,0.0614674,0.02541359,92.70289,1,Stable,True,Financials,-0.0009356224404895596,0.0017313575740993351,20,lowvol,10,,,,,,,,,,,,,,
2024-08-27,LMT,531.6697998046875,True,2024-09-26,0.002110182466617986,0.029503780813217032,2024-09-26,0.1435481,0.011764033,0.042313233,0.0072038043,67.02928,1,Stable,True,Industrials,-0.0014775024262356938,0.0008276880944286149,20,lowvol,10,,,,,,,,,,,,,,
2024-08-27,ATO,123.58631896972656,True,2024-09-26,0.032099897043276315,0.05949349538987536,2024-09-26,0.14517012,0.008896528,0.0147805195,-0.01956635,65.114944,1,Stable,True,Utilities,0.0011205374502369976,0.0006959310795463549,20,lowvol,10,,,,,,,,,,,,,,
2024-08-27,CTLT,59.4,True,2024-09-26,-0.019199618413488717,0.008193979933110329,2024-09-26,0.09056518,-0.0018484289,0.0060975607,-0.028159656,46.875,1,Stable,True,Unknown,0.0001262034859447947,-0.0003619236039810324,20,stable_lowvol,10,,,,,,,,,,,,,,
2024-08-27,JNPR,37.9286322619,True,2024-09-26,-0.021735162133155517,0.0056584362134435295,2024-09-26,0.093943,0.0071159154,0.023445733,-0.011063598,65.95744,1,Stable,True,Unknown,-0.001375133875150162,0.001076759623759336,20,stable_lowvol,10,,,,,,,,,,,,,,
2024-08-27,KO,67.55518341064453,True,2024-09-26,-0.025449431006179357,0.001944167340419689,2024-09-26,0.12038938,0.03737451,0.05644207,0.020668026,80.158775,1,Stable,True,Consumer Staples,-0.0009356224404895596,0.000433093695099513,20,stable_lowvol,10,,,,,,,,,,,,,,
2024-08-27,BRK-B,460.6300048828125,True,2024-09-26,-0.04980045976024494,-0.022406861413645895,2024-09-26,0.13481858,0.05015139,0.04389701,0.008722134,91.48363,1,Stable,True,Financials,0.003379835540275314,0.0018111173653067732,20,stable_lowvol,10,,,,,,,,,,,,,,
2024-08-27,FE,39.82155227661133,True,2024-09-26,-0.03127661649610436,-0.003883018149505313,2024-09-26,0.1359176,0.017377995,0.043538705,0.008378837,84.32383,1,Stable,True,Utilities,-0.0013894226993540193,0.0011459720668769357,20,stable_lowvol,10,,,,,,,,,,,,,,
2024-08-27,CL,101.06758880615234,True,2024-09-26,-0.05319945409020721,-0.025805855743608164,2024-09-26,0.14042422,0.033971086,0.054035265,0.018387204,68.38763,1,Stable,True,Consumer Staples,-0.0007284443410074423,-2.155382330405411e-07,20,stable_lowvol,10,,,,,,,,,,,,,,
2024-08-27,LIN,460.2862243652344,True,2024-09-26,-0.00570228539591644,0.021691312950682606,2024-09-26,0.14153995,0.03883022,0.047665518,0.012325671,96.042435,1,Stable,True,Materials,0.00013344516750073688,0.001573818903695805,20,stable_lowvol,10,,,,,,,,,,,,,,
2024-08-27,ICE,156.8095703125,True,2024-09-26,-0.04112631543985423,-0.013732717093255187,2024-09-26,0.14198619,0.03612251,0.0614674,0.02541359,92.70289,1,Stable,True,Financials,-0.0009356224404895596,0.0017313575740993351,20,stable_lowvol,10,,,,,,,,,,,,,,
2024-08-27,LMT,531.6697998046875,True,2024-09-26,0.002110182466617986,0.029503780813217032,2024-09-26,0.1435481,0.011764033,0.042313233,0.0072038043,67.02928,1,Stable,True,Industrials,-0.0014775024262356938,0.0008276880944286149,20,stable_lowvol,10,,,,,,,,,,,,,,
2024-08-27,ATO,123.58631896972656,True,2024-09-26,0.032099897043276315,0.05949349538987536,2024-09-26,0.14517012,0.008896528,0.0147805195,-0.01956635,65.114944,1,Stable,True,Utilities,0.0011205374502369976,0.0006959310795463549,20,stable_lowvol,10,,,,,,,,,,,,,,
2024-08-27,VLO,133.6195526123047,True,2024-09-26,-0.05880095818755471,-0.03140735984095566,2024-09-26,0.2950503,-0.049616415,-0.13219552,-0.17602754,37.559307,1,Stable,True,Energy,0.011113263342796102,0.012975460232046314,20,all_train,10,,,,,,,,,,,,,,
2024-08-27,HUM,343.8417053222656,True,2024-09-26,-0.13916024049353093,-0.11176664214693188,2024-09-26,0.3418112,-0.0035886578,-0.12624833,-0.16919778,60.12318,1,Stable,True,Health Care,0.01062313716420031,0.012338114435790134,20,all_train,10,,,,,,,,,,,,,,
2024-08-27,PSX,125.74915313720703,True,2024-09-26,-0.05917856437045377,-0.03178496602385472,2024-09-26,0.26284954,-0.0054892586,-0.07930729,-0.11686765,56.430443,1,Stable,True,Energy,0.007040425882677756,0.0007315363091655709,20,all_train,10,,,,,,,,,,,,,,
2024-08-27,BG,94.48714447021484,True,2024-09-26,-0.07649098396462584,-0.04909738561802679,2024-09-26,0.25408864,0.032041892,-0.1180878,-0.15990147,73.182236,1,Stable,True,Consumer Staples,0.0069604609598911136,0.00817297252096296,20,all_train,10,,,,,,,,,,,,,,
2024-08-27,PFE,25.165441513061523,True,2024-09-26,-0.019741431595205472,0.007652166751393573,2024-09-26,0.23453835,-0.009928213,-0.08187316,-0.11965843,49.429703,1,Stable,True,Health Care,0.006775886036987627,0.00575749181533673,20,all_train,10,,,,,,,,,,,,,,
2024-08-27,AME,165.82508850097656,True,2024-09-26,-0.005636882438973978,0.021756715907625068,2024-09-26,0.23887904,0.03501602,-0.025355348,-0.059921037,89.566986,1,Stable,True,Industrials,0.006391196375848967,0.0014332386751339725,20,all_train,10,,,,,,,,,,,,,,
2024-08-27,PFG,73.90731048583984,True,2024-09-26,0.0546700769771903,0.08206367532378935,2024-09-26,0.20882133,0.035388097,-0.029084822,-0.06375487,83.368256,1,Stable,True,Financials,0.006391196375848967,0.0014332386751339725,20,all_train,10,,,,,,,,,,,,,,
2024-08-27,INCY,65.62999725341797,True,2024-09-26,-0.035163283614312424,-0.0077696852677133785,2024-09-26,0.25165483,0.043169998,-0.03186316,-0.066620536,73.967705,1,Stable,True,Health Care,0.006303116648967293,0.0029443183588271473,20,all_train,10,,,,,,,,,,,,,,
2024-08-27,CNP,25.9598331451416,True,2024-09-26,0.036577035518747025,0.06397063386534607,2024-09-26,0.22346124,0.034189973,-0.037779503,-0.07275035,71.615486,1,Stable,True,Utilities,0.006303116648967293,0.0015939466786651687,20,all_train,10,,,,,,,,,,,,,,
2024-08-27,NUE,145.8710479736328,True,2024-09-26,-0.010168393008504473,0.017225205338094574,2024-09-26,0.27573547,0.019160604,-0.05682722,-0.09274449,62.15963,1,Stable,True,Materials,0.006196722147429008,0.002519083889037032,20,all_train,10,,,,,,,,,,,,,,
2024-08-27,VLO,133.6195526123047,True,2024-09-26,-0.05880095818755471,-0.03140735984095566,2024-09-26,0.2950503,-0.049616415,-0.13219552,-0.17602754,37.559307,1,Stable,True,Energy,0.011113263342796102,0.012975460232046314,20,stable_train,10,,,,,,,,,,,,,,
2024-08-27,HUM,343.8417053222656,True,2024-09-26,-0.13916024049353093,-0.11176664214693188,2024-09-26,0.3418112,-0.0035886578,-0.12624833,-0.16919778,60.12318,1,Stable,True,Health Care,0.01062313716420031,0.012338114435790134,20,stable_train,10,,,,,,,,,,,,,,
2024-08-27,BG,94.48714447021484,True,2024-09-26,-0.07649098396462584,-0.04909738561802679,2024-09-26,0.25408864,0.032041892,-0.1180878,-0.15990147,73.182236,1,Stable,True,Consumer Staples,0.0069604609598911136,0.00817297252096296,20,stable_train,10,,,,,,,,,,,,,,
2024-08-27,GILD,72.70037078857422,True,2024-09-26,0.039511502527816225,0.06690510087441527,2024-09-26,0.23764631,0.025483979,-0.013452743,-0.047782753,66.094376,1,Stable,True,Health Care,0.004067536169985722,0.007420661410092718,20,stable_train,10,,,,,,,,,,,,,,
2024-08-27,CMCSA,34.76866149902344,True,2024-09-26,-9.559816327675899e-05,0.027298000183322287,2024-09-26,0.21605177,0.015879443,-0.013967111,-0.04830427,66.29005,1,Stable,True,Communication Services,0.0032125744869966667,0.006488304977867507,20,stable_train,10,,,,,,,,,,,,,,
2024-08-27,FDS,401.06549072265625,True,2024-09-26,0.07798215918137796,0.10537575752797701,2024-09-26,0.23774885,0.010380878,-0.012259466,-0.046573933,65.29961,1,Stable,True,Financials,0.0039211493361808935,0.006480025548933867,20,stable_train,10,,,,,,,,,,,,,,
2024-08-27,GPC,133.46400451660156,True,2024-09-26,-0.027198279585464946,0.0001953187611341001,2024-09-26,0.26275337,0.018396959,-0.029777663,-0.06446872,66.36801,1,Stable,True,Consumer Discretionary,0.005319538864674685,0.00617637968792802,20,stable_train,10,,,,,,,,,,,,,,
2024-08-27,VRSN,178.50018310546875,True,2024-09-26,0.00020169728819141586,0.027595295634790462,2024-09-26,0.1864771,0.011574743,-0.027920455,-0.06255634,64.995445,1,Stable,True,Information Technology,0.005068344930716545,0.006135937103882311,20,stable_train,10,,,,,,,,,,,,,,
2024-08-27,ORLY,75.18199920654297,True,2024-09-26,-0.009021744843844437,0.01837185350275461,2024-09-26,0.20098802,0.004800654,-0.011543497,-0.045849342,58.65615,1,Stable,True,Consumer Discretionary,0.0023576397226982636,0.005988427924574011,20,stable_train,10,,,,,,,,,,,,,,
2024-08-27,BDX,179.097412109375,True,2024-09-26,-0.03014488855225539,-0.0027512902056563426,2024-09-26,0.18617544,0.008477764,-0.0155952135,-0.0499568,65.913246,1,Stable,True,Health Care,0.0039211493361808935,0.005933535922620502,20,stable_train,10,,,,,,,,,,,,,,
2024-09-25,JNPR,38.1432490083,True,2024-10-24,-0.0024662742337001973,0.008758371974907362,2024-10-24,0.08998697,0.003574831,0.005658436,-0.011358178,59.836067,1,Stable,True,Unknown,-0.0013204515365377644,-0.0006432001090222836,20,lowvol,10,,,,,,,,,,,,,,
2024-09-25,CTLT,59.86,True,2024-10-24,-0.02432798009482421,-0.013103333886216652,2024-10-24,0.0942523,-0.004680628,0.007744108,-0.00928639,40.689655,1,Stable,True,Unknown,-0.0013204515365377644,-0.0038147908682072923,20,lowvol,10,,,,,,,,,,,,,,
2024-09-25,KO,67.97074127197266,True,2024-10-24,-0.06864752997350602,-0.057422883764898465,2024-10-24,0.12512405,0.00048164625,0.0061513837,-0.010868125,56.253147,1,Stable,True,Consumer Staples,-0.0013204515365377644,-0.0006432001090222836,20,lowvol,10,,,,,,,,,,,,,,
2024-09-25,FE,40.38411331176758,True,2024-10-24,-0.0002181306617538379,0.011006515546853722,2024-10-24,0.13527784,-0.0053039524,0.01412705,-0.0029724732,41.414112,1,Stable,True,Utilities,-0.0013204515365377644,-0.003222098205963742,20,lowvol,10,,,,,,,,,,,,,,
2024-09-25,CL,98.99699401855469,True,2024-10-24,-0.03860147773711701,-0.02737683152850945,2024-10-24,0.14159866,-0.017649274,-0.020487228,-0.037700668,22.716843,1,Stable,True,Consumer Staples,-0.0014266161641132587,-0.0023140512682763834,20,lowvol,10,,,,,,,,,,,,,,
2024-09-25,ICE,156.1220703125,True,2024-10-24,0.044302935199856355,0.055527581408463915,2024-10-24,0.14213322,-0.007488856,-0.004384299,-0.021394603,41.434277,1,Stable,True,Financials,-0.000161643140007936,-0.0005698014886275733,20,lowvol,10,,,,,,,,,,,,,,
2024-09-25,LMT,551.3578491210938,True,2024-10-24,-0.03406861234758865,-0.022843966138981094,2024-10-24,0.14417252,0.013909248,0.037030596,0.019360768,58.80229,1,Stable,True,Industrials,-0.002182593140589051,-0.0036032362420493308,20,lowvol,10,,,,,,,,,,,,,,
2024-09-25,BRK-B,452.3599853515625,True,2024-10-24,-0.0033202990427618016,0.007904347165845758,2024-10-24,0.1446222,-0.016684612,-0.017953714,-0.035117503,33.163483,1,Stable,True,Financials,-0.0012621778281436398,-0.0028284459285983932,20,lowvol,10,,,,,,,,,,,,,,
2024-09-25,LIN,466.2041320800781,True,2024-10-24,-0.026213819776009485,-0.014989173567401924,2024-10-24,0.14700031,0.014562658,0.012857017,-0.0042255986,61.660366,1,Stable,True,Materials,-0.0013897690444377654,-0.0017497189926677648,20,lowvol,10,,,,,,,,,,,,,,
2024-09-25,ATO,130.53451538085938,True,2024-10-24,0.03191329443817312,0.04313794064678068,2024-10-24,0.14743829,0.016152099,0.056221403,0.037697162,67.15416,1,Stable,True,Utilities,-0.0023681329891602773,-0.0019115521488452408,20,lowvol,10,,,,,,,,,,,,,,
2024-09-25,JNPR,38.1432490083,True,2024-10-24,-0.0024662742337001973,0.008758371974907362,2024-10-24,0.08998697,0.003574831,0.005658436,-0.011358178,59.836067,1,Stable,True,Unknown,-0.0013204515365377644,-0.0006432001090222836,20,stable_lowvol,10,,,,,,,,,,,,,,
2024-09-25,CTLT,59.86,True,2024-10-24,-0.02432798009482421,-0.013103333886216652,2024-10-24,0.0942523,-0.004680628,0.007744108,-0.00928639,40.689655,1,Stable,True,Unknown,-0.0013204515365377644,-0.0038147908682072923,20,stable_lowvol,10,,,,,,,,,,,,,,
2024-09-25,KO,67.97074127197266,True,2024-10-24,-0.06864752997350602,-0.057422883764898465,2024-10-24,0.12512405,0.00048164625,0.0061513837,-0.010868125,56.253147,1,Stable,True,Consumer Staples,-0.0013204515365377644,-0.0006432001090222836,20,stable_lowvol,10,,,,,,,,,,,,,,
2024-09-25,FE,40.38411331176758,True,2024-10-24,-0.0002181306617538379,0.011006515546853722,2024-10-24,0.13527784,-0.0053039524,0.01412705,-0.0029724732,41.414112,1,Stable,True,Utilities,-0.0013204515365377644,-0.003222098205963742,20,stable_lowvol,10,,,,,,,,,,,,,,
2024-09-25,CL,98.99699401855469,True,2024-10-24,-0.03860147773711701,-0.02737683152850945,2024-10-24,0.14159866,-0.017649274,-0.020487228,-0.037700668,22.716843,1,Stable,True,Consumer Staples,-0.0014266161641132587,-0.0023140512682763834,20,stable_lowvol,10,,,,,,,,,,,,,,
2024-09-25,ICE,156.1220703125,True,2024-10-24,0.044302935199856355,0.055527581408463915,2024-10-24,0.14213322,-0.007488856,-0.004384299,-0.021394603,41.434277,1,Stable,True,Financials,-0.000161643140007936,-0.0005698014886275733,20,stable_lowvol,10,,,,,,,,,,,,,,
2024-09-25,LMT,551.3578491210938,True,2024-10-24,-0.03406861234758865,-0.022843966138981094,2024-10-24,0.14417252,0.013909248,0.037030596,0.019360768,58.80229,1,Stable,True,Industrials,-0.002182593140589051,-0.0036032362420493308,20,stable_lowvol,10,,,,,,,,,,,,,,
2024-09-25,BRK-B,452.3599853515625,True,2024-10-24,-0.0033202990427618016,0.007904347165845758,2024-10-24,0.1446222,-0.016684612,-0.017953714,-0.035117503,33.163483,1,Stable,True,Financials,-0.0012621778281436398,-0.0028284459285983932,20,stable_lowvol,10,,,,,,,,,,,,,,
2024-09-25,LIN,466.2041320800781,True,2024-10-24,-0.026213819776009485,-0.014989173567401924,2024-10-24,0.14700031,0.014562658,0.012857017,-0.0042255986,61.660366,1,Stable,True,Materials,-0.0013897690444377654,-0.0017497189926677648,20,stable_lowvol,10,,,,,,,,,,,,,,
2024-09-25,ATO,130.53451538085938,True,2024-10-24,0.03191329443817312,0.04313794064678068,2024-10-24,0.14743829,0.016152099,0.056221403,0.037697162,67.15416,1,Stable,True,Utilities,-0.0023681329891602773,-0.0019115521488452408,20,stable_lowvol,10,,,,,,,,,,,,,,
2024-09-25,FANG,171.74551391601562,True,2024-10-24,0.06013634303874924,0.0713609892473568,2024-10-24,0.25552797,-0.0056154234,-0.07282616,-0.09261487,45.847263,1,Stable,True,Energy,0.006570706384056907,0.004093966301469903,20,all_train,10,,,,,,,,,,,,,,
2024-09-25,COP,99.29673767089844,True,2024-10-24,0.008910370144378753,0.020135016352986312,2024-10-24,0.20222537,-0.020097554,-0.05959254,-0.07844269,45.135754,1,Stable,True,Energy,0.0046605711102653425,0.0035841520840121624,20,all_train,10,,,,,,,,,,,,,,
2024-09-25,MRO,26.6375121951,True,2024-10-24,0.009262404428611891,0.02048705063721945,2024-10-24,0.24838825,-0.018391395,-0.05612425,-0.074761406,46.258503,1,Stable,True,Unknown,0.004577464263875461,0.0019258789106764462,20,all_train,10,,,,,,,,,,,,,,
2024-09-25,EOG,116.62962341308594,True,2024-10-24,0.030027597549130938,0.0412522437577385,2024-10-24,0.21053648,0.007991298,-0.03111387,-0.048608854,58.70447,1,Stable,True,Energy,0.004130964449639356,0.004928540070314745,20,all_train,10,,,,,,,,,,,,,,
2024-09-25,VLO,125.9207534790039,True,2024-10-24,-0.0497256290003865,-0.03850098279177894,2024-10-24,0.29201114,-0.027745243,-0.05761731,-0.0763445,43.42551,1,Stable,True,Energy,0.003935998752410175,0.0011863425550628233,20,all_train,10,,,,,,,,,,,,,,
2024-09-25,J,124.94759368896484,True,2024-10-24,0.08621249821363416,0.09743714442224172,2024-10-24,0.21010219,0.05085471,0.027336905,0.009969259,73.40718,1,Stable,True,Industrials,0.003052268918168196,0.000822412809002286,20,all_train,10,,,,,,,,,,,,,,
2024-09-25,OXY,49.329471588134766,True,2024-10-24,0.01762732926294416,0.02885197547155172,2024-10-24,0.21365009,-0.031560738,-0.09682537,-0.11884002,34.195904,1,Stable,True,Energy,0.0029881784149854984,0.0018633882104904579,20,all_train,10,,,,,,,,,,,,,,
2024-09-25,CNC,74.12000274658203,True,2024-10-24,-0.17513236013756373,-0.16390771392895617,2024-10-24,0.2985395,-0.012483814,-0.049743555,-0.068024054,56.14478,1,Stable,True,Health Care,0.0029819767907986435,0.004193609910145228,20,all_train,10,,,,,,,,,,,,,,
2024-09-25,MCK,475.6602783203125,True,2024-10-24,0.0428393991430108,0.05406404535161836,2024-10-24,0.288415,-0.080202356,-0.12886298,-0.15495665,26.033134,1,Stable,True,Health Care,0.0025836970488066885,0.0004066809132560117,20,all_train,10,,,,,,,,,,,,,,
2024-09-25,CTRA,22.1381121959,True,2024-10-24,0.029104928811268437,0.040329575019875996,2024-10-24,0.2219096,-0.005236721,-0.03882693,-0.05660146,46.42857,1,Stable,True,Unknown,0.0025605455334553,0.0035722447528180523,20,all_train,10,,,,,,,,,,,,,,
2024-09-25,HES,130.8274239849,True,2024-10-24,0.048697294558318914,0.059921940766926474,2024-10-24,0.24296933,0.006283797,-0.034532916,-0.05214394,58.854607,1,Stable,True,Unknown,0.0024475321888943686,0.004928540070314745,20,stable_train,10,,,,,,,,,,,,,,
2024-09-25,EOG,116.62962341308594,True,2024-10-24,0.030027597549130938,0.0412522437577385,2024-10-24,0.21053648,0.007991298,-0.03111387,-0.048608854,58.70447,1,Stable,True,Energy,0.004130964449639356,0.004928540070314745,20,stable_train,10,,,,,,,,,,,,,,
2024-09-25,LYB,82.22871398925781,True,2024-10-24,-0.09050893675103525,-0.0792842905424277,2024-10-24,0.19365081,-0.0015629675,-0.029167889,-0.046602394,52.071007,1,Stable,True,Materials,0.0024475321888943686,0.004675611920669712,20,stable_train,10,,,,,,,,,,,,,,
2024-09-25,COO,108.41000366210938,True,2024-10-24,-0.03167377753093541,-0.020449131322327844,2024-10-24,0.26127583,0.005560717,0.14901966,0.12190845,59.390385,1,Stable,True,Health Care,-0.0009878817823576354,0.004363091658544381,20,stable_train,10,,,,,,,,,,,,,,
2024-09-25,REGN,1021.5104370117188,True,2024-10-24,-0.11801741515445999,-0.10679276894585243,2024-10-24,0.20613687,-0.09692803,-0.14196661,-0.17011292,23.456152,1,Stable,True,Health Care,0.0019173131968097039,0.004347571507548758,20,stable_train,10,,,,,,,,,,,,,,
2024-09-25,HSIC,69.83000183105469,True,2024-10-24,-0.01094244690160543,0.0002821993070021289,2024-10-24,0.26851526,-0.0037734506,-0.032289382,-0.04982285,49.885937,1,Stable,True,Health Care,0.0024475321888943686,0.00430717491298757,20,stable_train,10,,,,,,,,,,,,,,
2024-09-25,CNC,74.12000274658203,True,2024-10-24,-0.17513236013756373,-0.16390771392895617,2024-10-24,0.2985395,-0.012483814,-0.049743555,-0.068024054,56.14478,1,Stable,True,Health Care,0.0029819767907986435,0.004193609910145228,20,stable_train,10,,,,,,,,,,,,,,
2024-09-25,PSX,121.51009368896484,True,2024-10-24,-0.027983056452443957,-0.016758410243836397,2024-10-24,0.25962254,-0.0039388533,-0.033710442,-0.051292405,52.79398,1,Stable,True,Energy,0.0024475321888943686,0.004114689426003011,20,stable_train,10,,,,,,,,,,,,,,
2024-09-25,FANG,171.74551391601562,True,2024-10-24,0.06013634303874924,0.0713609892473568,2024-10-24,0.25552797,-0.0056154234,-0.07282616,-0.09261487,45.847263,1,Stable,True,Energy,0.006570706384056907,0.004093966301469903,20,stable_train,10,,,,,,,,,,,,,,
2024-09-25,SOLV,69.22000122070312,True,2024-10-24,0.06366520090437242,0.07488984711297997,2024-10-24,0.34020424,0.018555326,0.14318748,0.11681973,64.93398,1,Stable,True,Health Care,-0.0020034831551655388,0.00391122191038904,20,stable_train,10,,,,,,,,,,,,,,
2024-10-23,JNPR,38.4574276359,True,2024-11-21,-0.11914930010187713,-0.0952502553630945,2024-11-21,0.07755076,0.0056611765,0.008236808,-0.0048461156,70.51282,1,Stable,True,Unknown,-0.0014097778090611578,-0.0020650673613344037,20,lowvol,10,,,,,,,,,,,,,,
2024-10-23,CTLT,59.4,True,2024-11-21,-0.02120996910853063,0.002689075630252003,2024-11-21,0.09216542,-0.016653975,-0.0076845973,-0.020763462,27.1777,1,Stable,True,Unknown,-0.0013948374515893166,-0.0018571145977352768,20,lowvol,10,,,,,,,,,,,,,,
2024-10-23,LIN,466.6145324707031,True,2024-11-21,-0.06476648264183288,-0.04086743790305025,2024-11-21,0.12379087,0.0019443717,0.00088030193,-0.012169272,59.83602,1,Stable,True,Materials,-0.001364742328435823,-0.0016425275315653143,20,lowvol,10,,,,,,,,,,,,,,
2024-10-23,KDP,34.76732635498047,True,2024-11-21,-0.10117435827280591,-0.07727531353402328,2024-11-21,0.12716582,-0.0014964003,-0.01739506,-0.030597318,51.14501,1,Stable,True,Consumer Staples,6.152256449939929e-05,-0.0022862826316907173,20,lowvol,10,,,,,,,,,,,,,,
2024-10-23,KO,64.69825744628906,True,2024-11-21,-0.0764992577374703,-0.05260021299868767,2024-11-21,0.12841894,-0.030879073,-0.048145477,-0.062392253,32.92517,1,Stable,True,Consumer Staples,-0.001142079930989239,-0.003166368804710343,20,lowvol,10,,,,,,,,,,,,,,
2024-10-23,FE,40.826778411865234,True,2024-11-21,-0.056881662772143855,-0.03298261803336122,2024-11-21,0.12946062,0.017502336,0.010961368,-0.0021474592,60.814217,1,Stable,True,Utilities,-0.0014097778090611578,-0.002824466807743392,20,lowvol,10,,,,,,,,,,,,,,
2024-10-23,ICE,161.55625915527344,True,2024-11-21,-0.07512741580639054,-0.05122837106760791,2024-11-21,0.13794872,0.013619458,0.034807306,0.021166047,55.285637,1,Stable,True,Financials,-0.0023056352173084125,-0.0049151531289593,20,lowvol,10,,,,,,,,,,,,,,
2024-10-23,ATO,136.77549743652344,True,2024-11-21,0.029300775586686034,0.05319982032546867,2024-11-21,0.14078999,0.021342581,0.04781097,0.03365401,65.35141,1,Stable,True,Utilities,-0.002350670697933747,-0.002441775657468127,20,lowvol,10,,,,,,,,,,,,,,
2024-10-23,PPL,31.351093292236328,True,2024-11-21,0.03633811730297769,0.06023716204176032,2024-11-21,0.14183271,0.01972979,0.01191202,-0.0012075561,54.702965,1,Stable,True,Utilities,-0.00011847279195588626,-0.0034358305607619434,20,lowvol,10,,,,,,,,,,,,,,
2024-10-23,EVRG,57.52053451538086,True,2024-11-21,0.03445582301883114,0.058354867757613775,2024-11-21,0.14271933,0.020169564,0.003400819,-0.009654137,60.101856,1,Stable,True,Utilities,-0.0007850064840116619,-0.0015094168631597097,20,lowvol,10,,,,,,,,,,,,,,
2024-10-23,JNPR,38.4574276359,True,2024-11-21,-0.11914930010187713,-0.0952502553630945,2024-11-21,0.07755076,0.0056611765,0.008236808,-0.0048461156,70.51282,1,Stable,True,Unknown,-0.0014097778090611578,-0.0020650673613344037,20,stable_lowvol,10,,,,,,,,,,,,,,
2024-10-23,CTLT,59.4,True,2024-11-21,-0.02120996910853063,0.002689075630252003,2024-11-21,0.09216542,-0.016653975,-0.0076845973,-0.020763462,27.1777,1,Stable,True,Unknown,-0.0013948374515893166,-0.0018571145977352768,20,stable_lowvol,10,,,,,,,,,,,,,,
2024-10-23,LIN,466.6145324707031,True,2024-11-21,-0.06476648264183288,-0.04086743790305025,2024-11-21,0.12379087,0.0019443717,0.00088030193,-0.012169272,59.83602,1,Stable,True,Materials,-0.001364742328435823,-0.0016425275315653143,20,stable_lowvol,10,,,,,,,,,,,,,,
2024-10-23,KDP,34.76732635498047,True,2024-11-21,-0.10117435827280591,-0.07727531353402328,2024-11-21,0.12716582,-0.0014964003,-0.01739506,-0.030597318,51.14501,1,Stable,True,Consumer Staples,6.152256449939929e-05,-0.0022862826316907173,20,stable_lowvol,10,,,,,,,,,,,,,,
2024-10-23,KO,64.69825744628906,True,2024-11-21,-0.0764992577374703,-0.05260021299868767,2024-11-21,0.12841894,-0.030879073,-0.048145477,-0.062392253,32.92517,1,Stable,True,Consumer Staples,-0.001142079930989239,-0.003166368804710343,20,stable_lowvol,10,,,,,,,,,,,,,,
2024-10-23,FE,40.826778411865234,True,2024-11-21,-0.056881662772143855,-0.03298261803336122,2024-11-21,0.12946062,0.017502336,0.010961368,-0.0021474592,60.814217,1,Stable,True,Utilities,-0.0014097778090611578,-0.002824466807743392,20,stable_lowvol,10,,,,,,,,,,,,,,
2024-10-23,ICE,161.55625915527344,True,2024-11-21,-0.07512741580639054,-0.05122837106760791,2024-11-21,0.13794872,0.013619458,0.034807306,0.021166047,55.285637,1,Stable,True,Financials,-0.0023056352173084125,-0.0049151531289593,20,stable_lowvol,10,,,,,,,,,,,,,,
2024-10-23,ATO,136.77549743652344,True,2024-11-21,0.029300775586686034,0.05319982032546867,2024-11-21,0.14078999,0.021342581,0.04781097,0.03365401,65.35141,1,Stable,True,Utilities,-0.002350670697933747,-0.002441775657468127,20,stable_lowvol,10,,,,,,,,,,,,,,
2024-10-23,PPL,31.351093292236328,True,2024-11-21,0.03633811730297769,0.06023716204176032,2024-11-21,0.14183271,0.01972979,0.01191202,-0.0012075561,54.702965,1,Stable,True,Utilities,-0.00011847279195588626,-0.0034358305607619434,20,stable_lowvol,10,,,,,,,,,,,,,,
2024-10-23,EVRG,57.52053451538086,True,2024-11-21,0.03445582301883114,0.058354867757613775,2024-11-21,0.14271933,0.020169564,0.003400819,-0.009654137,60.101856,1,Stable,True,Utilities,-0.0007850064840116619,-0.0015094168631597097,20,stable_lowvol,10,,,,,,,,,,,,,,
2024-10-23,HUM,252.3175048828125,True,2024-11-21,0.11969311476563699,0.14359215950441961,2024-11-21,0.39858064,-0.021299165,-0.16855815,-0.19764312,61.655388,1,Stable,True,Health Care,0.010526930384179761,0.012209898011115076,20,all_train,10,,,,,,,,,,,,,,
2024-10-23,CAG,25.74597930908203,True,2024-11-21,-0.0870330964680151,-0.06313405172923248,2024-11-21,0.22955205,-0.023832336,-0.08795284,-0.10511277,51.7858,1,Stable,True,Unknown,0.0058360055407645295,0.0039171757642805834,20,all_train,10,,,,,,,,,,,,,,
2024-10-23,CVS,53.20780563354492,True,2024-11-21,-0.0064364436142774865,0.017462601124505147,2024-11-21,0.29019502,-0.08895019,-0.020928647,-0.034199942,31.724468,1,Stable,True,Health Care,0.004230956954036003,-0.013809288709441382,20,all_train,10,,,,,,,,,,,,,,
2024-10-23,UHS,232.41937255859375,True,2024-11-21,-0.14430326612485872,-0.1204042213860761,2024-11-21,0.28448677,0.04130581,-0.02934838,-0.042836845,74.24046,1,Stable,True,Health Care,0.0038231724162121135,-0.006261870121605216,20,all_train,10,,,,,,,,,,,,,,
2024-10-23,BAX,35.6031494140625,True,2024-11-21,-0.12572305189476404,-0.1018240071559814,2024-11-21,0.27191004,-0.011157318,-0.048774168,-0.06305297,60.451153,1,Stable,True,Health Care,0.0033953160327906714,0.0011476239127105612,20,all_train,10,,,,,,,,,,,,,,
2024-10-23,CI,306.3997802734375,True,2024-11-21,0.013274124623512781,0.037173169362295415,2024-11-21,0.22015832,-0.07213264,-0.08969203,-0.10702149,33.028286,1,Stable,True,Health Care,0.0033881084984844147,0.0012568761515079354,20,all_train,10,,,,,,,,,,,,,,
2024-10-23,CPB,42.78291320800781,True,2024-11-21,-0.07774041216223898,-0.053841367423456354,2024-11-21,0.20397384,-0.019341957,-0.04372859,-0.057762694,46.58387,1,Stable,True,Unknown,0.0031256920785302654,-0.0003714330016389948,20,all_train,10,,,,,,,,,,,,,,
2024-10-23,MKC,75.5324478149414,True,2024-11-21,-0.034308955919536706,-0.010409911180754072,2024-11-21,0.18656254,-0.015405193,-0.043107476,-0.057113383,43.349007,1,Stable,True,Consumer Staples,0.002686982141935138,-0.0008492519032471199,20,all_train,10,,,,,,,,,,,,,,
2024-10-23,CCI,101.1301498413086,True,2024-11-21,-0.08625888323797076,-0.06235983849918813,2024-11-21,0.21615036,-0.021820806,-0.05199148,-0.06644098,40.96139,1,Stable,True,Real Estate,0.002518086769843758,-0.0030984443987400983,20,all_train,10,,,,,,,,,,,,,,
2024-10-23,SHW,356.31427001953125,True,2024-11-21,0.03815158994964844,0.062050634688431076,2024-11-21,0.22306821,-0.0419998,-0.048428748,-0.06268989,41.533363,1,Stable,True,Materials,0.00238419478261593,-0.0016161053580664342,20,all_train,10,,,,,,,,,,,,,,
2024-10-23,ELV,401.8682556152344,True,2024-11-21,-0.06074509994698136,-0.036846055208198725,2024-11-21,0.28486234,-0.13990371,-0.20163679,-0.23824084,22.54893,1,Stable,True,Health Care,0.0007763002504361077,0.014707296413428586,20,stable_train,10,,,,,,,,,,,,,,
2024-10-23,HUM,252.3175048828125,True,2024-11-21,0.11969311476563699,0.14359215950441961,2024-11-21,0.39858064,-0.021299165,-0.16855815,-0.19764312,61.655388,1,Stable,True,Health Care,0.010526930384179761,0.012209898011115076,20,stable_train,10,,,,,,,,,,,,,,
2024-10-23,ERIE,449.2667541503906,True,2024-11-21,-0.09649344228438866,-0.07259439754560604,2024-11-21,0.26784843,-0.10499941,-0.13744904,-0.16091023,19.732157,1,Stable,True,Financials,0.0013652055542886857,0.011110823742214606,20,stable_train,10,,,,,,,,,,,,,,
2024-10-23,AMT,212.50144958496094,True,2024-11-21,-0.1262315780089087,-0.10233253327012605,2024-11-21,0.23233289,0.005515638,-0.0327366,-0.046333615,48.31272,1,Stable,True,Real Estate,0.0019292987226338905,0.004811454826550497,20,stable_train,10,,,,,,,,,,,,,,
2024-10-23,TJX,111.43739318847656,True,2024-11-21,0.02813206532510975,0.05203111006389238,2024-11-21,0.18668027,-0.011723919,-0.033099044,-0.0467084,47.158386,1,Stable,True,Consumer Discretionary,0.0016468771957205929,0.004422643623291285,20,stable_train,10,,,,,,,,,,,,,,
2024-10-23,CPT,112.86361694335938,True,2024-11-21,-0.01027216966124473,0.013626875077537903,2024-11-21,0.18624069,0.00016391568,-0.035805512,-0.04951144,49.444824,1,Stable,True,Real Estate,0.0019292987226338905,0.004247309715220734,20,stable_train,10,,,,,,,,,,,,,,
2024-10-23,PLD,113.91598510742188,True,2024-11-21,-0.07722581305124182,-0.053326768312459194,2024-11-21,0.23651609,-0.009025623,-0.03636666,-0.0500936,47.624657,1,Stable,True,Real Estate,0.0019292987226338905,0.004179711125971322,20,stable_train,10,,,,,,,,,,,,,,
2024-10-23,CAG,25.74597930908203,True,2024-11-21,-0.0870330964680151,-0.06313405172923248,2024-11-21,0.22955205,-0.023832336,-0.08795284,-0.10511277,51.7858,1,Stable,True,Unknown,0.0058360055407645295,0.0039171757642805834,20,stable_train,10,,,,,,,,,,,,,,
2024-10-23,BIIB,182.97999572753906,True,2024-11-21,-0.16449518320121354,-0.1405961384624309,2024-11-21,0.25804248,-0.02820894,-0.032210354,-0.045789707,46.710518,1,Stable,True,Health Care,0.0013440898364013845,0.003429572984763257,20,stable_train,10,,,,,,,,,,,,,,
2024-10-23,CL,94.91761779785156,True,2024-11-21,-0.07894210397501528,-0.05504305923623265,2024-11-21,0.14769334,-0.01406757,-0.04120707,-0.055129338,47.83974,1,Stable,True,Consumer Staples,0.0016468771957205929,0.0015411632061063697,20,stable_train,10,,,,,,,,,,,,,,
2024-11-20,CTLT,59.0,True,2024-12-20,,,2024-12-20,0.09601981,-0.0011343051,-0.0067340066,-0.027191935,55.376343,1,Stable,True,Unknown,-0.00024365761279849515,-0.00023551157957347956,20,lowvol,10,,,,,,,,,,,,,,
2024-11-20,JNPR,35.0112808143,True,2024-12-20,0.06058079117794833,0.05757848193140668,2024-12-20,0.113591,-0.067822084,-0.08960939,-0.11431669,19.20152,1,Stable,True,Unknown,0.0011888917176557715,-0.0025237398690347987,20,lowvol,10,,,,,,,,,,,,,,
2024-11-20,FE,38.88175582885742,True,2024-12-20,-0.054106663835657334,-0.05710897308219898,2024-12-20,0.1256903,-0.0004530148,-0.047640853,-0.069248214,54.659073,1,Stable,True,Utilities,0.002804158068724302,0.0023947678516605527,20,lowvol,10,,,,,,,,,,,,,,
2024-11-20,ATO,140.7035675048828,True,2024-12-20,-0.061920827831689854,-0.0649231370782315,2024-12-20,0.13227262,0.032423653,0.028719107,0.007879289,76.37508,1,Stable,True,Utilities,-0.0004291857587268965,-0.001448373688310881,20,lowvol,10,,,,,,,,,,,,,,
2024-11-20,LIN,439.9427185058594,True,2024-12-20,-0.061763877394098624,-0.06476618664064027,2024-12-20,0.13641089,-0.021451881,-0.057160273,-0.07929412,43.317677,1,Stable,True,Materials,0.003205792898355135,0.0005195890165121392,20,lowvol,10,,,,,,,,,,,,,,
2024-11-20,KO,59.922706604003906,True,2024-12-20,-0.008534631769163479,-0.011536941015705125,2024-12-20,0.13723966,-0.020175155,-0.07381266,-0.097113915,30.858149,1,Stable,True,Consumer Staples,0.0023972740105843255,-0.0012096553729531278,20,lowvol,10,,,,,,,,,,,,,,
2024-11-20,EVRG,59.75786209106445,True,2024-12-20,-0.0454797006000478,-0.04848200984658945,2024-12-20,0.13779503,0.039642803,0.038896155,0.017723605,76.44674,1,Stable,True,Utilities,-0.001069094614921693,-0.0017352886263786952,20,lowvol,10,,,,,,,,,,,,,,
2024-11-20,PPL,32.42987823486328,True,2024-12-20,-0.05913887074317982,-0.06214117998972147,2024-12-20,0.14905442,0.040692326,0.034409802,0.013395872,66.41071,1,Stable,True,Utilities,-0.0004291857587268965,-0.0012777525372113072,20,lowvol,10,,,,,,,,,,,,,,
2024-11-20,NI,35.5641975402832,True,2024-12-20,-0.04138350020719141,-0.04438580945373305,2024-12-20,0.14908276,0.048589785,0.06438709,0.04196398,71.65984,1,Stable,True,Utilities,-0.0018237878585670192,-0.0004345253509754076,20,lowvol,10,,,,,,,,,,,,,,
2024-11-20,CME,211.09677124023438,True,2024-12-20,0.06091839342511007,0.057916084178568424,2024-12-20,0.14918806,0.009137574,0.0037861725,-0.01665613,54.71423,1,Stable,True,Financials,-0.0012727741736006189,-0.0007659415535270988,20,lowvol,10,,,,,,,,,,,,,,
2024-11-20,CTLT,59.0,True,2024-12-20,,,2024-12-20,0.09601981,-0.0011343051,-0.0067340066,-0.027191935,55.376343,1,Stable,True,Unknown,-0.00024365761279849515,-0.00023551157957347956,20,stable_lowvol,10,,,,,,,,,,,,,,
2024-11-20,JNPR,35.0112808143,True,2024-12-20,0.06058079117794833,0.05757848193140668,2024-12-20,0.113591,-0.067822084,-0.08960939,-0.11431669,19.20152,1,Stable,True,Unknown,0.0011888917176557715,-0.0025237398690347987,20,stable_lowvol,10,,,,,,,,,,,,,,
2024-11-20,FE,38.88175582885742,True,2024-12-20,-0.054106663835657334,-0.05710897308219898,2024-12-20,0.1256903,-0.0004530148,-0.047640853,-0.069248214,54.659073,1,Stable,True,Utilities,0.002804158068724302,0.0023947678516605527,20,stable_lowvol,10,,,,,,,,,,,,,,
2024-11-20,ATO,140.7035675048828,True,2024-12-20,-0.061920827831689854,-0.0649231370782315,2024-12-20,0.13227262,0.032423653,0.028719107,0.007879289,76.37508,1,Stable,True,Utilities,-0.0004291857587268965,-0.001448373688310881,20,stable_lowvol,10,,,,,,,,,,,,,,
2024-11-20,LIN,439.9427185058594,True,2024-12-20,-0.061763877394098624,-0.06476618664064027,2024-12-20,0.13641089,-0.021451881,-0.057160273,-0.07929412,43.317677,1,Stable,True,Materials,0.003205792898355135,0.0005195890165121392,20,stable_lowvol,10,,,,,,,,,,,,,,
2024-11-20,KO,59.922706604003906,True,2024-12-20,-0.008534631769163479,-0.011536941015705125,2024-12-20,0.13723966,-0.020175155,-0.07381266,-0.097113915,30.858149,1,Stable,True,Consumer Staples,0.0023972740105843255,-0.0012096553729531278,20,stable_lowvol,10,,,,,,,,,,,,,,
2024-11-20,EVRG,59.75786209106445,True,2024-12-20,-0.0454797006000478,-0.04848200984658945,2024-12-20,0.13779503,0.039642803,0.038896155,0.017723605,76.44674,1,Stable,True,Utilities,-0.001069094614921693,-0.0017352886263786952,20,stable_lowvol,10,,,,,,,,,,,,,,
2024-11-20,PPL,32.42987823486328,True,2024-12-20,-0.05913887074317982,-0.06214117998972147,2024-12-20,0.14905442,0.040692326,0.034409802,0.013395872,66.41071,1,Stable,True,Utilities,-0.0004291857587268965,-0.0012777525372113072,20,stable_lowvol,10,,,,,,,,,,,,,,
2024-11-20,NI,35.5641975402832,True,2024-12-20,-0.04138350020719141,-0.04438580945373305,2024-12-20,0.14908276,0.048589785,0.06438709,0.04196398,71.65984,1,Stable,True,Utilities,-0.0018237878585670192,-0.0004345253509754076,20,stable_lowvol,10,,,,,,,,,,,,,,
2024-11-20,CME,211.09677124023438,True,2024-12-20,0.06091839342511007,0.057916084178568424,2024-12-20,0.14918806,0.009137574,0.0037861725,-0.01665613,54.71423,1,Stable,True,Financials,-0.0012727741736006189,-0.0007659415535270988,20,stable_lowvol,10,,,,,,,,,,,,,,
2024-11-20,UHS,196.0517578125,True,2024-12-20,-0.08464835336047218,-0.08765066260701382,2024-12-20,0.3244675,-0.038101815,-0.15647411,-0.19059984,40.881065,1,Stable,True,Health Care,0.018873316536824333,0.01266669882347034,20,all_train,10,,,,,,,,,,,,,,
2024-11-20,INCY,71.05000305175781,True,2024-12-20,-0.01901790761946044,-0.022020216866002085,2024-12-20,0.33936232,-0.05784846,0.090225644,0.06594953,43.987465,1,Stable,True,Health Care,0.008235920644548566,0.013520053879310531,20,all_train,10,,,,,,,,,,,,,,
2024-11-20,KDP,30.35272789001465,True,2024-12-20,0.007034494033476325,0.004032184786934678,2024-12-20,0.17204307,-0.02766189,-0.12697549,-0.15622681,40.13014,1,Stable,True,Consumer Staples,0.0064787885316652674,-0.00021215488819628338,20,all_train,10,,,,,,,,,,,,,,
2024-11-20,DVA,161.39999389648438,True,2024-12-20,-0.07187275674488593,-0.07487506599142757,2024-12-20,0.2994047,0.0563691,-0.00847773,-0.028949024,79.104904,1,Stable,True,Health Care,0.005918846896962757,-0.00976291629887234,20,all_train,10,,,,,,,,,,,,,,
2024-11-20,DUK,106.96984100341797,True,2024-12-20,-0.05428490826244027,-0.057287217508981914,2024-12-20,0.16605681,0.008171874,-0.04765582,-0.06926393,48.619938,1,Stable,True,Utilities,0.005726577865707893,0.002123885006702336,20,all_train,10,,,,,,,,,,,,,,
2024-11-20,TSCO,51.87946319580078,True,2024-12-20,-0.007863387709207257,-0.010865696955748903,2024-12-20,0.2739936,-0.020170027,-0.07562734,-0.09907514,54.946,1,Stable,True,Consumer Discretionary,0.005454734540972319,0.002297339824507127,20,all_train,10,,,,,,,,,,,,,,
2024-11-20,BALL,58.912498474121094,True,2024-12-20,-0.07672631286630428,-0.07972862211284593,2024-12-20,0.2346418,-0.014644934,-0.077275656,-0.100859895,57.85233,1,Stable,True,Materials,0.005454734540972319,0.0007159100681744441,20,all_train,10,,,,,,,,,,,,,,
2024-11-20,ALLE,136.78370666503906,True,2024-12-20,-0.058995102197944696,-0.06199741144448634,2024-12-20,0.21160227,-0.0110331075,-0.07576566,-0.099224776,49.216274,1,Stable,True,Industrials,0.005454734540972319,0.0040119144568973,20,all_train,10,,,,,,,,,,,,,,
2024-11-20,NEE,73.02166748046875,True,2024-12-20,-0.06434105068222064,-0.06734335992876228,2024-12-20,0.27993375,-0.009201759,-0.095103644,-0.120370016,42.37945,1,Stable,True,Utilities,0.005327521127817474,0.002308863811004084,20,all_train,10,,,,,,,,,,,,,,
2024-11-20,DHI,159.78384399414062,True,2024-12-20,-0.1344620615609501,-0.13746437080749177,2024-12-20,0.3392703,-0.029192634,-0.09306916,-0.11812423,40.69268,1,Stable,True,Consumer Discretionary,0.0051250659948797565,0.0001256213567886784,20,all_train,10,,,,,,,,,,,,,,
2024-11-20,BF-B,38.22038650512695,True,2024-12-20,0.02260255052286263,0.019600241276320984,2024-12-20,0.23695363,-0.06499758,-0.17401093,-0.21160889,17.452095,1,Stable,True,Consumer Staples,0.001757100294136269,0.01898990838666099,20,stable_train,10,,,,,,,,,,,,,,
2024-11-20,HCA,328.6732177734375,True,2024-12-20,-0.08120278609533683,-0.08420509534187848,2024-12-20,0.27184147,-0.06138889,-0.18786435,-0.22852305,30.762327,1,Stable,True,Health Care,0.002901925121275478,0.015613652051000619,20,stable_train,10,,,,,,,,,,,,,,
2024-11-20,INCY,71.05000305175781,True,2024-12-20,-0.01901790761946044,-0.022020216866002085,2024-12-20,0.33936232,-0.05784846,0.090225644,0.06594953,43.987465,1,Stable,True,Health Care,0.008235920644548566,0.013520053879310531,20,stable_train,10,,,,,,,,,,,,,,
2024-11-20,IFF,85.44576263427734,True,2024-12-20,-0.03753083220445254,-0.04053314145099418,2024-12-20,0.26476383,-0.057995263,-0.14535831,-0.17750812,30.220358,1,Stable,True,Materials,0.0018868508660357553,0.013121383712583834,20,stable_train,10,,,,,,,,,,,,,,
2024-11-20,UHS,196.0517578125,True,2024-12-20,-0.08464835336047218,-0.08765066260701382,2024-12-20,0.3244675,-0.038101815,-0.15647411,-0.19059984,40.881065,1,Stable,True,Health Care,0.018873316536824333,0.01266669882347034,20,stable_train,10,,,,,,,,,,,,,,
2024-11-20,KHC,27.79298210144043,True,2024-12-20,-0.0028778781020375567,-0.005880187348579203,2024-12-20,0.18877104,-0.062296003,-0.13014092,-0.15985921,18.689327,1,Stable,True,Consumer Staples,-0.001289978890868421,0.00933047293782479,20,stable_train,10,,,,,,,,,,,,,,
2024-11-20,ARE,93.93339538574219,True,2024-12-20,-0.060459788819222995,-0.06346209806576464,2024-12-20,0.24050698,-0.057629995,-0.13002509,-0.15972607,28.192732,1,Stable,True,Real Estate,0.0017851402117024183,0.009265956072975387,20,stable_train,10,,,,,,,,,,,,,,
2024-11-20,DOW,39.36231994628906,True,2024-12-20,-0.09147939516521986,-0.0944817044117615,2024-12-20,0.21776557,-0.06956554,-0.14682466,-0.17922536,17.443275,1,Stable,True,Materials,-0.0010967126173968209,0.008688095498203185,20,stable_train,10,,,,,,,,,,,,,,
2024-11-20,ALLE,136.78370666503906,True,2024-12-20,-0.058995102197944696,-0.06199741144448634,2024-12-20,0.21160227,-0.0110331075,-0.07576566,-0.099224776,49.216274,1,Stable,True,Industrials,0.005454734540972319,0.0040119144568973,20,stable_train,10,,,,,,,,,,,,,,
2024-11-20,AWK,131.84881591796875,True,2024-12-20,-0.08972771942231685,-0.09273002866885849,2024-12-20,0.18961748,0.019382179,-0.024224754,-0.044958156,51.288864,1,Stable,True,Utilities,0.004509527817135722,0.0038826364036188003,20,stable_train,10,,,,,,,,,,,,,,
2024-12-19,JNPR,36.5512698713,True,2025-01-23,0.014780392172928591,0.04645542427432937,2025-01-23,0.12393145,0.012759581,0.043985512,0.051536664,66.50575,1,Stable,True,Unknown,-0.00278589305601662,-0.005314482360760285,20,lowvol,10,,,,,,,,,,,,,,
2024-12-19,FE,36.487159729003906,True,2025-01-23,-0.05102665588181499,-0.019351623780414218,2025-01-23,0.13174501,-0.04501796,-0.061586626,-0.055073675,7.0883,1,Stable,True,Utilities,-0.0030646918271260634,-0.005106598925521032,20,lowvol,10,,,,,,,,,,,,,,
2024-12-19,EVRG,56.78225326538086,True,2025-01-23,-0.005140669194539042,0.026534362906861734,2025-01-23,0.13917093,-0.03867227,-0.04979443,-0.04258588,4.0360146,1,Stable,True,Utilities,-0.004055533657453894,-0.004126193789136767,20,lowvol,10,,,,,,,,,,,,,,
2024-12-19,LIN,411.3285827636719,True,2025-01-23,0.007258766596386801,0.038933798697787576,2025-01-23,0.14232461,-0.05794098,-0.065040596,-0.058761116,12.004818,1,Stable,True,Materials,-0.0015487932452065828,-0.005106598925521032,20,lowvol,10,,,,,,,,,,,,,,
2024-12-19,KO,59.85960006713867,True,2025-01-23,-0.04798187515501929,-0.016306843053618514,2025-01-23,0.14323458,-0.011783693,-0.0010531322,0.007437365,39.696613,1,Stable,True,Consumer Staples,-0.000829188983844339,-0.00515801422127123,20,lowvol,10,,,,,,,,,,,,,,
2024-12-19,ATO,132.63198852539062,True,2025-01-23,-0.03260577128853171,-0.0009307391871309357,2025-01-23,0.15098205,-0.04340927,-0.057365846,-0.050585978,15.856688,1,Stable,True,Utilities,-0.0035526745795407366,-0.00569622096442804,20,lowvol,10,,,,,,,,,,,,,,
2024-12-19,NI,34.200748443603516,True,2025-01-23,0.00786059993146293,0.039535632032863706,2025-01-23,0.15099609,-0.03186186,-0.03833769,-0.030600864,21.391693,1,Stable,True,Utilities,-0.0023847535582290583,-0.00464427163548121,20,lowvol,10,,,,,,,,,,,,,,
2024-12-19,CMS,62.34111022949219,True,2025-01-23,-0.042934406506363494,-0.011259374404962719,2025-01-23,0.15238866,-0.032642353,-0.040279903,-0.03262255,20.121191,1,Stable,True,Utilities,-0.0025296179728653253,-0.004390819549972998,20,lowvol,10,,,,,,,,,,,,,,
2024-12-19,ADP,280.5487060546875,True,2025-01-23,-0.025621186971492634,0.006053845129908143,2025-01-23,0.15415391,-0.028971296,-0.019258885,-0.010955701,29.720142,1,Stable,True,Industrials,-0.0023007859656034957,-0.003732284478779265,20,lowvol,10,,,,,,,,,,,,,,
2024-12-19,WEC,87.9094467163086,True,2025-01-23,-0.0019396155648121506,0.029735416536588625,2025-01-23,0.15468143,-0.046294592,-0.060541958,-0.05396107,8.163214,1,Stable,True,Utilities,-0.0022062280879917287,-0.005106598925521032,20,lowvol,10,,,,,,,,,,,,,,
2024-12-19,JNPR,36.5512698713,True,2025-01-23,0.014780392172928591,0.04645542427432937,2025-01-23,0.12393145,0.012759581,0.043985512,0.051536664,66.50575,1,Stable,True,Unknown,-0.00278589305601662,-0.005314482360760285,20,stable_lowvol,10,,,,,,,,,,,,,,
2024-12-19,FE,36.487159729003906,True,2025-01-23,-0.05102665588181499,-0.019351623780414218,2025-01-23,0.13174501,-0.04501796,-0.061586626,-0.055073675,7.0883,1,Stable,True,Utilities,-0.0030646918271260634,-0.005106598925521032,20,stable_lowvol,10,,,,,,,,,,,,,,
2024-12-19,EVRG,56.78225326538086,True,2025-01-23,-0.005140669194539042,0.026534362906861734,2025-01-23,0.13917093,-0.03867227,-0.04979443,-0.04258588,4.0360146,1,Stable,True,Utilities,-0.004055533657453894,-0.004126193789136767,20,stable_lowvol,10,,,,,,,,,,,,,,
2024-12-19,LIN,411.3285827636719,True,2025-01-23,0.007258766596386801,0.038933798697787576,2025-01-23,0.14232461,-0.05794098,-0.065040596,-0.058761116,12.004818,1,Stable,True,Materials,-0.0015487932452065828,-0.005106598925521032,20,stable_lowvol,10,,,,,,,,,,,,,,
2024-12-19,KO,59.85960006713867,True,2025-01-23,-0.04798187515501929,-0.016306843053618514,2025-01-23,0.14323458,-0.011783693,-0.0010531322,0.007437365,39.696613,1,Stable,True,Consumer Staples,-0.000829188983844339,-0.00515801422127123,20,stable_lowvol,10,,,,,,,,,,,,,,
2024-12-19,ATO,132.63198852539062,True,2025-01-23,-0.03260577128853171,-0.0009307391871309357,2025-01-23,0.15098205,-0.04340927,-0.057365846,-0.050585978,15.856688,1,Stable,True,Utilities,-0.0035526745795407366,-0.00569622096442804,20,stable_lowvol,10,,,,,,,,,,,,,,
2024-12-19,NI,34.200748443603516,True,2025-01-23,0.00786059993146293,0.039535632032863706,2025-01-23,0.15099609,-0.03186186,-0.03833769,-0.030600864,21.391693,1,Stable,True,Utilities,-0.0023847535582290583,-0.00464427163548121,20,stable_lowvol,10,,,,,,,,,,,,,,
2024-12-19,CMS,62.34111022949219,True,2025-01-23,-0.042934406506363494,-0.011259374404962719,2025-01-23,0.15238866,-0.032642353,-0.040279903,-0.03262255,20.121191,1,Stable,True,Utilities,-0.0025296179728653253,-0.004390819549972998,20,stable_lowvol,10,,,,,,,,,,,,,,
2024-12-19,ADP,280.5487060546875,True,2025-01-23,-0.025621186971492634,0.006053845129908143,2025-01-23,0.15415391,-0.028971296,-0.019258885,-0.010955701,29.720142,1,Stable,True,Industrials,-0.0023007859656034957,-0.003732284478779265,20,stable_lowvol,10,,,,,,,,,,,,,,
2024-12-19,WEC,87.9094467163086,True,2025-01-23,-0.0019396155648121506,0.029735416536588625,2025-01-23,0.15468143,-0.046294592,-0.060541958,-0.05396107,8.163214,1,Stable,True,Utilities,-0.0022062280879917287,-0.005106598925521032,20,stable_lowvol,10,,,,,,,,,,,,,,
2024-12-19,CPRT,58.45000076293945,True,2025-01-23,-0.042152541506444326,-0.010477509405043548,2025-01-23,0.2676515,-0.0524285,0.054673452,0.061722245,23.611132,1,Stable,True,Industrials,0.008633769962981626,0.001137795956766858,20,all_train,10,,,,,,,,,,,,,,
2024-12-19,WAT,360.6300048828125,True,2025-01-23,0.08957655331478453,0.1212515854161853,2025-01-23,0.37903908,-0.051985305,0.007994007,0.016453277,29.691484,1,Stable,True,Health Care,0.008337929068550545,-0.00489422818098385,20,all_train,10,,,,,,,,,,,,,,
2024-12-19,TROW,104.45137023925781,True,2025-01-23,-0.05527137424448903,-0.023596342143088256,2025-01-23,0.23568039,-0.060329184,-0.028760243,-0.020690871,13.705755,1,Stable,True,Financials,0.00781273392623514,-0.0004460630208759198,20,all_train,10,,,,,,,,,,,,,,
2024-12-19,PTC,187.1300048828125,True,2025-01-23,-0.023731725359640306,0.00794330674176047,2025-01-23,0.24076289,-0.055995535,-0.0072678784,0.0011966339,25.631374,1,Stable,True,Information Technology,0.00738696103111539,0.000933806395576058,20,all_train,10,,,,,,,,,,,,,,
2024-12-19,FTV,54.83194351196289,True,2025-01-23,0.0460954111880043,0.07777044328940508,2025-01-23,0.2433628,-0.05797837,-0.032160267,-0.02419772,8.230483,1,Stable,True,Industrials,0.0072599658420427786,-0.0004460630208759198,20,all_train,10,,,,,,,,,,,,,,
2024-12-19,TSCO,50.93122863769531,True,2025-01-23,0.03249423866813194,0.06416927076953272,2025-01-23,0.25703663,-0.059826177,-0.018277647,-0.009955696,26.060537,1,Stable,True,Consumer Discretionary,0.0070327714591817275,0.0001334468190913313,20,all_train,10,,,,,,,,,,,,,,
2024-12-19,HD,370.38153076171875,True,2025-01-23,0.023826918874555902,0.05550195097595668,2025-01-23,0.20905451,-0.0811883,-0.03238125,-0.024426071,15.360493,1,Stable,True,Consumer Discretionary,0.006564609330508173,-0.0040819383113555145,20,all_train,10,,,,,,,,,,,,,,
2024-12-19,DPZ,416.2360534667969,True,2025-01-23,0.018960914250805802,0.05063594635220658,2025-01-23,0.33135158,-0.06297835,-0.022635797,-0.014404868,19.731358,1,Stable,True,Consumer Discretionary,0.006371133939135223,0.0016204081447621524,20,all_train,10,,,,,,,,,,,,,,
2024-12-19,MCO,455.55194091796875,True,2025-01-23,0.010718063164478528,0.0423930952658793,2025-01-23,0.20018174,-0.05674552,-0.024603665,-0.01642034,22.339062,1,Stable,True,Financials,0.006371133939135223,-0.001395206676380715,20,all_train,10,,,,,,,,,,,,,,
2024-12-19,PCAR,100.99746704101562,True,2025-01-23,0.013330792250537009,0.045005824351937784,2025-01-23,0.30686155,-0.06124484,-0.022547519,-0.014314549,20.871672,1,Stable,True,Industrials,0.006371133939135223,0.0016204081447621524,20,all_train,10,,,,,,,,,,,,,,
2024-12-19,VLO,113.6168212890625,True,2025-01-23,0.15484995441321492,0.1865249865146157,2025-01-23,0.31279263,-0.107514076,-0.15771961,-0.16315126,16.716188,1,Stable,True,Energy,0.0016843769376236532,0.02481246963331416,20,stable_train,10,,,,,,,,,,,,,,
2024-12-19,MPC,127.31219482421875,True,2025-01-23,0.12524507861677447,0.15692011071817524,2025-01-23,0.31163952,-0.12174788,-0.17398681,-0.18265349,14.595411,1,Stable,True,Energy,0.0026751193748497186,0.02481246963331416,20,stable_train,10,,,,,,,,,,,,,,
2024-12-19,FANG,146.33486938476562,True,2025-01-23,0.10831473921595158,0.13998977131735235,2025-01-23,0.31863356,-0.096279256,-0.15650822,-0.16171408,14.582663,1,Stable,True,Energy,0.0030215895922647913,0.02481246963331416,20,stable_train,10,,,,,,,,,,,,,,
2024-12-19,CTAS,179.93234252929688,True,2025-01-23,0.02641836919011653,0.058093401291517306,2025-01-23,0.26627097,-0.15352659,-0.16438855,-0.1711005,9.918047,1,Stable,True,Industrials,-0.004842367369165523,0.020113002593358693,20,stable_train,10,,,,,,,,,,,,,,
2024-12-19,NDSN,203.948974609375,True,2025-01-23,0.01877687654657477,0.050451908647975545,2025-01-23,0.24634849,-0.15183312,-0.17271154,-0.18111078,1.9035108,1,Stable,True,Industrials,-0.004842367369165523,0.020113002593358693,20,stable_train,10,,,,,,,,,,,,,,
2024-12-19,FMC,44.42782974243164,True,2025-01-23,0.09123901037145263,0.1229140424728534,2025-01-23,0.36737815,-0.15171921,-0.16328667,-0.16978271,13.3246565,1,Stable,True,Unknown,-0.004675470658072924,0.020113002593358693,20,stable_train,10,,,,,,,,,,,,,,
2024-12-19,CVS,41.025665283203125,True,2025-01-23,0.1969995220992493,0.22867455420065008,2025-01-23,0.38468856,-0.192333,-0.22963235,-0.25239637,10.477042,1,Stable,True,Health Care,-0.019446731407935795,0.01628365672437954,20,stable_train,10,,,,,,,,,,,,,,
2024-12-19,LEN,129.68043518066406,True,2025-01-23,-0.025382964639908197,0.006292067461492579,2025-01-23,0.32410356,-0.15198427,-0.17731673,-0.18669294,6.4602013,1,Stable,True,Consumer Discretionary,-0.0027372282496376968,0.01593593136517025,20,stable_train,10,,,,,,,,,,,,,,
2024-12-19,PSX,104.17767333984375,True,2025-01-23,0.07931523153289399,0.11099026363429476,2025-01-23,0.281845,-0.13165966,-0.16051732,-0.16647838,12.288572,1,Stable,True,Energy,0.0020830966295332866,0.015747579953537264,20,stable_train,10,,,,,,,,,,,,,,
2024-12-19,DHI,134.4331512451172,True,2025-01-23,0.008651533851409703,0.04032656595281048,2025-01-23,0.35133642,-0.13281119,-0.15865617,-0.16426381,6.7234077,1,Stable,True,Consumer Discretionary,0.005535332763558602,0.015747579953537264,20,stable_train,10,,,,,,,,,,,,,,
2025-01-22,JNPR,38.3195610353,True,2025-02-21,-0.059213796489859076,-0.07646907877914155,2025-02-21,0.119531296,0.019207021,0.04837838,0.010549784,81.858406,1,Stable,True,Unknown,-0.0012113575410374062,7.069939088362421e-05,20,lowvol,10,,,,,,,,,,,,,,
2025-01-22,KO,59.217384338378906,True,2025-02-21,0.17685202928582203,0.15959674699653956,2025-02-21,0.14078185,-0.0033234116,-0.010728701,-0.047481455,48.02526,1,Stable,True,Consumer Staples,0.0012596908197498992,0.003432814876287839,20,lowvol,10,,,,,,,,,,,,,,
2025-01-22,FE,36.72941589355469,True,2025-02-21,0.11265921759432893,0.09540393530504644,2025-02-21,0.1413821,-0.005073143,0.006639491,-0.03007724,47.91668,1,Stable,True,Utilities,-0.000714091618589005,-0.0017158378043835424,20,lowvol,10,,,,,,,,,,,,,,
2025-01-22,EVRG,58.97736740112305,True,2025-02-21,0.09654476996182143,0.07928948767253896,2025-02-21,0.1424186,0.020691354,0.038658455,0.0012351471,58.846603,1,Stable,True,Utilities,-0.0011537566903511768,-0.000606879238811671,20,lowvol,10,,,,,,,,,,,,,,
2025-01-22,LIN,433.8855285644531,True,2025-02-21,0.05620469038010951,0.03894940809082703,2025-02-21,0.14546826,0.04436298,0.05483924,0.016693588,75.882095,1,Stable,True,Materials,-0.0007392000225878739,-0.00038680780145838113,20,lowvol,10,,,,,,,,,,,,,,
2025-01-22,JNJ,138.72398376464844,True,2025-02-21,0.13290695723157406,0.11565167494229157,2025-02-21,0.14823987,0.0022008885,0.011770434,-0.024993084,54.881233,1,Stable,True,Health Care,-0.0003481057655839598,-0.001158007878940363,20,lowvol,10,,,,,,,,,,,,,,
2025-01-22,CMS,63.13743591308594,True,2025-02-21,0.1112475904426436,0.09399230815336113,2025-02-21,0.15205313,0.00059349387,0.012773684,-0.024001997,49.82577,1,Stable,True,Utilities,-0.0005249563032325926,-0.0017158378043835424,20,lowvol,10,,,,,,,,,,,,,,
2025-01-22,RSG,209.06248474121094,True,2025-02-21,0.10487955007427704,0.08762426778499456,2025-02-21,0.152162,0.033760257,0.044836286,0.0071654255,79.98991,1,Stable,True,Industrials,-0.0006887582284315165,0.0003216598610993991,20,lowvol,10,,,,,,,,,,,,,,
2025-01-22,ADP,285.3925476074219,True,2025-02-21,0.06783020821657343,0.05057492592729096,2025-02-21,0.15526709,0.011203458,0.0172656,-0.019576542,55.150364,1,Stable,True,Industrials,0.0005224423375065376,0.00018994395303276876,20,lowvol,10,,,,,,,,,,,,,,
2025-01-22,ITW,249.6946258544922,True,2025-02-21,0.03410803767064269,0.016852755381360215,2025-02-21,0.15538763,0.02157741,0.009935442,-0.026808375,59.035786,1,Stable,True,Industrials,0.0005510398610064045,-0.001158007878940363,20,lowvol,10,,,,,,,,,,,,,,
2025-01-22,JNPR,38.3195610353,True,2025-02-21,-0.059213796489859076,-0.07646907877914155,2025-02-21,0.119531296,0.019207021,0.04837838,0.010549784,81.858406,1,Stable,True,Unknown,-0.0012113575410374062,7.069939088362421e-05,20,stable_lowvol,10,,,,,,,,,,,,,,
2025-01-22,KO,59.217384338378906,True,2025-02-21,0.17685202928582203,0.15959674699653956,2025-02-21,0.14078185,-0.0033234116,-0.010728701,-0.047481455,48.02526,1,Stable,True,Consumer Staples,0.0012596908197498992,0.003432814876287839,20,stable_lowvol,10,,,,,,,,,,,,,,
2025-01-22,FE,36.72941589355469,True,2025-02-21,0.11265921759432893,0.09540393530504644,2025-02-21,0.1413821,-0.005073143,0.006639491,-0.03007724,47.91668,1,Stable,True,Utilities,-0.000714091618589005,-0.0017158378043835424,20,stable_lowvol,10,,,,,,,,,,,,,,
2025-01-22,EVRG,58.97736740112305,True,2025-02-21,0.09654476996182143,0.07928948767253896,2025-02-21,0.1424186,0.020691354,0.038658455,0.0012351471,58.846603,1,Stable,True,Utilities,-0.0011537566903511768,-0.000606879238811671,20,stable_lowvol,10,,,,,,,,,,,,,,
2025-01-22,LIN,433.8855285644531,True,2025-02-21,0.05620469038010951,0.03894940809082703,2025-02-21,0.14546826,0.04436298,0.05483924,0.016693588,75.882095,1,Stable,True,Materials,-0.0007392000225878739,-0.00038680780145838113,20,stable_lowvol,10,,,,,,,,,,,,,,
2025-01-22,JNJ,138.72398376464844,True,2025-02-21,0.13290695723157406,0.11565167494229157,2025-02-21,0.14823987,0.0022008885,0.011770434,-0.024993084,54.881233,1,Stable,True,Health Care,-0.0003481057655839598,-0.001158007878940363,20,stable_lowvol,10,,,,,,,,,,,,,,
2025-01-22,CMS,63.13743591308594,True,2025-02-21,0.1112475904426436,0.09399230815336113,2025-02-21,0.15205313,0.00059349387,0.012773684,-0.024001997,49.82577,1,Stable,True,Utilities,-0.0005249563032325926,-0.0017158378043835424,20,stable_lowvol,10,,,,,,,,,,,,,,
2025-01-22,RSG,209.06248474121094,True,2025-02-21,0.10487955007427704,0.08762426778499456,2025-02-21,0.152162,0.033760257,0.044836286,0.0071654255,79.98991,1,Stable,True,Industrials,-0.0006887582284315165,0.0003216598610993991,20,stable_lowvol,10,,,,,,,,,,,,,,
2025-01-22,ADP,285.3925476074219,True,2025-02-21,0.06783020821657343,0.05057492592729096,2025-02-21,0.15526709,0.011203458,0.0172656,-0.019576542,55.150364,1,Stable,True,Industrials,0.0005224423375065376,0.00018994395303276876,20,stable_lowvol,10,,,,,,,,,,,,,,
2025-01-22,ITW,249.6946258544922,True,2025-02-21,0.03410803767064269,0.016852755381360215,2025-02-21,0.15538763,0.02157741,0.009935442,-0.026808375,59.035786,1,Stable,True,Industrials,0.0005510398610064045,-0.001158007878940363,20,stable_lowvol,10,,,,,,,,,,,,,,
2025-01-22,EPAM,235.4199981689453,True,2025-02-21,-0.1313790685475343,-0.14863435083681678,2025-02-21,0.35439676,0.008559596,-0.04611023,-0.08390194,51.394135,1,Stable,True,Unknown,0.0051855881198832965,0.003078728765419655,20,all_train,10,,,,,,,,,,,,,,
2025-01-22,LVS,42.33429718017578,True,2025-02-21,0.03630106244202131,0.019045780152738834,2025-02-21,0.31556356,-0.09521803,-0.14196561,-0.1898059,23.909578,1,Stable,True,Consumer Discretionary,0.005027927085417367,-0.0006526185077308888,20,all_train,10,,,,,,,,,,,,,,
2025-01-22,PCG,16.2146053314209,True,2025-02-21,0.0018611340792478795,-0.015394148210034597,2025-02-21,0.28705812,-0.121373236,-0.15239736,-0.20203812,23.802727,1,Stable,True,Utilities,0.004752831200857275,-0.0006526185077308888,20,all_train,10,,,,,,,,,,,,,,
2025-01-22,NKE,71.22628784179688,True,2025-02-21,0.04700335155622255,0.029748069266940073,2025-02-21,0.26624256,0.0065184277,-0.039688695,-0.07719255,47.24479,1,Stable,True,Consumer Discretionary,0.004409200095774164,0.002060633106686466,20,all_train,10,,,,,,,,,,,,,,
2025-01-22,ACN,348.3808288574219,True,2025-02-21,0.02000813247513828,0.002752850185855804,2025-02-21,0.2359181,0.01614273,-0.030964835,-0.068149164,60.71687,1,Stable,True,Information Technology,0.004405964551084284,0.002577818432095447,20,all_train,10,,,,,,,,,,,,,,
2025-01-22,TAP,51.75227355957031,True,2025-02-21,0.13365058675227046,0.11639530446298797,2025-02-21,0.2503959,-0.02157251,-0.06427972,-0.10313348,41.423668,1,Stable,True,Consumer Staples,0.0038864698621636972,0.0002356035482839692,20,all_train,10,,,,,,,,,,,,,,
2025-01-22,WYNN,83.73072052001953,True,2025-02-21,0.08401608963360516,0.06676080734432267,2025-02-21,0.3791759,0.0039790114,-0.035669688,-0.07301618,47.6292,1,Stable,True,Consumer Discretionary,0.0031410166252732897,0.0016621546844904811,20,all_train,10,,,,,,,,,,,,,,
2025-01-22,COST,935.66650390625,True,2025-02-21,0.11704048368586589,0.09978520139658342,2025-02-21,0.18173602,0.012936569,-0.010577937,-0.04732907,60.922817,1,Stable,True,Consumer Staples,0.003070133707248979,0.004065115709640618,20,all_train,10,,,,,,,,,,,,,,
2025-01-22,MKTX,219.09519958496094,True,2025-02-21,-0.12053028533231108,-0.13778556762159355,2025-02-21,0.27755678,0.010833731,-0.01146562,-0.048226643,51.06232,1,Stable,True,Unknown,0.0029510787884359313,0.0037107833132440007,20,all_train,10,,,,,,,,,,,,,,
2025-01-22,TYL,586.030029296875,True,2025-02-21,0.05388738221469953,0.03663209992541705,2025-02-21,0.19410604,0.011500531,-0.012752606,-0.049529403,53.487007,1,Stable,True,Information Technology,0.0029510787884359313,0.0035020822202283357,20,all_train,10,,,,,,,,,,,,,,
2025-01-22,EIX,53.552635192871094,True,2025-02-21,-0.0719555434048294,-0.08921082569411189,2025-02-21,0.3247278,-0.18012051,-0.24404123,-0.31646323,18.23179,1,Stable,True,Utilities,0.0010891624546922564,0.02748667823661523,20,stable_train,10,,,,,,,,,,,,,,
2025-01-22,COST,935.66650390625,True,2025-02-21,0.11704048368586589,0.09978520139658342,2025-02-21,0.18173602,0.012936569,-0.010577937,-0.04732907,60.922817,1,Stable,True,Consumer Staples,0.003070133707248979,0.004065115709640618,20,stable_train,10,,,,,,,,,,,,,,
2025-01-22,MKTX,219.09519958496094,True,2025-02-21,-0.12053028533231108,-0.13778556762159355,2025-02-21,0.27755678,0.010833731,-0.01146562,-0.048226643,51.06232,1,Stable,True,Unknown,0.0029510787884359313,0.0037107833132440007,20,stable_train,10,,,,,,,,,,,,,,
2025-01-22,TEL,151.5764617919922,True,2025-02-21,0.005644973113668244,-0.011610309175614232,2025-02-21,0.21712084,0.07493119,0.077837296,0.038261745,77.05943,1,Stable,True,Information Technology,-7.158264158525516e-05,0.0035071173700750545,20,stable_train,10,,,,,,,,,,,,,,
2025-01-22,TYL,586.030029296875,True,2025-02-21,0.05388738221469953,0.03663209992541705,2025-02-21,0.19410604,0.011500531,-0.012752606,-0.049529403,53.487007,1,Stable,True,Information Technology,0.0029510787884359313,0.0035020822202283357,20,stable_train,10,,,,,,,,,,,,,,
2025-01-22,BA,174.8000030517578,True,2025-02-21,0.009692222885833553,-0.007563059403448923,2025-02-21,0.33831266,0.006906663,-0.012652453,-0.049427964,46.76764,1,Stable,True,Industrials,0.00222243096395428,0.003432814876287839,20,stable_train,10,,,,,,,,,,,,,,
2025-01-22,KO,59.217384338378906,True,2025-02-21,0.17685202928582203,0.15959674699653956,2025-02-21,0.14078185,-0.0033234116,-0.010728701,-0.047481455,48.02526,1,Stable,True,Consumer Staples,0.0012596908197498992,0.003432814876287839,20,stable_train,10,,,,,,,,,,,,,,
2025-01-22,VZ,35.31217956542969,True,2025-02-21,0.1086283723201667,0.09137309003088423,2025-02-21,0.20010507,0.003538314,-0.008251327,-0.044980343,50.504147,1,Stable,True,Communication Services,0.0014365413573985322,0.003432814876287839,20,stable_train,10,,,,,,,,,,,,,,
2025-01-22,OMC,81.32247161865234,True,2025-02-21,-0.027434179135456475,-0.04468946142473895,2025-02-21,0.2704282,0.005392932,-0.012157239,-0.04892653,51.42335,1,Stable,True,Communication Services,0.0014365413573985322,0.003432814876287839,20,stable_train,10,,,,,,,,,,,,,,
2025-01-22,BLK,975.1707763671875,True,2025-02-21,-0.025496830096681404,-0.04275211238596388,2025-02-21,0.19954838,-0.0035330139,-0.009829445,-0.046572857,44.38227,1,Stable,True,Financials,0.0007118040822499962,0.003264669680970461,20,stable_train,10,,,,,,,,,,,,,,
2025-02-20,K,80.1677500796,True,2025-03-21,0.0625419148450372,0.005072707607133519,2025-03-21,0.029466767,0.004905695,0.009921607,0.0047677862,71.42857,1,Stable,True,Unknown,-0.0017811264173178158,-0.003978272978269714,20,lowvol,10,,,,,,,,,,,,,,
2025-02-20,EVRG,63.086177825927734,True,2025-03-21,0.05867062776771178,0.0012014205298080949,2025-03-21,0.13494216,0.0315049,0.06966758,0.062243003,77.881004,1,Stable,True,Utilities,-0.0027859368338694233,-0.004319727614973636,20,lowvol,10,,,,,,,,,,,,,,
2025-02-20,TJX,120.720458984375,True,2025-03-21,0.01626701015361605,-0.041202197084287635,2025-03-21,0.14381827,-0.009948356,0.006378386,0.0012532056,37.131573,1,Stable,True,Consumer Discretionary,-0.0006850030844217594,-0.004642883622170778,20,lowvol,10,,,,,,,,,,,,,,
2025-02-20,LIN,452.8055419921875,True,2025-03-21,0.06152772879415199,0.004058521556248307,2025-03-21,0.15008259,0.020508515,0.043606002,0.0375771,65.50138,1,Stable,True,Materials,-0.0023778217527146827,-0.002031042757745929,20,lowvol,10,,,,,,,,,,,,,,
2025-02-20,ADP,300.4249267578125,True,2025-03-21,0.01284819318365079,-0.044621014054252894,2025-03-21,0.1512295,0.021822372,0.05267264,0.046227377,64.78784,1,Stable,True,Industrials,-0.0031462299742626163,-0.005619024769406422,20,lowvol,10,,,,,,,,,,,,,,
2025-02-20,JKHY,165.11190795898438,True,2025-03-21,0.07200133828490338,0.014532131046999687,2025-03-21,0.1530585,-0.02118646,-0.027890015,-0.033391252,31.324558,1,Stable,True,Financials,-0.0014806022969532174,-0.003205109115505582,20,lowvol,10,,,,,,,,,,,,,,
2025-02-20,CMS,67.54961395263672,True,2025-03-21,0.08558500480550153,0.028115797567597852,2025-03-21,0.1551849,0.048897594,0.069882125,0.06244355,86.12449,1,Stable,True,Utilities,-0.002613007543152276,-0.004590927158235934,20,lowvol,10,,,,,,,,,,,,,,
2025-02-20,BR,229.79037475585938,True,2025-03-21,0.051027162668871494,-0.006442044569032191,2025-03-21,0.15594298,-0.012946958,0.005745882,0.0006245128,40.30262,1,Stable,True,Industrials,-0.0006850030844217594,-0.004642883622170778,20,lowvol,10,,,,,,,,,,,,,,
2025-02-20,JNJ,153.7052001953125,True,2025-03-21,0.06566386065654248,0.008194653418638786,2025-03-21,0.1565727,0.046898488,0.10799298,0.09744533,73.55568,1,Stable,True,Health Care,-0.002536285167289077,-0.002870393063338214,20,lowvol,10,,,,,,,,,,,,,,
2025-02-20,BSX,105.36000061035156,True,2025-03-21,0.021102133833255064,-0.03636707340464862,2025-03-21,0.15827976,0.010797777,0.050343964,0.044012774,67.313416,1,Stable,True,Health Care,-0.0031462299742626163,-0.005619024769406422,20,lowvol,10,,,,,,,,,,,,,,
2025-02-20,K,80.1677500796,True,2025-03-21,0.0625419148450372,0.005072707607133519,2025-03-21,0.029466767,0.004905695,0.009921607,0.0047677862,71.42857,1,Stable,True,Unknown,-0.0017811264173178158,-0.003978272978269714,20,stable_lowvol,10,,,,,,,,,,,,,,
2025-02-20,EVRG,63.086177825927734,True,2025-03-21,0.05867062776771178,0.0012014205298080949,2025-03-21,0.13494216,0.0315049,0.06966758,0.062243003,77.881004,1,Stable,True,Utilities,-0.0027859368338694233,-0.004319727614973636,20,stable_lowvol,10,,,,,,,,,,,,,,
2025-02-20,TJX,120.720458984375,True,2025-03-21,0.01626701015361605,-0.041202197084287635,2025-03-21,0.14381827,-0.009948356,0.006378386,0.0012532056,37.131573,1,Stable,True,Consumer Discretionary,-0.0006850030844217594,-0.004642883622170778,20,stable_lowvol,10,,,,,,,,,,,,,,
2025-02-20,LIN,452.8055419921875,True,2025-03-21,0.06152772879415199,0.004058521556248307,2025-03-21,0.15008259,0.020508515,0.043606002,0.0375771,65.50138,1,Stable,True,Materials,-0.0023778217527146827,-0.002031042757745929,20,stable_lowvol,10,,,,,,,,,,,,,,
2025-02-20,ADP,300.4249267578125,True,2025-03-21,0.01284819318365079,-0.044621014054252894,2025-03-21,0.1512295,0.021822372,0.05267264,0.046227377,64.78784,1,Stable,True,Industrials,-0.0031462299742626163,-0.005619024769406422,20,stable_lowvol,10,,,,,,,,,,,,,,
2025-02-20,JKHY,165.11190795898438,True,2025-03-21,0.07200133828490338,0.014532131046999687,2025-03-21,0.1530585,-0.02118646,-0.027890015,-0.033391252,31.324558,1,Stable,True,Financials,-0.0014806022969532174,-0.003205109115505582,20,stable_lowvol,10,,,,,,,,,,,,,,
2025-02-20,CMS,67.54961395263672,True,2025-03-21,0.08558500480550153,0.028115797567597852,2025-03-21,0.1551849,0.048897594,0.069882125,0.06244355,86.12449,1,Stable,True,Utilities,-0.002613007543152276,-0.004590927158235934,20,stable_lowvol,10,,,,,,,,,,,,,,
2025-02-20,BR,229.79037475585938,True,2025-03-21,0.051027162668871494,-0.006442044569032191,2025-03-21,0.15594298,-0.012946958,0.005745882,0.0006245128,40.30262,1,Stable,True,Industrials,-0.0006850030844217594,-0.004642883622170778,20,stable_lowvol,10,,,,,,,,,,,,,,
2025-02-20,JNJ,153.7052001953125,True,2025-03-21,0.06566386065654248,0.008194653418638786,2025-03-21,0.1565727,0.046898488,0.10799298,0.09744533,73.55568,1,Stable,True,Health Care,-0.002536285167289077,-0.002870393063338214,20,stable_lowvol,10,,,,,,,,,,,,,,
2025-02-20,BSX,105.36000061035156,True,2025-03-21,0.021102133833255064,-0.03636707340464862,2025-03-21,0.15827976,0.010797777,0.050343964,0.044012774,67.313416,1,Stable,True,Health Care,-0.0031462299742626163,-0.005619024769406422,20,stable_lowvol,10,,,,,,,,,,,,,,
2025-02-20,WYNN,91.9012451171875,True,2025-03-21,-0.029593117810313964,-0.08706232504821765,2025-03-21,0.40646055,0.106193155,0.09758097,0.08800371,56.656345,1,Stable,True,Consumer Discretionary,0.01631615410883161,-0.010859567949826796,20,all_train,10,,,,,,,,,,,,,,
2025-02-20,BAX,32.812625885009766,True,2025-03-21,0.04361741550102124,-0.013851791736882448,2025-03-21,0.27178717,0.054806277,0.050581,0.044238422,52.361095,1,Stable,True,Health Care,0.010081417388906333,-0.0051146826555006405,20,all_train,10,,,,,,,,,,,,,,
2025-02-20,HAL,25.974365234375,True,2025-03-21,0.006265264996700402,-0.05120394224120328,2025-03-21,0.30335158,0.02089823,-0.05231742,-0.058840588,53.69454,1,Stable,True,Energy,0.0057400221319884315,0.0009256457345916815,20,all_train,10,,,,,,,,,,,,,,
2025-02-20,EIX,47.681968688964844,True,2025-03-21,0.1724778569582921,0.1150086497203884,2025-03-21,0.34673238,-0.023113973,-0.10962423,-0.12121662,41.99999,1,Stable,True,Utilities,0.005732012661245178,5.247403244586829e-05,20,all_train,10,,,,,,,,,,,,,,
2025-02-20,MKTX,184.82420349121094,True,2025-03-21,0.17558622807358157,0.11811702083567789,2025-03-21,0.27227122,-0.07917844,-0.15642057,-0.17520614,19.677343,1,Stable,True,Unknown,0.005123582384205128,0.025544250331127415,20,all_train,10,,,,,,,,,,,,,,
2025-02-20,DLR,164.6306610107422,True,2025-03-21,-0.02545447775960611,-0.0829236849975098,2025-03-21,0.28840983,0.029795362,-0.057224255,-0.06403176,66.047104,1,Stable,True,Real Estate,0.005031745979442016,0.0012023034893575996,20,all_train,10,,,,,,,,,,,,,,
2025-02-20,PKG,201.9807586669922,True,2025-03-21,-0.0013813724136448116,-0.058850579651548496,2025-03-21,0.22739819,-0.032754365,-0.12560472,-0.13932768,40.6786,1,Stable,True,Materials,0.004823800357584602,-0.0013342490593380866,20,all_train,10,,,,,,,,,,,,,,
2025-02-20,UPS,105.64696502685547,True,2025-03-21,0.04689578042556083,-0.010573426812342857,2025-03-21,0.30599907,-0.010122594,-0.107741065,-0.11910383,63.26248,1,Stable,True,Industrials,0.004511639101418402,0.0016686620019380112,20,all_train,10,,,,,,,,,,,,,,
2025-02-20,OKE,91.22872924804688,True,2025-03-21,0.07010920544865758,0.012639998210753898,2025-03-21,0.26231605,-0.00025665516,-0.062213782,-0.069338195,49.453033,1,Stable,True,Energy,0.0037331961418988723,0.0016305783549333667,20,all_train,10,,,,,,,,,,,,,,
2025-02-20,LVS,43.52072525024414,True,2025-03-21,0.009990880261453297,-0.04747832697645039,2025-03-21,0.3562937,0.03431563,0.028025221,0.022534776,37.270164,1,Stable,True,Consumer Discretionary,0.0035405795049883457,-0.005549480081265732,20,all_train,10,,,,,,,,,,,,,,
2025-02-20,CE,52.391075134277344,True,2025-03-21,0.14034232194125004,0.08287311470334635,2025-03-21,0.6555795,-0.22964285,-0.2799069,-0.33347967,21.218386,1,Stable,True,Unknown,-0.008663761371169882,0.027145868281998907,20,stable_train,10,,,,,,,,,,,,,,
2025-02-20,MKTX,184.82420349121094,True,2025-03-21,0.17558622807358157,0.11811702083567789,2025-03-21,0.27227122,-0.07917844,-0.15642057,-0.17520614,19.677343,1,Stable,True,Unknown,0.005123582384205128,0.025544250331127415,20,stable_train,10,,,,,,,,,,,,,,
2025-02-20,IRM,88.90738677978516,True,2025-03-21,0.019994796457635425,-0.03747441078026826,2025-03-21,0.338366,-0.080534406,-0.14984545,-0.16744205,30.25089,1,Stable,True,Real Estate,0.0019994013548118076,0.003116219505767869,20,stable_train,10,,,,,,,,,,,,,,
2025-02-20,DHR,205.7853240966797,True,2025-03-21,0.062844361638088,0.005375154400184322,2025-03-21,0.25381196,-0.044404544,-0.1483742,-0.16571298,26.957005,1,Stable,True,Health Care,-0.0011065759328631572,0.002653325561291866,20,stable_train,10,,,,,,,,,,,,,,
2025-02-20,LDOS,127.96658325195312,True,2025-03-21,0.11593106173943842,0.05846185450153473,2025-03-21,0.36049885,-0.06770182,-0.19278742,-0.21927315,20.157269,1,Stable,True,Industrials,-0.0008566570899004829,0.0020715173212455377,20,stable_train,10,,,,,,,,,,,,,,
2025-02-20,UPS,105.64696502685547,True,2025-03-21,0.04689578042556083,-0.010573426812342857,2025-03-21,0.30599907,-0.010122594,-0.107741065,-0.11910383,63.26248,1,Stable,True,Industrials,0.004511639101418402,0.0016686620019380112,20,stable_train,10,,,,,,,,,,,,,,
2025-02-20,CHRW,97.5944595336914,True,2025-03-21,0.05455056571277691,-0.0029186415251267746,2025-03-21,0.23556139,-0.0074132765,-0.045890756,-0.05208203,49.93472,1,Stable,True,Industrials,0.0008308978792419671,0.0016305783549333667,20,stable_train,10,,,,,,,,,,,,,,
2025-02-20,AOS,64.68989562988281,True,2025-03-21,0.06535028367068138,0.00788107643277769,2025-03-21,0.22917701,-0.005287021,-0.05412009,-0.060744587,48.828175,1,Stable,True,Industrials,0.0017838575146099762,0.0016305783549333667,20,stable_train,10,,,,,,,,,,,,,,
2025-02-20,FSLR,164.08999633789062,True,2025-03-21,-0.09770317270515264,-0.15517237994305633,2025-03-21,0.5087085,-0.0031862478,-0.04543338,-0.051602766,44.181942,1,Stable,True,Information Technology,0.00045493218698083345,0.0016305783549333667,20,stable_train,10,,,,,,,,,,,,,,
2025-02-20,POOL,332.08099365234375,True,2025-03-21,-0.008629387833970846,-0.06609859507187453,2025-03-21,0.27138692,0.002572568,-0.04336957,-0.049443062,44.8614,1,Stable,True,Unknown,0.00045493218698083345,0.0016305783549333667,20,stable_train,10,,,,,,,,,,,,,,
2025-03-20,K,80.6034154026,True,2025-04-21,0.08866089531120086,-0.0012119743051240972,2025-04-21,0.029196598,0.00047363044,0.0054344214,0.08264211,49.918564,1,Stable,True,Unknown,-0.0024934430416695716,-0.0029335507120715606,20,lowvol,10,,,,,,,,,,,,,,
2025-03-20,EVRG,64.4155502319336,True,2025-04-21,0.08246007008858242,-0.007412799527742543,2025-04-21,0.14273454,0.013387975,0.021072324,0.09807578,48.58341,1,Stable,True,Utilities,-0.0030798954558219384,-0.0016532780207410389,20,lowvol,10,,,,,,,,,,,,,,
2025-03-20,LIN,450.2341613769531,True,2025-04-21,0.05828004959591331,-0.031592820020411645,2025-04-21,0.15320791,-0.004107469,-0.005678775,0.071527444,42.059673,1,Stable,True,Materials,-0.0012689593876099626,-0.0028477387407409497,20,lowvol,10,,,,,,,,,,,,,,
2025-03-20,TJX,114.11410522460938,True,2025-04-21,0.15756151435351412,0.06768864473718916,2025-04-21,0.15819757,-0.02543921,-0.05472439,0.020943657,29.93868,1,Stable,True,Consumer Discretionary,-0.002810667216426941,-0.005585497261037042,20,lowvol,10,,,,,,,,,,,,,,
2025-03-20,JNJ,156.9202423095703,True,2025-04-21,0.04886566645070639,-0.041007203165618566,2025-04-21,0.16084474,-0.008879474,0.020916937,0.097923584,43.288578,1,Stable,True,Health Care,-0.0012614790771599623,-0.002651205174640588,20,lowvol,10,,,,,,,,,,,,,,
2025-03-20,RSG,231.08253479003906,True,2025-04-21,0.11386621757659571,0.023993347960270747,2025-04-21,0.16097485,0.0054993103,0.01732654,0.09440055,46.04975,1,Stable,True,Industrials,-0.0030798954558219384,-0.0016532780207410389,20,lowvol,10,,,,,,,,,,,,,,
2025-03-20,ADP,288.026611328125,True,2025-04-21,0.05441990565657101,-0.03545296395975395,2025-04-21,0.16591877,-0.018431216,-0.041269265,0.035077382,35.492535,1,Stable,True,Industrials,0.00019817292256284604,-0.003551784219370254,20,lowvol,10,,,,,,,,,,,,,,
2025-03-20,CMS,70.40638732910156,True,2025-04-21,0.07082514399570267,-0.019047725620622288,2025-04-21,0.16694954,0.012649646,0.042291485,0.118644044,52.86228,1,Stable,True,Utilities,-0.0019386265092360528,-0.0019084690396026262,20,lowvol,10,,,,,,,,,,,,,,
2025-03-20,CME,255.38925170898438,True,2025-04-21,0.0784052253364958,-0.011467644279829157,2025-04-21,0.16948064,0.041446872,0.0786806,0.15296103,67.46826,1,Stable,True,Financials,-0.0028978001017716816,-0.003162692116199737,20,lowvol,10,,,,,,,,,,,,,,
2025-03-20,JNPR,35.939573289,True,2025-04-21,0.03411697502332972,-0.05575589459299524,2025-04-21,0.17001598,0.0078203725,0.0086164065,0.0858019,55.286137,1,Stable,True,Unknown,-0.002689628253344608,-0.001774322335357386,20,lowvol,10,,,,,,,,,,,,,,
2025-03-20,K,80.6034154026,True,2025-04-21,0.08866089531120086,-0.0012119743051240972,2025-04-21,0.029196598,0.00047363044,0.0054344214,0.08264211,49.918564,1,Stable,True,Unknown,-0.0024934430416695716,-0.0029335507120715606,20,stable_lowvol,10,,,,,,,,,,,,,,
2025-03-20,EVRG,64.4155502319336,True,2025-04-21,0.08246007008858242,-0.007412799527742543,2025-04-21,0.14273454,0.013387975,0.021072324,0.09807578,48.58341,1,Stable,True,Utilities,-0.0030798954558219384,-0.0016532780207410389,20,stable_lowvol,10,,,,,,,,,,,,,,
2025-03-20,LIN,450.2341613769531,True,2025-04-21,0.05828004959591331,-0.031592820020411645,2025-04-21,0.15320791,-0.004107469,-0.005678775,0.071527444,42.059673,1,Stable,True,Materials,-0.0012689593876099626,-0.0028477387407409497,20,stable_lowvol,10,,,,,,,,,,,,,,
2025-03-20,TJX,114.11410522460938,True,2025-04-21,0.15756151435351412,0.06768864473718916,2025-04-21,0.15819757,-0.02543921,-0.05472439,0.020943657,29.93868,1,Stable,True,Consumer Discretionary,-0.002810667216426941,-0.005585497261037042,20,stable_lowvol,10,,,,,,,,,,,,,,
2025-03-20,JNJ,156.9202423095703,True,2025-04-21,0.04886566645070639,-0.041007203165618566,2025-04-21,0.16084474,-0.008879474,0.020916937,0.097923584,43.288578,1,Stable,True,Health Care,-0.0012614790771599623,-0.002651205174640588,20,stable_lowvol,10,,,,,,,,,,,,,,
2025-03-20,RSG,231.08253479003906,True,2025-04-21,0.11386621757659571,0.023993347960270747,2025-04-21,0.16097485,0.0054993103,0.01732654,0.09440055,46.04975,1,Stable,True,Industrials,-0.0030798954558219384,-0.0016532780207410389,20,stable_lowvol,10,,,,,,,,,,,,,,
2025-03-20,ADP,288.026611328125,True,2025-04-21,0.05441990565657101,-0.03545296395975395,2025-04-21,0.16591877,-0.018431216,-0.041269265,0.035077382,35.492535,1,Stable,True,Industrials,0.00019817292256284604,-0.003551784219370254,20,stable_lowvol,10,,,,,,,,,,,,,,
2025-03-20,CMS,70.40638732910156,True,2025-04-21,0.07082514399570267,-0.019047725620622288,2025-04-21,0.16694954,0.012649646,0.042291485,0.118644044,52.86228,1,Stable,True,Utilities,-0.0019386265092360528,-0.0019084690396026262,20,stable_lowvol,10,,,,,,,,,,,,,,
2025-03-20,CME,255.38925170898438,True,2025-04-21,0.0784052253364958,-0.011467644279829157,2025-04-21,0.16948064,0.041446872,0.0786806,0.15296103,67.46826,1,Stable,True,Financials,-0.0028978001017716816,-0.003162692116199737,20,stable_lowvol,10,,,,,,,,,,,,,,
2025-03-20,JNPR,35.939573289,True,2025-04-21,0.03411697502332972,-0.05575589459299524,2025-04-21,0.17001598,0.0078203725,0.0086164065,0.0858019,55.286137,1,Stable,True,Unknown,-0.002689628253344608,-0.001774322335357386,20,stable_lowvol,10,,,,,,,,,,,,,,
2025-03-20,FANG,152.5859832763672,True,2025-04-21,-0.07511140517320394,-0.1649842747895289,2025-04-21,0.32386947,0.06066371,-0.015371523,0.061731514,50.833588,1,Stable,True,Energy,0.009175437252386716,-0.001712827323490409,20,all_train,10,,,,,,,,,,,,,,
2025-03-20,HSY,157.1160125732422,True,2025-04-21,0.08562604816378566,-0.0042468214525392955,2025-04-21,0.31866395,-0.058395837,-0.009813437,0.0673605,40.26465,1,Stable,True,Consumer Staples,0.008687315754800728,0.01578537166257449,20,all_train,10,,,,,,,,,,,,,,
2025-03-20,GILD,102.45457458496094,True,2025-04-21,0.06419126168312023,-0.02568160793320473,2025-04-21,0.24092898,-0.056112852,-0.03105455,0.045675438,28.676954,1,Stable,True,Health Care,0.008038660381696573,0.008692249912374172,20,all_train,10,,,,,,,,,,,,,,
2025-03-20,DLTR,64.58999633789062,True,2025-04-21,0.283131319442226,0.1932584498259011,2025-04-21,0.37499475,-0.06093258,-0.15336223,-0.08925994,34.354897,1,Stable,True,Consumer Staples,0.00764890147796064,0.0005264607770636345,20,all_train,10,,,,,,,,,,,,,,
2025-03-20,DVN,34.96919631958008,True,2025-04-21,-0.094636158310835,-0.18450902792715995,2025-04-21,0.3175729,0.032622322,-0.056071054,0.019518016,51.0261,1,Stable,True,Energy,0.006396117936530172,-0.0033542429588778824,20,all_train,10,,,,,,,,,,,,,,
2025-03-20,ABT,122.79328918457031,True,2025-04-21,0.12273402815551454,0.03286115853918959,2025-04-21,0.20157525,-0.049732096,-0.047983747,0.028049229,27.147007,1,Stable,True,Health Care,0.006276162423423847,-0.0029184465895177526,20,all_train,10,,,,,,,,,,,,,,
2025-03-20,BA,172.8300018310547,True,2025-04-21,-0.015511467075267016,-0.10538433669159197,2025-04-21,0.3323608,0.04347985,-0.04450466,0.03169701,48.505974,1,Stable,True,Industrials,0.0052539558667743305,-0.0024240750419773087,20,all_train,10,,,,,,,,,,,,,,
2025-03-20,ACN,291.9197082519531,True,2025-04-21,0.008956532348408833,-0.08091633726791612,2025-04-21,0.27448034,-0.11188304,-0.21809058,-0.16879396,17.35487,1,Stable,True,Information Technology,0.005056651335408251,0.012911234106759735,20,all_train,10,,,,,,,,,,,,,,
2025-03-20,MDT,86.93025970458984,True,2025-04-21,0.002621798177244672,-0.08725107143908029,2025-04-21,0.2146268,-0.011481449,0.037298273,0.11384192,47.10982,1,Stable,True,Health Care,0.004999712977040939,0.006861737294985437,20,all_train,10,,,,,,,,,,,,,,
2025-03-20,MPC,147.7890167236328,True,2025-04-21,-0.06510186270741719,-0.15497473232374215,2025-04-21,0.33702004,0.055168144,-0.039931815,0.03647143,52.323483,1,Stable,True,Energy,0.004895464052924903,-0.0024830794339667124,20,all_train,10,,,,,,,,,,,,,,
2025-03-20,HSY,157.1160125732422,True,2025-04-21,0.08562604816378566,-0.0042468214525392955,2025-04-21,0.31866395,-0.058395837,-0.009813437,0.0673605,40.26465,1,Stable,True,Consumer Staples,0.008687315754800728,0.01578537166257449,20,stable_train,10,,,,,,,,,,,,,,
2025-03-20,ERIE,398.4150085449219,True,2025-04-21,0.05717277213258193,-0.03270009748374303,2025-04-21,0.3302061,-0.030667953,0.058079492,0.13367787,41.085224,1,Stable,True,Financials,0.004109988290479048,0.01363174302535646,20,stable_train,10,,,,,,,,,,,,,,
2025-03-20,ACN,291.9197082519531,True,2025-04-21,0.008956532348408833,-0.08091633726791612,2025-04-21,0.27448034,-0.11188304,-0.21809058,-0.16879396,17.35487,1,Stable,True,Information Technology,0.005056651335408251,0.012911234106759735,20,stable_train,10,,,,,,,,,,,,,,
2025-03-20,IT,418.7699890136719,True,2025-04-21,0.0017879139213413109,-0.08808495569498365,2025-04-21,0.22121973,-0.11743602,-0.16772003,-0.106364,16.448753,1,Stable,True,Information Technology,0.002185441571723298,0.012320644305963004,20,stable_train,10,,,,,,,,,,,,,,
2025-03-20,GILD,102.45457458496094,True,2025-04-21,0.06419126168312023,-0.02568160793320473,2025-04-21,0.24092898,-0.056112852,-0.03105455,0.045675438,28.676954,1,Stable,True,Health Care,0.008038660381696573,0.008692249912374172,20,stable_train,10,,,,,,,,,,,,,,
2025-03-20,MDT,86.93025970458984,True,2025-04-21,0.002621798177244672,-0.08725107143908029,2025-04-21,0.2146268,-0.011481449,0.037298273,0.11384192,47.10982,1,Stable,True,Health Care,0.004999712977040939,0.006861737294985437,20,stable_train,10,,,,,,,,,,,,,,
2025-03-20,ZTS,159.0153045654297,True,2025-04-21,-0.0063330475491208404,-0.0962059171654458,2025-04-21,0.24180733,-0.014811748,0.036462888,0.113036245,43.30702,1,Stable,True,Health Care,0.00152985911980015,0.006838816802779061,20,stable_train,10,,,,,,,,,,,,,,
2025-03-20,JKHY,172.13360595703125,True,2025-04-21,0.06485112961914824,-0.025021739997176717,2025-04-21,0.2016796,-0.00815355,0.0425269,0.118869886,52.516907,1,Stable,True,Financials,0.003476012147927527,0.0039147295316144986,20,stable_train,10,,,,,,,,,,,,,,
2025-03-20,CHD,106.01163482666016,True,2025-04-21,0.05244876132117399,-0.03742410829515097,2025-04-21,0.19307636,-0.015477995,0.03485574,0.11148444,38.15281,1,Stable,True,Consumer Staples,0.0025373817527059184,0.002670491437646791,20,stable_train,10,,,,,,,,,,,,,,
2025-03-20,GIS,53.68001937866211,True,2025-04-21,0.08360054562146163,-0.006272323994863327,2025-04-21,0.23045631,-0.04462299,-0.01486727,0.062243506,43.06307,1,Stable,True,Consumer Staples,0.002645626962701493,0.0026357421793754927,20,stable_train,10,,,,,,,,,,,,,,
2025-04-17,K,80.6425765421,True,2025-05-19,-0.1562610593584352,-0.00012134449729661602,2025-05-19,0.032798506,0.0005891535,0.00048584962,0.06998275,47.89916,1,Stable,True,Unknown,-0.0019186701974762516,-0.003505402087747629,20,lowvol,10,,,,,,,,,,,,,,
2025-04-17,EVRG,64.79463195800781,True,2025-05-19,-0.15360056708602082,0.0025391477751177667,2025-05-19,0.16842078,0.01761516,0.005884941,0.07536471,52.170105,1,Stable,True,Utilities,-0.0019186701974762516,-0.0014731811662010699,20,lowvol,10,,,,,,,,,,,,,,
2025-04-17,CMS,69.66114044189453,True,2025-05-19,-0.15042048391385282,0.00571923094728577,2025-05-19,0.18631348,-0.0008085182,-0.010584933,0.058855668,45.13407,1,Stable,True,Utilities,-0.0019186701974762516,-0.003102783937775284,20,lowvol,10,,,,,,,,,,,,,,
2025-04-17,WEC,103.05819702148438,True,2025-05-19,-0.14461248694654621,0.011527227914592375,2025-05-19,0.18978922,0.017006356,0.005379821,0.07486242,52.774113,1,Stable,True,Utilities,-0.0019186701974762516,-0.0017282042175387152,20,lowvol,10,,,,,,,,,,,,,,
2025-04-17,JNPR,34.1207287337,True,2025-05-19,-0.09474135998463412,0.06139835487650446,2025-05-19,0.19034784,-0.026499737,-0.050608408,0.017563092,33.208256,1,Stable,True,Unknown,-0.0016403022836335122,-0.002604980730712085,20,lowvol,10,,,,,,,,,,,,,,
2025-04-17,CME,251.54702758789062,True,2025-05-19,-0.08849464018307068,0.0676450746780679,2025-05-19,0.19058435,0.005867889,-0.01504458,0.05433812,50.34609,1,Stable,True,Financials,-0.0019186701974762516,-0.0029353986257573436,20,lowvol,10,,,,,,,,,,,,,,
2025-04-17,TJX,125.27521514892578,True,2025-05-19,-0.06347431468149672,0.09266540017964187,2025-05-19,0.19159442,0.03546485,0.09780657,0.16281119,65.38082,1,Stable,True,Consumer Discretionary,-0.0020673094074671753,0.0010686336596988145,20,lowvol,10,,,,,,,,,,,,,,
2025-04-17,KMB,134.8764190673828,True,2025-05-19,-0.1509994943659339,0.005140220495204684,2025-05-19,0.192539,0.022847785,0.02681918,0.09596287,53.28535,1,Stable,True,Consumer Staples,-0.0009311421831856171,-0.00017184209394203393,20,lowvol,10,,,,,,,,,,,,,,
2025-04-17,ATO,152.32693481445312,True,2025-05-19,-0.13416448014739718,0.02197523471374141,2025-05-19,0.19410382,0.03826776,0.044556443,0.11308936,59.945168,1,Stable,True,Utilities,-0.0018644446960073909,-0.0014136572127961713,20,lowvol,10,,,,,,,,,,,,,,
2025-04-17,DUK,115.61030578613281,True,2025-05-19,-0.1737477055049204,-0.017607990643781827,2025-05-19,0.19553259,0.022648547,0.013648385,0.083053105,55.370754,1,Stable,True,Utilities,-0.0019833299234933554,0.00029324925833362455,20,lowvol,10,,,,,,,,,,,,,,
2025-04-17,K,80.6425765421,True,2025-05-19,-0.1562610593584352,-0.00012134449729661602,2025-05-19,0.032798506,0.0005891535,0.00048584962,0.06998275,47.89916,1,Stable,True,Unknown,-0.0019186701974762516,-0.003505402087747629,20,stable_lowvol,10,,,,,,,,,,,,,,
2025-04-17,EVRG,64.79463195800781,True,2025-05-19,-0.15360056708602082,0.0025391477751177667,2025-05-19,0.16842078,0.01761516,0.005884941,0.07536471,52.170105,1,Stable,True,Utilities,-0.0019186701974762516,-0.0014731811662010699,20,stable_lowvol,10,,,,,,,,,,,,,,
2025-04-17,CMS,69.66114044189453,True,2025-05-19,-0.15042048391385282,0.00571923094728577,2025-05-19,0.18631348,-0.0008085182,-0.010584933,0.058855668,45.13407,1,Stable,True,Utilities,-0.0019186701974762516,-0.003102783937775284,20,stable_lowvol,10,,,,,,,,,,,,,,
2025-04-17,WEC,103.05819702148438,True,2025-05-19,-0.14461248694654621,0.011527227914592375,2025-05-19,0.18978922,0.017006356,0.005379821,0.07486242,52.774113,1,Stable,True,Utilities,-0.0019186701974762516,-0.0017282042175387152,20,stable_lowvol,10,,,,,,,,,,,,,,
2025-04-17,JNPR,34.1207287337,True,2025-05-19,-0.09474135998463412,0.06139835487650446,2025-05-19,0.19034784,-0.026499737,-0.050608408,0.017563092,33.208256,1,Stable,True,Unknown,-0.0016403022836335122,-0.002604980730712085,20,stable_lowvol,10,,,,,,,,,,,,,,
2025-04-17,CME,251.54702758789062,True,2025-05-19,-0.08849464018307068,0.0676450746780679,2025-05-19,0.19058435,0.005867889,-0.01504458,0.05433812,50.34609,1,Stable,True,Financials,-0.0019186701974762516,-0.0029353986257573436,20,stable_lowvol,10,,,,,,,,,,,,,,
2025-04-17,TJX,125.27521514892578,True,2025-05-19,-0.06347431468149672,0.09266540017964187,2025-05-19,0.19159442,0.03546485,0.09780657,0.16281119,65.38082,1,Stable,True,Consumer Discretionary,-0.0020673094074671753,0.0010686336596988145,20,stable_lowvol,10,,,,,,,,,,,,,,
2025-04-17,KMB,134.8764190673828,True,2025-05-19,-0.1509994943659339,0.005140220495204684,2025-05-19,0.192539,0.022847785,0.02681918,0.09596287,53.28535,1,Stable,True,Consumer Staples,-0.0009311421831856171,-0.00017184209394203393,20,stable_lowvol,10,,,,,,,,,,,,,,
2025-04-17,ATO,152.32693481445312,True,2025-05-19,-0.13416448014739718,0.02197523471374141,2025-05-19,0.19410382,0.03826776,0.044556443,0.11308936,59.945168,1,Stable,True,Utilities,-0.0018644446960073909,-0.0014136572127961713,20,stable_lowvol,10,,,,,,,,,,,,,,
2025-04-17,DUK,115.61030578613281,True,2025-05-19,-0.1737477055049204,-0.017607990643781827,2025-05-19,0.19553259,0.022648547,0.013648385,0.083053105,55.370754,1,Stable,True,Utilities,-0.0019833299234933554,0.00029324925833362455,20,stable_lowvol,10,,,,,,,,,,,,,,
2025-04-17,BIIB,118.61000061035156,True,2025-05-19,-0.044971332896008465,0.11116838196513013,2025-05-19,0.30606174,-0.06939339,-0.16105534,-0.10611351,30.642635,1,Stable,True,Health Care,0.007885376521307504,0.00465628672968987,20,all_train,10,,,,,,,,,,,,,,
2025-04-17,UPS,87.37166595458984,True,2025-05-19,-0.10948399599836295,0.04665571886277564,2025-05-19,0.37440383,-0.066681534,-0.17567119,-0.123688765,33.433514,1,Stable,True,Industrials,0.007877391080893,0.0047347068507182545,20,all_train,10,,,,,,,,,,,,,,
2025-04-17,TMO,425.5061950683594,True,2025-05-19,-0.17493791477972104,-0.01879819991858245,2025-05-19,0.30115378,-0.08906682,-0.17572874,-0.12375858,31.56771,1,Stable,True,Health Care,0.007415340325453752,0.0031848685861825083,20,all_train,10,,,,,,,,,,,,,,
2025-04-17,PFE,19.95736312866211,True,2025-05-19,-0.09267439861077104,0.06346531625036755,2025-05-19,0.24959671,-0.066689126,-0.15463912,-0.09849466,27.591276,1,Stable,True,Health Care,0.007113229400470308,-0.0007374444510606219,20,all_train,10,,,,,,,,,,,,,,
2025-04-17,CVX,129.60426330566406,True,2025-05-19,-0.10793176781225272,0.04820794704888587,2025-05-19,0.29758483,-0.09143629,-0.16325788,-0.108742334,26.173574,1,Stable,True,Energy,0.006651178645031061,0.002829407854259184,20,all_train,10,,,,,,,,,,,,,,
2025-04-17,MRK,74.72846984863281,True,2025-05-19,-0.1641037303100356,-0.007964015448897023,2025-05-19,0.2868942,-0.07162745,-0.17660719,-0.12482488,27.128283,1,Stable,True,Health Care,0.005170424023570678,0.0017340749838838216,20,all_train,10,,,,,,,,,,,,,,
2025-04-17,BMY,46.3637809753418,True,2025-05-19,-0.19128474825271097,-0.03514503339157238,2025-05-19,0.3179401,-0.11248848,-0.17637183,-0.12453907,16.764769,1,Stable,True,Health Care,0.004729352746264652,0.0004306132577942156,20,all_train,10,,,,,,,,,,,,,,
2025-04-17,ARE,72.05046844482422,True,2025-05-19,-0.17832400517282115,-0.022184290311682564,2025-05-19,0.3227012,-0.09151905,-0.18612279,-0.13644876,28.515423,1,Stable,True,Real Estate,0.004517436905482623,0.0020151291401509083,20,all_train,10,,,,,,,,,,,,,,
2025-04-17,SNA,293.5092468261719,True,2025-05-19,-0.020827139637215775,0.13531257522392282,2025-05-19,0.27226186,-0.07224542,-0.074059375,-0.0074481484,40.05831,1,Stable,True,Industrials,0.0036160777068546053,0.0008987034405535303,20,all_train,10,,,,,,,,,,,,,,
2025-04-17,ACN,275.2724914550781,True,2025-05-19,-0.012315677166204575,0.14382403769493401,2025-05-19,0.30507874,-0.048464566,-0.057026695,0.010779711,38.891827,1,Stable,True,Information Technology,0.003314505944571001,-0.00026658072044001514,20,all_train,10,,,,,,,,,,,,,,
2025-04-17,UNH,439.14788818359375,True,2025-05-19,-0.4134457288219574,-0.2573060139608188,2025-05-19,0.4983059,-0.15845165,-0.111852095,-0.049119968,38.289906,1,Stable,True,Health Care,0.0019255413161071233,0.020497433816094972,20,stable_train,10,,,,,,,,,,,,,,
2025-04-17,ADM,45.59889221191406,True,2025-05-19,-0.11621455742580072,0.039925157435337866,2025-05-19,0.31885245,0.036972832,0.027945008,0.09705869,49.814957,1,Stable,True,Consumer Staples,0.0015208650695371913,0.006911616352802883,20,stable_train,10,,,,,,,,,,,,,,
2025-04-17,VICI,30.15201187133789,True,2025-05-19,-0.1561397148611386,0.0,2025-05-19,0.22271942,0.033426035,0.016557416,0.08591886,53.166084,1,Stable,True,Real Estate,0.0015208650695371913,0.006141169551705303,20,stable_train,10,,,,,,,,,,,,,,
2025-04-17,UPS,87.37166595458984,True,2025-05-19,-0.10948399599836295,0.04665571886277564,2025-05-19,0.37440383,-0.066681534,-0.17567119,-0.123688765,33.433514,1,Stable,True,Industrials,0.007877391080893,0.0047347068507182545,20,stable_train,10,,,,,,,,,,,,,,
2025-04-17,BIIB,118.61000061035156,True,2025-05-19,-0.044971332896008465,0.11116838196513013,2025-05-19,0.30606174,-0.06939339,-0.16105534,-0.10611351,30.642635,1,Stable,True,Health Care,0.007885376521307504,0.00465628672968987,20,stable_train,10,,,,,,,,,,,,,,
2025-04-17,CNC,60.70000076293945,True,2025-05-19,-0.09511573592726391,0.06102397893387468,2025-05-19,0.31916258,-0.010352967,0.018114757,0.08744966,52.38095,1,Stable,True,Health Care,0.0010562940805511928,0.004410188129776238,20,stable_train,10,,,,,,,,,,,,,,
2025-04-17,FIS,71.88832092285156,True,2025-05-19,-0.09577570923426487,0.06036400562687372,2025-05-19,0.3316583,0.028491067,0.0022847406,0.071779154,51.572536,1,Stable,True,Financials,0.001585524795554295,0.003549218381091986,20,stable_train,10,,,,,,,,,,,,,,
2025-04-17,STZ,179.28904724121094,True,2025-05-19,-0.12027948270639138,0.035860232154747214,2025-05-19,0.37752107,0.027486073,0.043325044,0.11190979,53.6573,1,Stable,True,Consumer Staples,2.4408469575484945e-06,0.00336367574157249,20,stable_train,10,,,,,,,,,,,,,,
2025-04-17,TMO,425.5061950683594,True,2025-05-19,-0.17493791477972104,-0.01879819991858245,2025-05-19,0.30115378,-0.08906682,-0.17572874,-0.12375858,31.56771,1,Stable,True,Health Care,0.007415340325453752,0.0031848685861825083,20,stable_train,10,,,,,,,,,,,,,,
2025-04-17,DVA,140.02999877929688,True,2025-05-19,-0.07029696794078505,0.08584274692035354,2025-05-19,0.37947163,-0.06546048,-0.060264386,0.007340315,38.322247,1,Stable,True,Health Care,0.0029995110791020928,0.003178398035152788,20,stable_train,10,,,,,,,,,,,,,,
2025-05-16,K,80.574044548,True,2025-06-17,-0.022783643062311745,-0.019577504997265512,2025-06-17,0.031824213,-0.0024786526,-0.000849824,-0.12121143,46.60194,1,Stable,True,Unknown,0.00497478699827227,0.005125029325099792,20,lowvol,10,,,,,,,,,,,,,,
2025-05-16,JNPR,35.8302438349,True,2025-06-17,-0.00264239614469099,0.000563741920355243,2025-06-17,0.17567657,0.0015001667,0.05010195,-0.071473986,55.652172,1,Stable,True,Unknown,0.004024298881871925,-0.000850324060960457,20,lowvol,10,,,,,,,,,,,,,,
2025-05-16,EVRG,63.429935455322266,True,2025-06-17,0.0013117087040560409,0.004517846769102274,2025-06-17,0.18634546,-0.010343145,-0.021061877,-0.14164808,40.594086,1,Stable,True,Utilities,0.005780729761037061,0.005965217362827318,20,lowvol,10,,,,,,,,,,,,,,
2025-05-16,CNP,36.476016998291016,True,2025-06-17,-0.054719685652215994,-0.05151354758716976,2025-06-17,0.18757968,-0.0035780126,0.015798468,-0.104686275,45.116673,1,Stable,True,Utilities,0.000965847098758838,-0.0010058161697644196,20,lowvol,10,,,,,,,,,,,,,,
2025-05-16,PNW,87.44815063476562,True,2025-06-17,-0.04256600089205301,-0.03935986282700677,2025-06-17,0.19227247,-0.0077850497,-0.019387495,-0.13993914,42.859592,1,Stable,True,Utilities,0.005919979219697949,0.0060162001465019375,20,lowvol,10,,,,,,,,,,,,,,
2025-05-16,WEC,102.11317443847656,True,2025-06-17,-0.032667211450588166,-0.029461073385541936,2025-06-17,0.19314475,-0.0031217462,-0.009169796,-0.12957335,45.890373,1,Stable,True,Utilities,0.00497478699827227,0.007668195095116581,20,lowvol,10,,,,,,,,,,,,,,
2025-05-16,CMS,68.79988098144531,True,2025-06-17,-0.042805839678093274,-0.039599701613047045,2025-06-17,0.19327842,-0.0069123134,-0.012363557,-0.13280186,47.65938,1,Stable,True,Utilities,0.004779008177282838,0.006609379496741116,20,lowvol,10,,,,,,,,,,,,,,
2025-05-16,RSG,244.3861541748047,True,2025-06-17,-0.008758002470652854,-0.005551864405606621,2025-06-17,0.19635403,0.008775246,0.018538427,-0.10199256,52.625,1,Stable,True,Industrials,0.001611691264736563,-0.009023456149904649,20,lowvol,10,,,,,,,,,,,,,,
2025-05-16,WM,225.46177673339844,True,2025-06-17,0.010429606078779947,0.01363574414382618,2025-06-17,0.19770674,-0.0003653409,-0.0045039607,-0.12487538,51.35971,1,Stable,True,Industrials,0.004779008177282838,0.00017564996119219062,20,lowvol,10,,,,,,,,,,,,,,
2025-05-16,TJX,131.31532287597656,True,2025-06-17,-0.09222335043160458,-0.08901721236655835,2025-06-17,0.19895671,0.04023678,0.048214708,-0.07327281,76.14769,1,Stable,True,Consumer Discretionary,0.0036987840733345156,-0.0003768488899324624,20,lowvol,10,,,,,,,,,,,,,,
2025-05-16,K,80.574044548,True,2025-06-17,-0.022783643062311745,-0.019577504997265512,2025-06-17,0.031824213,-0.0024786526,-0.000849824,-0.12121143,46.60194,1,Stable,True,Unknown,0.00497478699827227,0.005125029325099792,20,stable_lowvol,10,,,,,,,,,,,,,,
2025-05-16,JNPR,35.8302438349,True,2025-06-17,-0.00264239614469099,0.000563741920355243,2025-06-17,0.17567657,0.0015001667,0.05010195,-0.071473986,55.652172,1,Stable,True,Unknown,0.004024298881871925,-0.000850324060960457,20,stable_lowvol,10,,,,,,,,,,,,,,
2025-05-16,EVRG,63.429935455322266,True,2025-06-17,0.0013117087040560409,0.004517846769102274,2025-06-17,0.18634546,-0.010343145,-0.021061877,-0.14164808,40.594086,1,Stable,True,Utilities,0.005780729761037061,0.005965217362827318,20,stable_lowvol,10,,,,,,,,,,,,,,
2025-05-16,CNP,36.476016998291016,True,2025-06-17,-0.054719685652215994,-0.05151354758716976,2025-06-17,0.18757968,-0.0035780126,0.015798468,-0.104686275,45.116673,1,Stable,True,Utilities,0.000965847098758838,-0.0010058161697644196,20,stable_lowvol,10,,,,,,,,,,,,,,
2025-05-16,PNW,87.44815063476562,True,2025-06-17,-0.04256600089205301,-0.03935986282700677,2025-06-17,0.19227247,-0.0077850497,-0.019387495,-0.13993914,42.859592,1,Stable,True,Utilities,0.005919979219697949,0.0060162001465019375,20,stable_lowvol,10,,,,,,,,,,,,,,
2025-05-16,WEC,102.11317443847656,True,2025-06-17,-0.032667211450588166,-0.029461073385541936,2025-06-17,0.19314475,-0.0031217462,-0.009169796,-0.12957335,45.890373,1,Stable,True,Utilities,0.00497478699827227,0.007668195095116581,20,stable_lowvol,10,,,,,,,,,,,,,,
2025-05-16,CMS,68.79988098144531,True,2025-06-17,-0.042805839678093274,-0.039599701613047045,2025-06-17,0.19327842,-0.0069123134,-0.012363557,-0.13280186,47.65938,1,Stable,True,Utilities,0.004779008177282838,0.006609379496741116,20,stable_lowvol,10,,,,,,,,,,,,,,
2025-05-16,RSG,244.3861541748047,True,2025-06-17,-0.008758002470652854,-0.005551864405606621,2025-06-17,0.19635403,0.008775246,0.018538427,-0.10199256,52.625,1,Stable,True,Industrials,0.001611691264736563,-0.009023456149904649,20,stable_lowvol,10,,,,,,,,,,,,,,
2025-05-16,WM,225.46177673339844,True,2025-06-17,0.010429606078779947,0.01363574414382618,2025-06-17,0.19770674,-0.0003653409,-0.0045039607,-0.12487538,51.35971,1,Stable,True,Industrials,0.004779008177282838,0.00017564996119219062,20,stable_lowvol,10,,,,,,,,,,,,,,
2025-05-16,TJX,131.31532287597656,True,2025-06-17,-0.09222335043160458,-0.08901721236655835,2025-06-17,0.19895671,0.04023678,0.048214708,-0.07327281,76.14769,1,Stable,True,Consumer Discretionary,0.0036987840733345156,-0.0003768488899324624,20,stable_lowvol,10,,,,,,,,,,,,,,
2025-05-16,UNH,282.2921142578125,True,2025-06-17,-0.01848800424052579,-0.015281866175479554,2025-06-17,0.59870553,-0.24037153,-0.35718212,-0.5622551,13.900009,1,Stable,True,Health Care,0.02464103421369555,0.025676442072636342,20,all_train,10,,,,,,,,,,,,,,
2025-05-16,ED,100.11456298828125,True,2025-06-17,-0.04144869630539619,-0.03824255824034995,2025-06-17,0.23742522,-0.033226717,-0.061740693,-0.18409017,36.69048,1,Stable,True,Utilities,0.021636708719472833,0.00974651655083896,20,all_train,10,,,,,,,,,,,,,,
2025-05-16,CAG,20.910686492919922,True,2025-06-17,-0.06665690365130941,-0.06345076558626318,2025-06-17,0.25880685,-0.033121448,-0.07959994,-0.2033081,37.20928,1,Stable,True,Unknown,0.021259345571698385,0.015262477744946485,20,all_train,10,,,,,,,,,,,,,,
2025-05-16,TMUS,237.2960968017578,True,2025-06-17,-0.09328892234072927,-0.09008278427568304,2025-06-17,0.3358137,-0.015118613,-0.07395807,-0.197197,56.68254,1,Stable,True,Communication Services,0.020734657691018638,0.009269449097290597,20,all_train,10,,,,,,,,,,,,,,
2025-05-16,PEP,125.57571411132812,True,2025-06-17,-0.011411233758206091,-0.008205095693159858,2025-06-17,0.23254733,-0.014165974,-0.076029025,-0.19943586,44.977448,1,Stable,True,Consumer Staples,0.020457837249787027,0.017232350105099416,20,all_train,10,,,,,,,,,,,,,,
2025-05-16,NEM,49.341915130615234,True,2025-06-17,0.15120125870922696,0.1544073967742732,2025-06-17,0.38483816,-0.04858664,-0.09041405,-0.21512702,37.102024,1,Stable,True,Materials,0.020246967361825293,0.02049971073703084,20,all_train,10,,,,,,,,,,,,,,
2025-05-16,CHD,94.2935562133789,True,2025-06-17,-0.0012262683027987227,0.0019798697622475103,2025-06-17,0.23683389,-0.0013749185,-0.08774435,-0.21219626,42.699932,1,Stable,True,Consumer Staples,0.01863588126614922,0.015987226357338118,20,all_train,10,,,,,,,,,,,,,,
2025-05-16,ARE,67.4316177368164,True,2025-06-17,-0.04142348553776522,-0.03821734747271899,2025-06-17,0.33430567,-0.014868185,-0.06410577,-0.18661405,37.831482,1,Stable,True,Real Estate,0.018066381638245612,0.017178384169343884,20,all_train,10,,,,,,,,,,,,,,
2025-05-16,CVS,59.952510833740234,True,2025-06-17,0.06544645612249067,0.0686525941875369,2025-06-17,0.41228843,-0.04067505,-0.06115871,-0.18347009,43.89621,1,Stable,True,Health Care,0.01768514204565674,0.009800482486594491,20,all_train,10,,,,,,,,,,,,,,
2025-05-16,NOC,463.6460266113281,True,2025-06-17,0.07164314894498901,0.07484928701003524,2025-06-17,0.32698274,-0.015922632,-0.12439181,-0.25319782,42.357536,1,Stable,True,Industrials,0.01757845262926938,0.01840982497597605,20,all_train,10,,,,,,,,,,,,,,
2025-05-16,UNH,282.2921142578125,True,2025-06-17,-0.01848800424052579,-0.015281866175479554,2025-06-17,0.59870553,-0.24037153,-0.35718212,-0.5622551,13.900009,1,Stable,True,Health Care,0.02464103421369555,0.025676442072636342,20,stable_train,10,,,,,,,,,,,,,,
2025-05-16,VRTX,438.6499938964844,True,2025-06-17,-0.00018796858923088647,0.0030181694758153466,2025-06-17,0.34226644,-0.062854856,-0.10314866,-0.22922641,30.996193,1,Stable,True,Health Care,0.011619279086790349,0.02174337493721793,20,stable_train,10,,,,,,,,,,,,,,
2025-05-16,NEM,49.341915130615234,True,2025-06-17,0.15120125870922696,0.1544073967742732,2025-06-17,0.38483816,-0.04858664,-0.09041405,-0.21512702,37.102024,1,Stable,True,Materials,0.020246967361825293,0.02049971073703084,20,stable_train,10,,,,,,,,,,,,,,
2025-05-16,HUM,233.70986938476562,True,2025-06-17,-0.027019472557497166,-0.023813334492450933,2025-06-17,0.44482788,-0.05610748,-0.1002722,-0.22602426,31.930193,1,Stable,True,Health Care,0.010032588835999803,0.01898405797919674,20,stable_train,10,,,,,,,,,,,,,,
2025-05-16,NOC,463.6460266113281,True,2025-06-17,0.07164314894498901,0.07484928701003524,2025-06-17,0.32698274,-0.015922632,-0.12439181,-0.25319782,42.357536,1,Stable,True,Industrials,0.01757845262926938,0.01840982497597605,20,stable_train,10,,,,,,,,,,,,,,
2025-05-16,PEP,125.57571411132812,True,2025-06-17,-0.011411233758206091,-0.008205095693159858,2025-06-17,0.23254733,-0.014165974,-0.076029025,-0.19943586,44.977448,1,Stable,True,Consumer Staples,0.020457837249787027,0.017232350105099416,20,stable_train,10,,,,,,,,,,,,,,
2025-05-16,ARE,67.4316177368164,True,2025-06-17,-0.04142348553776522,-0.03821734747271899,2025-06-17,0.33430567,-0.014868185,-0.06410577,-0.18661405,37.831482,1,Stable,True,Real Estate,0.018066381638245612,0.017178384169343884,20,stable_train,10,,,,,,,,,,,,,,
2025-05-16,CHD,94.2935562133789,True,2025-06-17,-0.0012262683027987227,0.0019798697622475103,2025-06-17,0.23683389,-0.0013749185,-0.08774435,-0.21219626,42.699932,1,Stable,True,Consumer Staples,0.01863588126614922,0.015987226357338118,20,stable_train,10,,,,,,,,,,,,,,
2025-05-16,CAG,20.910686492919922,True,2025-06-17,-0.06665690365130941,-0.06345076558626318,2025-06-17,0.25880685,-0.033121448,-0.07959994,-0.2033081,37.20928,1,Stable,True,Unknown,0.021259345571698385,0.015262477744946485,20,stable_train,10,,,,,,,,,,,,,,
2025-05-16,TSN,53.57666015625,True,2025-06-17,-0.01797858262805198,-0.014772444563005747,2025-06-17,0.24622227,-0.040208675,-0.08609706,-0.21039216,34.405407,1,Stable,True,Consumer Staples,0.010887404416117366,0.015262477744946485,20,stable_train,10,,,,,,,,,,,,,,
2025-06-16,K,79.1615995645,True,2025-07-17,-0.055707443870517584,-0.003116041381929224,2025-07-17,0.04391309,-0.015822817,-0.017529776,-0.03014924,31.053892,1,Stable,True,Unknown,-0.0013228506743792516,-0.0028919473676853745,20,lowvol,10,,,,,,,,,,,,,,
2025-06-16,JNPR,36.02,True,2025-07-17,,,2025-07-17,0.16641562,0.0051143225,0.0052959775,-0.007181994,56.209877,1,Stable,True,Unknown,-0.0008635285061629693,-0.0008767980078846628,20,lowvol,10,,,,,,,,,,,,,,
2025-06-16,CNP,34.96915054321289,True,2025-07-17,-0.030754893930812058,0.021836508557776302,2025-07-17,0.18421157,-0.026798846,-0.041311156,-0.054652713,22.500107,1,Stable,True,Utilities,-0.0026228700095322615,-0.004436482520097744,20,lowvol,10,,,,,,,,,,,,,,
2025-06-16,PNW,84.76008605957031,True,2025-07-17,-0.02208700682092986,0.030504395667658498,2025-07-17,0.18621059,-0.016181277,-0.030738954,-0.043685302,35.333366,1,Stable,True,Utilities,-0.0011428184405501787,-0.0028919473676853745,20,lowvol,10,,,,,,,,,,,,,,
2025-06-16,ATO,147.82662963867188,True,2025-07-17,-0.03309051965391359,0.01950088283467477,2025-07-17,0.19191618,-0.014757906,-0.030405425,-0.043341253,32.65784,1,Stable,True,Utilities,-0.0014800656390334796,-0.002829015077710736,20,lowvol,10,,,,,,,,,,,,,,
2025-06-16,EVRG,64.34735870361328,True,2025-07-17,-0.03610956220786295,0.016481840280725413,2025-07-17,0.19206241,0.011881766,0.014463569,0.0018959721,56.86281,1,Stable,True,Utilities,-0.0008635285061629693,-0.0020438278561130743,20,lowvol,10,,,,,,,,,,,,,,
2025-06-16,WM,230.95835876464844,True,2025-07-17,-0.0892964830004462,-0.036705080511857835,2025-07-17,0.19318782,-0.0056904387,0.02437922,0.011622792,43.20146,1,Stable,True,Industrials,-0.0018251539884529338,-0.004301938674801333,20,lowvol,10,,,,,,,,,,,,,,
2025-06-16,WEC,99.88810729980469,True,2025-07-17,-0.03241862417755355,0.02017277831103481,2025-07-17,0.19439511,-0.018582398,-0.021790206,-0.034495115,36.58535,1,Stable,True,Utilities,-0.0006088622403524283,-0.0028919473676853745,20,lowvol,10,,,,,,,,,,,,,,
2025-06-16,RSG,245.07652282714844,True,2025-07-17,-0.0856836642392978,-0.033092261750709444,2025-07-17,0.19482861,-0.016142296,0.002824909,-0.00964307,35.488247,1,Stable,True,Industrials,-0.0016591824621113949,-0.002685238748883341,20,lowvol,10,,,,,,,,,,,,,,
2025-06-16,O,53.893924713134766,True,2025-07-17,-0.06833276334920309,-0.01574136086061473,2025-07-17,0.1956604,0.019126628,0.025319153,0.012539936,65.742905,1,Stable,True,Real Estate,-0.001351692706898853,-0.002019395312763831,20,lowvol,10,,,,,,,,,,,,,,
2025-06-16,K,79.1615995645,True,2025-07-17,-0.055707443870517584,-0.003116041381929224,2025-07-17,0.04391309,-0.015822817,-0.017529776,-0.03014924,31.053892,1,Stable,True,Unknown,-0.0013228506743792516,-0.0028919473676853745,20,stable_lowvol,10,,,,,,,,,,,,,,
2025-06-16,JNPR,36.02,True,2025-07-17,,,2025-07-17,0.16641562,0.0051143225,0.0052959775,-0.007181994,56.209877,1,Stable,True,Unknown,-0.0008635285061629693,-0.0008767980078846628,20,stable_lowvol,10,,,,,,,,,,,,,,
2025-06-16,CNP,34.96915054321289,True,2025-07-17,-0.030754893930812058,0.021836508557776302,2025-07-17,0.18421157,-0.026798846,-0.041311156,-0.054652713,22.500107,1,Stable,True,Utilities,-0.0026228700095322615,-0.004436482520097744,20,stable_lowvol,10,,,,,,,,,,,,,,
2025-06-16,PNW,84.76008605957031,True,2025-07-17,-0.02208700682092986,0.030504395667658498,2025-07-17,0.18621059,-0.016181277,-0.030738954,-0.043685302,35.333366,1,Stable,True,Utilities,-0.0011428184405501787,-0.0028919473676853745,20,stable_lowvol,10,,,,,,,,,,,,,,
2025-06-16,ATO,147.82662963867188,True,2025-07-17,-0.03309051965391359,0.01950088283467477,2025-07-17,0.19191618,-0.014757906,-0.030405425,-0.043341253,32.65784,1,Stable,True,Utilities,-0.0014800656390334796,-0.002829015077710736,20,stable_lowvol,10,,,,,,,,,,,,,,
2025-06-16,EVRG,64.34735870361328,True,2025-07-17,-0.03610956220786295,0.016481840280725413,2025-07-17,0.19206241,0.011881766,0.014463569,0.0018959721,56.86281,1,Stable,True,Utilities,-0.0008635285061629693,-0.0020438278561130743,20,stable_lowvol,10,,,,,,,,,,,,,,
2025-06-16,WM,230.95835876464844,True,2025-07-17,-0.0892964830004462,-0.036705080511857835,2025-07-17,0.19318782,-0.0056904387,0.02437922,0.011622792,43.20146,1,Stable,True,Industrials,-0.0018251539884529338,-0.004301938674801333,20,stable_lowvol,10,,,,,,,,,,,,,,
2025-06-16,WEC,99.88810729980469,True,2025-07-17,-0.03241862417755355,0.02017277831103481,2025-07-17,0.19439511,-0.018582398,-0.021790206,-0.034495115,36.58535,1,Stable,True,Utilities,-0.0006088622403524283,-0.0028919473676853745,20,stable_lowvol,10,,,,,,,,,,,,,,
2025-06-16,RSG,245.07652282714844,True,2025-07-17,-0.0856836642392978,-0.033092261750709444,2025-07-17,0.19482861,-0.016142296,0.002824909,-0.00964307,35.488247,1,Stable,True,Industrials,-0.0016591824621113949,-0.002685238748883341,20,stable_lowvol,10,,,,,,,,,,,,,,
2025-06-16,O,53.893924713134766,True,2025-07-17,-0.06833276334920309,-0.01574136086061473,2025-07-17,0.1956604,0.019126628,0.025319153,0.012539936,65.742905,1,Stable,True,Real Estate,-0.001351692706898853,-0.002019395312763831,20,stable_lowvol,10,,,,,,,,,,,,,,
2025-06-16,SJM,90.68494415283203,True,2025-07-17,0.09978940678128383,0.15238080926987219,2025-07-17,0.35029826,-0.11888899,-0.15974972,-0.18651947,19.804876,1,Stable,True,Consumer Staples,0.006467027824307574,0.012765604867437429,20,all_train,10,,,,,,,,,,,,,,
2025-06-16,STZ,157.26959228515625,True,2025-07-17,0.015669707729425816,0.06826111021801418,2025-07-17,0.37899944,-0.080003195,-0.16772321,-0.19605422,17.647028,1,Stable,True,Consumer Staples,0.004625477671567323,0.018370706931970193,20,all_train,10,,,,,,,,,,,,,,
2025-06-16,LDOS,146.70895385742188,True,2025-07-17,0.03657115593543174,0.0891625584240201,2025-07-17,0.30409235,-0.0074337805,-0.06510293,-0.079782836,42.55503,1,Stable,True,Industrials,0.004503640203733694,0.002011430173901285,20,all_train,10,,,,,,,,,,,,,,
2025-06-16,ELV,368.783203125,True,2025-07-17,-0.2464664400468815,-0.19387503755829316,2025-07-17,0.32454947,-0.01969753,-0.062238444,-0.07672356,51.946796,1,Stable,True,Health Care,0.0042523536839276024,0.0010453014428077883,20,all_train,10,,,,,,,,,,,,,,
2025-06-16,OMC,67.93122100830078,True,2025-07-17,-0.028898794068338358,0.023692608420250002,2025-07-17,0.30780625,-0.020098975,-0.07290979,-0.0881684,40.311127,1,Stable,True,Communication Services,0.004168639567014171,-0.0005716497588728768,20,all_train,10,,,,,,,,,,,,,,
2025-06-16,POOL,282.2688293457031,True,2025-07-17,-0.005971549966453292,0.04661985252213507,2025-07-17,0.3287857,-0.039344627,-0.09460145,-0.11184404,39.974632,1,Stable,True,Unknown,0.003826614746020208,3.11418435676723e-05,20,all_train,10,,,,,,,,,,,,,,
2025-06-16,TSCO,50.28636169433594,True,2025-07-17,0.06215962049390561,0.11475102298249397,2025-07-17,0.32524785,0.02737798,-0.02005931,-0.032727227,58.809982,1,Stable,True,Consumer Discretionary,0.003026682853883946,0.0005128303369297704,20,all_train,10,,,,,,,,,,,,,,
2025-06-16,PGR,250.07882690429688,True,2025-07-17,-0.12183936776897038,-0.06924796528038202,2025-07-17,0.27310678,-0.039493877,-0.06852429,-0.08344917,36.64931,1,Stable,True,Financials,0.002873391854578034,-0.0017432974419239325,20,all_train,10,,,,,,,,,,,,,,
2025-06-16,ERIE,348.9857177734375,True,2025-07-17,-0.040805570557461104,0.011785831931127255,2025-07-17,0.3728029,-0.0036353623,-0.043135274,-0.05655725,54.15091,1,Stable,True,Financials,0.0026585577958995136,0.002542294130796187,20,all_train,10,,,,,,,,,,,,,,
2025-06-16,LEN,106.86345672607422,True,2025-07-17,0.0006322723912287886,0.05322367487981715,2025-07-17,0.3325326,0.009887571,-0.021187218,-0.033878885,52.943638,1,Stable,True,Consumer Discretionary,0.002575445413216265,-0.0015693762166287518,20,all_train,10,,,,,,,,,,,,,,
2025-06-16,STZ,157.26959228515625,True,2025-07-17,0.015669707729425816,0.06826111021801418,2025-07-17,0.37899944,-0.080003195,-0.16772321,-0.19605422,17.647028,1,Stable,True,Consumer Staples,0.004625477671567323,0.018370706931970193,20,stable_train,10,,,,,,,,,,,,,,
2025-06-16,CPRT,48.38999938964844,True,2025-07-17,-0.0965497485375792,-0.04395834604899084,2025-07-17,0.28022987,-0.08577367,-0.2420113,-0.28955078,11.208398,1,Stable,True,Industrials,-0.010358479051304383,0.01782504358487032,20,stable_train,10,,,,,,,,,,,,,,
2025-06-16,PCG,13.433297157287598,True,2025-07-17,-0.07224175708694476,-0.0196503545983564,2025-07-17,0.35294804,-0.15256876,-0.23894794,-0.2855175,9.026098,1,Stable,True,Utilities,-0.01901272460837777,0.013015835759332432,20,stable_train,10,,,,,,,,,,,,,,
2025-06-16,SJM,90.68494415283203,True,2025-07-17,0.09978940678128383,0.15238080926987219,2025-07-17,0.35029826,-0.11888899,-0.15974972,-0.18651947,19.804876,1,Stable,True,Consumer Staples,0.006467027824307574,0.012765604867437429,20,stable_train,10,,,,,,,,,,,,,,
2025-06-16,ROST,129.97068786621094,True,2025-07-17,-0.04151040047603012,0.011081002012558239,2025-07-17,0.2972647,-0.074656904,-0.1399117,-0.16318421,28.849594,1,Stable,True,Consumer Discretionary,0.0021515026367888218,0.012473400486507347,20,stable_train,10,,,,,,,,,,,,,,
2025-06-16,AOS,62.615211486816406,True,2025-07-17,0.06633959649214022,0.11893099898072858,2025-07-17,0.26491734,-0.018996214,-0.087918185,-0.10448958,33.30718,1,Stable,True,Industrials,0.001529514406341997,0.003908704891216005,20,stable_train,10,,,,,,,,,,,,,,
2025-06-16,AFL,100.07051086425781,True,2025-07-17,-0.05915430672982132,-0.006562904241232958,2025-07-17,0.24943516,-0.0033984215,-0.03307258,-0.04609584,46.981644,1,Stable,True,Financials,0.001414281281494427,0.002674763665570586,20,stable_train,10,,,,,,,,,,,,,,
2025-06-16,ERIE,348.9857177734375,True,2025-07-17,-0.040805570557461104,0.011785831931127255,2025-07-17,0.3728029,-0.0036353623,-0.043135274,-0.05655725,54.15091,1,Stable,True,Financials,0.0026585577958995136,0.002542294130796187,20,stable_train,10,,,,,,,,,,,,,,
2025-06-16,LDOS,146.70895385742188,True,2025-07-17,0.03657115593543174,0.0891625584240201,2025-07-17,0.30409235,-0.0074337805,-0.06510293,-0.079782836,42.55503,1,Stable,True,Industrials,0.004503640203733694,0.002011430173901285,20,stable_train,10,,,,,,,,,,,,,,
2025-06-16,PSA,282.82330322265625,True,2025-07-17,-0.08705290618202105,-0.0344615036934327,2025-07-17,0.2341959,-0.015433734,-0.037574813,-0.05076294,45.60446,1,Stable,True,Real Estate,0.00016209737105218495,0.0013853455919215119,20,stable_train,10,,,,,,,,,,,,,,
2025-07-16,K,78.6193968278,True,2025-08-14,-0.025932535054568683,0.0012503125785066074,2025-08-14,0.056278273,0.005535172,-0.006849315,-0.044381365,71.59091,1,Stable,True,Unknown,0.001340365310467006,0.002679741378125488,20,lowvol,10,,,,,,,,,,,,,,
2025-07-16,CNP,35.085811614990234,True,2025-08-14,0.025967735508830164,0.053150583141905454,2025-08-14,0.17295313,-0.0013834871,0.0033361139,-0.034177925,47.025482,1,Stable,True,Utilities,-0.00023597214358288095,-0.0006321244895345584,20,lowvol,10,,,,,,,,,,,,,,
2025-07-16,PNW,86.65699768066406,True,2025-08-14,-0.01323659283296049,0.013946254800114799,2025-08-14,0.17982014,0.011707446,0.022379775,-0.015375464,61.9362,1,Stable,True,Utilities,-0.0009252616752298885,0.000325735314381965,20,lowvol,10,,,,,,,,,,,,,,
2025-07-16,ATO,150.53933715820312,True,2025-08-14,0.04275986992427531,0.0699427175573506,2025-08-14,0.1833817,0.0081654,0.018350601,-0.019324226,58.254852,1,Stable,True,Utilities,0.00036743429613794243,0.000325735314381965,20,lowvol,10,,,,,,,,,,,,,,
2025-07-16,WEC,101.78707885742188,True,2025-08-14,-0.0006716289167005528,0.026511218716374737,2025-08-14,0.18603945,0.015845932,0.019010987,-0.01867595,67.23046,1,Stable,True,Utilities,0.00010123627893390034,0.000325735314381965,20,lowvol,10,,,,,,,,,,,,,,
2025-07-16,AEE,94.16691589355469,True,2025-08-14,0.015477629157025143,0.04266047679010043,2025-08-14,0.18773632,0.012376276,0.02151669,-0.016220013,61.745007,1,Stable,True,Utilities,-0.0009252616752298885,0.000325735314381965,20,lowvol,10,,,,,,,,,,,,,,
2025-07-16,CMS,68.04901885986328,True,2025-08-14,0.004895424227269664,0.032078271860344953,2025-08-14,0.1902262,0.0141527485,0.016537197,-0.02110654,66.77209,1,Stable,True,Utilities,0.00010123627893390034,-0.0001711588119759928,20,lowvol,10,,,,,,,,,,,,,,
2025-07-16,EVRG,65.17072296142578,True,2025-08-14,0.046077661494226464,0.07326050912730175,2025-08-14,0.19026251,-0.006241158,0.012795619,-0.02479404,49.20211,1,Stable,True,Utilities,-0.00023597214358288095,-0.001128030045503463,20,lowvol,10,,,,,,,,,,,,,,
2025-07-16,DUK,112.82098388671875,True,2025-08-14,0.030709258030184462,0.05789210566325975,2025-08-14,0.19182754,0.007497064,0.020710573,-0.017009463,58.728664,1,Stable,True,Utilities,-0.0007895931100895367,0.000325735314381965,20,lowvol,10,,,,,,,,,,,,,,
2025-07-16,DTE,129.9039764404297,True,2025-08-14,0.01141272175756973,0.03859556939064502,2025-08-14,0.19521655,0.014208592,0.00803538,-0.029505217,64.14142,1,Stable,True,Utilities,0.0003755606944027903,7.086151580128375e-05,20,lowvol,10,,,,,,,,,,,,,,
2025-07-16,K,78.6193968278,True,2025-08-14,-0.025932535054568683,0.0012503125785066074,2025-08-14,0.056278273,0.005535172,-0.006849315,-0.044381365,71.59091,1,Stable,True,Unknown,0.001340365310467006,0.002679741378125488,20,stable_lowvol,10,,,,,,,,,,,,,,
2025-07-16,CNP,35.085811614990234,True,2025-08-14,0.025967735508830164,0.053150583141905454,2025-08-14,0.17295313,-0.0013834871,0.0033361139,-0.034177925,47.025482,1,Stable,True,Utilities,-0.00023597214358288095,-0.0006321244895345584,20,stable_lowvol,10,,,,,,,,,,,,,,
2025-07-16,PNW,86.65699768066406,True,2025-08-14,-0.01323659283296049,0.013946254800114799,2025-08-14,0.17982014,0.011707446,0.022379775,-0.015375464,61.9362,1,Stable,True,Utilities,-0.0009252616752298885,0.000325735314381965,20,stable_lowvol,10,,,,,,,,,,,,,,
2025-07-16,ATO,150.53933715820312,True,2025-08-14,0.04275986992427531,0.0699427175573506,2025-08-14,0.1833817,0.0081654,0.018350601,-0.019324226,58.254852,1,Stable,True,Utilities,0.00036743429613794243,0.000325735314381965,20,stable_lowvol,10,,,,,,,,,,,,,,
2025-07-16,WEC,101.78707885742188,True,2025-08-14,-0.0006716289167005528,0.026511218716374737,2025-08-14,0.18603945,0.015845932,0.019010987,-0.01867595,67.23046,1,Stable,True,Utilities,0.00010123627893390034,0.000325735314381965,20,stable_lowvol,10,,,,,,,,,,,,,,
2025-07-16,AEE,94.16691589355469,True,2025-08-14,0.015477629157025143,0.04266047679010043,2025-08-14,0.18773632,0.012376276,0.02151669,-0.016220013,61.745007,1,Stable,True,Utilities,-0.0009252616752298885,0.000325735314381965,20,stable_lowvol,10,,,,,,,,,,,,,,
2025-07-16,CMS,68.04901885986328,True,2025-08-14,0.004895424227269664,0.032078271860344953,2025-08-14,0.1902262,0.0141527485,0.016537197,-0.02110654,66.77209,1,Stable,True,Utilities,0.00010123627893390034,-0.0001711588119759928,20,stable_lowvol,10,,,,,,,,,,,,,,
2025-07-16,EVRG,65.17072296142578,True,2025-08-14,0.046077661494226464,0.07326050912730175,2025-08-14,0.19026251,-0.006241158,0.012795619,-0.02479404,49.20211,1,Stable,True,Utilities,-0.00023597214358288095,-0.001128030045503463,20,stable_lowvol,10,,,,,,,,,,,,,,
2025-07-16,DUK,112.82098388671875,True,2025-08-14,0.030709258030184462,0.05789210566325975,2025-08-14,0.19182754,0.007497064,0.020710573,-0.017009463,58.728664,1,Stable,True,Utilities,-0.0007895931100895367,0.000325735314381965,20,stable_lowvol,10,,,,,,,,,,,,,,
2025-07-16,DTE,129.9039764404297,True,2025-08-14,0.01141272175756973,0.03859556939064502,2025-08-14,0.19521655,0.014208592,0.00803538,-0.029505217,64.14142,1,Stable,True,Utilities,0.0003755606944027903,7.086151580128375e-05,20,stable_lowvol,10,,,,,,,,,,,,,,
2025-07-16,CF,90.19044494628906,True,2025-08-14,-0.09821445471880139,-0.0710316070857261,2025-08-14,0.36210278,-0.031076834,-0.080802105,-0.12176233,53.018078,1,Stable,True,Materials,0.006276042066972356,-0.001496391259028873,20,all_train,10,,,,,,,,,,,,,,
2025-07-16,ACN,274.0233459472656,True,2025-08-14,-0.15643643814983854,-0.12925359051676324,2025-08-14,0.30819756,-0.048461232,-0.10581638,-0.14935261,36.080997,1,Stable,True,Information Technology,0.006072989999511791,-0.0012707962406950074,20,all_train,10,,,,,,,,,,,,,,
2025-07-16,ELV,337.46112060546875,True,2025-08-14,-0.05039353608190974,-0.02321068844883445,2025-08-14,0.3681186,-0.047659915,-0.084933594,-0.12626712,34.783512,1,Stable,True,Health Care,0.005260408831798699,-0.0011821007405239843,20,all_train,10,,,,,,,,,,,,,,
2025-07-16,MOH,216.05999755859375,True,2025-08-14,-0.24564059606483787,-0.21845774843176258,2025-08-14,0.55573577,-0.17424357,-0.25560725,-0.33269498,18.768002,1,Stable,True,Unknown,0.003289241352786672,0.023310694423091673,20,all_train,10,,,,,,,,,,,,,,
2025-07-16,CAG,17.325481414794922,True,2025-08-14,0.01697777566750428,0.04416062330057957,2025-08-14,0.27305156,-0.07203416,-0.11851847,-0.16365972,30.140888,1,Stable,True,Unknown,0.003283624214138673,0.017616137721983127,20,all_train,10,,,,,,,,,,,,,,
2025-07-16,ERIE,341.03515625,True,2025-08-14,0.012063741052820189,0.03924658868589548,2025-08-14,0.3659851,0.007246157,-0.02278191,-0.060553916,56.54463,1,Stable,True,Financials,0.00315804207330227,0.00164624567871813,20,all_train,10,,,,,,,,,,,,,,
2025-07-16,INCY,69.2300033569336,True,2025-08-14,0.22259958072321623,0.24978242835629152,2025-08-14,0.36051914,0.009154306,-0.027941559,-0.06584784,54.78905,1,Stable,True,Health Care,0.00315804207330227,0.0013166156005249645,20,all_train,10,,,,,,,,,,,,,,
2025-07-16,ZTS,148.18887329101562,True,2025-08-14,-0.003575615758912822,0.023607231874162467,2025-08-14,0.30218157,-0.034325022,-0.07811171,-0.1188397,34.2032,1,Stable,True,Health Care,0.0030510440505920502,-0.0011821007405239843,20,all_train,10,,,,,,,,,,,,,,
2025-07-16,BG,70.55595397949219,True,2025-08-14,0.09501505122062606,0.12219789885370136,2025-08-14,0.32602403,-0.082597606,-0.15391752,-0.20464692,20.74865,1,Stable,True,Consumer Staples,0.0027554904871977997,0.011349405981343114,20,all_train,10,,,,,,,,,,,,,,
2025-07-16,LW,48.1851692199707,True,2025-08-14,0.06586125141263469,0.09304409904570997,2025-08-14,0.3605287,-0.04375761,-0.095677294,-0.13807748,33.296387,1,Stable,True,Unknown,0.002537260888687548,-0.0012707962406950074,20,all_train,10,,,,,,,,,,,,,,
2025-07-16,MOH,216.05999755859375,True,2025-08-14,-0.24564059606483787,-0.21845774843176258,2025-08-14,0.55573577,-0.17424357,-0.25560725,-0.33269498,18.768002,1,Stable,True,Unknown,0.003289241352786672,0.023310694423091673,20,stable_train,10,,,,,,,,,,,,,,
2025-07-16,CAG,17.325481414794922,True,2025-08-14,0.01697777566750428,0.04416062330057957,2025-08-14,0.27305156,-0.07203416,-0.11851847,-0.16365972,30.140888,1,Stable,True,Unknown,0.003283624214138673,0.017616137721983127,20,stable_train,10,,,,,,,,,,,,,,
2025-07-16,BG,70.55595397949219,True,2025-08-14,0.09501505122062606,0.12219789885370136,2025-08-14,0.32602403,-0.082597606,-0.15391752,-0.20464692,20.74865,1,Stable,True,Consumer Staples,0.0027554904871977997,0.011349405981343114,20,stable_train,10,,,,,,,,,,,,,,
2025-07-16,EBAY,75.94491577148438,True,2025-08-14,0.2552758245244818,0.28245867215755704,2025-08-14,0.28332597,0.010722136,-0.010165976,-0.04772649,64.25185,1,Stable,True,Consumer Discretionary,0.0013756418628336538,0.003582753829892684,20,stable_train,10,,,,,,,,,,,,,,
2025-07-16,GILD,107.06098937988281,True,2025-08-14,0.06675094380986926,0.09393379144294454,2025-08-14,0.3093852,-0.0010139752,-0.008842351,-0.04639016,59.048923,1,Stable,True,Health Care,0.00031445539029294,0.0029038926047391116,20,stable_train,10,,,,,,,,,,,,,,
2025-07-16,CPT,109.63385009765625,True,2025-08-14,-0.09840508634857686,-0.07122223871550158,2025-08-14,0.24017523,0.0043316297,-0.00858342,-0.046128955,62.26625,1,Stable,True,Real Estate,0.001017903796277217,0.0029038926047391116,20,stable_train,10,,,,,,,,,,,,,,
2025-07-16,TMUS,224.5093994140625,True,2025-08-14,0.07535864700237196,0.10254149463544726,2025-08-14,0.33027643,-0.00999353,-0.00974063,-0.047296867,47.021526,1,Stable,True,Communication Services,0.00031445539029294,0.002811519701388468,20,stable_train,10,,,,,,,,,,,,,,
2025-07-16,K,78.6193968278,True,2025-08-14,-0.025932535054568683,0.0012503125785066074,2025-08-14,0.056278273,0.005535172,-0.006849315,-0.044381365,71.59091,1,Stable,True,Unknown,0.001340365310467006,0.002679741378125488,20,stable_train,10,,,,,,,,,,,,,,
2025-07-16,RTX,147.32479858398438,True,2025-08-14,-0.00355224377534143,0.02363060385773386,2025-08-14,0.32163662,0.029884182,0.025330938,-0.012493059,78.047226,1,Stable,True,Industrials,-0.00036427629924201216,0.0024001762905832124,20,stable_train,10,,,,,,,,,,,,,,
2025-07-16,BMY,45.00960159301758,True,2025-08-14,-0.032384642399504414,-0.005201794766429124,2025-08-14,0.30664316,0.010385107,-0.017835869,-0.05550533,56.819733,1,Stable,True,Health Care,0.0020672033436360693,0.0023251069038717023,20,stable_train,10,,,,,,,,,,,,,,
2025-08-13,K,79.0630172487,True,2025-09-12,-0.018723468778566305,-0.0008291682973704528,2025-09-12,0.05745909,0.0030140446,0.0056426334,-0.026249519,59.34066,1,Stable,True,Unknown,-0.0003186604617182088,-0.000326882573885044,20,lowvol,10,,,,,,,,,,,,,,
2025-08-13,KO,68.51947021484375,True,2025-09-12,-0.0544146861689921,-0.03652038568779625,2025-09-12,0.18000482,0.013244315,0.017179042,-0.014843141,59.366333,1,Stable,True,Consumer Staples,-0.0010225454986877221,-0.0004885682274051448,20,lowvol,10,,,,,,,,,,,,,,
2025-08-13,WEC,105.44116973876953,True,2025-09-12,0.004208832245013047,0.0221031327262089,2025-09-12,0.1802529,0.0061361603,0.03589936,0.0033937038,51.879646,1,Stable,True,Utilities,-0.0010225454986877221,-0.003089921003494877,20,lowvol,10,,,,,,,,,,,,,,
2025-08-13,CNP,37.55513381958008,True,2025-09-12,-0.01737992953471242,0.0005143709464834334,2025-09-12,0.18048106,0.011282974,0.07037951,0.036136977,58.14432,1,Stable,True,Utilities,-0.0018471210641664698,-0.002970634728039559,20,lowvol,10,,,,,,,,,,,,,,
2025-08-13,SO,91.03826904296875,True,2025-09-12,-0.03051144820392389,-0.01261714772272804,2025-09-12,0.18383129,-2.6376694e-05,0.015969943,-0.016032526,48.874626,1,Stable,True,Utilities,-0.0008498261483960791,-0.0011722115505675079,20,lowvol,10,,,,,,,,,,,,,,
2025-08-13,PNW,89.59124755859375,True,2025-09-12,-0.05836848051671813,-0.04047418003552228,2025-09-12,0.18555187,0.017893342,0.03386051,0.0014235695,58.94613,1,Stable,True,Utilities,-0.0010225454986877221,-0.0008985565052413054,20,lowvol,10,,,,,,,,,,,,,,
2025-08-13,ATO,162.35263061523438,True,2025-09-12,-0.010214469613749241,0.007679830867446611,2025-09-12,0.18556058,0.05113409,0.078473136,0.043669984,71.31031,1,Stable,True,Utilities,-0.0019027245685417553,-0.0012371332122058432,20,lowvol,10,,,,,,,,,,,,,,
2025-08-13,DUK,120.40687561035156,True,2025-09-12,-0.02800030542365302,-0.010106004942457168,2025-09-12,0.18795739,0.031204412,0.06723831,0.033198,70.752106,1,Stable,True,Utilities,-0.0015882132324289459,0.0010778607755725059,20,lowvol,10,,,,,,,,,,,,,,
2025-08-13,WM,226.2734375,True,2025-09-12,-0.0496020185080049,-0.031707718026809044,2025-09-12,0.1886458,-0.002176702,0.017887125,-0.014147259,48.955544,1,Stable,True,Industrials,-0.0010225454986877221,-0.0009730150989730678,20,lowvol,10,,,,,,,,,,,,,,
2025-08-13,CMS,71.23452758789062,True,2025-09-12,-0.030430348352313466,-0.012536047871117615,2025-09-12,0.18989512,0.011533506,0.04681197,0.013873037,57.01945,1,Stable,True,Utilities,-0.0017362710627967161,-0.0007494821557321326,20,lowvol,10,,,,,,,,,,,,,,
2025-08-13,K,79.0630172487,True,2025-09-12,-0.018723468778566305,-0.0008291682973704528,2025-09-12,0.05745909,0.0030140446,0.0056426334,-0.026249519,59.34066,1,Stable,True,Unknown,-0.0003186604617182088,-0.000326882573885044,20,stable_lowvol,10,,,,,,,,,,,,,,
2025-08-13,KO,68.51947021484375,True,2025-09-12,-0.0544146861689921,-0.03652038568779625,2025-09-12,0.18000482,0.013244315,0.017179042,-0.014843141,59.366333,1,Stable,True,Consumer Staples,-0.0010225454986877221,-0.0004885682274051448,20,stable_lowvol,10,,,,,,,,,,,,,,
2025-08-13,WEC,105.44116973876953,True,2025-09-12,0.004208832245013047,0.0221031327262089,2025-09-12,0.1802529,0.0061361603,0.03589936,0.0033937038,51.879646,1,Stable,True,Utilities,-0.0010225454986877221,-0.003089921003494877,20,stable_lowvol,10,,,,,,,,,,,,,,
2025-08-13,CNP,37.55513381958008,True,2025-09-12,-0.01737992953471242,0.0005143709464834334,2025-09-12,0.18048106,0.011282974,0.07037951,0.036136977,58.14432,1,Stable,True,Utilities,-0.0018471210641664698,-0.002970634728039559,20,stable_lowvol,10,,,,,,,,,,,,,,
2025-08-13,SO,91.03826904296875,True,2025-09-12,-0.03051144820392389,-0.01261714772272804,2025-09-12,0.18383129,-2.6376694e-05,0.015969943,-0.016032526,48.874626,1,Stable,True,Utilities,-0.0008498261483960791,-0.0011722115505675079,20,stable_lowvol,10,,,,,,,,,,,,,,
2025-08-13,PNW,89.59124755859375,True,2025-09-12,-0.05836848051671813,-0.04047418003552228,2025-09-12,0.18555187,0.017893342,0.03386051,0.0014235695,58.94613,1,Stable,True,Utilities,-0.0010225454986877221,-0.0008985565052413054,20,stable_lowvol,10,,,,,,,,,,,,,,
2025-08-13,ATO,162.35263061523438,True,2025-09-12,-0.010214469613749241,0.007679830867446611,2025-09-12,0.18556058,0.05113409,0.078473136,0.043669984,71.31031,1,Stable,True,Utilities,-0.0019027245685417553,-0.0012371332122058432,20,stable_lowvol,10,,,,,,,,,,,,,,
2025-08-13,DUK,120.40687561035156,True,2025-09-12,-0.02800030542365302,-0.010106004942457168,2025-09-12,0.18795739,0.031204412,0.06723831,0.033198,70.752106,1,Stable,True,Utilities,-0.0015882132324289459,0.0010778607755725059,20,stable_lowvol,10,,,,,,,,,,,,,,
2025-08-13,WM,226.2734375,True,2025-09-12,-0.0496020185080049,-0.031707718026809044,2025-09-12,0.1886458,-0.002176702,0.017887125,-0.014147259,48.955544,1,Stable,True,Industrials,-0.0010225454986877221,-0.0009730150989730678,20,stable_lowvol,10,,,,,,,,,,,,,,
2025-08-13,CMS,71.23452758789062,True,2025-09-12,-0.030430348352313466,-0.012536047871117615,2025-09-12,0.18989512,0.011533506,0.04681197,0.013873037,57.01945,1,Stable,True,Utilities,-0.0017362710627967161,-0.0007494821557321326,20,stable_lowvol,10,,,,,,,,,,,,,,
2025-08-13,VRTX,395.9200134277344,True,2025-09-12,-0.007056454930014574,0.010837845551181278,2025-09-12,0.44024497,-0.09205048,-0.15680966,-0.20243885,31.27851,1,Stable,True,Health Care,0.009092946943216475,0.02005791793676357,20,all_train,10,,,,,,,,,,,,,,
2025-08-13,OTIS,86.92875671386719,True,2025-09-12,0.004373739390954572,0.022268039872150425,2025-09-12,0.3165754,-0.006679314,-0.11072359,-0.14922346,50.11877,1,Stable,True,Industrials,0.006962715880643593,-0.0006869202027567592,20,all_train,10,,,,,,,,,,,,,,
2025-08-13,EXE,92.9009780883789,True,2025-09-12,-0.004945547533201719,0.012948752947994134,2025-09-12,0.3461493,-0.042162325,-0.1094082,-0.14774539,41.64895,1,Stable,True,Energy,0.006360613948231668,-0.003012146766662625,20,all_train,10,,,,,,,,,,,,,,
2025-08-13,IBM,233.98707580566406,True,2025-09-12,0.05097669457641357,0.06887099505760942,2025-09-12,0.30793673,-0.06876449,-0.14268894,-0.18583077,28.395512,1,Stable,True,Information Technology,0.004550245397397036,0.018811776121091528,20,all_train,10,,,,,,,,,,,,,,
2025-08-13,ELV,288.3722839355469,True,2025-09-12,0.0431395447730826,0.061033845254278456,2025-09-12,0.4489436,0.030799907,-0.14546517,-0.1890743,60.829197,1,Stable,True,Health Care,0.004081816913964973,0.008395936156874395,20,all_train,10,,,,,,,,,,,,,,
2025-08-13,FIS,70.48880004882812,True,2025-09-12,-0.07864052895051828,-0.06074622846932242,2025-09-12,0.32322395,-0.058170296,-0.0829238,-0.11844101,31.107775,1,Stable,True,Financials,0.0037123276434520487,-0.0019459089086289216,20,all_train,10,,,,,,,,,,,,,,
2025-08-13,CAH,146.59539794921875,True,2025-09-12,-0.004447263820288667,0.013447036660907186,2025-09-12,0.25051853,-0.052662615,-0.08062822,-0.11594099,34.243114,1,Stable,True,Health Care,0.00360567900347947,-0.002329411894056473,20,all_train,10,,,,,,,,,,,,,,
2025-08-13,CI,280.87744140625,True,2025-09-12,0.030113752823602766,0.04800805330479862,2025-09-12,0.3046697,0.008552194,-0.061212394,-0.09504231,45.409336,1,Stable,True,Health Care,0.003388943189556998,-0.0017770892845098555,20,all_train,10,,,,,,,,,,,,,,
2025-08-13,PM,160.08241271972656,True,2025-09-12,-0.012811823722584787,0.005082476758611065,2025-09-12,0.26583886,-0.0058999513,-0.09488725,-0.13157205,60.152336,1,Stable,True,Consumer Staples,0.0033713665324680364,6.094059356367161e-05,20,all_train,10,,,,,,,,,,,,,,
2025-08-13,LMT,430.9467468261719,True,2025-09-12,0.06769165924905299,0.08558595973024884,2025-09-12,0.3032779,0.027889172,-0.06129757,-0.095133044,74.04975,1,Stable,True,Industrials,0.0032658257210492815,-0.007834456137764472,20,all_train,10,,,,,,,,,,,,,,
2025-08-13,VRTX,395.9200134277344,True,2025-09-12,-0.007056454930014574,0.010837845551181278,2025-09-12,0.44024497,-0.09205048,-0.15680966,-0.20243885,31.27851,1,Stable,True,Health Care,0.009092946943216475,0.02005791793676357,20,stable_train,10,,,,,,,,,,,,,,
2025-08-13,IBM,233.98707580566406,True,2025-09-12,0.05097669457641357,0.06887099505760942,2025-09-12,0.30793673,-0.06876449,-0.14268894,-0.18583077,28.395512,1,Stable,True,Information Technology,0.004550245397397036,0.018811776121091528,20,stable_train,10,,,,,,,,,,,,,,
2025-08-13,ELV,288.3722839355469,True,2025-09-12,0.0431395447730826,0.061033845254278456,2025-09-12,0.4489436,0.030799907,-0.14546517,-0.1890743,60.829197,1,Stable,True,Health Care,0.004081816913964973,0.008395936156874395,20,stable_train,10,,,,,,,,,,,,,,
2025-08-13,FDS,369.88861083984375,True,2025-09-12,-0.05005158724251209,-0.03215728676131624,2025-09-12,0.24877077,-0.067504294,-0.13780841,-0.18015407,20.739635,1,Stable,True,Financials,0.0015847961644529388,0.007650343637327762,20,stable_train,10,,,,,,,,,,,,,,
2025-08-13,VRSK,261.8113708496094,True,2025-09-12,-0.03843976140585777,-0.020545460924661918,2025-09-12,0.25218138,-0.06098164,-0.12368978,-0.1639114,21.929022,1,Stable,True,Industrials,7.10994542185279e-05,0.0057266628249093956,20,stable_train,10,,,,,,,,,,,,,,
2025-08-13,HCA,387.8285217285156,True,2025-09-12,0.01126870528417238,0.029163005765368233,2025-09-12,0.29017505,0.07993886,0.07689348,0.042204194,87.42356,1,Stable,True,Health Care,-0.0017596865010105808,0.004983877125386921,20,stable_train,10,,,,,,,,,,,,,,
2025-08-13,MKTX,184.6657257080078,True,2025-09-12,-0.028687068269723854,-0.010792767788528002,2025-09-12,0.29414228,-0.06784278,-0.12309193,-0.1632294,25.10067,1,Stable,True,Unknown,0.0005331091340830177,0.004532823897253022,20,stable_train,10,,,,,,,,,,,,,,
2025-08-13,ABT,126.47663879394531,True,2025-09-12,0.016526963634175534,0.034421264115371386,2025-09-12,0.24976131,0.011569652,-0.01776241,-0.049798343,60.096645,1,Stable,True,Health Care,0.0011899577058114583,0.0026792372127764064,20,stable_train,10,,,,,,,,,,,,,,
2025-08-13,TTWO,236.13999938964844,True,2025-09-12,0.03829025364031971,0.05618455412151556,2025-09-12,0.3045613,0.040589783,-0.010849061,-0.04278463,62.011547,1,Stable,True,Communication Services,0.0017494527542529245,0.001973113651468955,20,stable_train,10,,,,,,,,,,,,,,
2025-08-13,AIG,78.0273208618164,True,2025-09-12,-0.03507761297828389,-0.01718331249708804,2025-09-12,0.2684616,0.010658122,-0.013581963,-0.045551334,52.635765,1,Stable,True,Financials,0.0011342085985248157,0.0018965065216952352,20,stable_train,10,,,,,,,,,,,,,,
2025-09-11,K,79.0282199641,True,2025-10-10,0.04800935946072062,0.04318267657026454,2025-10-10,0.060074307,0.0030091137,-0.00044012087,-0.018962223,52.532898,1,Stable,True,Unknown,-0.00035041576682833653,-0.001207953248350692,20,lowvol,10,,,,,,,,,,,,,,
2025-09-11,WEC,106.0919189453125,True,2025-10-10,0.04653854399260949,0.04171186110215341,2025-10-10,0.16540569,0.019172119,0.0061716805,-0.012369292,56.90419,1,Stable,True,Utilities,-0.0010501707299489162,-0.0001815533144546692,20,lowvol,10,,,,,,,,,,,,,,
2025-09-11,SO,89.18512725830078,True,2025-10-10,0.07007000346039127,0.06524332056993519,2025-10-10,0.1668126,-0.006689475,-0.020355634,-0.03908767,29.28453,1,Stable,True,Utilities,-0.0020584224282053218,-0.003365407270653926,20,lowvol,10,,,,,,,,,,,,,,
2025-09-11,CNP,37.389644622802734,True,2025-10-10,0.030977247433268032,0.026150564542811953,2025-10-10,0.17068483,0.0116823,-0.0044065667,-0.02293831,53.61449,1,Stable,True,Utilities,-5.9444458574395113e-05,-0.0013660259830810012,20,lowvol,10,,,,,,,,,,,,,,
2025-09-11,KO,65.7576904296875,True,2025-10-10,0.012946931458550538,0.008120248568094457,2025-10-10,0.1716427,-0.019324904,-0.040306497,-0.059663318,22.3636,1,Stable,True,Consumer Staples,-0.0007904205918718923,-0.0011522661072305427,20,lowvol,10,,,,,,,,,,,,,,
2025-09-11,FE,41.906375885009766,True,2025-10-10,0.07583126153113041,0.07100457864067433,2025-10-10,0.1751456,0.0023800253,-0.008191143,-0.02674688,52.820404,1,Stable,True,Utilities,-0.00035041576682833653,-0.001848508747200795,20,lowvol,10,,,,,,,,,,,,,,
2025-09-11,AEE,98.22856140136719,True,2025-10-10,0.03340090751041881,0.028574224619962733,2025-10-10,0.17682235,0.0035912704,-0.011667455,-0.030258058,46.289284,1,Stable,True,Utilities,-0.00035041576682833653,-0.0021385689001123614,20,lowvol,10,,,,,,,,,,,,,,
2025-09-11,ATO,162.6200714111328,True,2025-10-10,0.06451191812406311,0.059685235233607026,2025-10-10,0.17723878,0.0066343322,0.0016472834,-0.016876077,51.64033,1,Stable,True,Utilities,-0.0007760223252940591,-0.0011418958554149047,20,lowvol,10,,,,,,,,,,,,,,
2025-09-11,PNW,85.07606506347656,True,2025-10-10,0.052677861202335884,0.0478511783118798,2025-10-10,0.17773293,-0.016220089,-0.050397586,-0.0702339,30.811617,1,Stable,True,Utilities,-0.001253118572730504,-0.003553758956351812,20,lowvol,10,,,,,,,,,,,,,,
2025-09-11,DUK,117.96981811523438,True,2025-10-10,0.04640111360923606,0.041574430718779976,2025-10-10,0.17883798,-0.0022287136,-0.020240186,-0.03896983,36.800907,1,Stable,True,Utilities,-0.001342341703206528,-0.0048152938635057894,20,lowvol,10,,,,,,,,,,,,,,
2025-09-11,K,79.0282199641,True,2025-10-10,0.04800935946072062,0.04318267657026454,2025-10-10,0.060074307,0.0030091137,-0.00044012087,-0.018962223,52.532898,1,Stable,True,Unknown,-0.00035041576682833653,-0.001207953248350692,20,stable_lowvol,10,,,,,,,,,,,,,,
2025-09-11,WEC,106.0919189453125,True,2025-10-10,0.04653854399260949,0.04171186110215341,2025-10-10,0.16540569,0.019172119,0.0061716805,-0.012369292,56.90419,1,Stable,True,Utilities,-0.0010501707299489162,-0.0001815533144546692,20,stable_lowvol,10,,,,,,,,,,,,,,
2025-09-11,SO,89.18512725830078,True,2025-10-10,0.07007000346039127,0.06524332056993519,2025-10-10,0.1668126,-0.006689475,-0.020355634,-0.03908767,29.28453,1,Stable,True,Utilities,-0.0020584224282053218,-0.003365407270653926,20,stable_lowvol,10,,,,,,,,,,,,,,
2025-09-11,CNP,37.389644622802734,True,2025-10-10,0.030977247433268032,0.026150564542811953,2025-10-10,0.17068483,0.0116823,-0.0044065667,-0.02293831,53.61449,1,Stable,True,Utilities,-5.9444458574395113e-05,-0.0013660259830810012,20,stable_lowvol,10,,,,,,,,,,,,,,
2025-09-11,KO,65.7576904296875,True,2025-10-10,0.012946931458550538,0.008120248568094457,2025-10-10,0.1716427,-0.019324904,-0.040306497,-0.059663318,22.3636,1,Stable,True,Consumer Staples,-0.0007904205918718923,-0.0011522661072305427,20,stable_lowvol,10,,,,,,,,,,,,,,
2025-09-11,FE,41.906375885009766,True,2025-10-10,0.07583126153113041,0.07100457864067433,2025-10-10,0.1751456,0.0023800253,-0.008191143,-0.02674688,52.820404,1,Stable,True,Utilities,-0.00035041576682833653,-0.001848508747200795,20,stable_lowvol,10,,,,,,,,,,,,,,
2025-09-11,AEE,98.22856140136719,True,2025-10-10,0.03340090751041881,0.028574224619962733,2025-10-10,0.17682235,0.0035912704,-0.011667455,-0.030258058,46.289284,1,Stable,True,Utilities,-0.00035041576682833653,-0.0021385689001123614,20,stable_lowvol,10,,,,,,,,,,,,,,
2025-09-11,ATO,162.6200714111328,True,2025-10-10,0.06451191812406311,0.059685235233607026,2025-10-10,0.17723878,0.0066343322,0.0016472834,-0.016876077,51.64033,1,Stable,True,Utilities,-0.0007760223252940591,-0.0011418958554149047,20,stable_lowvol,10,,,,,,,,,,,,,,
2025-09-11,PNW,85.07606506347656,True,2025-10-10,0.052677861202335884,0.0478511783118798,2025-10-10,0.17773293,-0.016220089,-0.050397586,-0.0702339,30.811617,1,Stable,True,Utilities,-0.001253118572730504,-0.003553758956351812,20,stable_lowvol,10,,,,,,,,,,,,,,
2025-09-11,DUK,117.96981811523438,True,2025-10-10,0.04640111360923606,0.041574430718779976,2025-10-10,0.17883798,-0.0022287136,-0.020240186,-0.03896983,36.800907,1,Stable,True,Utilities,-0.001342341703206528,-0.0048152938635057894,20,stable_lowvol,10,,,,,,,,,,,,,,
2025-09-11,AMCR,40.436893463134766,True,2025-10-10,-0.037443823866855394,-0.04227050675731148,2025-10-10,0.3036583,-0.017051084,-0.16197181,-0.19522554,35.18526,1,Stable,True,Materials,0.0057917048833430705,0.008275841918742711,20,all_train,10,,,,,,,,,,,,,,
2025-09-11,FIS,65.97186279296875,True,2025-10-10,0.005275724462591292,0.0004490415721352115,2025-10-10,0.3172602,-0.019583495,-0.06408021,-0.08474751,42.93889,1,Stable,True,Financials,0.004403909449037109,-0.0022726048020299374,20,all_train,10,,,,,,,,,,,,,,
2025-09-11,STZ,138.9202880859375,True,2025-10-10,0.01801766326504052,0.013190980374584438,2025-10-10,0.28716508,-0.089977585,-0.16076776,-0.19378981,24.206821,1,Stable,True,Consumer Staples,0.004095540299058809,0.002285063268319918,20,all_train,10,,,,,,,,,,,,,,
2025-09-11,BALL,50.57619094848633,True,2025-10-10,-0.07526709253059183,-0.08009377542104791,2025-10-10,0.27500337,-0.015460051,-0.06513086,-0.08587072,41.605488,1,Stable,True,Materials,0.004074352988178648,-0.0024996030749556133,20,all_train,10,,,,,,,,,,,,,,
2025-09-11,ERIE,330.9096984863281,True,2025-10-10,-0.03343302351961463,-0.03825970641007071,2025-10-10,0.3408839,-0.033293363,-0.08412819,-0.10640088,36.0082,1,Stable,True,Financials,0.003224848308464015,-0.0015069897802206613,20,all_train,10,,,,,,,,,,,,,,
2025-09-11,PEG,80.03399658203125,True,2025-10-10,-0.019843707156656717,-0.0246703900471128,2025-10-10,0.21773091,-0.0030681726,-0.056923177,-0.07712954,46.574158,1,Stable,True,Utilities,0.0031779903371759954,-0.00011552561000303137,20,all_train,10,,,,,,,,,,,,,,
2025-09-11,KVUE,17.984560012817383,True,2025-10-10,-0.11839612579557145,-0.12322280868602753,2025-10-10,0.3058005,-0.07715653,-0.13173641,-0.15978195,25.239035,1,Stable,True,Consumer Staples,0.002570028824580323,-0.0013991011653124727,20,all_train,10,,,,,,,,,,,,,,
2025-09-11,HUM,274.7554626464844,True,2025-10-10,0.022038659590706403,0.01721197670025032,2025-10-10,0.4750976,-0.055136703,-0.011595914,-0.030185675,39.49582,1,Stable,True,Health Care,0.002193917288657509,-0.0009308568667219974,20,all_train,10,,,,,,,,,,,,,,
2025-09-11,TYL,553.989990234375,True,2025-10-10,-0.0700003772574914,-0.07482706014794749,2025-10-10,0.28045014,-0.011274195,-0.045338616,-0.064920574,43.431416,1,Stable,True,Information Technology,0.0016224016359185534,-0.0013954098664555453,20,all_train,10,,,,,,,,,,,,,,
2025-09-11,EA,169.4113928711,True,2025-10-10,0.1651701102025588,0.16034342731210274,2025-10-10,0.26503605,-0.005573143,-0.046653494,-0.06629885,45.724556,1,Stable,True,Communication Services,0.0016224016359185534,-0.00011552561000303137,20,all_train,10,,,,,,,,,,,,,,
2025-09-11,AMCR,40.436893463134766,True,2025-10-10,-0.037443823866855394,-0.04227050675731148,2025-10-10,0.3036583,-0.017051084,-0.16197181,-0.19522554,35.18526,1,Stable,True,Materials,0.0057917048833430705,0.008275841918742711,20,stable_train,10,,,,,,,,,,,,,,
2025-09-11,STZ,138.9202880859375,True,2025-10-10,0.01801766326504052,0.013190980374584438,2025-10-10,0.28716508,-0.089977585,-0.16076776,-0.19378981,24.206821,1,Stable,True,Consumer Staples,0.004095540299058809,0.002285063268319918,20,stable_train,10,,,,,,,,,,,,,,
2025-09-11,CSX,32.52189254760742,True,2025-10-10,0.09783553559848292,0.09300885270802683,2025-10-10,0.2637919,-0.022640431,-0.08588486,-0.10832074,25.67954,1,Stable,True,Industrials,-0.001163197667959144,0.0013811649899997587,20,stable_train,10,,,,,,,,,,,,,,
2025-09-11,NEE,69.84893798828125,True,2025-10-10,0.16828275302635168,0.1634560701358956,2025-10-10,0.30688512,-0.022428162,-0.0059264987,-0.024466135,26.831133,1,Stable,True,Utilities,-0.0016191052306931554,0.0009463447574036206,20,stable_train,10,,,,,,,,,,,,,,
2025-09-11,MSFT,496.9215087890625,True,2025-10-10,0.006905483743989372,0.0020788008535332914,2025-10-10,0.25996646,-0.010182763,-0.03601053,-0.055196915,46.16671,1,Stable,True,Information Technology,0.00048397962743427055,0.0009064636308517569,20,stable_train,10,,,,,,,,,,,,,,
2025-09-11,ALL,199.4540557861328,True,2025-10-10,0.031175325561550907,0.026348642671094824,2025-10-10,0.2834307,-0.008586738,-0.02558032,-0.044435192,43.26065,1,Stable,True,Financials,2.360292435912985e-05,0.0009031914215594855,20,stable_train,10,,,,,,,,,,,,,,
2025-09-11,HOLX,66.38,True,2025-10-10,0.05618432447307833,0.051357641582622245,2025-10-10,0.31416568,-0.009641745,-0.037692085,-0.056942806,44.603825,1,Stable,True,Unknown,0.0008156458110748541,0.0007063403320204957,20,stable_train,10,,,,,,,,,,,,,,
2025-09-11,KHC,25.217613220214844,True,2025-10-10,-0.0326781312009816,-0.03750481409143768,2025-10-10,0.27486733,-0.020802883,-0.03963501,-0.058963872,45.21363,1,Stable,True,Consumer Staples,0.0009951169429564964,0.0006760346635114564,20,stable_train,10,,,,,,,,,,,,,,
2025-09-11,AOS,72.67957305908203,True,2025-10-10,-0.06159198766567696,-0.06641867055613304,2025-10-10,0.27667412,0.02666862,0.008962535,-0.009599394,59.800186,1,Stable,True,Industrials,-0.0008307982205412765,0.00016406750386220874,20,stable_train,10,,,,,,,,,,,,,,
2025-09-11,PEG,80.03399658203125,True,2025-10-10,-0.019843707156656717,-0.0246703900471128,2025-10-10,0.21773091,-0.0030681726,-0.056923177,-0.07712954,46.574158,1,Stable,True,Utilities,0.0031779903371759954,-0.00011552561000303137,20,stable_train,10,,,,,,,,,,,,,,
2025-10-09,K,82.2854775852,True,2025-11-07,-0.02111129637056111,0.005792903693199625,2025-11-07,0.09847757,0.034947917,0.041216385,0.018224902,91.51515,1,Stable,True,Unknown,-0.0012870364338239695,-0.0014881305891562317,20,lowvol,10,,,,,,,,,,,,,,
2025-10-09,KO,65.03710174560547,True,2025-11-07,0.025452558433151945,0.05235675849691268,2025-11-07,0.14029366,0.00017330032,-0.010958242,-0.033183455,49.52079,1,Stable,True,Consumer Staples,-0.0006425007368264206,-0.0023907876711389076,20,lowvol,10,,,,,,,,,,,,,,
2025-10-09,FE,44.86741256713867,True,2025-11-07,-0.038849261426240594,-0.011945061362479859,2025-11-07,0.14095351,0.041601546,0.07065838,0.04610904,88.10574,1,Stable,True,Utilities,-0.0022290730693125945,-0.0022975568237345416,20,lowvol,10,,,,,,,,,,,,,,
2025-10-09,LIN,453.5165710449219,True,2025-11-07,-0.10030335740415199,-0.07339915734039125,2025-11-07,0.14156422,-0.03183985,-0.052585814,-0.07618365,25.89596,1,Stable,True,Materials,-0.0023704143407029285,-0.004507372916158207,20,lowvol,10,,,,,,,,,,,,,,
2025-10-09,SO,93.05726623535156,True,2025-11-07,-0.09659583045771905,-0.06969163039395831,2025-11-07,0.14762492,0.025058625,0.04341687,0.020336049,73.007355,1,Stable,True,Utilities,-0.0019015779796676005,-0.0016488976868910968,20,lowvol,10,,,,,,,,,,,,,,
2025-10-09,L,102.00529479980469,True,2025-11-07,-0.0097515611688275,0.017152638894933236,2025-11-07,0.14884037,0.028049055,0.04273314,0.019680558,79.55257,1,Stable,True,Financials,-0.0012870364338239695,-0.002168256896668153,20,lowvol,10,,,,,,,,,,,,,,
2025-10-09,O,56.11650466918945,True,2025-11-07,-0.046190193800230844,-0.01928599373647011,2025-11-07,0.14986609,-0.016853657,-0.020583348,-0.042962868,47.476276,1,Stable,True,Real Estate,-0.00036707691897000104,-0.0024398141224430347,20,lowvol,10,,,,,,,,,,,,,,
2025-10-09,AEE,100.86274719238281,True,2025-11-07,-0.017451143393818952,0.009453056669941784,2025-11-07,0.15036844,0.012523825,0.026816903,0.004298902,67.76858,1,Stable,True,Utilities,-0.0010062502699040915,-0.002780565628417847,20,lowvol,10,,,,,,,,,,,,,,
2025-10-09,MCD,288.47845458984375,True,2025-11-07,-0.017981886976592226,0.008922313087168511,2025-11-07,0.15410803,-0.024880053,-0.04740137,-0.07072636,31.296228,1,Stable,True,Consumer Discretionary,-0.0017400691954845644,-0.004698848968728148,20,lowvol,10,,,,,,,,,,,,,,
2025-10-09,WEC,110.1143569946289,True,2025-11-07,-0.0465341420046336,-0.019629941940872864,2025-11-07,0.15497057,0.015833298,0.037914652,0.015048827,63.823494,1,Stable,True,Utilities,-0.002046622209639387,-0.0028243659538166733,20,lowvol,10,,,,,,,,,,,,,,
2025-10-09,K,82.2854775852,True,2025-11-07,-0.02111129637056111,0.005792903693199625,2025-11-07,0.09847757,0.034947917,0.041216385,0.018224902,91.51515,1,Stable,True,Unknown,-0.0012870364338239695,-0.0014881305891562317,20,stable_lowvol,10,,,,,,,,,,,,,,
2025-10-09,KO,65.03710174560547,True,2025-11-07,0.025452558433151945,0.05235675849691268,2025-11-07,0.14029366,0.00017330032,-0.010958242,-0.033183455,49.52079,1,Stable,True,Consumer Staples,-0.0006425007368264206,-0.0023907876711389076,20,stable_lowvol,10,,,,,,,,,,,,,,
2025-10-09,FE,44.86741256713867,True,2025-11-07,-0.038849261426240594,-0.011945061362479859,2025-11-07,0.14095351,0.041601546,0.07065838,0.04610904,88.10574,1,Stable,True,Utilities,-0.0022290730693125945,-0.0022975568237345416,20,stable_lowvol,10,,,,,,,,,,,,,,
2025-10-09,LIN,453.5165710449219,True,2025-11-07,-0.10030335740415199,-0.07339915734039125,2025-11-07,0.14156422,-0.03183985,-0.052585814,-0.07618365,25.89596,1,Stable,True,Materials,-0.0023704143407029285,-0.004507372916158207,20,stable_lowvol,10,,,,,,,,,,,,,,
2025-10-09,SO,93.05726623535156,True,2025-11-07,-0.09659583045771905,-0.06969163039395831,2025-11-07,0.14762492,0.025058625,0.04341687,0.020336049,73.007355,1,Stable,True,Utilities,-0.0019015779796676005,-0.0016488976868910968,20,stable_lowvol,10,,,,,,,,,,,,,,
2025-10-09,L,102.00529479980469,True,2025-11-07,-0.0097515611688275,0.017152638894933236,2025-11-07,0.14884037,0.028049055,0.04273314,0.019680558,79.55257,1,Stable,True,Financials,-0.0012870364338239695,-0.002168256896668153,20,stable_lowvol,10,,,,,,,,,,,,,,
2025-10-09,O,56.11650466918945,True,2025-11-07,-0.046190193800230844,-0.01928599373647011,2025-11-07,0.14986609,-0.016853657,-0.020583348,-0.042962868,47.476276,1,Stable,True,Real Estate,-0.00036707691897000104,-0.0024398141224430347,20,stable_lowvol,10,,,,,,,,,,,,,,
2025-10-09,AEE,100.86274719238281,True,2025-11-07,-0.017451143393818952,0.009453056669941784,2025-11-07,0.15036844,0.012523825,0.026816903,0.004298902,67.76858,1,Stable,True,Utilities,-0.0010062502699040915,-0.002780565628417847,20,stable_lowvol,10,,,,,,,,,,,,,,
2025-10-09,MCD,288.47845458984375,True,2025-11-07,-0.017981886976592226,0.008922313087168511,2025-11-07,0.15410803,-0.024880053,-0.04740137,-0.07072636,31.296228,1,Stable,True,Consumer Discretionary,-0.0017400691954845644,-0.004698848968728148,20,stable_lowvol,10,,,,,,,,,,,,,,
2025-10-09,WEC,110.1143569946289,True,2025-11-07,-0.0465341420046336,-0.019629941940872864,2025-11-07,0.15497057,0.015833298,0.037914652,0.015048827,63.823494,1,Stable,True,Utilities,-0.002046622209639387,-0.0028243659538166733,20,stable_lowvol,10,,,,,,,,,,,,,,
2025-10-09,DRI,180.9503936767578,True,2025-11-07,-0.0440703205291553,-0.017166120465394563,2025-11-07,0.22377972,-0.03678166,-0.12516394,-0.15588349,54.671177,1,Stable,True,Consumer Discretionary,0.006901787667826437,-0.00010165922791306957,20,all_train,10,,,,,,,,,,,,,,
2025-10-09,VRSK,239.5087890625,True,2025-11-07,-0.1437477265516283,-0.11684352648786756,2025-11-07,0.2138904,-0.025157927,-0.092229635,-0.11892857,45.970715,1,Stable,True,Industrials,0.0047370796661957435,-0.0012934654101820708,20,all_train,10,,,,,,,,,,,,,,
2025-10-09,KVUE,16.066843032836914,True,2025-11-07,-0.013090250317044277,0.013813949746716458,2025-11-07,0.3318847,-0.0053159515,-0.1066313,-0.13492063,35.795456,1,Stable,True,Consumer Staples,0.0045291270667487385,-0.0014675563556261252,20,all_train,10,,,,,,,,,,,,,,
2025-10-09,BSX,97.27999877929688,True,2025-11-07,0.02141351091006058,0.048317710973821315,2025-11-07,0.18597619,-0.005291561,-0.06766339,-0.09222609,47.17367,1,Stable,True,Health Care,0.0038157043787327666,-0.0005489096188111867,20,all_train,10,,,,,,,,,,,,,,
2025-10-09,TAP,44.538150787353516,True,2025-11-07,-0.01907299735911419,0.007831202704646545,2025-11-07,0.21997926,-0.00062983367,-0.0635049,-0.087775715,47.16025,1,Stable,True,Consumer Staples,0.0038157043787327666,-0.000506012120023568,20,all_train,10,,,,,,,,,,,,,,
2025-10-09,NDAQ,90.51437377929688,True,2025-11-07,-0.045576931058126685,-0.018672730994365946,2025-11-07,0.18417212,0.022628833,-0.04403295,-0.06719656,57.734592,1,Stable,True,Financials,0.0035104308496857104,0.0002547559143075069,20,all_train,10,,,,,,,,,,,,,,
2025-10-09,CHD,86.49974822998047,True,2025-11-07,-0.036482236670239115,-0.009578036606478378,2025-11-07,0.21282908,-0.013765827,-0.07201863,-0.09690835,40.353367,1,Stable,True,Consumer Staples,0.0034383941984292726,-0.0031977375519186245,20,all_train,10,,,,,,,,,,,,,,
2025-10-09,JKHY,147.6203155517578,True,2025-11-07,0.034201722878538926,0.06110592294229966,2025-11-07,0.19801587,-0.014285303,-0.07495972,-0.100082725,42.577026,1,Stable,True,Financials,0.0034383941984292726,-0.001733639127530657,20,all_train,10,,,,,,,,,,,,,,
2025-10-09,SLB,32.507179260253906,True,2025-11-07,0.12883339283723225,0.15573759290099298,2025-11-07,0.29339072,-0.042084098,-0.08048848,-0.10607743,40.634,1,Stable,True,Energy,0.0033709561063768162,-0.002393084885092263,20,all_train,10,,,,,,,,,,,,,,
2025-10-09,BALL,47.2618293762207,True,2025-11-07,0.013231661244514435,0.04013586130827517,2025-11-07,0.23719941,-0.0325259,-0.06553205,-0.08994268,41.725338,1,Stable,True,Materials,0.0033709561063768162,-0.0032077422873505656,20,all_train,10,,,,,,,,,,,,,,
2025-10-09,FDS,279.1479797363281,True,2025-11-07,-0.09941508325998774,-0.072510883196227,2025-11-07,0.2839333,-0.051057503,-0.23595141,-0.2912886,43.950573,1,Stable,True,Financials,-0.00014055074150223345,0.019190035761326753,20,stable_train,10,,,,,,,,,,,,,,
2025-10-09,CTVA,62.29841232299805,True,2025-11-07,0.01061801866252951,0.037522218726290246,2025-11-07,0.2601139,-0.07030841,-0.14029314,-0.17332853,28.556314,1,Stable,True,Materials,0.0016624295142141688,0.016903930760300726,20,stable_train,10,,,,,,,,,,,,,,
2025-10-09,EXR,138.23341369628906,True,2025-11-07,-0.08888481614562496,-0.061980616081864226,2025-11-07,0.25438556,0.011891884,-0.024524748,-0.04699522,66.34782,1,Stable,True,Real Estate,0.0021942414186571705,0.002964101579934333,20,stable_train,10,,,,,,,,,,,,,,
2025-10-09,EBAY,89.26641082763672,True,2025-11-07,-0.08054624495581933,-0.0536420448920586,2025-11-07,0.33439437,-0.008050778,-0.025200123,-0.047687814,47.32238,1,Stable,True,Consumer Discretionary,0.0006428245234048855,0.0011928072646426935,20,stable_train,10,,,,,,,,,,,,,,
2025-10-09,ROL,55.77970886230469,True,2025-11-07,0.001341510527596429,0.028245710591357165,2025-11-07,0.18565655,-0.008731963,-0.027997158,-0.05056128,57.563087,1,Stable,True,Industrials,0.0006428245234048855,0.001180784450909701,20,stable_train,10,,,,,,,,,,,,,,
2025-10-09,COST,937.4205322265625,True,2025-11-07,-0.03331767029859037,-0.0064134702348296315,2025-11-07,0.18138964,0.0077147563,-0.022223013,-0.04463839,45.672413,1,Stable,True,Consumer Staples,0.0018221690576975412,0.0010211869123144092,20,stable_train,10,,,,,,,,,,,,,,
2025-10-09,COP,89.13973236083984,True,2025-11-07,-0.03614651072493849,-0.009242310661177755,2025-11-07,0.26544523,-0.023989005,-0.023159461,-0.045596585,50.08095,1,Stable,True,Energy,0.0006428245234048855,0.0009575133936343411,20,stable_train,10,,,,,,,,,,,,,,
2025-10-09,AON,358.6541442871094,True,2025-11-07,-0.06530485744449868,-0.038400657380737946,2025-11-07,0.23762357,0.004418444,-0.03177978,-0.05446045,65.15663,1,Stable,True,Financials,0.001978238159721325,0.0007618321729416275,20,stable_train,10,,,,,,,,,,,,,,
2025-10-09,AIG,81.70816802978516,True,2025-11-07,-0.08065562679544694,-0.0537514267316862,2025-11-07,0.19838834,0.052525662,0.06273769,0.038683575,79.17048,1,Stable,True,Financials,-0.0011962264859941923,0.0007337483019936455,20,stable_train,10,,,,,,,,,,,,,,
2025-10-09,EVRG,74.10600280761719,True,2025-11-07,-0.05117179690983123,-0.024267596846070494,2025-11-07,0.16787362,0.030834995,0.06071919,0.03678243,79.33329,1,Stable,True,Utilities,-0.001434623684813517,0.0005304982837969728,20,stable_train,10,,,,,,,,,,,,,,
2025-11-06,K,82.6529121339,True,2025-12-08,-0.009303110731324631,0.008190345133016306,2025-12-08,0.0977282,0.0024027315,0.0044653635,0.0066537987,60.0,1,Stable,True,Unknown,-0.0019469524969114478,-0.003502447453648723,20,lowvol,10,,,,,,,,,,,,,,
2025-11-06,DUK,119.79574584960938,True,2025-12-08,-0.07764634354116141,-0.06015288767682048,2025-12-08,0.13103971,-0.019247247,-0.0056932173,-0.0035111096,26.958427,1,Stable,True,Utilities,-0.002508150855864853,-0.002269319164539278,20,lowvol,10,,,,,,,,,,,,,,
2025-11-06,FE,44.09830856323242,True,2025-12-08,-0.04254800817073347,-0.02505455230639253,2025-12-08,0.1328389,-0.015475186,-0.017141705,-0.01509195,36.650402,1,Stable,True,Utilities,-0.0023650306283872513,-0.004154825656037469,20,lowvol,10,,,,,,,,,,,,,,
2025-11-06,AEE,99.8932876586914,True,2025-12-08,-0.06842517052351128,-0.050931714659170346,2025-12-08,0.13350376,-0.016334979,-0.009611671,-0.0074597853,30.347134,1,Stable,True,Utilities,-0.002508150855864853,-0.0039010360241071395,20,lowvol,10,,,,,,,,,,,,,,
2025-11-06,BRK-B,493.1499938964844,True,2025-12-08,-0.021160322736496498,-0.003666866872155561,2025-12-08,0.13410749,0.010482862,-0.0072271135,-0.00505498,50.76087,1,Stable,True,Financials,-0.0016412349150703596,-0.0029097141105237406,20,lowvol,10,,,,,,,,,,,,,,
2025-11-06,SO,87.99444580078125,True,2025-12-08,-0.074100327450365,-0.056606871586024066,2025-12-08,0.13521889,-0.051306654,-0.05440543,-0.053742997,18.579329,1,Stable,True,Utilities,-0.0025601779866669767,-0.004767143021529344,20,lowvol,10,,,,,,,,,,,,,,
2025-11-06,DTE,130.81045532226562,True,2025-12-08,-0.06685363640944188,-0.04936018054510094,2025-12-08,0.13960034,-0.038391918,-0.04269303,-0.0414328,20.539963,1,Stable,True,Utilities,-0.00452103775727439,-0.005064709497683491,20,lowvol,10,,,,,,,,,,,,,,
2025-11-06,L,101.39669799804688,True,2025-12-08,-0.028418401879527502,-0.010924946015186567,2025-12-08,0.14300461,0.016996585,-0.0059663258,-0.0037858195,68.087875,1,Stable,True,Financials,-0.0046972778004059695,-0.00372495520231251,20,lowvol,10,,,,,,,,,,,,,,
2025-11-06,EVRG,73.01408386230469,True,2025-12-08,-0.03827140424483379,-0.02077794838049285,2025-12-08,0.14342512,-0.026702508,-0.014734555,-0.012645811,35.5263,1,Stable,True,Utilities,-0.002936916818650957,-0.005190059205654226,20,lowvol,10,,,,,,,,,,,,,,
2025-11-06,LNT,65.21387481689453,True,2025-12-08,-0.055509495412807044,-0.03801603954846611,2025-12-08,0.14369701,-0.0107981125,2.7727483e-05,0.0022261029,40.618877,1,Stable,True,Utilities,-0.0017746196835646251,-0.005705340960305199,20,lowvol,10,,,,,,,,,,,,,,
2025-11-06,K,82.6529121339,True,2025-12-08,-0.009303110731324631,0.008190345133016306,2025-12-08,0.0977282,0.0024027315,0.0044653635,0.0066537987,60.0,1,Stable,True,Unknown,-0.0019469524969114478,-0.003502447453648723,20,stable_lowvol,10,,,,,,,,,,,,,,
2025-11-06,DUK,119.79574584960938,True,2025-12-08,-0.07764634354116141,-0.06015288767682048,2025-12-08,0.13103971,-0.019247247,-0.0056932173,-0.0035111096,26.958427,1,Stable,True,Utilities,-0.002508150855864853,-0.002269319164539278,20,stable_lowvol,10,,,,,,,,,,,,,,
2025-11-06,FE,44.09830856323242,True,2025-12-08,-0.04254800817073347,-0.02505455230639253,2025-12-08,0.1328389,-0.015475186,-0.017141705,-0.01509195,36.650402,1,Stable,True,Utilities,-0.0023650306283872513,-0.004154825656037469,20,stable_lowvol,10,,,,,,,,,,,,,,
2025-11-06,AEE,99.8932876586914,True,2025-12-08,-0.06842517052351128,-0.050931714659170346,2025-12-08,0.13350376,-0.016334979,-0.009611671,-0.0074597853,30.347134,1,Stable,True,Utilities,-0.002508150855864853,-0.0039010360241071395,20,stable_lowvol,10,,,,,,,,,,,,,,
2025-11-06,BRK-B,493.1499938964844,True,2025-12-08,-0.021160322736496498,-0.003666866872155561,2025-12-08,0.13410749,0.010482862,-0.0072271135,-0.00505498,50.76087,1,Stable,True,Financials,-0.0016412349150703596,-0.0029097141105237406,20,stable_lowvol,10,,,,,,,,,,,,,,
2025-11-06,SO,87.99444580078125,True,2025-12-08,-0.074100327450365,-0.056606871586024066,2025-12-08,0.13521889,-0.051306654,-0.05440543,-0.053742997,18.579329,1,Stable,True,Utilities,-0.0025601779866669767,-0.004767143021529344,20,stable_lowvol,10,,,,,,,,,,,,,,
2025-11-06,DTE,130.81045532226562,True,2025-12-08,-0.06685363640944188,-0.04936018054510094,2025-12-08,0.13960034,-0.038391918,-0.04269303,-0.0414328,20.539963,1,Stable,True,Utilities,-0.00452103775727439,-0.005064709497683491,20,stable_lowvol,10,,,,,,,,,,,,,,
2025-11-06,L,101.39669799804688,True,2025-12-08,-0.028418401879527502,-0.010924946015186567,2025-12-08,0.14300461,0.016996585,-0.0059663258,-0.0037858195,68.087875,1,Stable,True,Financials,-0.0046972778004059695,-0.00372495520231251,20,stable_lowvol,10,,,,,,,,,,,,,,
2025-11-06,EVRG,73.01408386230469,True,2025-12-08,-0.03827140424483379,-0.02077794838049285,2025-12-08,0.14342512,-0.026702508,-0.014734555,-0.012645811,35.5263,1,Stable,True,Utilities,-0.002936916818650957,-0.005190059205654226,20,stable_lowvol,10,,,,,,,,,,,,,,
2025-11-06,LNT,65.21387481689453,True,2025-12-08,-0.055509495412807044,-0.03801603954846611,2025-12-08,0.14369701,-0.0107981125,2.7727483e-05,0.0022261029,40.618877,1,Stable,True,Utilities,-0.0017746196835646251,-0.005705340960305199,20,stable_lowvol,10,,,,,,,,,,,,,,
2025-11-06,ERIE,276.9228210449219,True,2025-12-08,-0.03164175640910129,-0.01414830054476035,2025-12-08,0.28175905,-0.09551276,-0.12129818,-0.12711129,31.380028,1,Stable,True,Financials,0.005884289029358634,-0.0006777520743917385,20,all_train,10,,,,,,,,,,,,,,
2025-11-06,VRSK,211.3160858154297,True,2025-12-08,0.0025382442143901812,0.02003170007873112,2025-12-08,0.2746504,-0.07163065,-0.117710516,-0.12303669,33.975304,1,Stable,True,Industrials,0.005440075715098296,0.00023114090295623164,20,all_train,10,,,,,,,,,,,,,,
2025-11-06,FAST,40.11066818237305,True,2025-12-08,-0.018717329428918697,-0.0012238735645777599,2025-12-08,0.22633205,-0.032025408,-0.12263019,-0.12862831,38.059998,1,Stable,True,Industrials,0.004424576233267663,-0.0028228408909870156,20,all_train,10,,,,,,,,,,,,,,
2025-11-06,OXY,39.69453430175781,True,2025-12-08,-0.01628321502744569,0.001210240836895249,2025-12-08,0.30570757,-0.024744345,-0.09478882,-0.09738864,45.79833,1,Stable,True,Energy,0.004192776562821957,-0.0036517001745610795,20,all_train,10,,,,,,,,,,,,,,
2025-11-06,CF,79.79850006103516,True,2025-12-08,-0.07002506616483098,-0.052531610300490035,2025-12-08,0.31597054,-0.04120079,-0.0808037,-0.0820572,42.974045,1,Stable,True,Materials,0.0041161339868473305,-0.002580959864555205,20,all_train,10,,,,,,,,,,,,,,
2025-11-06,KMB,97.01283264160156,True,2025-12-08,-0.024833327705038336,-0.007339871840697398,2025-12-08,0.29167762,-0.13143162,-0.15708908,-0.16869563,18.879822,1,Stable,True,Consumer Staples,0.004009460182113613,0.016563696015478743,20,all_train,10,,,,,,,,,,,,,,
2025-11-06,COP,83.04198455810547,True,2025-12-08,0.062108053949950545,0.07960150981429148,2025-12-08,0.25925434,-0.023878742,-0.06840662,-0.06866047,47.225986,1,Stable,True,Energy,0.003965546553948063,1.7118831203056584e-05,20,all_train,10,,,,,,,,,,,,,,
2025-11-06,AIG,74.93927001953125,True,2025-12-08,-0.025552901010538656,-0.008059445146197719,2025-12-08,0.2175628,-0.034204274,-0.082842365,-0.08427755,44.91524,1,Stable,True,Financials,0.003926589214342931,-0.001257215566598112,20,all_train,10,,,,,,,,,,,,,,
2025-11-06,PKG,194.4463348388672,True,2025-12-08,-0.03624198946383474,-0.0187485335994938,2025-12-08,0.23807527,-0.027950907,-0.06291688,-0.06278492,42.665173,1,Stable,True,Materials,0.0038007649119456114,-0.002324587445808391,20,all_train,10,,,,,,,,,,,,,,
2025-11-06,WY,22.229766845703125,True,2025-12-08,-0.04296172530223087,-0.025468269437889934,2025-12-08,0.25464258,-0.02637697,-0.06587569,-0.065947376,40.206173,1,Stable,True,Real Estate,0.002945029643961782,-0.004552658534698218,20,all_train,10,,,,,,,,,,,,,,
2025-11-06,KMB,97.01283264160156,True,2025-12-08,-0.024833327705038336,-0.007339871840697398,2025-12-08,0.29167762,-0.13143162,-0.15708908,-0.16869563,18.879822,1,Stable,True,Consumer Staples,0.004009460182113613,0.016563696015478743,20,stable_train,10,,,,,,,,,,,,,,
2025-11-06,BG,92.39987182617188,True,2025-12-08,-0.04003323108783775,-0.022539775223496816,2025-12-08,0.34636718,0.0141686415,0.1661131,0.15587445,38.820644,1,Stable,True,Consumer Staples,0.0017843270428926242,0.00425541896848017,20,stable_train,10,,,,,,,,,,,,,,
2025-11-06,MSI,385.6313171386719,True,2025-12-08,-0.06698797321905726,-0.04949451735471633,2025-12-08,0.19720995,-0.09992328,-0.14974977,-0.16002621,14.521454,1,Stable,True,Information Technology,-0.00043053373944124584,0.0017105335477028438,20,stable_train,10,,,,,,,,,,,,,,
2025-11-06,ROP,441.33660888671875,True,2025-12-08,-0.01825397456256829,-0.0007605186982273526,2025-12-08,0.18560065,-0.07127964,-0.14204647,-0.15100695,17.319902,1,Stable,True,Information Technology,0.0013681110639067215,0.0017105335477028438,20,stable_train,10,,,,,,,,,,,,,,
2025-11-06,ALL,195.06048583984375,True,2025-12-08,-0.01982871367839624,-0.0023352578140553026,2025-12-08,0.23943847,0.0105927745,-0.052538503,-0.051770605,55.85338,1,Stable,True,Financials,0.002906907191172818,0.0011347126439571757,20,stable_train,10,,,,,,,,,,,,,,
2025-11-06,AJG,243.03594970703125,True,2025-12-08,-0.06360496102455716,-0.046111505160216226,2025-12-08,0.2449555,-0.10378761,-0.18861866,-0.20681874,21.004143,1,Stable,True,Financials,0.0025064961400034645,0.0007264631619948629,20,stable_train,10,,,,,,,,,,,,,,
2025-11-06,ADM,55.10982131958008,True,2025-12-08,0.00792339480490022,0.025416850669241157,2025-12-08,0.2607129,-0.07386082,-0.07486537,-0.075617634,20.198368,1,Stable,True,Consumer Staples,0.0016618792456201785,0.0006007447998395848,20,stable_train,10,,,,,,,,,,,,,,
2025-11-06,ACGL,87.76000213623047,True,2025-12-08,-0.0021981253825971315,0.015295330481743806,2025-12-08,0.2238144,0.00030776983,-0.048465803,-0.047481276,57.062153,1,Stable,True,Financials,0.0007871224258686689,0.00032816454911842926,20,stable_train,10,,,,,,,,,,,,,,
2025-11-06,VRSK,211.3160858154297,True,2025-12-08,0.0025382442143901812,0.02003170007873112,2025-12-08,0.2746504,-0.07163065,-0.117710516,-0.12303669,33.975304,1,Stable,True,Industrials,0.005440075715098296,0.00023114090295623164,20,stable_train,10,,,,,,,,,,,,,,
2025-11-06,COP,83.04198455810547,True,2025-12-08,0.062108053949950545,0.07960150981429148,2025-12-08,0.25925434,-0.023878742,-0.06840662,-0.06866047,47.225986,1,Stable,True,Energy,0.003965546553948063,1.7118831203056584e-05,20,stable_train,10,,,,,,,,,,,,,,
2025-12-05,K,83.14,True,2026-01-07,,,2026-01-07,0.092353046,0.002825563,0.0058931727,-0.016210692,85.71784,1,Stable,True,Unknown,-0.0013643036590153639,-0.0010344857167471605,20,lowvol,10,,,,,,,,,,,,,,
2025-12-05,SO,84.20923614501953,True,2026-01-07,-0.00257152552991928,0.00829830709163204,2026-01-07,0.1332264,-0.03609395,-0.04301646,-0.066055655,32.63954,1,Stable,True,Utilities,-0.002662772258809965,-0.004289569514032866,20,lowvol,10,,,,,,,,,,,,,,
2025-12-05,FE,43.59835433959961,True,2026-01-07,-0.01511567061938228,-0.004245837997830959,2026-01-07,0.13346058,-0.029885408,-0.011337265,-0.03348859,41.653137,1,Stable,True,Utilities,-0.001049111609083009,-0.0037377908287399026,20,lowvol,10,,,,,,,,,,,,,,
2025-12-05,BRK-B,504.3399963378906,True,2026-01-07,-0.013102231802241834,-0.002232399180690514,2026-01-07,0.13619193,-0.0012476086,0.02269087,0.00035069333,43.31782,1,Stable,True,Financials,-0.0015807051757237658,-0.0037739819419922343,20,lowvol,10,,,,,,,,,,,,,,
2025-12-05,DUK,113.54781341552734,True,2026-01-07,-0.002451139898841423,0.008418692722709897,2026-01-07,0.13653955,-0.043595884,-0.052154876,-0.07565073,31.00061,1,Stable,True,Utilities,-0.00283831530111433,-0.004646451708404117,20,lowvol,10,,,,,,,,,,,,,,
2025-12-05,AEE,97.78790283203125,True,2026-01-07,-0.0062049238852804195,0.004664908736270901,2026-01-07,0.14161195,-0.039673787,-0.02107634,-0.043388184,29.491278,1,Stable,True,Utilities,-0.0029335650350719297,-0.004971959121241467,20,lowvol,10,,,,,,,,,,,,,,
2025-12-05,L,102.64387512207031,True,2026-01-07,0.028968385730467637,0.03983821835201896,2026-01-07,0.14332034,-0.022816027,0.012299977,-0.00986162,42.698093,1,Stable,True,Financials,-0.001549052964433855,-0.0034489042091517493,20,lowvol,10,,,,,,,,,,,,,,
2025-12-05,LIN,396.9770202636719,True,2026-01-07,0.10408224684830467,0.11495207946985599,2026-01-07,0.14377572,-0.03158426,-0.03437944,-0.057070885,24.098974,1,Stable,True,Materials,-0.0025742759036904597,-0.004971959121241467,20,lowvol,10,,,,,,,,,,,,,,
2025-12-05,EVRG,71.46686553955078,True,2026-01-07,-0.02218687734082196,-0.011317044719270641,2026-01-07,0.14469218,-0.03139444,-0.021190682,-0.043504998,37.712208,1,Stable,True,Utilities,-0.001753628804107095,-0.004105723336213713,20,lowvol,10,,,,,,,,,,,,,,
2025-12-05,WEC,103.03797912597656,True,2026-01-07,-0.008197093839851496,0.0026727387816998243,2026-01-07,0.14500909,-0.041970514,-0.03807886,-0.06090937,27.130377,1,Stable,True,Utilities,-0.0029841277001475255,-0.004971959121241467,20,lowvol,10,,,,,,,,,,,,,,
2025-12-05,K,83.14,True,2026-01-07,,,2026-01-07,0.092353046,0.002825563,0.0058931727,-0.016210692,85.71784,1,Stable,True,Unknown,-0.0013643036590153639,-0.0010344857167471605,20,stable_lowvol,10,,,,,,,,,,,,,,
2025-12-05,SO,84.20923614501953,True,2026-01-07,-0.00257152552991928,0.00829830709163204,2026-01-07,0.1332264,-0.03609395,-0.04301646,-0.066055655,32.63954,1,Stable,True,Utilities,-0.002662772258809965,-0.004289569514032866,20,stable_lowvol,10,,,,,,,,,,,,,,
2025-12-05,FE,43.59835433959961,True,2026-01-07,-0.01511567061938228,-0.004245837997830959,2026-01-07,0.13346058,-0.029885408,-0.011337265,-0.03348859,41.653137,1,Stable,True,Utilities,-0.001049111609083009,-0.0037377908287399026,20,stable_lowvol,10,,,,,,,,,,,,,,
2025-12-05,BRK-B,504.3399963378906,True,2026-01-07,-0.013102231802241834,-0.002232399180690514,2026-01-07,0.13619193,-0.0012476086,0.02269087,0.00035069333,43.31782,1,Stable,True,Financials,-0.0015807051757237658,-0.0037739819419922343,20,stable_lowvol,10,,,,,,,,,,,,,,
2025-12-05,DUK,113.54781341552734,True,2026-01-07,-0.002451139898841423,0.008418692722709897,2026-01-07,0.13653955,-0.043595884,-0.052154876,-0.07565073,31.00061,1,Stable,True,Utilities,-0.00283831530111433,-0.004646451708404117,20,stable_lowvol,10,,,,,,,,,,,,,,
2025-12-05,AEE,97.78790283203125,True,2026-01-07,-0.0062049238852804195,0.004664908736270901,2026-01-07,0.14161195,-0.039673787,-0.02107634,-0.043388184,29.491278,1,Stable,True,Utilities,-0.0029335650350719297,-0.004971959121241467,20,stable_lowvol,10,,,,,,,,,,,,,,
2025-12-05,L,102.64387512207031,True,2026-01-07,0.028968385730467637,0.03983821835201896,2026-01-07,0.14332034,-0.022816027,0.012299977,-0.00986162,42.698093,1,Stable,True,Financials,-0.001549052964433855,-0.0034489042091517493,20,stable_lowvol,10,,,,,,,,,,,,,,
2025-12-05,LIN,396.9770202636719,True,2026-01-07,0.10408224684830467,0.11495207946985599,2026-01-07,0.14377572,-0.03158426,-0.03437944,-0.057070885,24.098974,1,Stable,True,Materials,-0.0025742759036904597,-0.004971959121241467,20,stable_lowvol,10,,,,,,,,,,,,,,
2025-12-05,EVRG,71.46686553955078,True,2026-01-07,-0.02218687734082196,-0.011317044719270641,2026-01-07,0.14469218,-0.03139444,-0.021190682,-0.043504998,37.712208,1,Stable,True,Utilities,-0.001753628804107095,-0.004105723336213713,20,stable_lowvol,10,,,,,,,,,,,,,,
2025-12-05,WEC,103.03797912597656,True,2026-01-07,-0.008197093839851496,0.0026727387816998243,2026-01-07,0.14500909,-0.041970514,-0.03807886,-0.06090937,27.130377,1,Stable,True,Utilities,-0.0029841277001475255,-0.004971959121241467,20,stable_lowvol,10,,,,,,,,,,,,,,
2025-12-05,MCK,807.05615234375,True,2026-01-07,0.021739530299251533,0.032609362920802853,2026-01-07,0.24682489,-0.04912365,-0.057344686,-0.08114115,40.222874,1,Stable,True,Health Care,0.00288433979535607,-0.004808465065305226,20,all_train,10,,,,,,,,,,,,,,
2025-12-05,XYL,137.4760284423828,True,2026-01-07,-0.0028450997436158393,0.008024732877935481,2026-01-07,0.21272053,-0.024633046,-0.07274745,-0.09761588,38.14859,1,Stable,True,Industrials,0.002666605385204944,-0.0045223513537960254,20,all_train,10,,,,,,,,,,,,,,
2025-12-05,DLR,161.24160766601562,True,2026-01-07,-0.057702799361441445,-0.046832966739890125,2026-01-07,0.22691607,0.025399996,-0.021502875,-0.043824,64.15912,1,Stable,True,Real Estate,0.001810358708957496,-0.00040886558392199367,20,all_train,10,,,,,,,,,,,,,,
2025-12-05,COR,337.6455993652344,True,2026-01-07,-0.0032029170158743145,0.007666915605677006,2026-01-07,0.22614987,-0.056656256,-0.0555779,-0.07926864,33.10584,1,Stable,True,Health Care,0.0017981448133331458,-0.002401326609302698,20,all_train,10,,,,,,,,,,,,,,
2025-12-05,DIS,103.79700469970703,True,2026-01-07,0.04528496016848301,0.05615479279003433,2026-01-07,0.20939022,-0.012551714,-0.046972513,-0.070198104,48.468147,1,Stable,True,Communication Services,0.0016243096451696,-0.00030284904285609335,20,all_train,10,,,,,,,,,,,,,,
2025-12-05,WY,21.320880889892578,True,2026-01-07,0.02952512840906714,0.04039496103061846,2026-01-07,0.25363407,-0.007946478,-0.04088599,-0.06383189,46.77764,1,Stable,True,Real Estate,0.0011601866097142102,-0.00030284904285609335,20,all_train,10,,,,,,,,,,,,,,
2025-12-05,NOC,544.8195190429688,True,2026-01-07,0.031492440634503585,0.042362273256054905,2026-01-07,0.21307518,-0.018788353,-0.036305025,-0.05906702,44.574085,1,Stable,True,Industrials,0.0008326316695403022,-0.0003613272718805894,20,all_train,10,,,,,,,,,,,,,,
2025-12-05,ALLE,157.82948303222656,True,2026-01-07,-0.009862688705691,0.0010071439158603201,2026-01-07,0.217653,-0.02802643,-0.036287658,-0.059049,44.44446,1,Stable,True,Industrials,0.0008326316695403022,-0.0007247731769595588,20,all_train,10,,,,,,,,,,,,,,
2025-12-05,PPL,33.07089614868164,True,2026-01-07,0.012426238095345668,0.02329607071689699,2026-01-07,0.15834433,-0.061165623,-0.07232879,-0.097164474,25.17136,1,Stable,True,Utilities,0.0006655340668080599,-0.0011257330174487656,20,all_train,10,,,,,,,,,,,,,,
2025-12-05,VICI,26.408449172973633,True,2026-01-07,-0.00781987028160662,0.0030499623399447007,2026-01-07,0.1550542,-0.05269447,-0.06883813,-0.09340872,4.4983206,1,Stable,True,Real Estate,0.0006486189583480994,-0.0033959041141159306,20,all_train,10,,,,,,,,,,,,,,
2025-12-05,REGN,715.59130859375,True,2026-01-07,0.1441369360960132,0.1550067687175645,2026-01-07,0.3366281,-0.0053920625,0.11190935,0.08399211,56.161854,1,Stable,True,Health Care,-0.002388283821160203,0.0008723879509879163,20,stable_train,10,,,,,,,,,,,,,,
2025-12-05,INCY,102.5199966430664,True,2026-01-07,0.1325634991706494,0.14343333179220075,2026-01-07,0.32301068,-0.014704509,-0.02547529,-0.04789197,44.890263,1,Stable,True,Health Care,-0.0003497648077867705,0.000568519953163148,20,stable_train,10,,,,,,,,,,,,,,
2025-12-05,SRE,88.74612426757812,True,2026-01-07,-0.02414187659146831,-0.013272043969916993,2026-01-07,0.18728907,-0.01654819,-0.022849701,-0.04520137,45.15195,1,Stable,True,Utilities,-0.0003497648077867705,0.000568519953163148,20,stable_train,10,,,,,,,,,,,,,,
2025-12-05,TRGP,178.11083984375,True,2026-01-07,-0.036274622002428744,-0.025404789380877427,2026-01-07,0.28133622,0.047379535,0.063927494,0.039880678,63.488686,1,Stable,True,Energy,-0.0023951376479599816,0.00044567456951016967,20,stable_train,10,,,,,,,,,,,,,,
2025-12-05,RSG,214.65325927734375,True,2026-01-07,-0.019106667466271696,-0.008236834844720377,2026-01-07,0.17838836,0.01730828,0.060226288,0.036395796,63.842056,1,Stable,True,Industrials,-0.0025088098807365673,0.00044567456951016967,20,stable_train,10,,,,,,,,,,,,,,
2025-12-05,DOC,16.191844940185547,True,2026-01-07,0.007407061117935723,0.018276893739487043,2026-01-07,0.24075943,-0.03676939,-0.02507261,-0.04747885,44.210476,1,Stable,True,Real Estate,-0.0003497648077867705,0.0001494908189212339,20,stable_train,10,,,,,,,,,,,,,,
2025-12-05,HD,349.6324768066406,True,2026-01-07,-0.013299131041441467,-0.0024292984198901473,2026-01-07,0.21914186,0.0051206797,-0.032965217,-0.055607382,46.733467,1,Stable,True,Consumer Discretionary,0.0004708269281625075,0.00011157702469620064,20,stable_train,10,,,,,,,,,,,,,,
2025-12-05,DIS,103.79700469970703,True,2026-01-07,0.04528496016848301,0.05615479279003433,2026-01-07,0.20939022,-0.012551714,-0.046972513,-0.070198104,48.468147,1,Stable,True,Communication Services,0.0016243096451696,-0.00030284904285609335,20,stable_train,10,,,,,,,,,,,,,,
2025-12-05,WY,21.320880889892578,True,2026-01-07,0.02952512840906714,0.04039496103061846,2026-01-07,0.25363407,-0.007946478,-0.04088599,-0.06383189,46.77764,1,Stable,True,Real Estate,0.0011601866097142102,-0.00030284904285609335,20,stable_train,10,,,,,,,,,,,,,,
2025-12-05,NOC,544.8195190429688,True,2026-01-07,0.031492440634503585,0.042362273256054905,2026-01-07,0.21307518,-0.018788353,-0.036305025,-0.05906702,44.574085,1,Stable,True,Industrials,0.0008326316695403022,-0.0003613272718805894,20,stable_train,10,,,,,,,,,,,,,,
2026-01-06,FE,43.530399322509766,True,2026-02-05,0.0722375796160521,0.054533272380823394,2026-02-05,0.13402642,0.0048067146,-0.0015586602,-0.012333594,53.2764,1,Stable,True,Utilities,-0.0014137433999925756,-0.002453840529061868,20,lowvol,10,,,,,,,,,,,,,,
2026-01-06,BRK-B,499.04998779296875,True,2026-02-05,0.03336588025732529,0.015661573022096587,2026-02-05,0.13686195,-0.00038059865,-0.010488973,-0.021318087,41.86096,1,Stable,True,Financials,-0.001175508003431753,-0.003695008234443934,20,lowvol,10,,,,,,,,,,,,,,
2026-01-06,LNT,63.884971618652344,True,2026-02-05,0.06063666408481765,0.04293235684958895,2026-02-05,0.13745198,0.002660792,-0.0018320638,-0.012607462,47.60991,1,Stable,True,Utilities,-0.0014137433999925756,-0.002453840529061868,20,lowvol,10,,,,,,,,,,,,,,
2026-01-06,SO,85.41947174072266,True,2026-02-05,0.07345958443996764,0.05575527720473893,2026-02-05,0.13834973,0.014213091,0.014371768,0.003495755,60.298042,1,Stable,True,Utilities,-0.0015998157395906822,-0.0037456844570579475,20,lowvol,10,,,,,,,,,,,,,,
2026-01-06,DUK,114.7366943359375,True,2026-02-05,0.07984392379202915,0.06213961655680044,2026-02-05,0.13840678,0.011008186,0.010470311,-0.0003578412,55.01484,1,Stable,True,Utilities,-0.001548236427269005,-0.0036823231509126382,20,lowvol,10,,,,,,,,,,,,,,
2026-01-06,EVRG,71.29131317138672,True,2026-02-05,0.08748773407323714,0.06978342683800844,2026-02-05,0.13896704,-0.00019156148,-0.0024564161,-0.013233156,42.055977,1,Stable,True,Utilities,-0.0016538257506432338,-0.003467912835724784,20,lowvol,10,,,,,,,,,,,,,,
2026-01-06,WEC,103.27190399169922,True,2026-02-05,0.08339353231733863,0.06568922508210993,2026-02-05,0.14070651,0.00897066,0.002270278,-0.008506013,54.13167,1,Stable,True,Utilities,-0.001548236427269005,-0.0020631274310201854,20,lowvol,10,,,,,,,,,,,,,,
2026-01-06,L,105.00981903076172,True,2026-02-05,0.06929279200526478,0.051588484770036074,2026-02-05,0.14227879,-0.0010303567,0.023050025,0.012014668,48.98525,1,Stable,True,Financials,-0.0017466801736055174,-0.0045706460781457505,20,lowvol,10,,,,,,,,,,,,,,
2026-01-06,AEE,99.2317123413086,True,2026-02-05,0.07564317435851103,0.05793886712328234,2026-02-05,0.14262734,0.014878744,0.014764705,0.0038830494,59.157917,1,Stable,True,Utilities,-0.001548236427269005,-0.0039787603505355516,20,lowvol,10,,,,,,,,,,,,,,
2026-01-06,DTE,128.0084228515625,True,2026-02-05,0.07914210245933656,0.061437795224107854,2026-02-05,0.1436984,0.007624932,-9.368356e-05,-0.010867406,55.710278,1,Stable,True,Utilities,-0.001548236427269005,-0.0022659378239561776,20,lowvol,10,,,,,,,,,,,,,,
2026-01-06,FE,43.530399322509766,True,2026-02-05,0.0722375796160521,0.054533272380823394,2026-02-05,0.13402642,0.0048067146,-0.0015586602,-0.012333594,53.2764,1,Stable,True,Utilities,-0.0014137433999925756,-0.002453840529061868,20,stable_lowvol,10,,,,,,,,,,,,,,
2026-01-06,BRK-B,499.04998779296875,True,2026-02-05,0.03336588025732529,0.015661573022096587,2026-02-05,0.13686195,-0.00038059865,-0.010488973,-0.021318087,41.86096,1,Stable,True,Financials,-0.001175508003431753,-0.003695008234443934,20,stable_lowvol,10,,,,,,,,,,,,,,
2026-01-06,LNT,63.884971618652344,True,2026-02-05,0.06063666408481765,0.04293235684958895,2026-02-05,0.13745198,0.002660792,-0.0018320638,-0.012607462,47.60991,1,Stable,True,Utilities,-0.0014137433999925756,-0.002453840529061868,20,stable_lowvol,10,,,,,,,,,,,,,,
2026-01-06,SO,85.41947174072266,True,2026-02-05,0.07345958443996764,0.05575527720473893,2026-02-05,0.13834973,0.014213091,0.014371768,0.003495755,60.298042,1,Stable,True,Utilities,-0.0015998157395906822,-0.0037456844570579475,20,stable_lowvol,10,,,,,,,,,,,,,,
2026-01-06,DUK,114.7366943359375,True,2026-02-05,0.07984392379202915,0.06213961655680044,2026-02-05,0.13840678,0.011008186,0.010470311,-0.0003578412,55.01484,1,Stable,True,Utilities,-0.001548236427269005,-0.0036823231509126382,20,stable_lowvol,10,,,,,,,,,,,,,,
2026-01-06,EVRG,71.29131317138672,True,2026-02-05,0.08748773407323714,0.06978342683800844,2026-02-05,0.13896704,-0.00019156148,-0.0024564161,-0.013233156,42.055977,1,Stable,True,Utilities,-0.0016538257506432338,-0.003467912835724784,20,stable_lowvol,10,,,,,,,,,,,,,,
2026-01-06,WEC,103.27190399169922,True,2026-02-05,0.08339353231733863,0.06568922508210993,2026-02-05,0.14070651,0.00897066,0.002270278,-0.008506013,54.13167,1,Stable,True,Utilities,-0.001548236427269005,-0.0020631274310201854,20,stable_lowvol,10,,,,,,,,,,,,,,
2026-01-06,L,105.00981903076172,True,2026-02-05,0.06929279200526478,0.051588484770036074,2026-02-05,0.14227879,-0.0010303567,0.023050025,0.012014668,48.98525,1,Stable,True,Financials,-0.0017466801736055174,-0.0045706460781457505,20,stable_lowvol,10,,,,,,,,,,,,,,
2026-01-06,AEE,99.2317123413086,True,2026-02-05,0.07564317435851103,0.05793886712328234,2026-02-05,0.14262734,0.014878744,0.014764705,0.0038830494,59.157917,1,Stable,True,Utilities,-0.001548236427269005,-0.0039787603505355516,20,stable_lowvol,10,,,,,,,,,,,,,,
2026-01-06,DTE,128.0084228515625,True,2026-02-05,0.07914210245933656,0.061437795224107854,2026-02-05,0.1436984,0.007624932,-9.368356e-05,-0.010867406,55.710278,1,Stable,True,Utilities,-0.001548236427269005,-0.0022659378239561776,20,stable_lowvol,10,,,,,,,,,,,,,,
2026-01-06,AIG,77.09983825683594,True,2026-02-05,0.003301810569919574,-0.014402496665309126,2026-02-05,0.25260967,-0.070106044,0.018813761,0.007865253,18.67953,1,Stable,True,Financials,0.006647606384086339,-0.0007291391886533321,20,all_train,10,,,,,,,,,,,,,,
2026-01-06,EXE,103.60462951660156,True,2026-02-05,0.043112125816175906,0.025407818580947206,2026-02-05,0.32008532,-0.049036484,-0.14186887,-0.16377208,39.936974,1,Stable,True,Energy,0.006468262667189489,0.0036132804514113995,20,all_train,10,,,,,,,,,,,,,,
2026-01-06,EOG,102.44688415527344,True,2026-02-05,0.12508936719779412,0.10738505996256542,2026-02-05,0.21606158,-0.006862072,-0.06392077,-0.076828875,47.652718,1,Stable,True,Energy,0.004225923711461931,-0.0002245147308265413,20,all_train,10,,,,,,,,,,,,,,
2026-01-06,OKE,68.2705307006836,True,2026-02-05,0.1710138853756133,0.1533095781403846,2026-02-05,0.22974569,-0.0314734,-0.07165313,-0.08512355,42.461506,1,Stable,True,Energy,0.003995898650245925,-0.002562074302662737,20,all_train,10,,,,,,,,,,,,,,
2026-01-06,CTRA,24.8952961672,True,2026-02-05,0.21620173704928985,0.19849742981406115,2026-02-05,0.27525833,-0.03773078,-0.08470245,-0.09927979,39.89899,1,Stable,True,Unknown,0.003629083448593322,-0.0012620891076062235,20,all_train,10,,,,,,,,,,,,,,
2026-01-06,FANG,142.0437774658203,True,2026-02-05,0.19093333059999867,0.17322902336476997,2026-02-05,0.28305846,-0.045078922,-0.089092046,-0.104087144,36.837814,1,Stable,True,Energy,0.003391153089373597,-0.0012620891076062235,20,all_train,10,,,,,,,,,,,,,,
2026-01-06,GDDY,119.81999969482422,True,2026-02-05,-0.16385852236606793,-0.18156282960129663,2026-02-05,0.29525563,-0.041907556,-0.06725834,-0.08040073,37.170433,1,Stable,True,Information Technology,0.0033124162066606446,-0.0033525541245449757,20,all_train,10,,,,,,,,,,,,,,
2026-01-06,AZO,3244.919921875,True,2026-02-05,0.10418502633047928,0.08648071909525058,2026-02-05,0.22908244,-0.052902218,-0.1511356,-0.17462954,23.0827,1,Stable,True,Consumer Discretionary,0.002466778137451792,-0.008288889490127176,20,all_train,10,,,,,,,,,,,,,,
2026-01-06,SOLV,83.16000366210938,True,2026-02-05,-0.06847796592409154,-0.08618227315932024,2026-02-05,0.2535236,0.026971001,-0.026571423,-0.037704542,55.77799,1,Stable,True,Health Care,0.0024267791566012697,-0.001070638006036118,20,all_train,10,,,,,,,,,,,,,,
2026-01-06,APD,255.16510009765625,True,2026-02-05,0.10030252379237131,0.08259821655714261,2026-02-05,0.27554578,0.061721496,-0.001703894,-0.012479065,70.46958,1,Stable,True,Materials,0.002417014099007361,-0.004062224135158585,20,all_train,10,,,,,,,,,,,,,,
2026-01-06,EXE,103.60462951660156,True,2026-02-05,0.043112125816175906,0.025407818580947206,2026-02-05,0.32008532,-0.049036484,-0.14186887,-0.16377208,39.936974,1,Stable,True,Energy,0.006468262667189489,0.0036132804514113995,20,stable_train,10,,,,,,,,,,,,,,
2026-01-06,ORLY,90.38999938964844,True,2026-02-05,0.03982871196819099,0.022124404732962285,2026-02-05,0.18980144,-0.023855554,-0.08595409,-0.100648195,20.423464,1,Stable,True,Consumer Discretionary,-0.0005168685102116732,0.002544729084032543,20,stable_train,10,,,,,,,,,,,,,,
2026-01-06,PM,152.5226593017578,True,2026-02-05,0.19076265194082384,0.17305834470559514,2026-02-05,0.26175675,-0.008211547,0.05930041,0.046834983,44.463898,1,Stable,True,Consumer Staples,-0.0006477775803171056,0.000533080562069344,20,stable_train,10,,,,,,,,,,,,,,
2026-01-06,NVR,7239.72998046875,True,2026-02-05,0.14340865263726327,0.12570434540203457,2026-02-05,0.24124527,-0.023005243,-0.039579056,-0.051157326,23.822565,1,Stable,True,Consumer Discretionary,-0.0014877931840504412,0.0005289161109309689,20,stable_train,10,,,,,,,,,,,,,,
2026-01-06,DLR,154.68838500976562,True,2026-02-05,0.08085413128924496,0.06314982405401626,2026-02-05,0.22881296,0.013589932,-0.040642254,-0.05226495,61.09526,1,Stable,True,Real Estate,0.0023996039680938973,0.00017310667970119533,20,stable_train,10,,,,,,,,,,,,,,
2026-01-06,T,23.494176864624023,True,2026-02-05,0.17040285499954014,0.15269854776431144,2026-02-05,0.18275855,-0.0062669558,-0.037183493,-0.048666146,50.66666,1,Stable,True,Communication Services,0.0008557769263675371,8.821679272071359e-05,20,stable_train,10,,,,,,,,,,,,,,
2026-01-06,ADSK,293.1700134277344,True,2026-02-05,-0.17198904299933776,-0.18969335023456646,2026-02-05,0.2379688,-0.013510065,-0.044239346,-0.056021478,48.43064,1,Stable,True,Information Technology,0.0014872873347213174,8.821679272071359e-05,20,stable_train,10,,,,,,,,,,,,,,
2026-01-06,KMI,26.075212478637695,True,2026-02-05,0.15193732535845367,0.13423301812322497,2026-02-05,0.20243995,-0.007971015,-0.034209635,-0.0455822,51.243786,1,Stable,True,Energy,0.0008557769263675371,8.821679272071359e-05,20,stable_train,10,,,,,,,,,,,,,,
2026-01-06,UHS,221.21961975097656,True,2026-02-05,0.05647774696516045,0.03877343972993175,2026-02-05,0.25731388,-0.011728343,-0.04041892,-0.05203218,45.59372,1,Stable,True,Health Care,0.00036906707631131783,6.072868775038584e-05,20,stable_train,10,,,,,,,,,,,,,,
2026-01-06,INTU,641.1797485351562,True,2026-02-05,-0.31315495141849775,-0.33085925865372645,2026-02-05,0.2515901,-0.024121787,-0.039235182,-0.050799344,46.511425,1,Stable,True,Information Technology,0.00036906707631131783,-0.00018374105635761114,20,stable_train,10,,,,,,,,,,,,,,
2026-02-04,FE,45.044837951660156,True,2026-03-06,0.10086357674312386,0.092276279516744,2026-03-06,0.13175027,-0.0009473468,0.034790367,0.043180943,52.913754,1,Stable,True,Utilities,-0.0026883741022730072,-0.004739782430735664,20,lowvol,10,,,,,,,,,,,,,,
2026-02-04,BRK-B,503.8299865722656,True,2026-03-06,-0.0011568999582678308,-0.009744197184647696,2026-03-06,0.13406649,0.0309122,0.009578196,0.018514695,58.660385,1,Stable,True,Financials,-0.00012399581563314485,-0.004967225349970442,20,lowvol,10,,,,,,,,,,,,,,
2026-02-04,LNT,65.75399780273438,True,2026-03-06,0.07921430401454767,0.0706270067881678,2026-03-06,0.13626738,0.0123558575,0.029256117,0.037818402,54.124866,1,Stable,True,Utilities,-0.0021573938228954172,-0.005444826291980957,20,lowvol,10,,,,,,,,,,,,,,
2026-02-04,WEC,110.46537017822266,True,2026-03-06,0.05151826337694533,0.042930966150565464,2026-03-06,0.13713251,0.042915747,0.0696556,0.0763188,83.36881,1,Stable,True,Utilities,-0.002303723085260731,-0.005266010225522081,20,lowvol,10,,,,,,,,,,,,,,
2026-02-04,DUK,119.09268188476562,True,2026-03-06,0.09138852448077596,0.08280122725439609,2026-03-06,0.13736509,0.026892798,0.037965078,0.04624422,65.22863,1,Stable,True,Utilities,-0.0030575408599728556,-0.005874017063228139,20,lowvol,10,,,,,,,,,,,,,,
2026-02-04,EVRG,75.31912994384766,True,2026-03-06,0.08322949815821602,0.07464220093183616,2026-03-06,0.13776645,0.021277132,0.056498002,0.06394175,60.765026,1,Stable,True,Utilities,-0.0030575408599728556,-0.005343749277898955,20,lowvol,10,,,,,,,,,,,,,,
2026-02-04,AEE,103.31499481201172,True,2026-03-06,0.0726078559792749,0.06402055875289503,2026-03-06,0.13834283,0.020950189,0.041148968,0.04930696,61.195576,1,Stable,True,Utilities,-0.0030575408599728556,-0.005447694944416404,20,lowvol,10,,,,,,,,,,,,,,
2026-02-04,L,109.24254608154297,True,2026-03-06,-0.0019345772440166747,-0.01052187447039654,2026-03-06,0.139684,0.051372424,0.040307917,0.04849882,78.383606,1,Stable,True,Financials,-0.0020706784323263673,-0.007083874037780193,20,lowvol,10,,,,,,,,,,,,,,
2026-02-04,SO,88.12300109863281,True,2026-03-06,0.08726193183839914,0.07867463461201928,2026-03-06,0.14260742,0.022363225,0.031650037,0.040141575,60.910217,1,Stable,True,Utilities,-0.0025241122131153316,-0.0044989824958915035,20,lowvol,10,,,,,,,,,,,,,,
2026-02-04,DTE,133.5800018310547,True,2026-03-06,0.11134926580432604,0.10276196857794617,2026-03-06,0.14324176,0.013272552,0.043525096,0.051586576,55.94023,1,Stable,True,Utilities,-0.002807500696609495,-0.005625632832448552,20,lowvol,10,,,,,,,,,,,,,,
2026-02-04,FE,45.044837951660156,True,2026-03-06,0.10086357674312386,0.092276279516744,2026-03-06,0.13175027,-0.0009473468,0.034790367,0.043180943,52.913754,1,Stable,True,Utilities,-0.0026883741022730072,-0.004739782430735664,20,stable_lowvol,10,,,,,,,,,,,,,,
2026-02-04,BRK-B,503.8299865722656,True,2026-03-06,-0.0011568999582678308,-0.009744197184647696,2026-03-06,0.13406649,0.0309122,0.009578196,0.018514695,58.660385,1,Stable,True,Financials,-0.00012399581563314485,-0.004967225349970442,20,stable_lowvol,10,,,,,,,,,,,,,,
2026-02-04,LNT,65.75399780273438,True,2026-03-06,0.07921430401454767,0.0706270067881678,2026-03-06,0.13626738,0.0123558575,0.029256117,0.037818402,54.124866,1,Stable,True,Utilities,-0.0021573938228954172,-0.005444826291980957,20,stable_lowvol,10,,,,,,,,,,,,,,
2026-02-04,WEC,110.46537017822266,True,2026-03-06,0.05151826337694533,0.042930966150565464,2026-03-06,0.13713251,0.042915747,0.0696556,0.0763188,83.36881,1,Stable,True,Utilities,-0.002303723085260731,-0.005266010225522081,20,stable_lowvol,10,,,,,,,,,,,,,,
2026-02-04,DUK,119.09268188476562,True,2026-03-06,0.09138852448077596,0.08280122725439609,2026-03-06,0.13736509,0.026892798,0.037965078,0.04624422,65.22863,1,Stable,True,Utilities,-0.0030575408599728556,-0.005874017063228139,20,stable_lowvol,10,,,,,,,,,,,,,,
2026-02-04,EVRG,75.31912994384766,True,2026-03-06,0.08322949815821602,0.07464220093183616,2026-03-06,0.13776645,0.021277132,0.056498002,0.06394175,60.765026,1,Stable,True,Utilities,-0.0030575408599728556,-0.005343749277898955,20,stable_lowvol,10,,,,,,,,,,,,,,
2026-02-04,AEE,103.31499481201172,True,2026-03-06,0.0726078559792749,0.06402055875289503,2026-03-06,0.13834283,0.020950189,0.041148968,0.04930696,61.195576,1,Stable,True,Utilities,-0.0030575408599728556,-0.005447694944416404,20,stable_lowvol,10,,,,,,,,,,,,,,
2026-02-04,L,109.24254608154297,True,2026-03-06,-0.0019345772440166747,-0.01052187447039654,2026-03-06,0.139684,0.051372424,0.040307917,0.04849882,78.383606,1,Stable,True,Financials,-0.0020706784323263673,-0.007083874037780193,20,stable_lowvol,10,,,,,,,,,,,,,,
2026-02-04,SO,88.12300109863281,True,2026-03-06,0.08726193183839914,0.07867463461201928,2026-03-06,0.14260742,0.022363225,0.031650037,0.040141575,60.910217,1,Stable,True,Utilities,-0.0025241122131153316,-0.0044989824958915035,20,stable_lowvol,10,,,,,,,,,,,,,,
2026-02-04,DTE,133.5800018310547,True,2026-03-06,0.11134926580432604,0.10276196857794617,2026-03-06,0.14324176,0.013272552,0.043525096,0.051586576,55.94023,1,Stable,True,Utilities,-0.002807500696609495,-0.005625632832448552,20,stable_lowvol,10,,,,,,,,,,,,,,
2026-02-04,MSFT,411.5788879394531,True,2026-03-06,0.04979803274710083,0.041210735520720965,2026-03-06,0.24240257,-0.09222406,-0.13441727,-0.13537022,32.958748,1,Stable,True,Information Technology,0.005093546063199167,0.0012311895210194745,20,all_train,10,,,,,,,,,,,,,,
2026-02-04,LHX,336.5295715332031,True,2026-03-06,0.08358877748033124,0.07500148025395137,2026-03-06,0.24998312,-0.015523343,0.07822683,0.084299944,47.578163,1,Stable,True,Industrials,0.004114018272565061,0.0038114141705286337,20,all_train,10,,,,,,,,,,,,,,
2026-02-04,HSY,201.304931640625,True,2026-03-06,0.017890100066273684,0.009302802839893818,2026-03-06,0.2307043,0.06044248,0.14786918,0.14688942,59.498707,1,Stable,True,Consumer Staples,0.0040647041622819775,-0.0046233540265876345,20,all_train,10,,,,,,,,,,,,,,
2026-02-04,JPM,314.2389221191406,True,2026-03-06,-0.0580879327281999,-0.06667522995457976,2026-03-06,0.21538445,0.021510666,-0.05182154,-0.04423047,60.53812,1,Stable,True,Financials,0.003902543884813697,0.0010892210911042318,20,all_train,10,,,,,,,,,,,,,,
2026-02-04,ELV,337.1414489746094,True,2026-03-06,-0.11965953570829711,-0.12824683293467698,2026-03-06,0.36558145,-0.057204332,-0.082855366,-0.07750802,37.056366,1,Stable,True,Health Care,0.0036880102953006683,-0.0028603898882140315,20,all_train,10,,,,,,,,,,,,,,
2026-02-04,V,327.98052978515625,True,2026-03-06,-0.025185298150203192,-0.03377259537658306,2026-03-06,0.20075338,-0.006907459,-0.07721771,-0.07137987,50.84344,1,Stable,True,Financials,0.003652215679550833,0.001667976466752013,20,all_train,10,,,,,,,,,,,,,,
2026-02-04,FTV,60.00522232055664,True,2026-03-06,-0.03809044067342548,-0.046677737899805345,2026-03-06,0.25965562,0.10129215,0.084400356,0.09000924,64.384445,1,Stable,True,Industrials,0.00353132093659163,-0.018717299307542002,20,all_train,10,,,,,,,,,,,,,,
2026-02-04,ZBH,87.61860656738281,True,2026-03-06,0.06922060434898872,0.06063330712260885,2026-03-06,0.32273415,-0.0016886288,-0.0702903,-0.06390081,44.82445,1,Stable,True,Health Care,0.003121929530456024,-0.00013550820410541465,20,all_train,10,,,,,,,,,,,,,,
2026-02-04,EOG,112.94828033447266,True,2026-03-06,0.1767800927341123,0.16819279550773245,2026-03-06,0.24042787,0.063037544,0.102505766,0.106567636,59.53768,1,Stable,True,Energy,0.0030686943545111768,-0.004898484454667828,20,all_train,10,,,,,,,,,,,,,,
2026-02-04,TMO,564.0962524414062,True,2026-03-06,-0.06588351812166647,-0.07447081534804634,2026-03-06,0.25998598,-0.07321088,-0.08941237,-0.08468307,24.57098,1,Stable,True,Health Care,0.002858378383411868,-0.002271243262232908,20,all_train,10,,,,,,,,,,,,,,
2026-02-04,BSX,75.5,True,2026-03-06,-0.07242765595464727,-0.08101495318102714,2026-03-06,0.35084212,-0.18328935,-0.22793743,-0.2497076,22.29647,1,Stable,True,Health Care,-0.004473660284604686,0.01169919729948918,20,stable_train,10,,,,,,,,,,,,,,
2026-02-04,TYL,343.239990234375,True,2026-03-06,0.10754291664747152,0.09895561942109166,2026-03-06,0.31559488,-0.18164839,-0.22634453,-0.24764656,17.138016,1,Stable,True,Information Technology,-0.0055949695171943386,0.010121341428842719,20,stable_train,10,,,,,,,,,,,,,,
2026-02-04,LHX,336.5295715332031,True,2026-03-06,0.08358877748033124,0.07500148025395137,2026-03-06,0.24998312,-0.015523343,0.07822683,0.084299944,47.578163,1,Stable,True,Industrials,0.004114018272565061,0.0038114141705286337,20,stable_train,10,,,,,,,,,,,,,,
2026-02-04,FANG,166.1519775390625,True,2026-03-06,0.11077898458811977,0.1021916873617399,2026-03-06,0.29668015,0.094448745,0.16972373,0.16574967,68.998985,1,Stable,True,Energy,-0.003976477341655136,0.0023082516983110157,20,stable_train,10,,,,,,,,,,,,,,
2026-02-04,TSN,63.939945220947266,True,2026-03-06,-0.041619667055999385,-0.05020696428237925,2026-03-06,0.22958945,0.051916108,0.16133639,0.15855348,70.0352,1,Stable,True,Consumer Staples,-0.0006866637262127821,0.0018921099246573267,20,stable_train,10,,,,,,,,,,,,,,
2026-02-04,V,327.98052978515625,True,2026-03-06,-0.025185298150203192,-0.03377259537658306,2026-03-06,0.20075338,-0.006907459,-0.07721771,-0.07137987,50.84344,1,Stable,True,Financials,0.003652215679550833,0.001667976466752013,20,stable_train,10,,,,,,,,,,,,,,
2026-02-04,SJM,105.2882080078125,True,2026-03-06,0.03643338748895954,0.02784609026257967,2026-03-06,0.24646899,0.055431273,0.13158162,0.1325984,63.274357,1,Stable,True,Consumer Staples,-0.0016400284160427456,0.0016219986229511606,20,stable_train,10,,,,,,,,,,,,,,
2026-02-04,NOC,684.5352172851562,True,2026-03-06,0.09767806664461422,0.08909076941823435,2026-03-06,0.23477654,0.046888847,0.12960824,0.13085297,63.985043,1,Stable,True,Industrials,-0.0017935094327332602,0.0016219986229511606,20,stable_train,10,,,,,,,,,,,,,,
2026-02-04,MPC,193.67156982421875,True,2026-03-06,0.14420977030413762,0.13562247307775777,2026-03-06,0.2894425,0.105758816,0.14963031,0.1484225,69.19497,1,Stable,True,Energy,0.0011055732629928845,0.0014762060619381728,20,stable_train,10,,,,,,,,,,,,,,
2026-02-04,MSFT,411.5788879394531,True,2026-03-06,0.04979803274710083,0.041210735520720965,2026-03-06,0.24240257,-0.09222406,-0.13441727,-0.13537022,32.958748,1,Stable,True,Information Technology,0.005093546063199167,0.0012311895210194745,20,stable_train,10,,,,,,,,,,,,,,
2026-03-05,WEC,114.10926055908203,True,2026-04-06,0.027311578752817693,0.008292356400158685,2026-04-06,0.14016247,0.014377774,0.032986723,0.040039673,61.850056,1,Stable,True,Utilities,-0.00249789588904044,-0.002724338979979531,20,lowvol,10,,,,,,,,,,,,,,
2026-03-05,LNT,70.27550506591797,True,2026-04-06,0.031597663742153274,0.012578441389494264,2026-04-06,0.1431441,0.014815323,0.06876399,0.07408817,59.857426,1,Stable,True,Utilities,-0.0024775116466451727,-0.0036851679477456303,20,lowvol,10,,,,,,,,,,,,,,
2026-03-05,FE,49.31739044189453,True,2026-04-06,0.022559760271578293,0.0035405379189192843,2026-04-06,0.1439904,0.017825097,0.0948511,0.09820371,62.45791,1,Stable,True,Utilities,-0.0020294544975086163,-0.0016858171334163978,20,lowvol,10,,,,,,,,,,,,,,
2026-03-05,DUK,129.34524536132812,True,2026-04-06,0.010792806258997971,-0.008226416093661038,2026-04-06,0.1441035,0.035979424,0.08608895,0.09016846,74.45069,1,Stable,True,Utilities,-0.001854205864993062,-0.0023769242888369902,20,lowvol,10,,,,,,,,,,,,,,
2026-03-05,L,109.87488555908203,True,2026-04-06,0.001784015685643174,-0.017235206667015834,2026-04-06,0.14577514,-0.00025337428,0.0057883994,0.013357049,50.20026,1,Stable,True,Financials,-0.0013753085012814716,-0.004770361058457172,20,lowvol,10,,,,,,,,,,,,,,
2026-03-05,ATO,183.23260498046875,True,2026-04-06,0.03398896950082169,0.014969747148162684,2026-04-06,0.14606564,0.03260773,0.08485161,0.089028545,74.23238,1,Stable,True,Utilities,-0.001854205864993062,-0.002458262768461348,20,lowvol,10,,,,,,,,,,,,,,
2026-03-05,AEE,109.88375854492188,True,2026-04-06,0.025089873860083926,0.006070651507424918,2026-04-06,0.1504031,0.015689814,0.06357996,0.069225885,57.49456,1,Stable,True,Utilities,-0.0023139514051028166,-0.004862117723065767,20,lowvol,10,,,,,,,,,,,,,,
2026-03-05,DTE,146.31785583496094,True,2026-04-06,0.0103547750835185,-0.008664447269140509,2026-04-06,0.15150377,0.034362793,0.09535749,0.098666124,73.15752,1,Stable,True,Utilities,-0.001854205864993062,-0.0013222355314335742,20,lowvol,10,,,,,,,,,,,,,,
2026-03-05,CMS,75.99175262451172,True,2026-04-06,0.03418250686107476,0.015163284508415753,2026-04-06,0.15157793,0.020313345,0.08628079,0.090345085,69.08542,1,Stable,True,Utilities,-0.00249789588904044,-0.0031084708091364812,20,lowvol,10,,,,,,,,,,,,,,
2026-03-05,EVRG,80.84883880615234,True,2026-04-06,0.018860998959245805,-0.00015822339341320377,2026-04-06,0.15165079,0.020741096,0.07341706,0.07843241,59.567062,1,Stable,True,Utilities,-0.0024775116466451727,-0.0036851679477456303,20,lowvol,10,,,,,,,,,,,,,,
2026-03-05,WEC,114.10926055908203,True,2026-04-06,0.027311578752817693,0.008292356400158685,2026-04-06,0.14016247,0.014377774,0.032986723,0.040039673,61.850056,1,Stable,True,Utilities,-0.00249789588904044,-0.002724338979979531,20,stable_lowvol,10,,,,,,,,,,,,,,
2026-03-05,LNT,70.27550506591797,True,2026-04-06,0.031597663742153274,0.012578441389494264,2026-04-06,0.1431441,0.014815323,0.06876399,0.07408817,59.857426,1,Stable,True,Utilities,-0.0024775116466451727,-0.0036851679477456303,20,stable_lowvol,10,,,,,,,,,,,,,,
2026-03-05,FE,49.31739044189453,True,2026-04-06,0.022559760271578293,0.0035405379189192843,2026-04-06,0.1439904,0.017825097,0.0948511,0.09820371,62.45791,1,Stable,True,Utilities,-0.0020294544975086163,-0.0016858171334163978,20,stable_lowvol,10,,,,,,,,,,,,,,
2026-03-05,DUK,129.34524536132812,True,2026-04-06,0.010792806258997971,-0.008226416093661038,2026-04-06,0.1441035,0.035979424,0.08608895,0.09016846,74.45069,1,Stable,True,Utilities,-0.001854205864993062,-0.0023769242888369902,20,stable_lowvol,10,,,,,,,,,,,,,,
2026-03-05,L,109.87488555908203,True,2026-04-06,0.001784015685643174,-0.017235206667015834,2026-04-06,0.14577514,-0.00025337428,0.0057883994,0.013357049,50.20026,1,Stable,True,Financials,-0.0013753085012814716,-0.004770361058457172,20,stable_lowvol,10,,,,,,,,,,,,,,
2026-03-05,ATO,183.23260498046875,True,2026-04-06,0.03398896950082169,0.014969747148162684,2026-04-06,0.14606564,0.03260773,0.08485161,0.089028545,74.23238,1,Stable,True,Utilities,-0.001854205864993062,-0.002458262768461348,20,stable_lowvol,10,,,,,,,,,,,,,,
2026-03-05,AEE,109.88375854492188,True,2026-04-06,0.025089873860083926,0.006070651507424918,2026-04-06,0.1504031,0.015689814,0.06357996,0.069225885,57.49456,1,Stable,True,Utilities,-0.0023139514051028166,-0.004862117723065767,20,stable_lowvol,10,,,,,,,,,,,,,,
2026-03-05,DTE,146.31785583496094,True,2026-04-06,0.0103547750835185,-0.008664447269140509,2026-04-06,0.15150377,0.034362793,0.09535749,0.098666124,73.15752,1,Stable,True,Utilities,-0.001854205864993062,-0.0013222355314335742,20,stable_lowvol,10,,,,,,,,,,,,,,
2026-03-05,CMS,75.99175262451172,True,2026-04-06,0.03418250686107476,0.015163284508415753,2026-04-06,0.15157793,0.020313345,0.08628079,0.090345085,69.08542,1,Stable,True,Utilities,-0.00249789588904044,-0.0031084708091364812,20,stable_lowvol,10,,,,,,,,,,,,,,
2026-03-05,EVRG,80.84883880615234,True,2026-04-06,0.018860998959245805,-0.00015822339341320377,2026-04-06,0.15165079,0.020741096,0.07341706,0.07843241,59.567062,1,Stable,True,Utilities,-0.0024775116466451727,-0.0036851679477456303,20,stable_lowvol,10,,,,,,,,,,,,,,
2026-03-05,MCK,930.3213500976562,True,2026-04-06,-0.04895934605772773,-0.06797856841038674,2026-04-06,0.3290921,-0.024853336,0.13397086,0.13331085,54.89884,1,Stable,True,Health Care,0.007460169096250295,0.0030459018370613657,20,all_train,10,,,,,,,,,,,,,,
2026-03-05,VMC,285.58740234375,True,2026-04-06,0.04510596243767189,0.026086740085012883,2026-04-06,0.26557493,-0.075516805,-0.07788376,-0.07349865,31.177435,1,Stable,True,Materials,0.005760722619258089,-0.002063854291067043,20,all_train,10,,,,,,,,,,,,,,
2026-03-05,IFF,74.54328155517578,True,2026-04-06,-0.0015281526647800761,-0.020547375017439085,2026-04-06,0.27244544,-0.052568816,0.014672163,0.022150906,30.827082,1,Stable,True,Materials,0.005471635014993498,-0.005309919033167859,20,all_train,10,,,,,,,,,,,,,,
2026-03-05,CLX,110.9880142211914,True,2026-04-06,-0.0661892778433158,-0.08520850019597481,2026-04-06,0.2474567,-0.07535039,-0.034558833,-0.027584776,28.067385,1,Stable,True,Consumer Staples,0.004726578445326041,0.001467416149654758,20,all_train,10,,,,,,,,,,,,,,
2026-03-05,XYL,125.22061920166016,True,2026-04-06,0.024703311130702614,0.005684088778043606,2026-04-06,0.23165624,-0.02867317,-0.09390425,-0.09102495,51.265995,1,Stable,True,Industrials,0.004379749626568998,-0.0012438377216246162,20,all_train,10,,,,,,,,,,,,,,
2026-03-05,MKC,64.11237335205078,True,2026-04-06,-0.1976346178333646,-0.21665384018602363,2026-04-06,0.28376168,-0.05300124,-0.019675694,-0.0122865,28.846119,1,Stable,True,Consumer Staples,0.004270882582572696,-0.0009041350748443265,20,all_train,10,,,,,,,,,,,,,,
2026-03-05,SCHW,94.7924575805664,True,2026-04-06,-0.004502783105524273,-0.02352200545818328,2026-04-06,0.23758794,-0.010391302,-0.07843473,-0.07409634,52.032513,1,Stable,True,Financials,0.004244437147622888,-0.0010859712517798678,20,all_train,10,,,,,,,,,,,,,,
2026-03-05,MNST,76.69999694824219,True,2026-04-06,-0.00015809462310185235,-0.01917731697576086,2026-04-06,0.22897838,-0.06667726,-0.058202423,-0.052379575,37.64511,1,Stable,True,Consumer Staples,0.004243273943730674,-0.0027300168104996666,20,all_train,10,,,,,,,,,,,,,,
2026-03-05,STE,237.80238342285156,True,2026-04-06,-0.02670546919323264,-0.04572469154589165,2026-04-06,0.24109529,-0.034278948,-0.09518079,-0.09243478,43.760063,1,Stable,True,Health Care,0.004137186285569086,-0.0006481796974874372,20,all_train,10,,,,,,,,,,,,,,
2026-03-05,ROL,57.691139221191406,True,2026-04-06,-0.052188741488382324,-0.07120796384104133,2026-04-06,0.27335668,-0.045608964,-0.08130289,-0.07721346,48.446247,1,Stable,True,Industrials,0.004108658144125103,-0.0012670614306487772,20,all_train,10,,,,,,,,,,,,,,
2026-03-05,COR,357.7606506347656,True,2026-04-06,-0.08559492032303523,-0.10461414267569423,2026-04-06,0.27251515,-0.0092617,0.09069036,0.09439619,59.688046,1,Stable,True,Health Care,0.0022905924171705895,0.006565411781421102,20,stable_train,10,,,,,,,,,,,,,,
2026-03-05,ZBH,92.9499282836914,True,2026-04-06,-0.01140131848720333,-0.03042054083986234,2026-04-06,0.33056024,-0.029433755,0.060846914,0.0666529,44.75438,1,Stable,True,Health Care,0.002342614160900416,0.005899732988828675,20,stable_train,10,,,,,,,,,,,,,,
2026-03-05,JCI,136.38104248046875,True,2026-04-06,0.03232970962138009,0.013310487268721081,2026-04-06,0.26642525,-0.026000848,0.059386745,0.065275535,47.32379,1,Stable,True,Industrials,0.0016581005323846553,0.004134049213182209,20,stable_train,10,,,,,,,,,,,,,,
2026-03-05,TXT,96.3583755493164,True,2026-04-06,-0.04838436549425824,-0.06740358784691725,2026-04-06,0.25102022,-0.016401812,0.062493082,0.06820345,44.16295,1,Stable,True,Industrials,0.0024182947350655944,0.003477067857557742,20,stable_train,10,,,,,,,,,,,,,,
2026-03-05,EIX,69.54471588134766,True,2026-04-06,0.04452083218812158,0.02550160983546257,2026-04-06,0.24525791,0.0033246994,0.12228177,0.12294924,57.379307,1,Stable,True,Utilities,-0.0010525791435383456,0.003286322431980927,20,stable_train,10,,,,,,,,,,,,,,
2026-03-05,HSY,223.09719848632812,True,2026-04-06,-0.05662855674651642,-0.07564777909917543,2026-04-06,0.27102423,-0.0040514497,0.10825501,0.11037205,52.403374,1,Stable,True,Consumer Staples,-0.0008207582922311378,0.0031755609725432434,20,stable_train,10,,,,,,,,,,,,,,
2026-03-05,MCK,930.3213500976562,True,2026-04-06,-0.04895934605772773,-0.06797856841038674,2026-04-06,0.3290921,-0.024853336,0.13397086,0.13331085,54.89884,1,Stable,True,Health Care,0.007460169096250295,0.0030459018370613657,20,stable_train,10,,,,,,,,,,,,,,
2026-03-05,TFC,47.502403259277344,True,2026-04-06,0.043755761176707146,0.024736538824048138,2026-04-06,0.23438907,-0.060587987,-0.11143106,-0.110557705,35.505196,1,Stable,True,Financials,0.0024165972803945526,0.002682051794574568,20,stable_train,10,,,,,,,,,,,,,,
2026-03-05,EXC,48.31562423706055,True,2026-04-06,0.010510207325989333,-0.008509015026669675,2026-04-06,0.18617901,0.036074255,0.13257208,0.13207656,64.86191,1,Stable,True,Utilities,-0.0010866092302582054,0.002253174599610414,20,stable_train,10,,,,,,,,,,,,,,
2026-03-05,STZ,145.17970275878906,True,2026-04-06,0.07896330368797616,0.05994408133531715,2026-04-06,0.30088925,-0.06576724,-0.11627057,-0.116019,33.406773,1,Stable,True,Consumer Staples,0.003300995320717189,0.0020704788807659968,20,stable_train,10,,,,,,,,,,,,,,
2026-04-02,EA,203.4074177329,True,2026-05-04,-0.10053223658509604,-0.01146159874575281,2026-05-04,0.060277894,0.012844621,0.014146244,0.051032268,84.49367,1,Stable,True,Communication Services,-0.003804071670933469,-0.011242360317955363,20,lowvol,10,,,,,,,,,,,,,,
2026-04-02,HOLX,75.65,True,2026-05-04,,,2026-05-04,0.0962048,0.0025444617,-0.001320132,0.035664145,71.2,1,Stable,True,Unknown,-0.0040855801421499855,-0.005421260723083869,20,lowvol,10,,,,,,,,,,,,,,
2026-04-02,WEC,115.5738525390625,True,2026-05-04,-0.09155498103138705,-0.0024843431920438253,2026-05-04,0.14439733,0.021768488,0.012834997,0.049738474,50.909115,1,Stable,True,Utilities,-0.002176586943773417,-0.006850244438210266,20,lowvol,10,,,,,,,,,,,,,,
2026-04-02,FE,50.28766632080078,True,2026-05-04,-0.17217534032756746,-0.08310470248822423,2026-05-04,0.14670987,0.018247547,0.019674113,0.056468226,51.138115,1,Stable,True,Utilities,-0.002176586943773417,-0.006902997837406561,20,lowvol,10,,,,,,,,,,,,,,
2026-04-02,ATO,186.78102111816406,True,2026-05-04,-0.08928353076653052,-0.0002128929271872915,2026-05-04,0.14704314,0.023243185,0.019365637,0.056165658,51.13302,1,Stable,True,Utilities,-0.002176586943773417,-0.006902997837406561,20,lowvol,10,,,,,,,,,,,,,,
2026-04-02,DUK,129.94473266601562,True,2026-05-04,-0.1192053702460102,-0.030134732406666975,2026-05-04,0.1479178,0.013180034,0.004634784,0.041609224,46.676243,1,Stable,True,Utilities,-0.002176586943773417,-0.006101494709904133,20,lowvol,10,,,,,,,,,,,,,,
2026-04-02,LNT,71.76297760009766,True,2026-05-04,-0.06448004104444206,0.024590596794901165,2026-05-04,0.15042585,0.023001721,0.021166302,0.057930555,50.34483,1,Stable,True,Utilities,-0.002176586943773417,-0.006902997837406561,20,lowvol,10,,,,,,,,,,,,,,
2026-04-02,CNP,43.2137451171875,True,2026-05-04,-0.09526478070260648,-0.006194142863263252,2026-05-04,0.15099557,0.015991796,0.007142856,0.044102613,46.666637,1,Stable,True,Utilities,-0.002176586943773417,-0.00724714931681426,20,lowvol,10,,,,,,,,,,,,,,
2026-04-02,L,107.56751251220703,True,2026-05-04,-0.11338159802364946,-0.024310960184306233,2026-05-04,0.15190126,0.0038919526,-0.021000003,0.015761508,48.72392,1,Stable,True,Financials,-0.0012081992902966464,-0.003971906689567997,20,lowvol,10,,,,,,,,,,,,,,
2026-04-02,PNW,100.8801040649414,True,2026-05-04,-0.08660341008996654,0.002467227749376688,2026-05-04,0.15415388,0.021590646,0.009039074,0.045983613,49.113903,1,Stable,True,Utilities,-0.002176586943773417,-0.00724714931681426,20,lowvol,10,,,,,,,,,,,,,,
2026-04-02,EA,203.4074177329,True,2026-05-04,-0.10053223658509604,-0.01146159874575281,2026-05-04,0.060277894,0.012844621,0.014146244,0.051032268,84.49367,1,Stable,True,Communication Services,-0.003804071670933469,-0.011242360317955363,20,stable_lowvol,10,,,,,,,,,,,,,,
2026-04-02,HOLX,75.65,True,2026-05-04,,,2026-05-04,0.0962048,0.0025444617,-0.001320132,0.035664145,71.2,1,Stable,True,Unknown,-0.0040855801421499855,-0.005421260723083869,20,stable_lowvol,10,,,,,,,,,,,,,,
2026-04-02,WEC,115.5738525390625,True,2026-05-04,-0.09155498103138705,-0.0024843431920438253,2026-05-04,0.14439733,0.021768488,0.012834997,0.049738474,50.909115,1,Stable,True,Utilities,-0.002176586943773417,-0.006850244438210266,20,stable_lowvol,10,,,,,,,,,,,,,,
2026-04-02,FE,50.28766632080078,True,2026-05-04,-0.17217534032756746,-0.08310470248822423,2026-05-04,0.14670987,0.018247547,0.019674113,0.056468226,51.138115,1,Stable,True,Utilities,-0.002176586943773417,-0.006902997837406561,20,stable_lowvol,10,,,,,,,,,,,,,,
2026-04-02,ATO,186.78102111816406,True,2026-05-04,-0.08928353076653052,-0.0002128929271872915,2026-05-04,0.14704314,0.023243185,0.019365637,0.056165658,51.13302,1,Stable,True,Utilities,-0.002176586943773417,-0.006902997837406561,20,stable_lowvol,10,,,,,,,,,,,,,,
2026-04-02,DUK,129.94473266601562,True,2026-05-04,-0.1192053702460102,-0.030134732406666975,2026-05-04,0.1479178,0.013180034,0.004634784,0.041609224,46.676243,1,Stable,True,Utilities,-0.002176586943773417,-0.006101494709904133,20,stable_lowvol,10,,,,,,,,,,,,,,
2026-04-02,LNT,71.76297760009766,True,2026-05-04,-0.06448004104444206,0.024590596794901165,2026-05-04,0.15042585,0.023001721,0.021166302,0.057930555,50.34483,1,Stable,True,Utilities,-0.002176586943773417,-0.006902997837406561,20,stable_lowvol,10,,,,,,,,,,,,,,
2026-04-02,CNP,43.2137451171875,True,2026-05-04,-0.09526478070260648,-0.006194142863263252,2026-05-04,0.15099557,0.015991796,0.007142856,0.044102613,46.666637,1,Stable,True,Utilities,-0.002176586943773417,-0.00724714931681426,20,stable_lowvol,10,,,,,,,,,,,,,,
2026-04-02,L,107.56751251220703,True,2026-05-04,-0.11338159802364946,-0.024310960184306233,2026-05-04,0.15190126,0.0038919526,-0.021000003,0.015761508,48.72392,1,Stable,True,Financials,-0.0012081992902966464,-0.003971906689567997,20,stable_lowvol,10,,,,,,,,,,,,,,
2026-04-02,PNW,100.8801040649414,True,2026-05-04,-0.08660341008996654,0.002467227749376688,2026-05-04,0.15415388,0.021590646,0.009039074,0.045983613,49.113903,1,Stable,True,Utilities,-0.002176586943773417,-0.00724714931681426,20,stable_lowvol,10,,,,,,,,,,,,,,
2026-04-02,SBAC,201.42453002929688,True,2026-05-04,-0.06322566257609465,0.025844975263248582,2026-05-04,0.35116208,0.13043827,0.049772877,0.08555898,62.72266,1,Stable,True,Real Estate,0.013650264540955727,-0.003393569560409478,20,all_train,10,,,,,,,,,,,,,,
2026-04-02,EQT,59.346099853515625,True,2026-05-04,-0.11092495240490054,-0.021854314565557312,2026-05-04,0.34248745,-0.06881709,-0.0319442,0.0045196004,34.56708,1,Stable,True,Energy,0.0075201179027354825,0.009137393538150903,20,all_train,10,,,,,,,,,,,,,,
2026-04-02,CAG,15.160234451293945,True,2026-05-04,-0.18924534122960923,-0.10017470339026602,2026-05-04,0.29795292,-0.028159842,-0.1552928,-0.13178007,39.449535,1,Stable,True,Unknown,0.007066957067469833,-0.0005279820321311239,20,all_train,10,,,,,,,,,,,,,,
2026-04-02,COO,70.16999816894531,True,2026-05-04,-0.21383945763638978,-0.12476881979704657,2026-05-04,0.2707313,-0.02051928,-0.12506233,-0.09661748,51.08225,1,Stable,True,Health Care,0.004472839687115981,0.0003623537763844808,20,all_train,10,,,,,,,,,,,,,,
2026-04-02,CPRT,33.400001525878906,True,2026-05-04,-0.07536781320936238,0.013702824629980846,2026-05-04,0.2686137,-0.015533319,-0.12151496,-0.09257126,43.783794,1,Stable,True,Industrials,0.004472839687115981,-0.00174576422403078,20,all_train,10,,,,,,,,,,,,,,
2026-04-02,GPC,102.3548355102539,True,2026-05-04,-0.10457232076708668,-0.015501682927743454,2026-05-04,0.33581817,-0.014350827,-0.10837852,-0.07772844,45.037163,1,Stable,True,Consumer Discretionary,0.004472839687115981,0.00045789885481555573,20,all_train,10,,,,,,,,,,,,,,
2026-04-02,SYK,330.65728759765625,True,2026-05-04,-0.2137170521659224,-0.12464641432657919,2026-05-04,0.22185789,-0.021665087,-0.10273383,-0.07141758,45.88497,1,Stable,True,Health Care,0.004472839687115981,0.00045789885481555573,20,all_train,10,,,,,,,,,,,,,,
2026-04-02,ADBE,242.9199981689453,True,2026-05-04,-0.0497843140566573,0.03928632378268593,2026-05-04,0.33837494,-0.037593752,-0.13778658,-0.11126731,43.237522,1,Stable,True,Information Technology,0.004219166652806869,-0.0002865042728631419,20,all_train,10,,,,,,,,,,,,,,
2026-04-02,BSX,62.81999969482422,True,2026-05-04,-0.18077860499820678,-0.09170796715886355,2026-05-04,0.3909168,-0.082564786,-0.13933413,-0.11306378,30.773912,1,Stable,True,Health Care,0.004004497495967143,0.001307428987207281,20,all_train,10,,,,,,,,,,,,,,
2026-04-02,LOW,228.51406860351562,True,2026-05-04,-0.13331423523006458,-0.04424359739072137,2026-05-04,0.2635663,-0.027540967,-0.09296846,-0.060592905,43.522907,1,Stable,True,Consumer Discretionary,0.0037196269505185764,-0.0020421981804019705,20,all_train,10,,,,,,,,,,,,,,
2026-04-02,MKC,47.98360061645508,True,2026-05-04,-0.13536913485713134,-0.046298497017788105,2026-05-04,0.31672734,-0.11922472,-0.25157034,-0.25279292,20.573578,1,Stable,True,Consumer Staples,0.0027025585805492787,0.01242474646715032,20,stable_train,10,,,,,,,,,,,,,,
2026-04-02,EQT,59.346099853515625,True,2026-05-04,-0.11092495240490054,-0.021854314565557312,2026-05-04,0.34248745,-0.06881709,-0.0319442,0.0045196004,34.56708,1,Stable,True,Energy,0.0075201179027354825,0.009137393538150903,20,stable_train,10,,,,,,,,,,,,,,
2026-04-02,COP,128.6987762451172,True,2026-05-04,-0.14019486476471654,-0.05112422692537332,2026-05-04,0.29546598,0.042275604,0.11727443,0.14787732,70.11654,1,Stable,True,Energy,-0.0008020952297985029,0.0024832629588454765,20,stable_train,10,,,,,,,,,,,,,,
2026-04-02,OXY,62.68048095703125,True,2026-05-04,-0.13179610696039734,-0.04272546912105413,2026-05-04,0.3386583,0.05224995,0.18837304,0.20957033,66.776535,1,Stable,True,Energy,0.0005931017702485759,0.0022715976563283356,20,stable_train,10,,,,,,,,,,,,,,
2026-04-02,CTRA,34.56,True,2026-05-04,-0.054747015110759537,0.03432362272858369,2026-05-04,0.2956396,0.03197362,0.11725606,0.14786088,66.002655,1,Stable,True,Unknown,-0.0007216075095378653,0.0022467711636049064,20,stable_train,10,,,,,,,,,,,,,,
2026-04-02,MPC,240.1533660888672,True,2026-05-04,-0.04292318350506443,0.0461474543342788,2026-05-04,0.34633124,0.031031605,0.11211811,0.14325155,63.93619,1,Stable,True,Energy,-0.0007216075095378653,0.0022467711636049064,20,stable_train,10,,,,,,,,,,,,,,
2026-04-02,DVN,49.140480041503906,True,2026-05-04,-0.05664365910930748,0.03242697873003575,2026-05-04,0.3221965,0.029087193,0.11744137,0.14802673,65.00001,1,Stable,True,Energy,-0.0007216075095378653,0.0022467711636049064,20,stable_train,10,,,,,,,,,,,,,,
2026-04-02,TSCO,43.168853759765625,True,2026-05-04,-0.3772397717668803,-0.28816913392753707,2026-05-04,0.28105995,-0.06482421,-0.13244906,-0.10509589,30.957655,1,Stable,True,Consumer Discretionary,0.0016672984188155434,0.0016347215249763608,20,stable_train,10,,,,,,,,,,,,,,
2026-04-02,SYY,70.69145202636719,True,2026-05-04,-0.09931097329141249,-0.01024033545206926,2026-05-04,0.3411789,-0.11440831,-0.1641821,-0.14235936,19.311586,1,Stable,True,Consumer Staples,0.0033517400004559983,0.0014130326204947591,20,stable_train,10,,,,,,,,,,,,,,
2026-04-02,CTVA,85.26348876953125,True,2026-05-04,-0.11945641585787094,-0.03038577801852771,2026-05-04,0.20857319,0.06557937,0.11581154,0.14656714,73.13097,1,Stable,True,Materials,-0.0008400900186141903,0.0013353714457095013,20,stable_train,10,,,,,,,,,,,,,,
2026-05-01,EA,201.8988460198,True,2026-06-02,-0.054914669971302246,0.001889105235496347,2026-06-02,0.061804004,-0.0044508814,-0.007416503,-0.101256326,44.33735,1,Stable,True,Communication Services,6.897246808346054e-05,-0.008755156905526161,20,lowvol,10,,,,,,,,,,,,,,
2026-05-01,L,111.57295227050781,True,2026-06-02,-0.05831940603501297,-0.001515630828214376,2026-06-02,0.14862807,0.009475708,0.03723652,-0.0572522,55.92262,1,Stable,True,Financials,0.0007567960692797639,0.0009723325165366402,20,lowvol,10,,,,,,,,,,,,,,
2026-05-01,WEC,115.45588684082031,True,2026-06-02,-0.10202628213154931,-0.045222506924750716,2026-06-02,0.15063351,0.012446511,-0.0010206954,-0.0948334,53.566944,1,Stable,True,Utilities,-0.0014786008269545767,-0.00476011539267307,20,lowvol,10,,,,,,,,,,,,,,
2026-05-01,DUK,126.38703155517578,True,2026-06-02,-0.09849564339119657,-0.04169186818439797,2026-06-02,0.15294594,-0.0023583223,-0.02737857,-0.12157253,44.4376,1,Stable,True,Utilities,0.0012519860562069738,0.0050719307623973125,20,lowvol,10,,,,,,,,,,,,,,
2026-05-01,BRK-B,473.010009765625,True,2026-06-02,-0.050421932762364854,0.0063818424444337385,2026-06-02,0.15328075,-0.004151714,-0.009091853,-0.10294562,40.35465,1,Stable,True,Financials,0.00024676918797058434,-0.007436775652764036,20,lowvol,10,,,,,,,,,,,,,,
2026-05-01,ATO,186.3560028076172,True,2026-06-02,-0.15301503626992774,-0.09621126106312915,2026-06-02,0.1550396,0.0062443116,-0.0022754897,-0.096090265,51.518627,1,Stable,True,Utilities,0.00042969874548089284,-0.0064972245342265755,20,lowvol,10,,,,,,,,,,,,,,
2026-05-01,O,62.99052047729492,True,2026-06-02,-0.10842957503682916,-0.05162579983003057,2026-06-02,0.1551431,0.0072358097,0.030130303,-0.06412688,54.60035,1,Stable,True,Real Estate,0.0007567960692797639,-1.459081047733705e-05,20,lowvol,10,,,,,,,,,,,,,,
2026-05-01,FE,45.985130310058594,True,2026-06-02,-0.07802177460407413,-0.02121799939727553,2026-06-02,0.15821607,-0.05962527,-0.085558474,-0.18325394,20.115765,1,Stable,True,Utilities,-0.0008762444577844311,-0.006324627370582296,20,lowvol,10,,,,,,,,,,,,,,
2026-05-01,LNT,73.5010757446289,True,2026-06-02,-0.09372024723633123,-0.03691647202953263,2026-06-02,0.15858583,0.027453883,0.024219984,-0.06988085,63.047577,1,Stable,True,Utilities,0.00239675683891232,0.00197417704263038,20,lowvol,10,,,,,,,,,,,,,,
2026-05-01,REG,77.91409301757812,True,2026-06-02,-0.09134345799485256,-0.03453968278805397,2026-06-02,0.15893622,-0.006800157,0.021693932,-0.07235021,51.433704,1,Stable,True,Real Estate,0.0007255471529581836,0.0018041330412691293,20,lowvol,10,,,,,,,,,,,,,,
2026-05-01,EA,201.8988460198,True,2026-06-02,-0.054914669971302246,0.001889105235496347,2026-06-02,0.061804004,-0.0044508814,-0.007416503,-0.101256326,44.33735,1,Stable,True,Communication Services,6.897246808346054e-05,-0.008755156905526161,20,stable_lowvol,10,,,,,,,,,,,,,,
2026-05-01,L,111.57295227050781,True,2026-06-02,-0.05831940603501297,-0.001515630828214376,2026-06-02,0.14862807,0.009475708,0.03723652,-0.0572522,55.92262,1,Stable,True,Financials,0.0007567960692797639,0.0009723325165366402,20,stable_lowvol,10,,,,,,,,,,,,,,
2026-05-01,WEC,115.45588684082031,True,2026-06-02,-0.10202628213154931,-0.045222506924750716,2026-06-02,0.15063351,0.012446511,-0.0010206954,-0.0948334,53.566944,1,Stable,True,Utilities,-0.0014786008269545767,-0.00476011539267307,20,stable_lowvol,10,,,,,,,,,,,,,,
2026-05-01,DUK,126.38703155517578,True,2026-06-02,-0.09849564339119657,-0.04169186818439797,2026-06-02,0.15294594,-0.0023583223,-0.02737857,-0.12157253,44.4376,1,Stable,True,Utilities,0.0012519860562069738,0.0050719307623973125,20,stable_lowvol,10,,,,,,,,,,,,,,
2026-05-01,BRK-B,473.010009765625,True,2026-06-02,-0.050421932762364854,0.0063818424444337385,2026-06-02,0.15328075,-0.004151714,-0.009091853,-0.10294562,40.35465,1,Stable,True,Financials,0.00024676918797058434,-0.007436775652764036,20,stable_lowvol,10,,,,,,,,,,,,,,
2026-05-01,ATO,186.3560028076172,True,2026-06-02,-0.15301503626992774,-0.09621126106312915,2026-06-02,0.1550396,0.0062443116,-0.0022754897,-0.096090265,51.518627,1,Stable,True,Utilities,0.00042969874548089284,-0.0064972245342265755,20,stable_lowvol,10,,,,,,,,,,,,,,
2026-05-01,O,62.99052047729492,True,2026-06-02,-0.10842957503682916,-0.05162579983003057,2026-06-02,0.1551431,0.0072358097,0.030130303,-0.06412688,54.60035,1,Stable,True,Real Estate,0.0007567960692797639,-1.459081047733705e-05,20,stable_lowvol,10,,,,,,,,,,,,,,
2026-05-01,FE,45.985130310058594,True,2026-06-02,-0.07802177460407413,-0.02121799939727553,2026-06-02,0.15821607,-0.05962527,-0.085558474,-0.18325394,20.115765,1,Stable,True,Utilities,-0.0008762444577844311,-0.006324627370582296,20,stable_lowvol,10,,,,,,,,,,,,,,
2026-05-01,LNT,73.5010757446289,True,2026-06-02,-0.09372024723633123,-0.03691647202953263,2026-06-02,0.15858583,0.027453883,0.024219984,-0.06988085,63.047577,1,Stable,True,Utilities,0.00239675683891232,0.00197417704263038,20,stable_lowvol,10,,,,,,,,,,,,,,
2026-05-01,REG,77.91409301757812,True,2026-06-02,-0.09134345799485256,-0.03453968278805397,2026-06-02,0.15893622,-0.006800157,0.021693932,-0.07235021,51.433704,1,Stable,True,Real Estate,0.0007255471529581836,0.0018041330412691293,20,stable_lowvol,10,,,,,,,,,,,,,,
2026-05-01,CAG,13.90125846862793,True,2026-06-02,-0.12828392770689068,-0.0714801525000921,2026-06-02,0.30640674,-0.020706154,-0.083044626,-0.18050866,48.35364,1,Stable,True,Unknown,0.014255746049899407,0.006945926128490633,20,all_train,10,,,,,,,,,,,,,,
2026-05-01,BBY,59.26137924194336,True,2026-06-02,0.2058610928534862,0.2626648680602848,2026-06-02,0.3285003,-0.04146984,-0.06899231,-0.16529992,47.57576,1,Stable,True,Consumer Discretionary,0.01272711953897339,0.0033451388827784308,20,all_train,10,,,,,,,,,,,,,,
2026-05-01,T,25.774879455566406,True,2026-06-02,-0.11274257983651616,-0.055938804629717565,2026-06-02,0.23462799,-0.006645706,-0.068359524,-0.16462047,55.193478,1,Stable,True,Communication Services,0.01197276870643226,0.0048184062923425615,20,all_train,10,,,,,,,,,,,,,,
2026-05-01,RSG,205.95872497558594,True,2026-06-02,-0.0804300350924715,-0.023626259885672903,2026-06-02,0.17967954,-0.021976616,-0.07451049,-0.17124467,39.261326,1,Stable,True,Industrials,0.011587716359266214,0.00601578299547909,20,all_train,10,,,,,,,,,,,,,,
2026-05-01,ADM,73.9796142578125,True,2026-06-02,0.03148363233211268,0.08828740753891128,2026-06-02,0.27050906,0.06099229,0.015034602,-0.07888948,65.47765,1,Stable,True,Consumer Staples,0.008635236615140008,0.0021107717257707334,20,all_train,10,,,,,,,,,,,,,,
2026-05-01,CTRA,35.38,True,2026-06-02,,,2026-06-02,0.29800564,0.059725635,0.023726853,-0.070362434,63.69942,1,Stable,True,Unknown,0.008246311857355876,0.0023174982621370637,20,all_train,10,,,,,,,,,,,,,,
2026-05-01,MPC,244.54452514648438,True,2026-06-02,-0.011171458883394561,0.04563231632340403,2026-06-02,0.35108078,0.076077275,0.01828481,-0.07569253,68.39505,1,Stable,True,Energy,0.008115023892129581,-0.012071088669392204,20,all_train,10,,,,,,,,,,,,,,
2026-05-01,DVN,50.20292282104492,True,2026-06-02,-0.15512606621454816,-0.09832229100774958,2026-06-02,0.32828072,0.058427002,0.021620521,-0.07242207,63.149464,1,Stable,True,Energy,0.007048657553597257,0.0023174982621370637,20,all_train,10,,,,,,,,,,,,,,
2026-05-01,MO,73.45154571533203,True,2026-06-02,-0.11360814717238889,-0.056804371965590295,2026-06-02,0.22896028,0.114291534,0.13366789,0.031646114,73.65526,1,Stable,True,Consumer Staples,0.006647919915816873,-0.0017531820809443914,20,all_train,10,,,,,,,,,,,,,,
2026-05-01,KR,66.95545959472656,True,2026-06-02,-0.1406780537575657,-0.08387427855076712,2026-06-02,0.28349492,-0.010432974,-0.06330334,-0.15920796,48.881245,1,Stable,True,Consumer Staples,0.006499383297271947,0.0006051887634040972,20,all_train,10,,,,,,,,,,,,,,
2026-05-01,NVR,6154.14013671875,True,2026-06-02,-0.01485589842173142,0.04194787678506717,2026-06-02,0.27766275,-0.07474419,-0.07639041,-0.173278,33.234673,1,Stable,True,Consumer Discretionary,0.0037338929785503336,0.02236252528351323,20,stable_train,10,,,,,,,,,,,,,,
2026-05-01,REGN,699.5570068359375,True,2026-06-02,-0.2054049935346115,-0.14860121832781292,2026-06-02,0.30453515,-0.058497965,-0.07932012,-0.17645507,35.23858,1,Stable,True,Health Care,-0.0009511244696312949,0.021878237167269134,20,stable_train,10,,,,,,,,,,,,,,
2026-05-01,DPZ,335.69464111328125,True,2026-06-02,-0.12607924279350635,-0.06927546758670776,2026-06-02,0.2941064,-0.067141205,-0.089126855,-0.18716383,29.87823,1,Stable,True,Consumer Discretionary,0.0004043642083456185,0.010068886743767018,20,stable_train,10,,,,,,,,,,,,,,
2026-05-01,CAH,194.81591796875,True,2026-06-02,-0.06786630651870464,-0.011062531311906043,2026-06-02,0.271049,-0.061346155,-0.08787669,-0.18579228,30.82221,1,Stable,True,Health Care,0.0028949546977272518,0.009817753446330636,20,stable_train,10,,,,,,,,,,,,,,
2026-05-01,CAG,13.90125846862793,True,2026-06-02,-0.12828392770689068,-0.0714801525000921,2026-06-02,0.30640674,-0.020706154,-0.083044626,-0.18050866,48.35364,1,Stable,True,Unknown,0.014255746049899407,0.006945926128490633,20,stable_train,10,,,,,,,,,,,,,,
2026-05-01,RSG,205.95872497558594,True,2026-06-02,-0.0804300350924715,-0.023626259885672903,2026-06-02,0.17967954,-0.021976616,-0.07451049,-0.17124467,39.261326,1,Stable,True,Industrials,0.011587716359266214,0.00601578299547909,20,stable_train,10,,,,,,,,,,,,,,
2026-05-01,TMUS,195.001953125,True,2026-06-02,-0.08028613092930205,-0.023482355722503456,2026-06-02,0.26995054,0.009790944,-0.026514351,-0.12068438,53.279133,1,Stable,True,Communication Services,0.003082925952686795,0.005881738058807943,20,stable_train,10,,,,,,,,,,,,,,
2026-05-01,EOG,137.92637634277344,True,2026-06-02,-0.07820054481140383,-0.021396769604605237,2026-06-02,0.2770049,0.027246807,-0.018305985,-0.1122878,55.415653,1,Stable,True,Energy,0.002410727291517363,0.0058171586449339155,20,stable_train,10,,,,,,,,,,,,,,
2026-05-01,PFE,25.457090377807617,True,2026-06-02,-0.06928483623762906,-0.012481061030830465,2026-06-02,0.23098762,-0.026293432,-0.07026844,-0.16667156,35.362312,1,Stable,True,Health Care,-0.0023552328642350495,0.00576112694728712,20,stable_train,10,,,,,,,,,,,,,,
2026-05-01,PEG,79.459228515625,True,2026-06-02,-0.08327973213066077,-0.02647595692386218,2026-06-02,0.18671641,-0.011268963,-0.020410681,-0.11443404,46.143158,1,Stable,True,Utilities,-0.0017802303128739293,0.005692061165743111,20,stable_train,10,,,,,,,,,,,,,,
2024-07-01,KO,59.7886962890625,True,2024-09-26,,,,0.11410679,,,,,1,Stable,True,Consumer Staples,-0.005189004170641883,-0.005427726782220564,60,lowvol,10,0.09548817262433075,0.13839249922479627,2024-09-26,0.026226362,0.07539635,0.010935421,56.597553,,,,,,,
2024-07-01,RSG,188.16195678710938,True,2024-09-26,,,,0.116428845,,,,,1,Stable,True,Industrials,-0.004712177487770079,-0.009437560019186355,60,lowvol,10,-0.0035068380446040617,0.039397488555861455,2024-09-26,0.021808654,0.03265867,-0.029617162,62.472885,,,,,,,
2024-07-01,BRK-B,405.19000244140625,True,2024-09-26,,,,0.117734775,,,,,1,Stable,True,Financials,-0.0022692356571532794,-0.008797970033869583,60,lowvol,10,0.07274289979700686,0.11564722639747238,2024-09-26,-0.0066153673,-0.024390843,-0.0864471,43.61824,,,,,,,
2024-07-01,TMUS,173.34603881835938,True,2024-09-26,,,,0.11841326,,,,,1,Stable,True,Communication Services,-0.004666615078741688,-0.002675572742023956,60,lowvol,10,0.09006866512040089,0.1329729917208664,2024-09-26,0.066971056,0.1123354,0.044707894,68.15726,,,,,,,
2024-07-01,PG,153.25160217285156,True,2024-09-26,,,,0.12654345,,,,,1,Stable,True,Consumer Staples,-0.0037549867897634817,-0.008597332870290129,60,lowvol,10,0.020254651325222736,0.06315897792568825,2024-09-26,-0.0058289547,0.053526305,-0.009610948,42.957954,,,,,,,
2024-07-01,CL,90.70040893554688,True,2024-09-26,,,,0.12806152,,,,,1,Stable,True,Consumer Staples,-0.001910049480461176,-0.005266444380634953,60,lowvol,10,0.034766875902181624,0.07767120250264714,2024-09-26,0.03314446,0.09947475,0.03307869,52.896767,,,,,,,
2024-07-01,V,258.8112487792969,True,2024-09-26,,,,0.13798496,,,,,1,Stable,True,Financials,-0.004223500534487825,-0.009353754726644755,60,lowvol,10,-0.02797391529408201,0.014930411306383506,2024-09-26,-0.037427973,-0.03749214,-0.09996692,36.695652,,,,,,,
2024-07-01,LMT,442.5189514160156,True,2024-09-26,,,,0.13818398,,,,,1,Stable,True,Industrials,-0.0042065651208836406,-0.00877924664328245,60,lowvol,10,0.20386283699739566,0.2467671635978612,2024-09-26,0.012162602,0.034236785,-0.028090123,51.593018,,,,,,,
2024-07-01,L,74.28812408447266,True,2024-09-26,,,,0.14196333,,,,,1,Stable,True,Financials,-0.0022692356571532794,-0.00815405875417681,60,lowvol,10,0.007974698303737968,0.050879024904203485,2024-09-26,-0.011908813,-0.020512803,-0.08247998,46.311592,,,,,,,
2024-07-01,ITW,222.30812072753906,True,2024-09-26,,,,0.14328396,,,,,1,Stable,True,Industrials,-0.0019289105263639065,-0.00820814481911882,60,lowvol,10,0.06957502155813555,0.11247934815860107,2024-09-26,-0.044479944,-0.10308389,-0.17054683,37.575844,,,,,,,
2024-07-01,KO,59.7886962890625,True,2024-09-26,,,,0.11410679,,,,,1,Stable,True,Consumer Staples,-0.005189004170641883,-0.005427726782220564,60,stable_lowvol,10,0.09548817262433075,0.13839249922479627,2024-09-26,0.026226362,0.07539635,0.010935421,56.597553,,,,,,,
2024-07-01,RSG,188.16195678710938,True,2024-09-26,,,,0.116428845,,,,,1,Stable,True,Industrials,-0.004712177487770079,-0.009437560019186355,60,stable_lowvol,10,-0.0035068380446040617,0.039397488555861455,2024-09-26,0.021808654,0.03265867,-0.029617162,62.472885,,,,,,,
2024-07-01,BRK-B,405.19000244140625,True,2024-09-26,,,,0.117734775,,,,,1,Stable,True,Financials,-0.0022692356571532794,-0.008797970033869583,60,stable_lowvol,10,0.07274289979700686,0.11564722639747238,2024-09-26,-0.0066153673,-0.024390843,-0.0864471,43.61824,,,,,,,
2024-07-01,TMUS,173.34603881835938,True,2024-09-26,,,,0.11841326,,,,,1,Stable,True,Communication Services,-0.004666615078741688,-0.002675572742023956,60,stable_lowvol,10,0.09006866512040089,0.1329729917208664,2024-09-26,0.066971056,0.1123354,0.044707894,68.15726,,,,,,,
2024-07-01,PG,153.25160217285156,True,2024-09-26,,,,0.12654345,,,,,1,Stable,True,Consumer Staples,-0.0037549867897634817,-0.008597332870290129,60,stable_lowvol,10,0.020254651325222736,0.06315897792568825,2024-09-26,-0.0058289547,0.053526305,-0.009610948,42.957954,,,,,,,
2024-07-01,CL,90.70040893554688,True,2024-09-26,,,,0.12806152,,,,,1,Stable,True,Consumer Staples,-0.001910049480461176,-0.005266444380634953,60,stable_lowvol,10,0.034766875902181624,0.07767120250264714,2024-09-26,0.03314446,0.09947475,0.03307869,52.896767,,,,,,,
2024-07-01,V,258.8112487792969,True,2024-09-26,,,,0.13798496,,,,,1,Stable,True,Financials,-0.004223500534487825,-0.009353754726644755,60,stable_lowvol,10,-0.02797391529408201,0.014930411306383506,2024-09-26,-0.037427973,-0.03749214,-0.09996692,36.695652,,,,,,,
2024-07-01,LMT,442.5189514160156,True,2024-09-26,,,,0.13818398,,,,,1,Stable,True,Industrials,-0.0042065651208836406,-0.00877924664328245,60,stable_lowvol,10,0.20386283699739566,0.2467671635978612,2024-09-26,0.012162602,0.034236785,-0.028090123,51.593018,,,,,,,
2024-07-01,L,74.28812408447266,True,2024-09-26,,,,0.14196333,,,,,1,Stable,True,Financials,-0.0022692356571532794,-0.00815405875417681,60,stable_lowvol,10,0.007974698303737968,0.050879024904203485,2024-09-26,-0.011908813,-0.020512803,-0.08247998,46.311592,,,,,,,
2024-07-01,ITW,222.30812072753906,True,2024-09-26,,,,0.14328396,,,,,1,Stable,True,Industrials,-0.0019289105263639065,-0.00820814481911882,60,stable_lowvol,10,0.06957502155813555,0.11247934815860107,2024-09-26,-0.044479944,-0.10308389,-0.17054683,37.575844,,,,,,,
2024-07-01,GPN,93.46566772460938,True,2024-09-26,,,,0.26120657,,,,,1,Stable,True,Financials,0.01027043588900256,-0.01695962854523477,60,all_train,10,-0.034625120904182696,0.008279205696282821,2024-09-26,-0.11832407,-0.23860203,-0.33435297,31.615677,,,,,,,
2024-07-01,NSC,204.6967315673828,True,2024-09-26,,,,0.24808365,,,,,1,Stable,True,Industrials,0.007502477866361604,0.0011515607642748648,60,all_train,10,0.09690427519951315,0.13980860179997867,2024-09-26,-0.06945993,-0.1335532,-0.20510845,38.101498,,,,,,,
2024-07-01,MAS,62.211708068847656,True,2024-09-26,,,,0.23325774,,,,,1,Stable,True,Industrials,0.006168380400437228,0.006221366205724788,60,all_train,10,0.2461707530575522,0.2890750796580177,2024-09-26,-0.07256624,-0.15144792,-0.22597769,40.82699,,,,,,,
2024-07-01,PCAR,95.11963653564453,True,2024-09-26,,,,0.2155713,,,,,1,Stable,True,Industrials,0.005821297220580305,0.003397173507001511,60,all_train,10,-0.07051134987484843,-0.02760702327438291,2024-09-26,-0.06744061,-0.15268609,-0.2274379,44.277523,,,,,,,
2024-07-01,MTCH,28.170452117919922,True,2024-09-26,,,,0.31834757,,,,,1,Stable,True,Unknown,0.005821297220580305,-0.0017433290473460627,60,all_train,10,0.21923472090397367,0.26213904750443917,2024-09-26,-0.06313612,-0.12989338,-0.20089339,45.14474,,,,,,,
2024-07-01,TGT,133.8189697265625,True,2024-09-26,,,,0.30601445,,,,,1,Stable,True,Consumer Staples,0.005821297220580305,0.003397173507001511,60,all_train,10,0.038324532165518455,0.08122885876598397,2024-09-26,-0.062331297,-0.14793168,-0.22184245,42.17213,,,,,,,
2024-07-01,MOS,26.195404052734375,True,2024-09-26,,,,0.29706094,,,,,1,Stable,True,Materials,0.005435219840287408,0.006221366205724788,60,all_train,10,-0.08016746952442566,-0.03726314292396015,2024-09-26,-0.06110088,-0.14084938,-0.2135649,40.535168,,,,,,,
2024-07-01,GPC,125.17803955078125,True,2024-09-26,,,,0.2377592,,,,,1,Stable,True,Consumer Discretionary,0.0052031671922896094,0.004468091124186226,60,all_train,10,0.005322416797292159,0.048226743397757676,2024-09-26,-0.09536931,-0.094510786,-0.16103378,32.836838,,,,,,,
2024-07-01,AAPL,214.703369140625,True,2024-09-26,,,,0.2425127,,,,,1,Stable,True,Information Technology,0.005143513583485934,-0.006623355240780997,60,all_train,10,-0.008794566471497137,0.03410976012896838,2024-09-26,0.15270475,0.28565326,0.18951309,66.96133,,,,,,,
2024-07-01,CNC,65.33999633789062,True,2024-09-26,,,,0.23834716,,,,,1,Stable,True,Health Care,0.004783303785035604,0.004468091124186226,60,all_train,10,0.07055683414634151,0.11346116074680702,2024-09-26,-0.09931151,-0.09312986,-0.15950988,27.123093,,,,,,,
2024-07-01,SLB,44.081932067871094,True,2024-09-26,,,,0.24984169,,,,,1,Stable,True,Energy,-0.0009072390145942648,0.0077560699939657534,60,stable_train,10,-0.15535943577588332,-0.1124551091754178,2024-09-26,-0.021228302,-0.13622703,-0.20819917,46.106674,,,,,,,
2024-07-01,ULTA,384.4100036621094,True,2024-09-26,,,,0.31607932,,,,,1,Stable,True,Consumer Discretionary,-0.001896054852645313,0.00760396707377474,60,stable_train,10,-0.009598141918252603,0.033306184682212914,2024-09-26,-0.041175894,-0.14316604,-0.216265,48.927216,,,,,,,
2024-07-01,MOS,26.195404052734375,True,2024-09-26,,,,0.29706094,,,,,1,Stable,True,Materials,0.005435219840287408,0.006221366205724788,60,stable_train,10,-0.08016746952442566,-0.03726314292396015,2024-09-26,-0.06110088,-0.14084938,-0.2135649,40.535168,,,,,,,
2024-07-01,MAS,62.211708068847656,True,2024-09-26,,,,0.23325774,,,,,1,Stable,True,Industrials,0.006168380400437228,0.006221366205724788,60,stable_train,10,0.2461707530575522,0.2890750796580177,2024-09-26,-0.07256624,-0.15144792,-0.22597769,40.82699,,,,,,,
2024-07-01,AKAM,89.52999877929688,True,2024-09-26,,,,0.27307227,,,,,1,Stable,True,Information Technology,-0.0035757831884871837,0.006021056871588047,60,stable_train,10,0.05938592826348353,0.10229025486394905,2024-09-26,-0.06599159,-0.15529767,-0.23052485,37.17151,,,,,,,
2024-07-01,FTV,53.8802490234375,True,2024-09-26,,,,0.19466446,,,,,1,Stable,True,Industrials,0.0008099255005284427,0.005283916610265618,60,stable_train,10,0.04514192769263535,0.08804625429310087,2024-09-26,-0.056052946,-0.13813417,-0.21040954,37.033535,,,,,,,
2024-07-01,CF,69.77115631103516,True,2024-09-26,,,,0.2675203,,,,,1,Stable,True,Materials,-0.0019425119413164968,0.004691836644320409,60,stable_train,10,0.164789825903899,0.20769415250436452,2024-09-26,-0.045773633,-0.14275436,-0.21578465,41.491432,,,,,,,
2024-07-01,CNC,65.33999633789062,True,2024-09-26,,,,0.23834716,,,,,1,Stable,True,Health Care,0.004783303785035604,0.004468091124186226,60,stable_train,10,0.07055683414634151,0.11346116074680702,2024-09-26,-0.09931151,-0.09312986,-0.15950988,27.123093,,,,,,,
2024-07-01,GPC,125.17803955078125,True,2024-09-26,,,,0.2377592,,,,,1,Stable,True,Consumer Discretionary,0.0052031671922896094,0.004468091124186226,60,stable_train,10,0.005322416797292159,0.048226743397757676,2024-09-26,-0.09536931,-0.094510786,-0.16103378,32.836838,,,,,,,
2024-07-01,BALL,57.8822135925293,True,2024-09-26,,,,0.24560814,,,,,1,Stable,True,Materials,0.004783303785035604,0.004388448744660281,60,stable_train,10,0.08271368804541589,0.1256180146458814,2024-09-26,-0.10744428,-0.094983496,-0.16155598,28.29806,,,,,,,
2024-09-25,JNPR,38.1432490083,True,2024-12-20,,,,0.08998697,,,,,1,Stable,True,Unknown,-0.004141024560701101,-0.006337420743278108,60,lowvol,10,-0.06705912652471273,-0.03477574407849204,2024-12-20,0.02248795,0.063124634,0.017057233,54.692543,,,,,,,
2024-09-25,CTLT,59.86,True,2024-12-20,,,,0.0942523,,,,,1,Stable,True,Unknown,-0.004040006267408287,-0.007754798997539689,60,lowvol,10,,,2024-12-20,0.01176106,0.06588319,0.019648638,50.417362,,,,,,,
2024-09-25,KO,67.97074127197266,True,2024-12-20,,,,0.12512405,,,,,1,Stable,True,Consumer Staples,-0.0032416926630315607,0.00023212355134328197,60,lowvol,10,-0.14958848115250806,-0.11730509870628736,2024-12-20,0.050563075,0.13684936,0.08410561,62.428017,,,,,,,
2024-09-25,FE,40.38411331176758,True,2024-12-20,,,,0.13527784,,,,,1,Stable,True,Utilities,-0.0032416926630315607,-0.004334373356594197,60,lowvol,10,-0.11045571715712715,-0.07817233471090645,2024-12-20,0.04554623,0.1546891,0.09967603,60.337498,,,,,,,
2024-09-25,CL,98.99699401855469,True,2024-12-20,,,,0.14159866,,,,,1,Stable,True,Consumer Staples,-0.0019343181196359593,-0.004666843344608471,60,lowvol,10,-0.13484486708492377,-0.10256148463870308,2024-12-20,0.018650731,0.09147241,0.043372516,56.846436,,,,,,,
2024-09-25,ICE,156.1220703125,True,2024-12-20,,,,0.14213322,,,,,1,Stable,True,Financials,-0.0008608550476853649,-0.006295308144495632,60,lowvol,10,-0.07891873318042625,-0.04663535073420555,2024-12-20,0.036285687,0.16772036,0.11089833,59.08069,,,,,,,
2024-09-25,LMT,551.3578491210938,True,2024-12-20,,,,0.14417252,,,,,1,Stable,True,Industrials,-0.004196329750348834,-0.006712833929566463,60,lowvol,10,-0.18003664230446573,-0.14775325985824503,2024-12-20,0.08275066,0.24595308,0.17574565,61.05224,,,,,,,
2024-09-25,BRK-B,452.3599853515625,True,2024-12-20,,,,0.1446222,,,,,1,Stable,True,Financials,0.00019273201435913978,-0.002086244273839842,60,lowvol,10,-0.034441074296485845,-0.002157691850265153,2024-12-20,0.023341253,0.11641448,0.06596708,56.192215,,,,,,,
2024-09-25,LIN,466.2041320800781,True,2024-12-20,,,,0.14700031,,,,,1,Stable,True,Materials,-0.002759695715202417,0.00023212355134328197,60,lowvol,10,-0.14871566547967546,-0.11643228303345478,2024-12-20,0.04925351,0.11533758,0.06500202,63.225266,,,,,,,
2024-09-25,ATO,130.53451538085938,True,2024-12-20,,,,0.14743829,,,,,1,Stable,True,Utilities,-0.002953508239352965,-0.009210203267271455,60,lowvol,10,-0.004977371621871441,0.02730601082434925,2024-12-20,0.069284625,0.18494913,0.12554474,68.72969,,,,,,,
2024-09-25,JNPR,38.1432490083,True,2024-12-20,,,,0.08998697,,,,,1,Stable,True,Unknown,-0.004141024560701101,-0.006337420743278108,60,stable_lowvol,10,-0.06705912652471273,-0.03477574407849204,2024-12-20,0.02248795,0.063124634,0.017057233,54.692543,,,,,,,
2024-09-25,CTLT,59.86,True,2024-12-20,,,,0.0942523,,,,,1,Stable,True,Unknown,-0.004040006267408287,-0.007754798997539689,60,stable_lowvol,10,,,2024-12-20,0.01176106,0.06588319,0.019648638,50.417362,,,,,,,
2024-09-25,KO,67.97074127197266,True,2024-12-20,,,,0.12512405,,,,,1,Stable,True,Consumer Staples,-0.0032416926630315607,0.00023212355134328197,60,stable_lowvol,10,-0.14958848115250806,-0.11730509870628736,2024-12-20,0.050563075,0.13684936,0.08410561,62.428017,,,,,,,
2024-09-25,FE,40.38411331176758,True,2024-12-20,,,,0.13527784,,,,,1,Stable,True,Utilities,-0.0032416926630315607,-0.004334373356594197,60,stable_lowvol,10,-0.11045571715712715,-0.07817233471090645,2024-12-20,0.04554623,0.1546891,0.09967603,60.337498,,,,,,,
2024-09-25,CL,98.99699401855469,True,2024-12-20,,,,0.14159866,,,,,1,Stable,True,Consumer Staples,-0.0019343181196359593,-0.004666843344608471,60,stable_lowvol,10,-0.13484486708492377,-0.10256148463870308,2024-12-20,0.018650731,0.09147241,0.043372516,56.846436,,,,,,,
2024-09-25,ICE,156.1220703125,True,2024-12-20,,,,0.14213322,,,,,1,Stable,True,Financials,-0.0008608550476853649,-0.006295308144495632,60,stable_lowvol,10,-0.07891873318042625,-0.04663535073420555,2024-12-20,0.036285687,0.16772036,0.11089833,59.08069,,,,,,,
2024-09-25,LMT,551.3578491210938,True,2024-12-20,,,,0.14417252,,,,,1,Stable,True,Industrials,-0.004196329750348834,-0.006712833929566463,60,stable_lowvol,10,-0.18003664230446573,-0.14775325985824503,2024-12-20,0.08275066,0.24595308,0.17574565,61.05224,,,,,,,
2024-09-25,BRK-B,452.3599853515625,True,2024-12-20,,,,0.1446222,,,,,1,Stable,True,Financials,0.00019273201435913978,-0.002086244273839842,60,stable_lowvol,10,-0.034441074296485845,-0.002157691850265153,2024-12-20,0.023341253,0.11641448,0.06596708,56.192215,,,,,,,
2024-09-25,LIN,466.2041320800781,True,2024-12-20,,,,0.14700031,,,,,1,Stable,True,Materials,-0.002759695715202417,0.00023212355134328197,60,stable_lowvol,10,-0.14871566547967546,-0.11643228303345478,2024-12-20,0.04925351,0.11533758,0.06500202,63.225266,,,,,,,
2024-09-25,ATO,130.53451538085938,True,2024-12-20,,,,0.14743829,,,,,1,Stable,True,Utilities,-0.002953508239352965,-0.009210203267271455,60,stable_lowvol,10,-0.004977371621871441,0.02730601082434925,2024-12-20,0.069284625,0.18494913,0.12554474,68.72969,,,,,,,
2024-09-25,ERIE,520.8582153320312,True,2024-12-20,,,,0.24255075,,,,,1,Stable,True,Financials,0.02383177857004232,-0.005677077230809686,60,all_train,10,-0.2561613586527715,-0.2238779762065508,2024-12-20,0.19113955,0.4845408,0.3509504,67.64053,,,,,,,
2024-09-25,BG,89.21273803710938,True,2024-12-20,,,,0.25606087,,,,,1,Stable,True,Consumer Staples,0.008095996521044034,0.000835795682887788,60,all_train,10,-0.20096836804265278,-0.16868498559643208,2024-12-20,-0.07210949,-0.111143105,-0.16197413,48.878227,,,,,,,
2024-09-25,FANG,171.74551391601562,True,2024-12-20,,,,0.25552797,,,,,1,Stable,True,Energy,0.006039021151462199,-6.925984851879312e-05,60,all_train,10,-0.11016465114470947,-0.07788126869848877,2024-12-20,-0.06064496,-0.10310584,-0.15297253,39.442177,,,,,,,
2024-09-25,REGN,1021.5104370117188,True,2024-12-20,,,,0.20613687,,,,,1,Stable,True,Health Care,0.004583153616504994,0.0004478684241391289,60,all_train,10,-0.3574017810641827,-0.325118398617962,2024-12-20,-0.07702855,-0.024474196,-0.06893377,29.87879,,,,,,,
2024-09-25,HUM,303.4698181152344,True,2024-12-20,,,,0.2929859,,,,,1,Stable,True,Health Care,0.004138038541507996,0.0028470654833403397,60,all_train,10,-0.24073537093747627,-0.20845198849125557,2024-12-20,-0.12778714,-0.1647702,-0.22420348,31.117601,,,,,,,
2024-09-25,CTRA,22.1381121959,True,2024-12-20,,,,0.2219096,,,,,1,Stable,True,Unknown,0.0016187968761367784,-0.004197135240711141,60,all_train,10,0.003082990696968997,0.03536637314318969,2024-12-20,-0.05323391,-0.1155986,-0.16699935,42.580647,,,,,,,
2024-09-25,DGX,147.00413513183594,True,2024-12-20,,,,0.20540884,,,,,1,Stable,True,Health Care,0.0004912010738124475,-0.002086244273839842,60,all_train,10,-0.03591930029612549,-0.0036359178499048013,2024-12-20,0.02179102,0.118306905,0.06766074,55.339474,,,,,,,
2024-09-25,CTSH,72.72096252441406,True,2024-12-20,,,,0.19848846,,,,,1,Stable,True,Information Technology,0.0004912010738124475,-0.0035036225281014216,60,all_train,10,-0.0019668249377874855,0.030316557508433206,2024-12-20,0.016352357,0.119417876,0.06865369,51.27305,,,,,,,
2024-09-25,WFC,51.32429504394531,True,2024-12-20,,,,0.27190998,,,,,1,Stable,True,Financials,0.000416176090308198,-0.00464888473604212,60,all_train,10,0.22228828867469003,0.2545716711209107,2024-12-20,-0.047861665,-0.108441144,-0.15893893,47.892895,,,,,,,
2024-09-25,PSA,335.2578430175781,True,2024-12-20,,,,0.22639598,,,,,1,Stable,True,Real Estate,0.00041239122053949293,-0.007466140989839048,60,all_train,10,-0.18990349991256866,-0.15762011746634796,2024-12-20,0.11890879,0.28071624,0.20326437,75.813805,,,,,,,
2024-09-25,XEL,60.7402458190918,True,2024-12-20,,,,0.16924022,,,,,1,Stable,True,Utilities,-0.0006296509013030798,0.006539347511180702,60,stable_train,10,0.02117081001710048,0.05345419246332117,2024-12-20,0.092804156,0.23489112,0.1668277,77.476585,,,,,,,
2024-09-25,SCHW,62.430091857910156,True,2024-12-20,,,,0.28303137,,,,,1,Stable,True,Financials,-0.0008827822697435349,0.00644432418700509,60,stable_train,10,0.13571105491661653,0.16799443736283723,2024-12-20,-0.022387387,-0.12427092,-0.17685361,45.61528,,,,,,,
2024-09-25,HUM,303.4698181152344,True,2024-12-20,,,,0.2929859,,,,,1,Stable,True,Health Care,0.004138038541507996,0.0028470654833403397,60,stable_train,10,-0.24073537093747627,-0.20845198849125557,2024-12-20,-0.12778714,-0.1647702,-0.22420348,31.117601,,,,,,,
2024-09-25,RF,20.999170303344727,True,2024-12-20,,,,0.23841062,,,,,1,Stable,True,Financials,-0.0032416926630315607,0.0009855460132508777,60,stable_train,10,0.015315221955531762,0.04759860440175245,2024-12-20,0.040558003,0.14488481,0.09114892,62.145103,,,,,,,
2024-09-25,FAST,33.88399887084961,True,2024-12-20,,,,0.2216743,,,,,1,Stable,True,Industrials,-0.0032416926630315607,0.0009855460132508777,60,stable_train,10,0.017372928133289348,0.04965631057951004,2024-12-20,0.047740053,0.14529853,0.09151022,61.038994,,,,,,,
2024-09-25,BG,89.21273803710938,True,2024-12-20,,,,0.25606087,,,,,1,Stable,True,Consumer Staples,0.008095996521044034,0.000835795682887788,60,stable_train,10,-0.20096836804265278,-0.16868498559643208,2024-12-20,-0.07210949,-0.111143105,-0.16197413,48.878227,,,,,,,
2024-09-25,NI,32.34355545043945,True,2024-12-20,,,,0.15099211,,,,,1,Stable,True,Utilities,-0.0018314466915630128,0.0006340133114423883,60,stable_train,10,0.03585598213601234,0.06813936458223303,2024-12-20,0.07636689,0.20107068,0.13905829,77.90431,,,,,,,
2024-09-25,REGN,1021.5104370117188,True,2024-12-20,,,,0.20613687,,,,,1,Stable,True,Health Care,0.004583153616504994,0.0004478684241391289,60,stable_train,10,-0.3574017810641827,-0.325118398617962,2024-12-20,-0.07702855,-0.024474196,-0.06893377,29.87879,,,,,,,
2024-09-25,MA,483.63555908203125,True,2024-12-20,,,,0.16675512,,,,,1,Stable,True,Financials,-0.002759695715202417,0.00023212355134328197,60,stable_train,10,0.043972225332615196,0.07625560777883589,2024-12-20,0.054712586,0.120118394,0.06927928,61.47633,,,,,,,
2024-09-25,LIN,466.2041320800781,True,2024-12-20,,,,0.14700031,,,,,1,Stable,True,Materials,-0.002759695715202417,0.00023212355134328197,60,stable_train,10,-0.14871566547967546,-0.11643228303345478,2024-12-20,0.04925351,0.11533758,0.06500202,63.225266,,,,,,,
2024-12-19,JNPR,36.5512698713,True,2025-03-21,,,,0.12393145,,,,,1,Stable,True,Unknown,-0.0008764026491773804,-0.007780662058448001,60,lowvol,10,0.0183493184463211,-0.026043981727134513,2025-03-21,-0.019988136,-0.041736852,-0.06762614,41.654243,,,,,,,
2024-12-19,FE,36.487159729003906,True,2025-03-21,,,,0.13174501,,,,,1,Stable,True,Utilities,0.00383227596701915,0.0003272088037816439,60,lowvol,10,0.0492549231091129,0.004861622935657284,2025-03-21,-0.06627572,-0.09649719,-0.12646934,34.974648,,,,,,,
2024-12-19,EVRG,56.78225326538086,True,2025-03-21,,,,0.13917093,,,,,1,Stable,True,Utilities,-0.0012879279838624647,-0.007819563230119427,60,lowvol,10,0.153652133933792,0.1092588337603364,2025-03-21,-0.014932489,-0.009477921,-0.03451641,43.54391,,,,,,,
2024-12-19,LIN,411.3285827636719,True,2025-03-21,,,,0.14232461,,,,,1,Stable,True,Materials,0.003141052922993882,0.0016913653750764313,60,lowvol,10,0.12817372214452322,0.0837804219710676,2025-03-21,-0.08723695,-0.117707126,-0.1502245,27.815277,,,,,,,
2024-12-19,KO,59.85960006713867,True,2025-03-21,,,,0.14323458,,,,,1,Stable,True,Consumer Staples,0.00012554623117911077,-0.0020780258159115773,60,lowvol,10,0.15033668871678724,0.10594338854333163,2025-03-21,-0.047275078,-0.119332835,-0.15206881,46.230583,,,,,,,
2024-12-19,ATO,132.63198852539062,True,2025-03-21,,,,0.15098205,,,,,1,Stable,True,Utilities,-0.0029120545369000573,-0.007946359728655381,60,lowvol,10,0.11458939740939553,0.0701960972359399,2025-03-21,-0.026798945,0.016068341,-0.009052675,41.955177,,,,,,,
2024-12-19,NI,34.200748443603516,True,2025-03-21,,,,0.15099609,,,,,1,Stable,True,Utilities,-0.0006124222956729768,-0.006829645412384753,60,lowvol,10,0.13719742843932767,0.09280412826587205,2025-03-21,0.006669398,0.057420805,0.030839453,49.34209,,,,,,,
2024-12-19,CMS,62.34111022949219,True,2025-03-21,,,,0.15238866,,,,,1,Stable,True,Utilities,-0.0006943248427733728,-0.009981388425252577,60,lowvol,10,0.15648008452178758,0.11208678434833197,2025-03-21,-0.04438596,-0.0511083,-0.0774539,46.163666,,,,,,,
2024-12-19,ADP,280.5487060546875,True,2025-03-21,,,,0.15415391,,,,,1,Stable,True,Industrials,-0.0016731363455578035,-0.006549883390356641,60,lowvol,10,0.05416673501677433,0.009773434843318718,2025-03-21,-0.0062828935,0.06390363,0.036951527,40.291904,,,,,,,
2024-12-19,WEC,87.9094467163086,True,2025-03-21,,,,0.15468143,,,,,1,Stable,True,Utilities,-0.0008764026491773804,-0.010323117728430893,60,lowvol,10,0.18446788088499141,0.1400745807115358,2025-03-21,-0.035252906,-0.0056607383,-0.030670108,41.108868,,,,,,,
2024-12-19,JNPR,36.5512698713,True,2025-03-21,,,,0.12393145,,,,,1,Stable,True,Unknown,-0.0008764026491773804,-0.007780662058448001,60,stable_lowvol,10,0.0183493184463211,-0.026043981727134513,2025-03-21,-0.019988136,-0.041736852,-0.06762614,41.654243,,,,,,,
2024-12-19,FE,36.487159729003906,True,2025-03-21,,,,0.13174501,,,,,1,Stable,True,Utilities,0.00383227596701915,0.0003272088037816439,60,stable_lowvol,10,0.0492549231091129,0.004861622935657284,2025-03-21,-0.06627572,-0.09649719,-0.12646934,34.974648,,,,,,,
2024-12-19,EVRG,56.78225326538086,True,2025-03-21,,,,0.13917093,,,,,1,Stable,True,Utilities,-0.0012879279838624647,-0.007819563230119427,60,stable_lowvol,10,0.153652133933792,0.1092588337603364,2025-03-21,-0.014932489,-0.009477921,-0.03451641,43.54391,,,,,,,
2024-12-19,LIN,411.3285827636719,True,2025-03-21,,,,0.14232461,,,,,1,Stable,True,Materials,0.003141052922993882,0.0016913653750764313,60,stable_lowvol,10,0.12817372214452322,0.0837804219710676,2025-03-21,-0.08723695,-0.117707126,-0.1502245,27.815277,,,,,,,
2024-12-19,KO,59.85960006713867,True,2025-03-21,,,,0.14323458,,,,,1,Stable,True,Consumer Staples,0.00012554623117911077,-0.0020780258159115773,60,stable_lowvol,10,0.15033668871678724,0.10594338854333163,2025-03-21,-0.047275078,-0.119332835,-0.15206881,46.230583,,,,,,,
2024-12-19,ATO,132.63198852539062,True,2025-03-21,,,,0.15098205,,,,,1,Stable,True,Utilities,-0.0029120545369000573,-0.007946359728655381,60,stable_lowvol,10,0.11458939740939553,0.0701960972359399,2025-03-21,-0.026798945,0.016068341,-0.009052675,41.955177,,,,,,,
2024-12-19,NI,34.200748443603516,True,2025-03-21,,,,0.15099609,,,,,1,Stable,True,Utilities,-0.0006124222956729768,-0.006829645412384753,60,stable_lowvol,10,0.13719742843932767,0.09280412826587205,2025-03-21,0.006669398,0.057420805,0.030839453,49.34209,,,,,,,
2024-12-19,CMS,62.34111022949219,True,2025-03-21,,,,0.15238866,,,,,1,Stable,True,Utilities,-0.0006943248427733728,-0.009981388425252577,60,stable_lowvol,10,0.15648008452178758,0.11208678434833197,2025-03-21,-0.04438596,-0.0511083,-0.0774539,46.163666,,,,,,,
2024-12-19,ADP,280.5487060546875,True,2025-03-21,,,,0.15415391,,,,,1,Stable,True,Industrials,-0.0016731363455578035,-0.006549883390356641,60,stable_lowvol,10,0.05416673501677433,0.009773434843318718,2025-03-21,-0.0062828935,0.06390363,0.036951527,40.291904,,,,,,,
2024-12-19,WEC,87.9094467163086,True,2025-03-21,,,,0.15468143,,,,,1,Stable,True,Utilities,-0.0008764026491773804,-0.010323117728430893,60,stable_lowvol,10,0.18446788088499141,0.1400745807115358,2025-03-21,-0.035252906,-0.0056607383,-0.030670108,41.108868,,,,,,,
2024-12-19,AES,11.306351661682129,True,2025-03-21,,,,0.4118572,,,,,1,Stable,True,Utilities,0.04570311182948116,0.0012776171161787647,60,all_train,10,0.06416486037963416,0.019771560206178544,2025-03-21,-0.18917865,-0.35627782,-0.46548134,40.397358,,,,,,,
2024-12-19,CVS,41.025665283203125,True,2025-03-21,,,,0.38468856,,,,,1,Stable,True,Health Care,0.019183513086251224,0.044823976148856755,60,all_train,10,0.5751001086110316,0.5307068084375759,2025-03-21,-0.23876639,-0.24509096,-0.3061513,33.16148,,,,,,,
2024-12-19,TFX,171.49612426757812,True,2025-03-21,,,,0.32991064,,,,,1,Stable,True,Unknown,0.018302288310075982,0.008857591964042795,60,all_train,10,-0.15905237620678075,-0.20344567638023636,2025-03-21,-0.16879675,-0.28535613,-0.3609642,34.405056,,,,,,,
2024-12-19,SWK,74.26152038574219,True,2025-03-21,,,,0.34602773,,,,,1,Stable,True,Industrials,0.01733443317496403,0.0017320868540840503,60,all_train,10,0.024192660140368204,-0.02020064003308741,2025-03-21,-0.1575023,-0.2407441,-0.30040967,34.169956,,,,,,,
2024-12-19,HUM,230.00743103027344,True,2025-03-21,,,,0.47285333,,,,,1,Stable,True,Health Care,0.01733443317496403,0.0007595204953872036,60,all_train,10,0.12533086531441215,0.08093756514095653,2025-03-21,-0.13389938,-0.24207477,-0.30216384,33.897385,,,,,,,
2024-12-19,FMC,44.42782974243164,True,2025-03-21,,,,0.36737815,,,,,1,Stable,True,Unknown,0.014713389726673586,0.004359188392541199,60,all_train,10,-0.11786103349518456,-0.16225433366864017,2025-03-21,-0.1997371,-0.24521185,-0.30631146,29.140253,,,,,,,
2024-12-19,AMT,168.48350524902344,True,2025-03-21,,,,0.2696632,,,,,1,Stable,True,Real Estate,0.013335550232775028,0.0042592598242795114,60,all_train,10,0.2317382417412704,0.18734494156781478,2025-03-21,-0.14956997,-0.23309733,-0.29038867,32.256012,,,,,,,
2024-12-19,HAL,24.800273895263672,True,2025-03-21,,,,0.31406996,,,,,1,Stable,True,Energy,0.013218828725564695,-0.007690930817372344,60,all_train,10,0.003784444363687807,-0.04060885580976781,2025-03-21,-0.12253145,-0.10256835,-0.13321161,35.128014,,,,,,,
2024-12-19,ELV,355.87213134765625,True,2025-03-21,,,,0.28459203,,,,,1,Stable,True,Health Care,0.012156558850610165,0.002392013617518986,60,all_train,10,0.21660220156706306,0.17220890139360745,2025-03-21,-0.1432571,-0.29301405,-0.37173775,30.432005,,,,,,,
2024-12-19,MOS,22.72454833984375,True,2025-03-21,,,,0.36024308,,,,,1,Stable,True,Materials,0.01125912942385304,-0.0012256713449207356,60,all_train,10,0.21124288517643924,0.16684958500298364,2025-03-21,-0.09001219,-0.0505259,-0.07684031,37.310585,,,,,,,
2024-12-19,CVS,41.025665283203125,True,2025-03-21,,,,0.38468856,,,,,1,Stable,True,Health Care,0.019183513086251224,0.044823976148856755,60,stable_train,10,0.5751001086110316,0.5307068084375759,2025-03-21,-0.23876639,-0.24509096,-0.3061513,33.16148,,,,,,,
2024-12-19,NDSN,203.948974609375,True,2025-03-21,,,,0.24634849,,,,,1,Stable,True,Industrials,-0.007368911976334035,0.009538488173070823,60,stable_train,10,0.023704283430762092,-0.020689016742693522,2025-03-21,-0.17106336,-0.18251899,-0.2265209,20.657345,,,,,,,
2024-12-19,TFX,171.49612426757812,True,2025-03-21,,,,0.32991064,,,,,1,Stable,True,Unknown,0.018302288310075982,0.008857591964042795,60,stable_train,10,-0.15905237620678075,-0.20344567638023636,2025-03-21,-0.16879675,-0.28535613,-0.3609642,34.405056,,,,,,,
2024-12-19,DVN,29.329627990722656,True,2025-03-21,,,,0.2856967,,,,,1,Stable,True,Energy,-0.005491091752043068,0.00815156050726035,60,stable_train,10,0.22764318692213878,0.18324988674868317,2025-03-21,-0.2012028,-0.22819078,-0.28401116,23.991856,,,,,,,
2024-12-19,GD,251.72157287597656,True,2025-03-21,,,,0.20585029,,,,,1,Stable,True,Industrials,0.004232917907701365,0.006767704568090367,60,stable_train,10,0.04882657085886539,0.004433270685409773,2025-03-21,-0.10553297,-0.13310206,-0.16782732,19.759056,,,,,,,
2024-12-19,LMT,460.4685363769531,True,2025-03-21,,,,0.2013476,,,,,1,Stable,True,Industrials,-0.006897606483844178,0.006124453224644822,60,stable_train,10,-0.04982457013577852,-0.09421787030923413,2025-03-21,-0.12938559,-0.16484632,-0.20513281,20.600658,,,,,,,
2024-12-19,PSA,272.3061218261719,True,2025-03-21,,,,0.24164738,,,,,1,Stable,True,Real Estate,-0.019066496774760053,0.0059218701901180846,60,stable_train,10,0.03278683949654288,-0.011606460676912733,2025-03-21,-0.13410227,-0.18777107,-0.23296632,28.582014,,,,,,,
2024-12-19,REGN,701.62890625,True,2025-03-21,,,,0.26827484,,,,,1,Stable,True,Health Care,0.004423050978502175,0.005441468429102767,60,stable_train,10,-0.01619479931379858,-0.060588099487254195,2025-03-21,-0.18072169,-0.31314564,-0.40062627,29.835234,,,,,,,
2024-12-19,NEM,36.244651794433594,True,2025-03-21,,,,0.37223724,,,,,1,Stable,True,Materials,-0.001437290684953542,0.005441468429102767,60,stable_train,10,0.2889381468817676,0.24454484670831197,2025-03-21,-0.20735417,-0.3260884,-0.4196496,28.219673,,,,,,,
2024-12-19,DHI,134.4331512451172,True,2025-03-21,,,,0.35133642,,,,,1,Stable,True,Consumer Discretionary,0.0037391512555429505,0.005441468429102767,60,stable_train,10,-0.030031390658362626,-0.07442469083181824,2025-03-21,-0.19801179,-0.26500726,-0.33288795,27.167397,,,,,,,
2025-03-20,K,80.6034154026,True,2025-06-17,,,,0.029196598,,,,,1,Stable,True,Unknown,-0.001537411517963688,-0.009052820197442829,60,lowvol,10,-0.07649230543482584,-0.020884576556949527,2025-06-17,0.010355186,0.03184053,0.06676682,62.125244,,,,,,,
2025-03-20,EVRG,64.4155502319336,True,2025-06-17,,,,0.14273454,,,,,1,Stable,True,Utilities,-0.004726052871041832,-0.009761588357686436,60,lowvol,10,-0.05600445950243701,-0.0003967306245606928,2025-06-17,0.058852732,0.13443103,0.16155392,62.495274,,,,,,,
2025-03-20,LIN,450.2341613769531,True,2025-06-17,,,,0.15320791,,,,,1,Stable,True,Materials,-0.000873870220574712,-0.007511290619547084,60,lowvol,10,-0.046792990363755914,0.008814738514120402,2025-06-17,0.030086413,0.09458516,0.12579814,52.03757,,,,,,,
2025-03-20,TJX,114.11410522460938,True,2025-06-17,,,,0.15819757,,,,,1,Stable,True,Consumer Discretionary,0.002297605592880973,-0.0061561274632193465,60,lowvol,10,0.007168877805274455,0.06277660668315077,2025-06-17,-0.043569423,-0.037941802,-0.0032576427,38.497017,,,,,,,
2025-03-20,JNJ,156.9202423095703,True,2025-06-17,,,,0.16084474,,,,,1,Stable,True,Health Care,-0.004491708185054049,-0.011047747435916534,60,lowvol,10,-0.11637679763955841,-0.06076906876168209,2025-06-17,0.061311666,0.14448315,0.17037582,64.64753,,,,,,,
2025-03-20,RSG,231.08253479003906,True,2025-06-17,,,,0.16097485,,,,,1,Stable,True,Industrials,-0.004726052871041832,-0.012076462662286567,60,lowvol,10,0.013964267050401123,0.06957199592827744,2025-06-17,0.06727722,0.1548864,0.17942466,63.056225,,,,,,,
2025-03-20,ADP,288.026611328125,True,2025-06-17,,,,0.16591877,,,,,1,Stable,True,Industrials,-0.00039341794877805104,-0.0054656441763216565,60,lowvol,10,-0.008753359668106933,0.04685436920976938,2025-06-17,-0.0064330776,0.026654571,0.061728217,45.711132,,,,,,,
2025-03-20,CMS,70.40638732910156,True,2025-06-17,,,,0.16694954,,,,,1,Stable,True,Utilities,-0.005229432897227588,-0.010261521248282808,60,lowvol,10,-0.10811274516825828,-0.05250501629038196,2025-06-17,0.07202904,0.12937333,0.1570856,64.75644,,,,,,,
2025-03-20,CME,255.38925170898438,True,2025-06-17,,,,0.16948064,,,,,1,Stable,True,Financials,-0.007038514734446834,-0.014062500181807455,60,lowvol,10,-0.026805975221275556,0.02880175365660076,2025-06-17,0.100627325,0.15916714,0.18312445,64.86359,,,,,,,
2025-03-20,JNPR,35.939573289,True,2025-06-17,,,,0.17001598,,,,,1,Stable,True,Unknown,0.000915857175033939,-0.008431248357087926,60,lowvol,10,-0.05282359585439885,0.002784133023477464,2025-06-17,-0.01143168,-0.016735302,0.018545771,59.534725,,,,,,,
2025-03-20,K,80.6034154026,True,2025-06-17,,,,0.029196598,,,,,1,Stable,True,Unknown,-0.001537411517963688,-0.009052820197442829,60,stable_lowvol,10,-0.07649230543482584,-0.020884576556949527,2025-06-17,0.010355186,0.03184053,0.06676682,62.125244,,,,,,,
2025-03-20,EVRG,64.4155502319336,True,2025-06-17,,,,0.14273454,,,,,1,Stable,True,Utilities,-0.004726052871041832,-0.009761588357686436,60,stable_lowvol,10,-0.05600445950243701,-0.0003967306245606928,2025-06-17,0.058852732,0.13443103,0.16155392,62.495274,,,,,,,
2025-03-20,LIN,450.2341613769531,True,2025-06-17,,,,0.15320791,,,,,1,Stable,True,Materials,-0.000873870220574712,-0.007511290619547084,60,stable_lowvol,10,-0.046792990363755914,0.008814738514120402,2025-06-17,0.030086413,0.09458516,0.12579814,52.03757,,,,,,,
2025-03-20,TJX,114.11410522460938,True,2025-06-17,,,,0.15819757,,,,,1,Stable,True,Consumer Discretionary,0.002297605592880973,-0.0061561274632193465,60,stable_lowvol,10,0.007168877805274455,0.06277660668315077,2025-06-17,-0.043569423,-0.037941802,-0.0032576427,38.497017,,,,,,,
2025-03-20,JNJ,156.9202423095703,True,2025-06-17,,,,0.16084474,,,,,1,Stable,True,Health Care,-0.004491708185054049,-0.011047747435916534,60,stable_lowvol,10,-0.11637679763955841,-0.06076906876168209,2025-06-17,0.061311666,0.14448315,0.17037582,64.64753,,,,,,,
2025-03-20,RSG,231.08253479003906,True,2025-06-17,,,,0.16097485,,,,,1,Stable,True,Industrials,-0.004726052871041832,-0.012076462662286567,60,stable_lowvol,10,0.013964267050401123,0.06957199592827744,2025-06-17,0.06727722,0.1548864,0.17942466,63.056225,,,,,,,
2025-03-20,ADP,288.026611328125,True,2025-06-17,,,,0.16591877,,,,,1,Stable,True,Industrials,-0.00039341794877805104,-0.0054656441763216565,60,stable_lowvol,10,-0.008753359668106933,0.04685436920976938,2025-06-17,-0.0064330776,0.026654571,0.061728217,45.711132,,,,,,,
2025-03-20,CMS,70.40638732910156,True,2025-06-17,,,,0.16694954,,,,,1,Stable,True,Utilities,-0.005229432897227588,-0.010261521248282808,60,stable_lowvol,10,-0.10811274516825828,-0.05250501629038196,2025-06-17,0.07202904,0.12937333,0.1570856,64.75644,,,,,,,
2025-03-20,CME,255.38925170898438,True,2025-06-17,,,,0.16948064,,,,,1,Stable,True,Financials,-0.007038514734446834,-0.014062500181807455,60,stable_lowvol,10,-0.026805975221275556,0.02880175365660076,2025-06-17,0.100627325,0.15916714,0.18312445,64.86359,,,,,,,
2025-03-20,JNPR,35.939573289,True,2025-06-17,,,,0.17001598,,,,,1,Stable,True,Unknown,0.000915857175033939,-0.008431248357087926,60,stable_lowvol,10,-0.05282359585439885,0.002784133023477464,2025-06-17,-0.01143168,-0.016735302,0.018545771,59.534725,,,,,,,
2025-03-20,INCY,60.58000183105469,True,2025-06-17,,,,0.3853029,,,,,1,Stable,True,Health Care,0.020902801869498853,0.008265095986784588,60,all_train,10,0.055664874374621455,0.11127260325249777,2025-06-17,-0.14254977,-0.09662982,-0.066200174,31.644537,,,,,,,
2025-03-20,DLTR,64.58999633789062,True,2025-06-17,,,,0.37499475,,,,,1,Stable,True,Consumer Staples,0.013507118758994264,-0.0022678919008997244,60,all_train,10,0.41780048796288904,0.47340821684076534,2025-06-17,-0.10191469,-0.064726345,-0.03149342,40.19441,,,,,,,
2025-03-20,IEX,179.67465209960938,True,2025-06-17,,,,0.268367,,,,,1,Stable,True,Industrials,0.012705705618913824,-0.0002529758715698221,60,all_train,10,-0.08453868124514571,-0.028930952367269395,2025-06-17,-0.091088556,-0.12339324,-0.09627408,38.069153,,,,,,,
2025-03-20,HOLX,61.01,True,2025-06-17,,,,0.25624937,,,,,1,Stable,True,Unknown,0.011361859055006477,-0.0014335944316165499,60,all_train,10,-0.012171906525509334,0.04343582235236698,2025-06-17,-0.09634004,-0.13778971,-0.112833396,40.62992,,,,,,,
2025-03-20,JBHT,145.3770751953125,True,2025-06-17,,,,0.27473387,,,,,1,Stable,True,Industrials,0.01120160624448419,-0.005759581582468328,60,all_train,10,-0.1162837672610186,-0.06067603838314228,2025-06-17,-0.11623594,-0.12025602,-0.09270165,34.25097,,,,,,,
2025-03-20,AAPL,212.79119873046875,True,2025-06-17,,,,0.23722671,,,,,1,Stable,True,Information Technology,0.010987797359660654,-0.009960700493464657,60,all_train,10,-0.15811135532144635,-0.10250362644357003,2025-06-17,-0.090800166,-0.14193745,-0.11765558,42.080162,,,,,,,
2025-03-20,A,118.81929016113281,True,2025-06-17,,,,0.2651675,,,,,1,Stable,True,Health Care,0.010579697357449139,0.008555989168433632,60,all_train,10,-0.09215736363672963,-0.03654963475885331,2025-06-17,-0.119303584,-0.09526017,-0.064685166,25.544426,,,,,,,
2025-03-20,HD,344.1734619140625,True,2025-06-17,,,,0.21543333,,,,,1,Stable,True,Consumer Discretionary,0.010416264387899414,-0.0018432405591657236,60,all_train,10,-0.05618433851019274,-0.0005766096323164273,2025-06-17,-0.0911264,-0.070759654,-0.037965167,33.21318,,,,,,,
2025-03-20,RVTY,106.52729034423828,True,2025-06-17,,,,0.2940273,,,,,1,Stable,True,Health Care,0.010133571119483792,-0.0005251079496541144,60,all_train,10,-0.17733057732578525,-0.12172284844790893,2025-06-17,-0.07712949,-0.031638462,0.0032729218,38.59011,,,,,,,
2025-03-20,MAS,68.47498321533203,True,2025-06-17,,,,0.21775512,,,,,1,Stable,True,Industrials,0.010133571119483792,-0.0011476491361065984,60,all_train,10,-0.1730820446981272,-0.1174743158202509,2025-06-17,-0.061713856,-0.027413363,0.0076265708,38.62308,,,,,,,
2025-03-20,A,118.81929016113281,True,2025-06-17,,,,0.2651675,,,,,1,Stable,True,Health Care,0.010579697357449139,0.008555989168433632,60,stable_train,10,-0.09215736363672963,-0.03654963475885331,2025-06-17,-0.119303584,-0.09526017,-0.064685166,25.544426,,,,,,,
2025-03-20,INCY,60.58000183105469,True,2025-06-17,,,,0.3853029,,,,,1,Stable,True,Health Care,0.020902801869498853,0.008265095986784588,60,stable_train,10,0.055664874374621455,0.11127260325249777,2025-06-17,-0.14254977,-0.09662982,-0.066200174,31.644537,,,,,,,
2025-03-20,IT,418.7699890136719,True,2025-06-17,,,,0.22121973,,,,,1,Stable,True,Information Technology,0.00450369545011722,0.00803663875494397,60,stable_train,10,-0.1153224273198475,-0.059714698441971185,2025-06-17,-0.1627857,-0.12977435,-0.10358004,23.205963,,,,,,,
2025-03-20,LVS,41.49808120727539,True,2025-06-17,,,,0.3542708,,,,,1,Stable,True,Consumer Discretionary,0.00543413868090795,0.006441603517953361,60,stable_train,10,-0.05336029429244612,0.0022474345854301965,2025-06-17,-0.054761585,-0.1589141,-0.13763879,50.407417,,,,,,,
2025-03-20,COST,887.8176879882812,True,2025-06-17,,,,0.21947983,,,,,1,Stable,True,Consumer Staples,0.007380314965449594,0.005359877476140297,60,stable_train,10,0.021085279201920208,0.07669300807979652,2025-06-17,-0.08247665,-0.061175745,-0.027704287,32.157547,,,,,,,
2025-03-20,FRT,91.1644515991211,True,2025-06-17,,,,0.20783181,,,,,1,Stable,True,Real Estate,0.0040049271980764686,0.005141771482390496,60,stable_train,10,-0.043277613423228965,0.01233011545464735,2025-06-17,-0.07757456,-0.10282311,-0.073079534,29.648363,,,,,,,
2025-03-20,MSI,416.46661376953125,True,2025-06-17,,,,0.21998346,,,,,1,Stable,True,Information Technology,0.005195299624570856,0.004536605764955472,60,stable_train,10,-0.09162454620328794,-0.03601681732541162,2025-06-17,-0.06039706,-0.08713827,-0.05574817,32.530262,,,,,,,
2025-03-20,VRTX,510.17999267578125,True,2025-06-17,,,,0.31669486,,,,,1,Stable,True,Health Care,-0.004580374215969038,0.0030823998524539807,60,stable_train,10,-0.17724926402846106,-0.12164153515058473,2025-06-17,0.12177273,0.28625447,0.28715718,64.19143,,,,,,,
2025-03-20,PM,146.04156494140625,True,2025-06-17,,,,0.28555834,,,,,1,Stable,True,Consumer Staples,0.0012817283969688723,0.0030823998524539807,60,stable_train,10,0.15550930070566352,0.21111702958353984,2025-06-17,0.11568397,0.27301374,0.2768098,60.207306,,,,,,,
2025-03-20,TGT,97.95060729980469,True,2025-06-17,,,,0.43738762,,,,,1,Stable,True,Consumer Staples,-0.003942035072153493,0.0022424555283922136,60,stable_train,10,-0.1320417470879954,-0.07643401821011908,2025-06-17,-0.1837024,-0.19429097,-0.1806099,24.511024,,,,,,,
2025-06-16,K,79.1615995645,True,2025-09-12,,,,0.04391309,,,,,1,Stable,True,Unknown,0.00039438544032612487,-0.002319765590112906,60,lowvol,10,-0.10324846338584984,-0.0026972428928917496,2025-09-12,-0.01786097,-0.017887777,-0.081377916,37.395866,,,,,,,
2025-06-16,JNPR,36.02,True,2025-09-12,,,,0.16641562,,,,,1,Stable,True,Unknown,-0.0029555915177222124,-0.003535027672745192,60,lowvol,10,,,2025-09-12,0.0130989915,0.0022378315,-0.06109289,44.32947,,,,,,,
2025-06-16,CNP,34.96915054321289,True,2025-09-12,,,,0.18421157,,,,,1,Stable,True,Utilities,-0.009029561168971068,-0.012352650257885012,60,lowvol,10,-0.02384996651099716,0.07670125398196093,2025-09-12,-0.025171105,0.006332009,-0.057016175,33.468758,,,,,,,
2025-06-16,PNW,84.76008605957031,True,2025-09-12,,,,0.18621059,,,,,1,Stable,True,Utilities,-0.0005730594926983064,-0.004232587917292388,60,lowvol,10,-0.09796565022556561,0.0025855702673924785,2025-09-12,-0.029453047,-0.04700807,-0.11147707,40.298492,,,,,,,
2025-06-16,ATO,147.82662963867188,True,2025-09-12,,,,0.19191618,,,,,1,Stable,True,Utilities,-0.002680017335937118,-0.01113021493535605,60,lowvol,10,-0.0013664579051576864,0.0991847625878004,2025-09-12,-0.015216937,0.013696354,-0.049724817,38.21573,,,,,,,
2025-06-16,EVRG,64.34735870361328,True,2025-09-12,,,,0.19206241,,,,,1,Stable,True,Utilities,-0.0013653699095174197,-0.003535027672745192,60,lowvol,10,-0.003847361687684306,0.09670385880527378,2025-09-12,0.008802477,-0.001058619,-0.0643874,46.481285,,,,,,,
2025-06-16,WM,230.95835876464844,True,2025-09-12,,,,0.19318782,,,,,1,Stable,True,Industrials,-0.003704790390752721,-0.007036399415982682,60,lowvol,10,-0.16594046794679987,-0.06538924745384178,2025-09-12,0.016212948,0.037787706,-0.026236981,51.387444,,,,,,,
2025-06-16,WEC,99.88810729980469,True,2025-09-12,,,,0.19439511,,,,,1,Stable,True,Utilities,-0.0009124652995605503,-0.004717381631383146,60,lowvol,10,-0.030185602354406607,0.07036561813855148,2025-09-12,-0.019253638,-0.025545852,-0.08920604,41.89333,,,,,,,
2025-06-16,RSG,245.07652282714844,True,2025-09-12,,,,0.19482861,,,,,1,Stable,True,Industrials,-0.003704790390752721,-0.006108948238678295,60,lowvol,10,-0.18070665695054489,-0.08015543645758681,2025-09-12,0.010380879,0.060558397,-0.004532663,47.90033,,,,,,,
2025-06-16,O,53.893924713134766,True,2025-09-12,,,,0.1956604,,,,,1,Stable,True,Real Estate,-0.003704790390752721,-0.007050035044881963,60,lowvol,10,-0.0356087865117959,0.06494243398116219,2025-09-12,0.024470486,0.030874796,-0.032920465,53.745533,,,,,,,
2025-06-16,K,79.1615995645,True,2025-09-12,,,,0.04391309,,,,,1,Stable,True,Unknown,0.00039438544032612487,-0.002319765590112906,60,stable_lowvol,10,-0.10324846338584984,-0.0026972428928917496,2025-09-12,-0.01786097,-0.017887777,-0.081377916,37.395866,,,,,,,
2025-06-16,JNPR,36.02,True,2025-09-12,,,,0.16641562,,,,,1,Stable,True,Unknown,-0.0029555915177222124,-0.003535027672745192,60,stable_lowvol,10,,,2025-09-12,0.0130989915,0.0022378315,-0.06109289,44.32947,,,,,,,
2025-06-16,CNP,34.96915054321289,True,2025-09-12,,,,0.18421157,,,,,1,Stable,True,Utilities,-0.009029561168971068,-0.012352650257885012,60,stable_lowvol,10,-0.02384996651099716,0.07670125398196093,2025-09-12,-0.025171105,0.006332009,-0.057016175,33.468758,,,,,,,
2025-06-16,PNW,84.76008605957031,True,2025-09-12,,,,0.18621059,,,,,1,Stable,True,Utilities,-0.0005730594926983064,-0.004232587917292388,60,stable_lowvol,10,-0.09796565022556561,0.0025855702673924785,2025-09-12,-0.029453047,-0.04700807,-0.11147707,40.298492,,,,,,,
2025-06-16,ATO,147.82662963867188,True,2025-09-12,,,,0.19191618,,,,,1,Stable,True,Utilities,-0.002680017335937118,-0.01113021493535605,60,stable_lowvol,10,-0.0013664579051576864,0.0991847625878004,2025-09-12,-0.015216937,0.013696354,-0.049724817,38.21573,,,,,,,
2025-06-16,EVRG,64.34735870361328,True,2025-09-12,,,,0.19206241,,,,,1,Stable,True,Utilities,-0.0013653699095174197,-0.003535027672745192,60,stable_lowvol,10,-0.003847361687684306,0.09670385880527378,2025-09-12,0.008802477,-0.001058619,-0.0643874,46.481285,,,,,,,
2025-06-16,WM,230.95835876464844,True,2025-09-12,,,,0.19318782,,,,,1,Stable,True,Industrials,-0.003704790390752721,-0.007036399415982682,60,stable_lowvol,10,-0.16594046794679987,-0.06538924745384178,2025-09-12,0.016212948,0.037787706,-0.026236981,51.387444,,,,,,,
2025-06-16,WEC,99.88810729980469,True,2025-09-12,,,,0.19439511,,,,,1,Stable,True,Utilities,-0.0009124652995605503,-0.004717381631383146,60,stable_lowvol,10,-0.030185602354406607,0.07036561813855148,2025-09-12,-0.019253638,-0.025545852,-0.08920604,41.89333,,,,,,,
2025-06-16,RSG,245.07652282714844,True,2025-09-12,,,,0.19482861,,,,,1,Stable,True,Industrials,-0.003704790390752721,-0.006108948238678295,60,stable_lowvol,10,-0.18070665695054489,-0.08015543645758681,2025-09-12,0.010380879,0.060558397,-0.004532663,47.90033,,,,,,,
2025-06-16,O,53.893924713134766,True,2025-09-12,,,,0.1956604,,,,,1,Stable,True,Real Estate,-0.003704790390752721,-0.007050035044881963,60,stable_lowvol,10,-0.0356087865117959,0.06494243398116219,2025-09-12,0.024470486,0.030874796,-0.032920465,53.745533,,,,,,,
2025-06-16,DG,110.80335235595703,True,2025-09-12,,,,0.41125646,,,,,1,Stable,True,Consumer Staples,0.008316160344212281,-0.009492514345484385,60,all_train,10,-0.17456868135005457,-0.07401746085709648,2025-09-12,0.19117923,0.40030932,0.27336493,68.972084,,,,,,,
2025-06-16,STZ,157.26959228515625,True,2025-09-12,,,,0.37899944,,,,,1,Stable,True,Consumer Staples,0.008191299285483582,0.001726805015736591,60,all_train,10,-0.2267101940537707,-0.12615897356081263,2025-09-12,-0.10451628,-0.08481133,-0.15195327,31.676748,,,,,,,
2025-06-16,MOH,290.25,True,2025-09-12,,,,0.42617357,,,,,1,Stable,True,Unknown,0.007206053929770016,-0.00592075770384919,60,all_train,10,-0.48194653971841694,-0.3813953192254589,2025-09-12,-0.08605802,-0.079331376,-0.14598332,39.238605,,,,,,,
2025-06-16,CNC,54.68000030517578,True,2025-09-12,,,,0.3358139,,,,,1,Stable,True,Health Care,0.007206053929770016,8.012475704579233e-05,60,all_train,10,-0.49483280100728166,-0.39428158051432355,2025-09-12,-0.080372125,-0.08285808,-0.14982128,40.18067,,,,,,,
2025-06-16,CPB,29.963409423828125,True,2025-09-12,,,,0.27583286,,,,,1,Stable,True,Unknown,0.006370544136195977,0.006563537689929123,60,all_train,10,-0.04333037418140542,0.057220846311552664,2025-09-12,-0.10688468,-0.14211173,-0.21660964,35.930683,,,,,,,
2025-06-16,HUM,231.1857452392578,True,2025-09-12,,,,0.4292582,,,,,1,Stable,True,Health Care,0.006299069581896228,0.0012009398402016412,60,all_train,10,0.04860426738803633,0.14915548788099442,2025-09-12,-0.0691346,-0.114930846,-0.18541773,43.428036,,,,,,,
2025-06-16,ELV,368.783203125,True,2025-09-12,,,,0.32454947,,,,,1,Stable,True,Health Care,0.006299069581896228,0.004550284756499873,60,all_train,10,-0.26507805409755275,-0.16452683360459466,2025-09-12,-0.07614802,-0.12915654,-0.20162126,41.466217,,,,,,,
2025-06-16,SJM,90.68494415283203,True,2025-09-12,,,,0.35029826,,,,,1,Stable,True,Consumer Staples,0.005238864913389571,0.007959042659661828,60,all_train,10,0.05156174062397975,0.15211296111693784,2025-09-12,-0.14664482,-0.119496144,-0.19058919,31.693556,,,,,,,
2025-06-16,TMUS,226.7177734375,True,2025-09-12,,,,0.32266736,,,,,1,Stable,True,Communication Services,0.004682439854161261,0.002282448199550156,60,all_train,10,-0.005071954856820007,0.09547926563613808,2025-09-12,-0.06806445,-0.0979942,-0.16646256,34.28663,,,,,,,
2025-06-16,KHC,24.168563842773438,True,2025-09-12,,,,0.2612682,,,,,1,Stable,True,Consumer Staples,0.004403940128445421,0.005824392069888445,60,all_train,10,-0.07089300079710217,0.02965821969585591,2025-09-12,-0.077015005,-0.1188985,-0.18991068,35.100864,,,,,,,
2025-06-16,OMC,67.93122100830078,True,2025-09-12,,,,0.30780625,,,,,1,Stable,True,Communication Services,0.001633168401885787,0.009493184928437549,60,stable_train,10,0.024789954696281202,0.1253411751892393,2025-09-12,-0.050913148,-0.115650855,-0.18623155,40.86531,,,,,,,
2025-06-16,SJM,90.68494415283203,True,2025-09-12,,,,0.35029826,,,,,1,Stable,True,Consumer Staples,0.005238864913389571,0.007959042659661828,60,stable_train,10,0.05156174062397975,0.15211296111693784,2025-09-12,-0.14664482,-0.119496144,-0.19058919,31.693556,,,,,,,
2025-06-16,CAG,19.654956817626953,True,2025-09-12,,,,0.25903276,,,,,1,Stable,True,Unknown,0.00229480218081474,0.006563537689929123,60,stable_train,10,-0.1946311555031837,-0.0940799350102256,2025-09-12,-0.09782341,-0.15391128,-0.23045929,35.29414,,,,,,,
2025-06-16,CPB,29.963409423828125,True,2025-09-12,,,,0.27583286,,,,,1,Stable,True,Unknown,0.006370544136195977,0.006563537689929123,60,stable_train,10,-0.04333037418140542,0.057220846311552664,2025-09-12,-0.10688468,-0.14211173,-0.21660964,35.930683,,,,,,,
2025-06-16,PCG,13.433297157287598,True,2025-09-12,,,,0.35294804,,,,,1,Stable,True,Utilities,-0.015585132159677368,0.006190067894929375,60,stable_train,10,0.04171137845658221,0.1422625989495403,2025-09-12,-0.18618049,-0.20813781,-0.29669613,23.860167,,,,,,,
2025-06-16,KHC,24.168563842773438,True,2025-09-12,,,,0.2612682,,,,,1,Stable,True,Consumer Staples,0.004403940128445421,0.005824392069888445,60,stable_train,10,-0.07089300079710217,0.02965821969585591,2025-09-12,-0.077015005,-0.1188985,-0.18991068,35.100864,,,,,,,
2025-06-16,MRK,78.3409194946289,True,2025-09-12,,,,0.32170567,,,,,1,Stable,True,Health Care,-1.9965695662028294e-05,0.005340870377414266,60,stable_train,10,-0.042682125691997946,0.05786909480096014,2025-09-12,0.013015281,-0.13680355,-0.2104412,54.13095,,,,,,,
2025-06-16,MAA,141.32374572753906,True,2025-09-12,,,,0.2385366,,,,,1,Stable,True,Real Estate,-0.00026985291190111994,0.004782715999259115,60,stable_train,10,-0.1364687116574085,-0.03591749116445042,2025-09-12,-0.05208148,-0.07133103,-0.13733116,32.48382,,,,,,,
2025-06-16,ELV,368.783203125,True,2025-09-12,,,,0.32454947,,,,,1,Stable,True,Health Care,0.006299069581896228,0.004550284756499873,60,stable_train,10,-0.26507805409755275,-0.16452683360459466,2025-09-12,-0.07614802,-0.12915654,-0.20162126,41.466217,,,,,,,
2025-06-16,ERIE,348.9857177734375,True,2025-09-12,,,,0.3728029,,,,,1,Stable,True,Financials,0.002234512097389309,0.004312182414859798,60,stable_train,10,-0.13307403416424538,-0.03252281367128729,2025-09-12,-0.056591045,-0.12406483,-0.19579142,48.58108,,,,,,,
2025-09-11,K,79.0282199641,True,2025-12-08,,,,0.060074307,,,,,1,Stable,True,Unknown,-0.0028960111711374154,-0.001751830624963769,60,lowvol,10,0.017994198826776303,0.05781925422862955,2025-12-08,0.0054345196,-0.0016849028,-0.089593105,52.497643,,,,,,,
2025-09-11,WEC,106.0919189453125,True,2025-12-08,,,,0.16540569,,,,,1,Stable,True,Utilities,-0.004339023170125758,-0.004216947773484244,60,lowvol,10,-0.08430594651749049,-0.044480891115637244,2025-12-08,0.029706674,0.06210761,-0.027651537,50.945026,,,,,,,
2025-09-11,SO,89.18512725830078,True,2025-12-08,,,,0.1668126,,,,,1,Stable,True,Utilities,-0.003891444335617671,-0.0046124690227175216,60,lowvol,10,-0.10491795874977675,-0.0650929033479235,2025-12-08,-0.0034944254,0.04408008,-0.04477059,43.117485,,,,,,,
2025-09-11,CNP,37.389644622802734,True,2025-12-08,,,,0.17068483,,,,,1,Stable,True,Utilities,-0.0037728661529634598,-0.004216947773484244,60,lowvol,10,-0.03765844183946047,0.002166613562392783,2025-12-08,0.026920598,0.06921798,-0.020979257,47.509274,,,,,,,
2025-09-11,KO,65.7576904296875,True,2025-12-08,,,,0.1716427,,,,,1,Stable,True,Consumer Staples,-0.0013699388506718815,-0.0023852269991692186,60,lowvol,10,0.023985695284141816,0.06381075068599507,2025-12-08,-0.02705736,-0.041123055,-0.12989931,44.627346,,,,,,,
2025-09-11,FE,41.906375885009766,True,2025-12-08,,,,0.1751456,,,,,1,Stable,True,Utilities,-0.00507617225521909,-0.004145016817917886,60,lowvol,10,-0.00812670412378639,0.03169835127806686,2025-12-08,0.04403598,0.10683984,0.013602186,56.71347,,,,,,,
2025-09-11,AEE,98.22856140136719,True,2025-12-08,,,,0.17682235,,,,,1,Stable,True,Utilities,-0.003891444335617671,-0.004216947773484244,60,lowvol,10,-0.054409927003594184,-0.014584871601740932,2025-12-08,0.020563127,0.065577164,-0.024390195,46.777565,,,,,,,
2025-09-11,ATO,162.6200714111328,True,2025-12-08,,,,0.17723878,,,,,1,Stable,True,Utilities,-0.005029777486073854,-0.001002801204483088,60,lowvol,10,-0.030882586907438205,0.008942468494415046,2025-12-08,0.048433226,0.10007291,0.0074696816,65.585945,,,,,,,
2025-09-11,PNW,85.07606506347656,True,2025-12-08,,,,0.17773293,,,,,1,Stable,True,Utilities,-0.003072977436514409,-0.004060098078542828,60,lowvol,10,-0.03940576698443957,0.0004192884174136768,2025-12-08,-0.018916482,0.0037279222,-0.084185794,43.643333,,,,,,,
2025-09-11,DUK,117.96981811523438,True,2025-12-08,,,,0.17883798,,,,,1,Stable,True,Utilities,-0.004399556928809681,-0.004216947773484244,60,lowvol,10,-0.08679914212997888,-0.04697408672812564,2025-12-08,0.019976279,0.06729295,-0.022781296,50.61193,,,,,,,
2025-09-11,K,79.0282199641,True,2025-12-08,,,,0.060074307,,,,,1,Stable,True,Unknown,-0.0028960111711374154,-0.001751830624963769,60,stable_lowvol,10,0.017994198826776303,0.05781925422862955,2025-12-08,0.0054345196,-0.0016849028,-0.089593105,52.497643,,,,,,,
2025-09-11,WEC,106.0919189453125,True,2025-12-08,,,,0.16540569,,,,,1,Stable,True,Utilities,-0.004339023170125758,-0.004216947773484244,60,stable_lowvol,10,-0.08430594651749049,-0.044480891115637244,2025-12-08,0.029706674,0.06210761,-0.027651537,50.945026,,,,,,,
2025-09-11,SO,89.18512725830078,True,2025-12-08,,,,0.1668126,,,,,1,Stable,True,Utilities,-0.003891444335617671,-0.0046124690227175216,60,stable_lowvol,10,-0.10491795874977675,-0.0650929033479235,2025-12-08,-0.0034944254,0.04408008,-0.04477059,43.117485,,,,,,,
2025-09-11,CNP,37.389644622802734,True,2025-12-08,,,,0.17068483,,,,,1,Stable,True,Utilities,-0.0037728661529634598,-0.004216947773484244,60,stable_lowvol,10,-0.03765844183946047,0.002166613562392783,2025-12-08,0.026920598,0.06921798,-0.020979257,47.509274,,,,,,,
2025-09-11,KO,65.7576904296875,True,2025-12-08,,,,0.1716427,,,,,1,Stable,True,Consumer Staples,-0.0013699388506718815,-0.0023852269991692186,60,stable_lowvol,10,0.023985695284141816,0.06381075068599507,2025-12-08,-0.02705736,-0.041123055,-0.12989931,44.627346,,,,,,,
2025-09-11,FE,41.906375885009766,True,2025-12-08,,,,0.1751456,,,,,1,Stable,True,Utilities,-0.00507617225521909,-0.004145016817917886,60,stable_lowvol,10,-0.00812670412378639,0.03169835127806686,2025-12-08,0.04403598,0.10683984,0.013602186,56.71347,,,,,,,
2025-09-11,AEE,98.22856140136719,True,2025-12-08,,,,0.17682235,,,,,1,Stable,True,Utilities,-0.003891444335617671,-0.004216947773484244,60,stable_lowvol,10,-0.054409927003594184,-0.014584871601740932,2025-12-08,0.020563127,0.065577164,-0.024390195,46.777565,,,,,,,
2025-09-11,ATO,162.6200714111328,True,2025-12-08,,,,0.17723878,,,,,1,Stable,True,Utilities,-0.005029777486073854,-0.001002801204483088,60,stable_lowvol,10,-0.030882586907438205,0.008942468494415046,2025-12-08,0.048433226,0.10007291,0.0074696816,65.585945,,,,,,,
2025-09-11,PNW,85.07606506347656,True,2025-12-08,,,,0.17773293,,,,,1,Stable,True,Utilities,-0.003072977436514409,-0.004060098078542828,60,stable_lowvol,10,-0.03940576698443957,0.0004192884174136768,2025-12-08,-0.018916482,0.0037279222,-0.084185794,43.643333,,,,,,,
2025-09-11,DUK,117.96981811523438,True,2025-12-08,,,,0.17883798,,,,,1,Stable,True,Utilities,-0.004399556928809681,-0.004216947773484244,60,stable_lowvol,10,-0.08679914212997888,-0.04697408672812564,2025-12-08,0.019976279,0.06729295,-0.022781296,50.61193,,,,,,,
2025-09-11,KVUE,17.984560012817383,True,2025-12-08,,,,0.3058005,,,,,1,Stable,True,Consumer Staples,0.00623029364822896,0.004042134454077916,60,all_train,10,-0.14613745198435704,-0.1063123965825038,2025-12-08,-0.10446721,-0.12098151,-0.21685612,36.934284,,,,,,,
2025-09-11,CCI,91.19309997558594,True,2025-12-08,,,,0.25451142,,,,,1,Stable,True,Real Estate,0.004104904055618731,0.004350214429620078,60,all_train,10,-0.07700421919634208,-0.03717916379448883,2025-12-08,-0.068814345,-0.034545388,-0.12306297,31.691542,,,,,,,
2025-09-11,FDS,365.35369873046875,True,2025-12-08,,,,0.25428745,,,,,1,Stable,True,Financials,0.003313867708986879,-0.005012800326416207,60,all_train,10,-0.2438043128154822,-0.20397925741362896,2025-12-08,-0.08518435,-0.117997326,-0.21346697,42.413776,,,,,,,
2025-09-11,STZ,138.9202880859375,True,2025-12-08,,,,0.28716508,,,,,1,Stable,True,Consumer Staples,0.0032151319137775393,0.008000262721669366,60,all_train,10,-0.013913256171630119,0.02591179923022313,2025-12-08,-0.13046007,-0.1166742,-0.21196796,32.142838,,,,,,,
2025-09-11,BALL,50.57619094848633,True,2025-12-08,,,,0.27500337,,,,,1,Stable,True,Materials,0.002997526382558743,0.0019759394081490626,60,all_train,10,-0.10402837859187467,-0.06420332319002142,2025-12-08,-0.074493065,-0.083661325,-0.17527603,35.778164,,,,,,,
2025-09-11,AMT,189.23973083496094,True,2025-12-08,,,,0.26013508,,,,,1,Stable,True,Real Estate,0.002997526382558743,0.0019759394081490626,60,all_train,10,-0.09244487170275187,-0.052619816300898625,2025-12-08,-0.0774408,-0.085728854,-0.17753488,36.79746,,,,,,,
2025-09-11,AMCR,40.436893463134766,True,2025-12-08,,,,0.3036583,,,,,1,Stable,True,Materials,0.002997526382558743,0.0001553777491535193,60,all_train,10,-0.04344821457912965,-0.003623159177276403,2025-12-08,-0.09019744,-0.09357993,-0.18615921,35.94206,,,,,,,
2025-09-11,HRL,24.15266990661621,True,2025-12-08,,,,0.29279643,,,,,1,Stable,True,Consumer Staples,0.0021756808482314375,0.004042134454077916,60,all_train,10,-0.07701189969034208,-0.037186844288488834,2025-12-08,-0.1126941,-0.15244584,-0.2533073,36.893196,,,,,,,
2025-09-11,SBAC,194.4747314453125,True,2025-12-08,,,,0.281191,,,,,1,Stable,True,Real Estate,0.0021386175811814274,0.004042134454077916,60,all_train,10,-0.07949501302361686,-0.03966995762176361,2025-12-08,-0.1020505,-0.12899998,-0.22602005,34.564945,,,,,,,
2025-09-11,JKHY,159.58258056640625,True,2025-12-08,,,,0.23146245,,,,,1,Stable,True,Financials,0.001530219153056405,-0.00416209447928281,60,all_train,10,0.0942907400005194,0.13411579540237265,2025-12-08,-0.05164311,-0.10318597,-0.19681354,44.712708,,,,,,,
2025-09-11,STZ,138.9202880859375,True,2025-12-08,,,,0.28716508,,,,,1,Stable,True,Consumer Staples,0.0032151319137775393,0.008000262721669366,60,stable_train,10,-0.013913256171630119,0.02591179923022313,2025-12-08,-0.13046007,-0.1166742,-0.21196796,32.142838,,,,,,,
2025-09-11,KDP,26.69148063659668,True,2025-12-08,,,,0.28444284,,,,,1,Stable,True,Consumer Staples,-0.00796486292423351,0.005828292411375475,60,stable_train,10,0.03477535693793062,0.07460041233978387,2025-12-08,-0.15494755,-0.16062193,-0.26300085,27.49408,,,,,,,
2025-09-11,MKTX,184.89013671875,True,2025-12-08,,,,0.28802738,,,,,1,Stable,True,Unknown,-0.007496137182787786,0.005116236712983555,60,stable_train,10,-0.14294417580860277,-0.10311912040674953,2025-12-08,-0.06847771,-0.15853041,-0.2605122,38.56962,,,,,,,
2025-09-11,FIS,65.97186279296875,True,2025-12-08,,,,0.3172602,,,,,1,Stable,True,Financials,-0.007858491692921058,0.004807863600959832,60,stable_train,10,-0.054187708076573506,-0.014362652674720257,2025-12-08,-0.10065701,-0.15855092,-0.26053655,32.567924,,,,,,,
2025-09-11,CCI,91.19309997558594,True,2025-12-08,,,,0.25451142,,,,,1,Stable,True,Real Estate,0.004104904055618731,0.004350214429620078,60,stable_train,10,-0.07700421919634208,-0.03717916379448883,2025-12-08,-0.068814345,-0.034545388,-0.12306297,31.691542,,,,,,,
2025-09-11,KVUE,17.984560012817383,True,2025-12-08,,,,0.3058005,,,,,1,Stable,True,Consumer Staples,0.00623029364822896,0.004042134454077916,60,stable_train,10,-0.14613745198435704,-0.1063123965825038,2025-12-08,-0.10446721,-0.12098151,-0.21685612,36.934284,,,,,,,
2025-09-11,SBAC,194.4747314453125,True,2025-12-08,,,,0.281191,,,,,1,Stable,True,Real Estate,0.0021386175811814274,0.004042134454077916,60,stable_train,10,-0.07949501302361686,-0.03966995762176361,2025-12-08,-0.1020505,-0.12899998,-0.22602005,34.564945,,,,,,,
2025-09-11,HRL,24.15266990661621,True,2025-12-08,,,,0.29279643,,,,,1,Stable,True,Consumer Staples,0.0021756808482314375,0.004042134454077916,60,stable_train,10,-0.07701189969034208,-0.037186844288488834,2025-12-08,-0.1126941,-0.15244584,-0.2533073,36.893196,,,,,,,
2025-09-11,CTAS,202.46426391601562,True,2025-12-08,,,,0.24571909,,,,,1,Stable,True,Industrials,-0.000730378066186697,0.0034215324491813624,60,stable_train,10,-0.13346920210005467,-0.09364414669820142,2025-12-08,-0.05745454,-0.07890248,-0.17009616,35.14663,,,,,,,
2025-09-11,TDY,566.1099853515625,True,2025-12-08,,,,0.2440855,,,,,1,Stable,True,Information Technology,-0.00507617225521909,0.0033666590985101793,60,stable_train,10,-0.11633191196884643,-0.07650685656699319,2025-12-08,0.056151368,0.15863688,0.059337426,58.7758,,,,,,,
2025-12-05,K,83.14,True,2026-03-06,,,,0.092353046,,,,,1,Stable,True,Unknown,-0.005754286271525396,-0.016138804802257836,60,lowvol,10,,,2026-03-06,0.018592028,0.052029263,0.008668008,75.00727,,,,,,,
2025-12-05,SO,84.20923614501953,True,2026-03-06,,,,0.1332264,,,,,1,Stable,True,Utilities,0.0027883290639169594,0.0002513675477181344,60,lowvol,10,0.16382055886853186,0.14826668640104734,2026-03-06,-0.06744407,-0.055792835,-0.099462606,30.734388,,,,,,,
2025-12-05,FE,43.59835433959961,True,2026-03-06,,,,0.13346058,,,,,1,Stable,True,Utilities,-0.0053102086529098706,-0.010280083542914271,60,lowvol,10,0.16250501868041878,0.14695114621293426,2026-03-06,-0.015159129,0.040375203,-0.0024715015,44.765785,,,,,,,
2025-12-05,BRK-B,504.3399963378906,True,2026-03-06,,,,0.13619193,,,,,1,Stable,True,Financials,-0.006047377599116052,-0.010306364676173274,60,lowvol,10,0.019073370408746355,0.003519497941261829,2026-03-06,0.015937854,0.014952391,-0.027211215,58.293407,,,,,,,
2025-12-05,DUK,113.54781341552734,True,2026-03-06,,,,0.13653955,,,,,1,Stable,True,Utilities,-0.001189938553682208,-0.0006889187703986953,60,lowvol,10,0.1753221741056089,0.1597683016381244,2026-03-06,-0.052308496,-0.037484203,-0.08025772,30.147755,,,,,,,
2025-12-05,AEE,97.78790283203125,True,2026-03-06,,,,0.14161195,,,,,1,Stable,True,Utilities,-0.0032971079815165283,-0.00931342184114296,60,lowvol,10,0.1464737187642798,0.1309198462967953,2026-03-06,-0.03178735,-0.0044860533,-0.046549067,39.691803,,,,,,,
2025-12-05,L,102.64387512207031,True,2026-03-06,,,,0.14332034,,,,,1,Stable,True,Financials,-0.006047377599116052,-0.008961410820439613,60,lowvol,10,0.09753028966023625,0.08197641719275173,2026-03-06,0.013050312,0.04926093,0.006033117,57.184307,,,,,,,
2025-12-05,LIN,396.9770202636719,True,2026-03-06,,,,0.14377572,,,,,1,Stable,True,Materials,-0.01749795882594316,0.001711236452222152,60,lowvol,10,0.2604559756191355,0.24490210315165098,2026-03-06,-0.09342866,-0.1706992,-0.22922525,28.942932,,,,,,,
2025-12-05,EVRG,71.46686553955078,True,2026-03-06,,,,0.14469218,,,,,1,Stable,True,Utilities,-0.004313426723959093,-0.009354923472620702,60,lowvol,10,0.15217782470457877,0.13662395223709425,2026-03-06,-0.028497837,0.022943793,-0.019368378,38.187828,,,,,,,
2025-12-05,WEC,103.03797912597656,True,2026-03-06,,,,0.14500909,,,,,1,Stable,True,Utilities,-0.0024280420731102904,-7.540614337293431e-05,60,lowvol,10,0.1299647551736124,0.11441088270612787,2026-03-06,-0.054570016,-0.028785791,-0.07126115,28.486744,,,,,,,
2025-12-05,K,83.14,True,2026-03-06,,,,0.092353046,,,,,1,Stable,True,Unknown,-0.005754286271525396,-0.016138804802257836,60,stable_lowvol,10,,,2026-03-06,0.018592028,0.052029263,0.008668008,75.00727,,,,,,,
2025-12-05,SO,84.20923614501953,True,2026-03-06,,,,0.1332264,,,,,1,Stable,True,Utilities,0.0027883290639169594,0.0002513675477181344,60,stable_lowvol,10,0.16382055886853186,0.14826668640104734,2026-03-06,-0.06744407,-0.055792835,-0.099462606,30.734388,,,,,,,
2025-12-05,FE,43.59835433959961,True,2026-03-06,,,,0.13346058,,,,,1,Stable,True,Utilities,-0.0053102086529098706,-0.010280083542914271,60,stable_lowvol,10,0.16250501868041878,0.14695114621293426,2026-03-06,-0.015159129,0.040375203,-0.0024715015,44.765785,,,,,,,
2025-12-05,BRK-B,504.3399963378906,True,2026-03-06,,,,0.13619193,,,,,1,Stable,True,Financials,-0.006047377599116052,-0.010306364676173274,60,stable_lowvol,10,0.019073370408746355,0.003519497941261829,2026-03-06,0.015937854,0.014952391,-0.027211215,58.293407,,,,,,,
2025-12-05,DUK,113.54781341552734,True,2026-03-06,,,,0.13653955,,,,,1,Stable,True,Utilities,-0.001189938553682208,-0.0006889187703986953,60,stable_lowvol,10,0.1753221741056089,0.1597683016381244,2026-03-06,-0.052308496,-0.037484203,-0.08025772,30.147755,,,,,,,
2025-12-05,AEE,97.78790283203125,True,2026-03-06,,,,0.14161195,,,,,1,Stable,True,Utilities,-0.0032971079815165283,-0.00931342184114296,60,stable_lowvol,10,0.1464737187642798,0.1309198462967953,2026-03-06,-0.03178735,-0.0044860533,-0.046549067,39.691803,,,,,,,
2025-12-05,L,102.64387512207031,True,2026-03-06,,,,0.14332034,,,,,1,Stable,True,Financials,-0.006047377599116052,-0.008961410820439613,60,stable_lowvol,10,0.09753028966023625,0.08197641719275173,2026-03-06,0.013050312,0.04926093,0.006033117,57.184307,,,,,,,
2025-12-05,LIN,396.9770202636719,True,2026-03-06,,,,0.14377572,,,,,1,Stable,True,Materials,-0.01749795882594316,0.001711236452222152,60,stable_lowvol,10,0.2604559756191355,0.24490210315165098,2026-03-06,-0.09342866,-0.1706992,-0.22922525,28.942932,,,,,,,
2025-12-05,EVRG,71.46686553955078,True,2026-03-06,,,,0.14469218,,,,,1,Stable,True,Utilities,-0.004313426723959093,-0.009354923472620702,60,stable_lowvol,10,0.15217782470457877,0.13662395223709425,2026-03-06,-0.028497837,0.022943793,-0.019368378,38.187828,,,,,,,
2025-12-05,WEC,103.03797912597656,True,2026-03-06,,,,0.14500909,,,,,1,Stable,True,Utilities,-0.0024280420731102904,-7.540614337293431e-05,60,stable_lowvol,10,0.1299647551736124,0.11441088270612787,2026-03-06,-0.054570016,-0.028785791,-0.07126115,28.486744,,,,,,,
2025-12-05,DG,130.52008056640625,True,2026-03-06,,,,0.33272436,,,,,1,Stable,True,Consumer Staples,0.01615450418720375,-0.01957778181040943,60,all_train,10,0.19793105918969223,0.1823771867222077,2026-03-06,0.27956676,0.2635988,0.19191092,75.75705,,,,,,,
2025-12-05,WRB,65.00175476074219,True,2026-03-06,,,,0.21988876,,,,,1,Stable,True,Financials,0.008545038141575841,0.003770512840080893,60,all_train,10,0.08336498111101653,0.06781110864353201,2026-03-06,-0.11041055,-0.0945795,-0.14140873,33.00157,,,,,,,
2025-12-05,CF,76.7559814453125,True,2026-03-06,,,,0.3091299,,,,,1,Stable,True,Materials,0.003922277483489857,-0.0016413675271445144,60,all_train,10,0.5221301158708512,0.5065762434033667,2026-03-06,-0.074627616,-0.090392336,-0.13679484,36.936874,,,,,,,
2025-12-05,MDLZ,53.4936637878418,True,2026-03-06,,,,0.21545961,,,,,1,Stable,True,Consumer Staples,0.0036808436289891195,0.003948333442728071,60,all_train,10,0.0918442759889243,0.07629040352143979,2026-03-06,-0.078253575,-0.10794687,-0.15628251,30.34364,,,,,,,
2025-12-05,DVA,117.38999938964844,True,2026-03-06,,,,0.2973968,,,,,1,Stable,True,Health Care,0.0031668488936374044,0.0014801334811609262,60,all_train,10,0.3035503746134268,0.2879965021459423,2026-03-06,-0.06148941,-0.11895831,-0.16870326,35.893272,,,,,,,
2025-12-05,EG,306.2145080566406,True,2026-03-06,,,,0.26671693,,,,,1,Stable,True,Financials,0.0031668488936374044,0.0014801334811609262,60,all_train,10,0.09891961019483364,0.08336573772734912,2026-03-06,-0.06850134,-0.11040645,-0.15904354,36.30508,,,,,,,
2025-12-05,MO,55.184024810791016,True,2026-03-06,,,,0.20642878,,,,,1,Stable,True,Consumer Staples,0.0031668488936374044,0.004192863606842274,60,all_train,10,0.18105382262647562,0.1654999501589911,2026-03-06,-0.063907325,-0.11200759,-0.160845,33.177296,,,,,,,
2025-12-05,ALLE,157.82948303222656,True,2026-03-06,,,,0.217653,,,,,1,Stable,True,Industrials,0.0030290976178541833,-0.0028478638937930465,60,all_train,10,-0.03788952285930191,-0.053443395326786436,2026-03-06,-0.067092575,-0.102155924,-0.14981179,35.175022,,,,,,,
2025-12-05,EXR,125.17137908935547,True,2026-03-06,,,,0.26233035,,,,,1,Stable,True,Real Estate,0.0027997008074281105,0.004192863606842274,60,all_train,10,0.17011883773383285,0.15456496526634833,2026-03-06,-0.06748211,-0.11669994,-0.16614324,29.622028,,,,,,,
2025-12-05,SO,84.20923614501953,True,2026-03-06,,,,0.1332264,,,,,1,Stable,True,Utilities,0.0027883290639169594,0.0002513675477181344,60,all_train,10,0.16382055886853186,0.14826668640104734,2026-03-06,-0.06744407,-0.055792835,-0.099462606,30.734388,,,,,,,
2025-12-05,VICI,26.408449172973633,True,2026-03-06,,,,0.1550542,,,,,1,Stable,True,Real Estate,-0.008754792564667869,0.005108598264770238,60,stable_train,10,0.09539756530490073,0.07984369283741621,2026-03-06,-0.09670101,-0.15179089,-0.206681,25.675703,,,,,,,
2025-12-05,EXR,125.17137908935547,True,2026-03-06,,,,0.26233035,,,,,1,Stable,True,Real Estate,0.0027997008074281105,0.004192863606842274,60,stable_train,10,0.17011883773383285,0.15456496526634833,2026-03-06,-0.06748211,-0.11669994,-0.16614324,29.622028,,,,,,,
2025-12-05,MO,55.184024810791016,True,2026-03-06,,,,0.20642878,,,,,1,Stable,True,Consumer Staples,0.0031668488936374044,0.004192863606842274,60,stable_train,10,0.18105382262647562,0.1654999501589911,2026-03-06,-0.063907325,-0.11200759,-0.160845,33.177296,,,,,,,
2025-12-05,MDLZ,53.4936637878418,True,2026-03-06,,,,0.21545961,,,,,1,Stable,True,Consumer Staples,0.0036808436289891195,0.003948333442728071,60,stable_train,10,0.0918442759889243,0.07629040352143979,2026-03-06,-0.078253575,-0.10794687,-0.15628251,30.34364,,,,,,,
2025-12-05,WRB,65.00175476074219,True,2026-03-06,,,,0.21988876,,,,,1,Stable,True,Financials,0.008545038141575841,0.003770512840080893,60,stable_train,10,0.08336498111101653,0.06781110864353201,2026-03-06,-0.11041055,-0.0945795,-0.14140873,33.00157,,,,,,,
2025-12-05,PAYX,108.36998748779297,True,2026-03-06,,,,0.2480456,,,,,1,Stable,True,Industrials,-0.0017006723400073756,0.0021571092905619585,60,stable_train,10,-0.07827709990075235,-0.09383097236823688,2026-03-06,-0.06535695,-0.16474915,-0.2220761,32.989212,,,,,,,
2025-12-05,LIN,396.9770202636719,True,2026-03-06,,,,0.14377572,,,,,1,Stable,True,Materials,-0.01749795882594316,0.001711236452222152,60,stable_train,10,0.2604559756191355,0.24490210315165098,2026-03-06,-0.09342866,-0.1706992,-0.22922525,28.942932,,,,,,,
2025-12-05,EG,306.2145080566406,True,2026-03-06,,,,0.26671693,,,,,1,Stable,True,Financials,0.0031668488936374044,0.0014801334811609262,60,stable_train,10,0.09891961019483364,0.08336573772734912,2026-03-06,-0.06850134,-0.11040645,-0.15904354,36.30508,,,,,,,
2025-12-05,DVA,117.38999938964844,True,2026-03-06,,,,0.2973968,,,,,1,Stable,True,Health Care,0.0031668488936374044,0.0014801334811609262,60,stable_train,10,0.3035503746134268,0.2879965021459423,2026-03-06,-0.06148941,-0.11895831,-0.16870326,35.893272,,,,,,,
2025-12-05,BRO,77.78170013427734,True,2026-03-06,,,,0.26911855,,,,,1,Stable,True,Financials,0.0013531940474015007,0.001097723825196391,60,stable_train,10,-0.03559345984948302,-0.051147332316967546,2026-03-06,-0.09093502,-0.166659,-0.22436528,33.44188,,,,,,,
2026-03-05,WEC,114.10926055908203,True,2026-06-02,,,,0.14016247,,,,,1,Stable,True,Utilities,-0.006485418606185791,-0.015148885335887817,60,lowvol,10,-0.16874090866961056,-0.03969681606178676,2026-06-02,0.067221835,0.10744855,0.10785247,66.56621,,,,,,,
2026-03-05,LNT,70.27550506591797,True,2026-06-02,,,,0.1431441,,,,,1,Stable,True,Utilities,-0.005888585148933702,-0.015431921252523566,60,lowvol,10,-0.12986578351586964,-0.0008216909080458468,2026-06-02,0.06522985,0.098016545,0.09929911,66.251434,,,,,,,
2026-03-05,FE,49.31739044189453,True,2026-06-02,,,,0.1439904,,,,,1,Stable,True,Utilities,-0.00869881016515621,-0.01902139243203004,60,lowvol,10,-0.22842605644344072,-0.09938196383561693,2026-06-02,0.08102062,0.1311755,0.12905106,69.27116,,,,,,,
2026-03-05,DUK,129.34524536132812,True,2026-06-02,,,,0.1441035,,,,,1,Stable,True,Utilities,-0.0061944599579093935,-0.01613759580667016,60,lowvol,10,-0.20726019594768663,-0.07821610333986284,2026-06-02,0.09517371,0.13912581,0.13605484,76.00489,,,,,,,
2026-03-05,L,109.87488555908203,True,2026-06-02,,,,0.14577514,,,,,1,Stable,True,Financials,-0.005294114530131787,-0.007838742987107935,60,lowvol,10,-0.17162455226905682,-0.04258045966123303,2026-06-02,0.033547286,0.07044756,0.07387054,66.285706,,,,,,,
2026-03-05,ATO,183.23260498046875,True,2026-06-02,,,,0.14606564,,,,,1,Stable,True,Utilities,-0.0054349749196122375,-0.00876184632481543,60,lowvol,10,-0.2119211553363971,-0.0828770627285733,2026-06-02,0.08310646,0.08827173,0.09038457,78.30666,,,,,,,
2026-03-05,AEE,109.88375854492188,True,2026-06-02,,,,0.1504031,,,,,1,Stable,True,Utilities,-0.00869881016515621,-0.020963813230889597,60,lowvol,10,-0.1650435693332012,-0.0359994767253774,2026-06-02,0.07322964,0.12369481,0.122415885,67.48752,,,,,,,
2026-03-05,DTE,146.31785583496094,True,2026-06-02,,,,0.15150377,,,,,1,Stable,True,Utilities,-0.006546806160398318,-0.022611007386824828,60,lowvol,10,-0.17140868332247106,-0.04236459071464727,2026-06-02,0.09648746,0.14292595,0.1393853,71.4157,,,,,,,
2026-03-05,CMS,75.99175262451172,True,2026-06-02,,,,0.15157793,,,,,1,Stable,True,Utilities,-0.005499739090253636,-0.009623205846220104,60,lowvol,10,-0.19062990613640995,-0.061585813528586164,2026-06-02,0.07364627,0.0940738,0.09570186,71.24881,,,,,,,
2026-03-05,EVRG,80.84883880615234,True,2026-06-02,,,,0.15165079,,,,,1,Stable,True,Utilities,-0.00869881016515621,-0.02269526371359818,60,lowvol,10,-0.13668386129761023,-0.007639768689786441,2026-06-02,0.08153708,0.13127725,0.129141,66.15864,,,,,,,
2026-03-05,WEC,114.10926055908203,True,2026-06-02,,,,0.14016247,,,,,1,Stable,True,Utilities,-0.006485418606185791,-0.015148885335887817,60,stable_lowvol,10,-0.16874090866961056,-0.03969681606178676,2026-06-02,0.067221835,0.10744855,0.10785247,66.56621,,,,,,,
2026-03-05,LNT,70.27550506591797,True,2026-06-02,,,,0.1431441,,,,,1,Stable,True,Utilities,-0.005888585148933702,-0.015431921252523566,60,stable_lowvol,10,-0.12986578351586964,-0.0008216909080458468,2026-06-02,0.06522985,0.098016545,0.09929911,66.251434,,,,,,,
2026-03-05,FE,49.31739044189453,True,2026-06-02,,,,0.1439904,,,,,1,Stable,True,Utilities,-0.00869881016515621,-0.01902139243203004,60,stable_lowvol,10,-0.22842605644344072,-0.09938196383561693,2026-06-02,0.08102062,0.1311755,0.12905106,69.27116,,,,,,,
2026-03-05,DUK,129.34524536132812,True,2026-06-02,,,,0.1441035,,,,,1,Stable,True,Utilities,-0.0061944599579093935,-0.01613759580667016,60,stable_lowvol,10,-0.20726019594768663,-0.07821610333986284,2026-06-02,0.09517371,0.13912581,0.13605484,76.00489,,,,,,,
2026-03-05,L,109.87488555908203,True,2026-06-02,,,,0.14577514,,,,,1,Stable,True,Financials,-0.005294114530131787,-0.007838742987107935,60,stable_lowvol,10,-0.17162455226905682,-0.04258045966123303,2026-06-02,0.033547286,0.07044756,0.07387054,66.285706,,,,,,,
2026-03-05,ATO,183.23260498046875,True,2026-06-02,,,,0.14606564,,,,,1,Stable,True,Utilities,-0.0054349749196122375,-0.00876184632481543,60,stable_lowvol,10,-0.2119211553363971,-0.0828770627285733,2026-06-02,0.08310646,0.08827173,0.09038457,78.30666,,,,,,,
2026-03-05,AEE,109.88375854492188,True,2026-06-02,,,,0.1504031,,,,,1,Stable,True,Utilities,-0.00869881016515621,-0.020963813230889597,60,stable_lowvol,10,-0.1650435693332012,-0.0359994767253774,2026-06-02,0.07322964,0.12369481,0.122415885,67.48752,,,,,,,
2026-03-05,DTE,146.31785583496094,True,2026-06-02,,,,0.15150377,,,,,1,Stable,True,Utilities,-0.006546806160398318,-0.022611007386824828,60,stable_lowvol,10,-0.17140868332247106,-0.04236459071464727,2026-06-02,0.09648746,0.14292595,0.1393853,71.4157,,,,,,,
2026-03-05,CMS,75.99175262451172,True,2026-06-02,,,,0.15157793,,,,,1,Stable,True,Utilities,-0.005499739090253636,-0.009623205846220104,60,stable_lowvol,10,-0.19062990613640995,-0.061585813528586164,2026-06-02,0.07364627,0.0940738,0.09570186,71.24881,,,,,,,
2026-03-05,EVRG,80.84883880615234,True,2026-06-02,,,,0.15165079,,,,,1,Stable,True,Utilities,-0.00869881016515621,-0.02269526371359818,60,stable_lowvol,10,-0.13668386129761023,-0.007639768689786441,2026-06-02,0.08153708,0.13127725,0.129141,66.15864,,,,,,,
2026-03-05,CF,109.76400756835938,True,2026-06-02,,,,0.32344407,,,,,1,Stable,True,Materials,0.04693498961158245,-0.008330991960616846,60,all_train,10,-0.14490779453686387,-0.01586370192904008,2026-06-02,0.26225907,0.43003848,0.36349505,67.53899,,,,,,,
2026-03-05,LMT,650.7399291992188,True,2026-06-02,,,,0.25342202,,,,,1,Stable,True,Industrials,0.03553469114494932,0.003481236422843354,60,all_train,10,-0.35974634532705807,-0.2307022527192343,2026-06-02,0.15177006,0.45610777,0.38156065,61.934746,,,,,,,
2026-03-05,MTD,1261.2099609375,True,2026-06-02,,,,0.25122726,,,,,1,Stable,True,Health Care,0.01133656493378603,0.0024139867377022443,60,all_train,10,-0.16182218843208374,-0.032778095824259945,2026-06-02,-0.10019355,-0.10859734,-0.10916533,31.307138,,,,,,,
2026-03-05,GPC,114.7962875366211,True,2026-06-02,,,,0.31877276,,,,,1,Stable,True,Consumer Discretionary,0.011241205773905555,-0.0023199075457979532,60,all_train,10,-0.2690198761574085,-0.13997578354958476,2026-06-02,-0.101958476,-0.10081386,-0.10047151,34.817955,,,,,,,
2026-03-05,BSX,72.98999786376953,True,2026-06-02,,,,0.3618081,,,,,1,Stable,True,Health Care,0.01097560398570137,0.009861126208143875,60,all_train,10,-0.46078899345082114,-0.33174490084299735,2026-06-02,-0.16451888,-0.25153813,-0.28394133,28.077251,,,,,,,
2026-03-05,UHS,196.68865966796875,True,2026-06-02,,,,0.33171606,,,,,1,Stable,True,Health Care,0.009801772202155556,-0.005398944262479228,60,all_train,10,-0.3891011859911651,-0.2600570933833413,2026-06-02,-0.088299796,-0.1468265,-0.15299866,46.216785,,,,,,,
2026-03-05,BF-B,25.657472610473633,True,2026-06-02,,,,0.3292168,,,,,1,Stable,True,Consumer Staples,0.009801772202155556,-0.002505863274486746,60,all_train,10,-0.13259993828728833,-0.003555845679464542,2026-06-02,-0.07068307,-0.1407894,-0.14594753,45.21453,,,,,,,
2026-03-05,CPB,24.21413230895996,True,2026-06-02,,,,0.28793138,,,,,1,Stable,True,Unknown,0.009124349594508911,-0.006328056366162407,60,all_train,10,-0.30104937368614804,-0.17200528107832425,2026-06-02,-0.08451831,-0.14061534,-0.14574496,43.074444,,,,,,,
2026-03-05,NOC,736.767333984375,True,2026-06-02,,,,0.26631263,,,,,1,Stable,True,Industrials,0.008684554490393728,0.004572216974725184,60,all_train,10,-0.4162676375804035,-0.28722354497257974,2026-06-02,0.14085244,0.3523145,0.30761126,60.237297,,,,,,,
2026-03-05,XOM,148.78024291992188,True,2026-06-02,,,,0.22771625,,,,,1,Stable,True,Energy,0.008562937643137815,0.004572216974725184,60,all_train,10,-0.13324274475673792,-0.004198652148914128,2026-06-02,0.12974524,0.30225554,0.2698915,63.19866,,,,,,,
2026-03-05,BSX,72.98999786376953,True,2026-06-02,,,,0.3618081,,,,,1,Stable,True,Health Care,0.01097560398570137,0.009861126208143875,60,stable_train,10,-0.46078899345082114,-0.33174490084299735,2026-06-02,-0.16451888,-0.25153813,-0.28394133,28.077251,,,,,,,
2026-03-05,FOXA,58.689998626708984,True,2026-06-02,,,,0.28992838,,,,,1,Stable,True,Communication Services,0.0035626577219459664,0.00530088691941086,60,stable_train,10,-0.03018153351128293,0.09886255909654086,2026-06-02,-0.13045608,-0.13775006,-0.14241639,29.274042,,,,,,,
2026-03-05,XOM,148.78024291992188,True,2026-06-02,,,,0.22771625,,,,,1,Stable,True,Energy,0.008562937643137815,0.004572216974725184,60,stable_train,10,-0.13324274475673792,-0.004198652148914128,2026-06-02,0.12974524,0.30225554,0.2698915,63.19866,,,,,,,
2026-03-05,NOC,736.767333984375,True,2026-06-02,,,,0.26631263,,,,,1,Stable,True,Industrials,0.008684554490393728,0.004572216974725184,60,stable_train,10,-0.4162676375804035,-0.28722354497257974,2026-06-02,0.14085244,0.3523145,0.30761126,60.237297,,,,,,,
2026-03-05,ADP,219.21188354492188,True,2026-06-02,,,,0.22801788,,,,,1,Stable,True,Industrials,0.00565300511827591,0.0036835671380287794,60,stable_train,10,-0.09876611717370021,0.030277975434123583,2026-06-02,-0.08703596,-0.14329574,-0.1488688,31.584463,,,,,,,
2026-03-05,LMT,650.7399291992188,True,2026-06-02,,,,0.25342202,,,,,1,Stable,True,Industrials,0.03553469114494932,0.003481236422843354,60,stable_train,10,-0.35974634532705807,-0.2307022527192343,2026-06-02,0.15177006,0.45610777,0.38156065,61.934746,,,,,,,
2026-03-05,FOX,53.5,True,2026-06-02,,,,0.28379485,,,,,1,Stable,True,Communication Services,0.00736779653544785,0.0026114706210088362,60,stable_train,10,-0.049132473332442084,0.0799116192753817,2026-06-02,-0.1176331,-0.11664439,-0.11823373,29.905062,,,,,,,
2026-03-05,MTD,1261.2099609375,True,2026-06-02,,,,0.25122726,,,,,1,Stable,True,Health Care,0.01133656493378603,0.0024139867377022443,60,stable_train,10,-0.16182218843208374,-0.032778095824259945,2026-06-02,-0.10019355,-0.10859734,-0.10916533,31.307138,,,,,,,
2026-03-05,TMO,517.8085327148438,True,2026-06-02,,,,0.26574895,,,,,1,Stable,True,Health Care,0.003671051595556788,0.0019017391657240213,60,stable_train,10,-0.16771853972150386,-0.038674447113680066,2026-06-02,-0.0889065,-0.09347538,-0.09234339,22.938997,,,,,,,
2026-03-05,DHR,201.15301513671875,True,2026-06-02,,,,0.27494606,,,,,1,Stable,True,Health Care,0.008026781925511674,0.0014983086275344442,60,stable_train,10,-0.22630549330128735,-0.09726140069346355,2026-06-02,-0.09775567,-0.10594628,-0.10619572,28.584394,,,,,,,
2024-07-01,KO,59.7886962890625,True,2024-12-20,,,,0.11410679,,,,,1,Stable,True,Consumer Staples,-0.014720428627237103,-0.015143861910539846,120,lowvol,10,,,,,,,,-0.07171955109419223,0.00485325473673437,2024-12-20,0.046575017,0.06939108,-0.07212819,63.678707
2024-07-01,RSG,188.16195678710938,True,2024-12-20,,,,0.116428845,,,,,1,Stable,True,Industrials,-0.001481286426674124,-0.010534844012305108,120,lowvol,10,,,,,,,,-0.01880324355711225,0.05776956227381435,2024-12-20,0.049469218,0.17688183,0.023650842,52.553234
2024-07-01,BRK-B,405.19000244140625,True,2024-12-20,,,,0.117734775,,,,,1,Stable,True,Financials,-0.00419358126924961,-0.01333608331757203,120,lowvol,10,,,,,,,,0.03666719763837693,0.11324000346930353,2024-12-20,0.00637278,0.10052151,-0.043433417,48.43276
2024-07-01,TMUS,173.34603881835938,True,2024-12-20,,,,0.11841326,,,,,1,Stable,True,Communication Services,-0.012550871346170816,-0.006236875626735371,120,lowvol,10,,,,,,,,0.1559257474862227,0.2324985533171493,2024-12-20,0.08665816,0.10446537,-0.039856195,65.913414
2024-07-01,PG,153.25160217285156,True,2024-12-20,,,,0.12654345,,,,,1,Stable,True,Consumer Staples,-0.00792764824398791,-0.018492871066232253,120,lowvol,10,,,,,,,,-0.03895935929315594,0.037613446537770656,2024-12-20,0.016341504,0.10837967,-0.0363184,55.922104
2024-07-01,CL,90.70040893554688,True,2024-12-20,,,,0.12806152,,,,,1,Stable,True,Consumer Staples,-0.008730487161295293,-0.021161398162626046,120,lowvol,10,,,,,,,,-0.10942916180932746,-0.03285635597840087,2024-12-20,0.0778962,0.20234019,0.04505222,63.862225
2024-07-01,V,258.8112487792969,True,2024-12-20,,,,0.13798496,,,,,1,Stable,True,Financials,-0.0007383436834549973,-0.015715271363361486,120,lowvol,10,,,,,,,,0.11252722205778234,0.18910002788870894,2024-12-20,-0.043276995,0.0063950447,-0.1328429,44.852722
2024-07-01,LMT,442.5189514160156,True,2024-12-20,,,,0.13818398,,,,,1,Stable,True,Industrials,-0.007129116831388947,-0.03509073394634203,120,lowvol,10,,,,,,,,-0.01401955493886739,0.06255325089205921,2024-12-20,0.043914612,0.03146604,-0.108236454,56.2722
2024-07-01,L,74.28812408447266,True,2024-12-20,,,,0.14196333,,,,,1,Stable,True,Financials,-0.00419358126924961,-0.010405358527839158,120,lowvol,10,,,,,,,,0.03521099451596413,0.11178380034689073,2024-12-20,-0.0032378635,0.050478477,-0.08997183,49.9615
2024-07-01,ITW,222.30812072753906,True,2024-12-20,,,,0.14328396,,,,,1,Stable,True,Industrials,-0.007607647632399427,-0.013081727045947844,120,lowvol,10,,,,,,,,0.02868456269370459,0.10525736852463119,2024-12-20,-0.06923142,-0.08234439,-0.2251507,37.936554
2024-07-01,KO,59.7886962890625,True,2024-12-20,,,,0.11410679,,,,,1,Stable,True,Consumer Staples,-0.014720428627237103,-0.015143861910539846,120,stable_lowvol,10,,,,,,,,-0.07171955109419223,0.00485325473673437,2024-12-20,0.046575017,0.06939108,-0.07212819,63.678707
2024-07-01,RSG,188.16195678710938,True,2024-12-20,,,,0.116428845,,,,,1,Stable,True,Industrials,-0.001481286426674124,-0.010534844012305108,120,stable_lowvol,10,,,,,,,,-0.01880324355711225,0.05776956227381435,2024-12-20,0.049469218,0.17688183,0.023650842,52.553234
2024-07-01,BRK-B,405.19000244140625,True,2024-12-20,,,,0.117734775,,,,,1,Stable,True,Financials,-0.00419358126924961,-0.01333608331757203,120,stable_lowvol,10,,,,,,,,0.03666719763837693,0.11324000346930353,2024-12-20,0.00637278,0.10052151,-0.043433417,48.43276
2024-07-01,TMUS,173.34603881835938,True,2024-12-20,,,,0.11841326,,,,,1,Stable,True,Communication Services,-0.012550871346170816,-0.006236875626735371,120,stable_lowvol,10,,,,,,,,0.1559257474862227,0.2324985533171493,2024-12-20,0.08665816,0.10446537,-0.039856195,65.913414
2024-07-01,PG,153.25160217285156,True,2024-12-20,,,,0.12654345,,,,,1,Stable,True,Consumer Staples,-0.00792764824398791,-0.018492871066232253,120,stable_lowvol,10,,,,,,,,-0.03895935929315594,0.037613446537770656,2024-12-20,0.016341504,0.10837967,-0.0363184,55.922104
2024-07-01,CL,90.70040893554688,True,2024-12-20,,,,0.12806152,,,,,1,Stable,True,Consumer Staples,-0.008730487161295293,-0.021161398162626046,120,stable_lowvol,10,,,,,,,,-0.10942916180932746,-0.03285635597840087,2024-12-20,0.0778962,0.20234019,0.04505222,63.862225
2024-07-01,V,258.8112487792969,True,2024-12-20,,,,0.13798496,,,,,1,Stable,True,Financials,-0.0007383436834549973,-0.015715271363361486,120,stable_lowvol,10,,,,,,,,0.11252722205778234,0.18910002788870894,2024-12-20,-0.043276995,0.0063950447,-0.1328429,44.852722
2024-07-01,LMT,442.5189514160156,True,2024-12-20,,,,0.13818398,,,,,1,Stable,True,Industrials,-0.007129116831388947,-0.03509073394634203,120,stable_lowvol,10,,,,,,,,-0.01401955493886739,0.06255325089205921,2024-12-20,0.043914612,0.03146604,-0.108236454,56.2722
2024-07-01,L,74.28812408447266,True,2024-12-20,,,,0.14196333,,,,,1,Stable,True,Financials,-0.00419358126924961,-0.010405358527839158,120,stable_lowvol,10,,,,,,,,0.03521099451596413,0.11178380034689073,2024-12-20,-0.0032378635,0.050478477,-0.08997183,49.9615
2024-07-01,ITW,222.30812072753906,True,2024-12-20,,,,0.14328396,,,,,1,Stable,True,Industrials,-0.007607647632399427,-0.013081727045947844,120,stable_lowvol,10,,,,,,,,0.02868456269370459,0.10525736852463119,2024-12-20,-0.06923142,-0.08234439,-0.2251507,37.936554
2024-07-01,GPN,93.46566772460938,True,2024-12-20,,,,0.26120657,,,,,1,Stable,True,Financials,0.042873123878146575,-0.045048082681311975,120,all_train,10,,,,,,,,0.08245203999128059,0.1590248458222072,2024-12-20,-0.20358226,-0.27770752,-0.46454272,28.966724
2024-07-01,PGR,192.6567840576172,True,2024-12-20,,,,0.18553045,,,,,1,Stable,True,Financials,0.02706536961489983,-0.009483250980863094,120,all_train,10,,,,,,,,0.061065342296208996,0.1376381481271356,2024-12-20,0.052204672,0.27359015,0.10262221,51.362934
2024-07-01,DPZ,488.451904296875,True,2024-12-20,,,,0.23984832,,,,,1,Stable,True,Consumer Discretionary,0.022207135321831363,-0.010669960110309528,120,all_train,10,,,,,,,,-0.20536531103920383,-0.12879250520827723,2024-12-20,0.06642077,0.26274368,0.0940693,49.994343
2024-07-01,HUM,363.3369140625,True,2024-12-20,,,,0.37427583,,,,,1,Stable,True,Health Care,0.019995619977170906,0.03041491163012276,120,all_train,10,,,,,,,,-0.41549220135595044,-0.3389193955250238,2024-12-20,0.05976551,-0.18531844,-0.34417555,62.985344
2024-07-01,BF-B,39.74600601196289,True,2024-12-20,,,,0.25074795,,,,,1,Stable,True,Consumer Staples,0.01675558306990613,-0.007862981842329735,120,all_train,10,,,,,,,,-0.09524363789333598,-0.01867083206240938,2024-12-20,-0.16950585,-0.23712559,-0.40987945,37.07068
2024-07-01,FDX,231.0098876953125,True,2024-12-20,,,,0.2954652,,,,,1,Stable,True,Industrials,0.016140338154626774,-0.01679346942910838,120,all_train,10,,,,,,,,-0.14286615426158153,-0.06629334843065493,2024-12-20,0.17171368,0.21418238,0.05485332,58.94998
2024-07-01,GILD,64.80718231201172,True,2024-12-20,,,,0.27203757,,,,,1,Stable,True,Health Care,0.013832044556978056,-0.005201010518058932,120,all_train,10,,,,,,,,0.3009198533934647,0.3774926592243913,2024-12-20,-0.021281153,-0.16426404,-0.31866014,51.700443
2024-07-01,BA,186.6999969482422,True,2024-12-20,,,,0.3305286,,,,,1,Stable,True,Industrials,0.012076350482125221,0.0008689246413061839,120,all_train,10,,,,,,,,-0.12009557654132605,-0.04352277071039945,2024-12-20,-0.014429018,-0.18471617,-0.34343657,53.9478
2024-07-01,CHTR,296.0199890136719,True,2024-12-20,,,,0.39532283,,,,,1,Stable,True,Communication Services,0.011494399367356425,0.010706712081171467,120,all_train,10,,,,,,,,0.08158205413612443,0.15815485996705103,2024-12-20,0.009355767,-0.21867661,-0.38598374,58.010914
2024-07-01,TRGP,125.28343200683594,True,2024-12-20,,,,0.19672878,,,,,1,Stable,True,Energy,0.009729834858010628,0.009724649063470108,120,all_train,10,,,,,,,,0.2866927956906349,0.36326560152156145,2024-12-20,0.23298718,0.5754149,0.3153011,63.21591
2024-07-01,HUM,363.3369140625,True,2024-12-20,,,,0.37427583,,,,,1,Stable,True,Health Care,0.019995619977170906,0.03041491163012276,120,stable_train,10,,,,,,,,-0.41549220135595044,-0.3389193955250238,2024-12-20,0.05976551,-0.18531844,-0.34417555,62.985344
2024-07-01,CHTR,296.0199890136719,True,2024-12-20,,,,0.39532283,,,,,1,Stable,True,Communication Services,0.011494399367356425,0.010706712081171467,120,stable_train,10,,,,,,,,0.08158205413612443,0.15815485996705103,2024-12-20,0.009355767,-0.21867661,-0.38598374,58.010914
2024-07-01,TRGP,125.28343200683594,True,2024-12-20,,,,0.19672878,,,,,1,Stable,True,Energy,0.009729834858010628,0.009724649063470108,120,stable_train,10,,,,,,,,0.2866927956906349,0.36326560152156145,2024-12-20,0.23298718,0.5754149,0.3153011,63.21591
2024-07-01,BALL,57.8822135925293,True,2024-12-20,,,,0.24560814,,,,,1,Stable,True,Materials,-0.0005436396806808874,0.009699639633177881,120,stable_train,10,,,,,,,,-0.1360917710531858,-0.05951896522225919,2024-12-20,-0.069327064,0.047975946,-0.09235696,41.534428
2024-07-01,SBAC,180.68727111816406,True,2024-12-20,,,,0.2787426,,,,,1,Stable,True,Real Estate,-0.0011044268343042563,0.005135597113475144,120,stable_train,10,,,,,,,,0.01022622181726475,0.08679902764819135,2024-12-20,-0.08286157,-0.22882941,-0.39906326,44.671246
2024-07-01,COST,835.28271484375,True,2024-12-20,,,,0.18598469,,,,,1,Stable,True,Consumer Staples,-0.004284246295656608,0.004013379111890574,120,stable_train,10,,,,,,,,0.03669489780933903,0.11326770364026563,2024-12-20,0.12517986,0.28197876,0.10918721,68.24633
2024-07-01,XOM,106.96226501464844,True,2024-12-20,,,,0.17978498,,,,,1,Stable,True,Energy,-0.0022634696351931604,0.0019195373099942924,120,stable_train,10,,,,,,,,-0.1342072070198985,-0.057634401188971895,2024-12-20,0.04317813,0.15904506,0.00837885,44.538734
2024-07-01,BA,186.6999969482422,True,2024-12-20,,,,0.3305286,,,,,1,Stable,True,Industrials,0.012076350482125221,0.0008689246413061839,120,stable_train,10,,,,,,,,-0.12009557654132605,-0.04352277071039945,2024-12-20,-0.014429018,-0.18471617,-0.34343657,53.9478
2024-07-01,LDOS,142.50172424316406,True,2024-12-20,,,,0.1726152,,,,,1,Stable,True,Industrials,-0.0025754197084450112,0.0005342967439678219,120,stable_train,10,,,,,,,,-0.07871102794572124,-0.002138222114794641,2024-12-20,0.11774293,0.3286649,0.14495702,65.99343
2024-07-01,TGT,133.8189697265625,True,2024-12-20,,,,0.30601445,,,,,1,Stable,True,Consumer Staples,-0.0016888979792151202,-7.328583426340486e-05,120,stable_train,10,,,,,,,,-0.1585833630462467,-0.08201055721532012,2024-12-20,-0.05518208,0.04304067,-0.09707742,39.534115
2024-12-19,JNPR,36.5512698713,True,2025-06-17,,,,0.12393145,,,,,1,Stable,True,Unknown,-0.002832947446756071,-0.012172651376861961,120,lowvol,10,,,,,,,,-0.032078176717627346,-0.02333235861324634,2025-06-17,-0.020087818,0.018753158,-0.05056891,42.98071
2024-12-19,FE,36.487159729003906,True,2025-06-17,,,,0.13174501,,,,,1,Stable,True,Utilities,-0.0040186412450908485,-0.009889615489746227,120,lowvol,10,,,,,,,,0.010688429291714556,0.01943424739609556,2025-06-17,-0.060842685,0.043264847,-0.02679332,35.739895
2024-12-19,EVRG,56.78225326538086,True,2025-06-17,,,,0.13917093,,,,,1,Stable,True,Utilities,-0.0011277217790913831,-0.01131016748903976,120,lowvol,10,,,,,,,,0.10007293870603808,0.10881875681041908,2025-06-17,0.020813681,0.17320208,0.09058844,49.008568
2024-12-19,LIN,411.3285827636719,True,2025-06-17,,,,0.14232461,,,,,1,Stable,True,Materials,-0.010018247581296444,-0.015509957483708724,120,lowvol,10,,,,,,,,0.0845878448930847,0.0933336629974657,2025-06-17,-0.08078989,-0.0159456,-0.08522249,35.03246
2024-12-19,KO,59.85960006713867,True,2025-06-17,,,,0.14323458,,,,,1,Stable,True,Consumer Staples,-0.006141792539136523,-0.022879074160673397,120,lowvol,10,,,,,,,,0.12046950088860488,0.12921531899298588,2025-06-17,-0.06124111,0.0011859061,-0.06796319,34.20069
2024-12-19,ATO,132.63198852539062,True,2025-06-17,,,,0.15098205,,,,,1,Stable,True,Utilities,-0.0009318284439844508,-0.009740674681164258,120,lowvol,10,,,,,,,,0.09397558555621578,0.10272140366059679,2025-06-17,0.026719317,0.2039893,0.11649206,49.829018
2024-12-19,NI,34.200748443603516,True,2025-06-17,,,,0.15099609,,,,,1,Stable,True,Utilities,-0.004146944083708953,-0.00810175298754675,120,lowvol,10,,,,,,,,0.09321919424061789,0.1019650123449989,2025-06-17,0.06838974,0.2700371,0.16989774,53.924225
2024-12-19,CMS,62.34111022949219,True,2025-06-17,,,,0.15238866,,,,,1,Stable,True,Utilities,-0.0006685305884993123,-0.006298610320665439,120,lowvol,10,,,,,,,,0.04495083151542335,0.05369664961980436,2025-06-17,-0.015886996,0.13570195,0.058102533,41.961826
2024-12-19,ADP,280.5487060546875,True,2025-06-17,,,,0.15415391,,,,,1,Stable,True,Industrials,-0.000868612002120934,-0.0069084950442408815,120,lowvol,10,,,,,,,,0.048339914073303535,0.05708573217768454,2025-06-17,0.055540446,0.2488632,0.1530853,55.394238
2024-12-19,WEC,87.9094467163086,True,2025-06-17,,,,0.15468143,,,,,1,Stable,True,Utilities,0.0029873850243900785,-0.01601990776721288,120,lowvol,10,,,,,,,,0.11206743180421111,0.12081324990859212,2025-06-17,0.013732376,0.2221771,0.13148539,46.753963
2024-12-19,JNPR,36.5512698713,True,2025-06-17,,,,0.12393145,,,,,1,Stable,True,Unknown,-0.002832947446756071,-0.012172651376861961,120,stable_lowvol,10,,,,,,,,-0.032078176717627346,-0.02333235861324634,2025-06-17,-0.020087818,0.018753158,-0.05056891,42.98071
2024-12-19,FE,36.487159729003906,True,2025-06-17,,,,0.13174501,,,,,1,Stable,True,Utilities,-0.0040186412450908485,-0.009889615489746227,120,stable_lowvol,10,,,,,,,,0.010688429291714556,0.01943424739609556,2025-06-17,-0.060842685,0.043264847,-0.02679332,35.739895
2024-12-19,EVRG,56.78225326538086,True,2025-06-17,,,,0.13917093,,,,,1,Stable,True,Utilities,-0.0011277217790913831,-0.01131016748903976,120,stable_lowvol,10,,,,,,,,0.10007293870603808,0.10881875681041908,2025-06-17,0.020813681,0.17320208,0.09058844,49.008568
2024-12-19,LIN,411.3285827636719,True,2025-06-17,,,,0.14232461,,,,,1,Stable,True,Materials,-0.010018247581296444,-0.015509957483708724,120,stable_lowvol,10,,,,,,,,0.0845878448930847,0.0933336629974657,2025-06-17,-0.08078989,-0.0159456,-0.08522249,35.03246
2024-12-19,KO,59.85960006713867,True,2025-06-17,,,,0.14323458,,,,,1,Stable,True,Consumer Staples,-0.006141792539136523,-0.022879074160673397,120,stable_lowvol,10,,,,,,,,0.12046950088860488,0.12921531899298588,2025-06-17,-0.06124111,0.0011859061,-0.06796319,34.20069
2024-12-19,ATO,132.63198852539062,True,2025-06-17,,,,0.15098205,,,,,1,Stable,True,Utilities,-0.0009318284439844508,-0.009740674681164258,120,stable_lowvol,10,,,,,,,,0.09397558555621578,0.10272140366059679,2025-06-17,0.026719317,0.2039893,0.11649206,49.829018
2024-12-19,NI,34.200748443603516,True,2025-06-17,,,,0.15099609,,,,,1,Stable,True,Utilities,-0.004146944083708953,-0.00810175298754675,120,stable_lowvol,10,,,,,,,,0.09321919424061789,0.1019650123449989,2025-06-17,0.06838974,0.2700371,0.16989774,53.924225
2024-12-19,CMS,62.34111022949219,True,2025-06-17,,,,0.15238866,,,,,1,Stable,True,Utilities,-0.0006685305884993123,-0.006298610320665439,120,stable_lowvol,10,,,,,,,,0.04495083151542335,0.05369664961980436,2025-06-17,-0.015886996,0.13570195,0.058102533,41.961826
2024-12-19,ADP,280.5487060546875,True,2025-06-17,,,,0.15415391,,,,,1,Stable,True,Industrials,-0.000868612002120934,-0.0069084950442408815,120,stable_lowvol,10,,,,,,,,0.048339914073303535,0.05708573217768454,2025-06-17,0.055540446,0.2488632,0.1530853,55.394238
2024-12-19,WEC,87.9094467163086,True,2025-06-17,,,,0.15468143,,,,,1,Stable,True,Utilities,0.0029873850243900785,-0.01601990776721288,120,stable_lowvol,10,,,,,,,,0.11206743180421111,0.12081324990859212,2025-06-17,0.013732376,0.2221771,0.13148539,46.753963
2024-12-19,CBRE,125.6500015258789,True,2025-06-17,,,,0.284597,,,,,1,Stable,True,Real Estate,0.04192448177323213,-0.012590825848262033,120,all_train,10,,,,,,,,0.015255349105526632,0.024001167209907637,2025-06-17,0.050302085,0.46155635,0.31035346,50.92882
2024-12-19,DLTR,69.05999755859375,True,2025-06-17,,,,0.5198853,,,,,1,Stable,True,Consumer Staples,0.031083036337481888,3.352527159702905e-06,120,all_train,10,,,,,,,,0.33962263791708763,0.34836845602146865,2025-06-17,-0.13671586,-0.35608393,-0.5093353,48.835636
2024-12-19,GL,104.3847885131836,True,2025-06-17,,,,0.23376118,,,,,1,Stable,True,Financials,0.015062005977979962,-0.00790642830489613,120,all_train,10,,,,,,,,0.08743141962785131,0.09617723773223232,2025-06-17,0.04401384,0.28531843,0.1818581,51.844402
2024-12-19,SOLV,66.80000305175781,True,2025-06-17,,,,0.29268938,,,,,1,Stable,True,Health Care,0.013840328258543581,-0.02137991180141692,120,all_train,10,,,,,,,,0.07998678914837266,0.08873260725275367,2025-06-17,0.026083509,0.29834795,0.19194426,49.41534
2024-12-19,MMM,123.0391616821289,True,2025-06-17,,,,0.36025026,,,,,1,Stable,True,Industrials,0.01375348163900872,-0.007609916536275619,120,all_train,10,,,,,,,,0.1021100041731268,0.1108558222775078,2025-06-17,0.008129005,0.2771603,0.17549069,43.89415
2024-12-19,MKTX,221.6363983154297,True,2025-06-17,,,,0.29025897,,,,,1,Stable,True,Unknown,0.012902188209101165,-0.011911076656189196,120,all_train,10,,,,,,,,-0.030483813244033917,-0.02173799513965291,2025-06-17,-0.084736414,0.18868075,0.10369569,41.989594
2024-12-19,WAT,360.6300048828125,True,2025-06-17,,,,0.37903908,,,,,1,Stable,True,Health Care,0.012449833517840642,-0.00835203969467424,120,all_train,10,,,,,,,,-0.08224646263237521,-0.07350064452799421,2025-06-17,0.04633199,0.2756632,0.1743178,50.38265
2024-12-19,XEL,63.06803894042969,True,2025-06-17,,,,0.18501736,,,,,1,Stable,True,Utilities,0.011857595383830266,-0.00810175298754675,120,all_train,10,,,,,,,,-0.010179161876967642,-0.001433343772586637,2025-06-17,0.061279338,0.28221676,0.17944203,52.043015
2024-12-19,K,78.1161557476,True,2025-06-17,,,,0.27136967,,,,,1,Stable,True,Unknown,0.011605554042889335,-0.008678768508659557,120,all_train,10,,,,,,,,0.0017415583008898606,0.010487376405270865,2025-06-17,0.06802898,0.4365792,0.29311633,51.941433
2024-12-19,CTAS,179.93234252929688,True,2025-06-17,,,,0.26627097,,,,,1,Stable,True,Industrials,0.010777205561211126,-0.008537750966582932,120,all_train,10,,,,,,,,0.17957271436502203,0.18831853246940303,2025-06-17,-0.09691688,0.05745087,-0.013287221,42.184265
2024-12-19,HUM,230.00743103027344,True,2025-06-17,,,,0.47285333,,,,,1,Stable,True,Health Care,0.002464447477666514,0.06898823312848028,120,stable_train,10,,,,,,,,-0.02497809778607439,-0.016232279681693385,2025-06-17,-0.25017652,-0.36695826,-0.5263673,43.532482
2024-12-19,DVN,29.329627990722656,True,2025-06-17,,,,0.2856967,,,,,1,Stable,True,Energy,-0.007065651447198915,0.06419678513337242,120,stable_train,10,,,,,,,,0.13536887717878482,0.1441146952831658,2025-06-17,-0.2532662,-0.34926504,-0.49880123,34.747993
2024-12-19,REGN,701.62890625,True,2025-06-17,,,,0.26827484,,,,,1,Stable,True,Health Care,-0.017215547578961776,0.022335642525276138,120,stable_train,10,,,,,,,,-0.281714871644662,-0.272969053540281,2025-06-17,-0.2852051,-0.32995585,-0.46956006,23.137583
2024-12-19,FOX,45.26060485839844,True,2025-06-17,,,,0.20533407,,,,,1,Stable,True,Communication Services,-0.005392763337535086,0.01293587781424698,120,stable_train,10,,,,,,,,0.06062237548411875,0.06936819358849976,2025-06-17,0.19050309,0.45593423,0.3064994,65.17857
2024-12-19,FTNT,94.8499984741211,True,2025-06-17,,,,0.42460546,,,,,1,Stable,True,Information Technology,0.009278899510739257,0.0106529438526643,120,stable_train,10,,,,,,,,0.049799244855588516,0.05854506295996952,2025-06-17,0.21993828,0.58479536,0.39130688,62.292446
2024-12-19,GDDY,202.94000244140625,True,2025-06-17,,,,0.26401287,,,,,1,Stable,True,Information Technology,-0.005392763337535086,0.00865574655283408,120,stable_train,10,,,,,,,,-0.1419915699568519,-0.1332457518524709,2025-06-17,0.22287269,0.43420497,0.29146227,70.724396
2024-12-19,FOXA,48.14634323120117,True,2025-06-17,,,,0.21305402,,,,,1,Stable,True,Communication Services,-0.005959452290757473,0.007959431997502394,120,stable_train,10,,,,,,,,0.08838686995798098,0.09713268806236199,2025-06-17,0.17783803,0.44090062,0.29611996,63.21981
2024-12-19,FFIV,250.41000366210938,True,2025-06-17,,,,0.29410174,,,,,1,Stable,True,Information Technology,-0.002227452664868391,0.007433254169280049,120,stable_train,10,,,,,,,,0.13531759651560163,0.14406341461998262,2025-06-17,0.166643,0.46284622,0.3112356,61.89589
2024-12-19,ETR,71.15850830078125,True,2025-06-17,,,,0.28325942,,,,,1,Stable,True,Utilities,-0.005010718503624674,0.004252975227057776,120,stable_train,10,,,,,,,,0.08489614425097448,0.09364196235535549,2025-06-17,0.15387987,0.4341387,0.29141605,59.21684
2024-12-19,DLTR,69.05999755859375,True,2025-06-17,,,,0.5198853,,,,,1,Stable,True,Consumer Staples,0.031083036337481888,3.352527159702905e-06,120,stable_train,10,,,,,,,,0.33962263791708763,0.34836845602146865,2025-06-17,-0.13671586,-0.35608393,-0.5093353,48.835636
2025-06-16,K,79.1615995645,True,2025-12-08,,,,0.04391309,,,,,1,Stable,True,Unknown,-0.004086484008493858,-0.012033208103173224,120,lowvol,10,,,,,,,,-0.08941467505847009,0.054966058763197274,2025-12-08,-0.012815449,0.013383196,-0.014611099,42.588776
2025-06-16,JNPR,36.02,True,2025-12-08,,,,0.16641562,,,,,1,Stable,True,Unknown,-0.005204911782651187,-0.012697372463554606,120,lowvol,10,,,,,,,,,,2025-12-08,0.0018154933,-0.014534922,-0.04254712,50.52729
2025-06-16,CNP,34.96915054321289,True,2025-12-08,,,,0.18421157,,,,,1,Stable,True,Utilities,-0.0026261436101779885,-0.009363983504172127,120,lowvol,10,,,,,,,,-0.06534668430018373,0.07903404952148363,2025-12-08,0.032805018,0.1468121,0.10908047,51.7635
2025-06-16,PNW,84.76008605957031,True,2025-12-08,,,,0.18621059,,,,,1,Stable,True,Utilities,-0.0031456679480922588,-0.011478289179248863,120,lowvol,10,,,,,,,,-0.14137479103719583,0.003005942784471527,2025-12-08,-0.0047776923,0.07216779,0.04177704,46.813614
2025-06-16,ATO,147.82662963867188,True,2025-12-08,,,,0.19191618,,,,,1,Stable,True,Utilities,-0.003935560718329801,-0.009363983504172127,120,lowvol,10,,,,,,,,-0.03536654612488442,0.10901418769678294,2025-12-08,0.021811169,0.114562415,0.08055635,51.748077
2025-06-16,EVRG,64.34735870361328,True,2025-12-08,,,,0.19206241,,,,,1,Stable,True,Utilities,-0.0033390878008103734,-0.009363983504172127,120,lowvol,10,,,,,,,,-0.025001837402173405,0.11937889641949395,2025-12-08,0.032687895,0.1332301,0.09716652,50.741745
2025-06-16,WM,230.95835876464844,True,2025-12-08,,,,0.19318782,,,,,1,Stable,True,Industrials,-0.003766372641041014,-0.006167216943359776,120,lowvol,10,,,,,,,,-0.2402601589499372,-0.09587942512826986,2025-12-08,0.047355633,0.1499424,0.111806326,52.778133
2025-06-16,WEC,99.88810729980469,True,2025-12-08,,,,0.19439511,,,,,1,Stable,True,Utilities,-0.0026261436101779885,-0.011223086045819949,120,lowvol,10,,,,,,,,-0.12162593219745862,0.022754801624208728,2025-12-08,0.01327847,0.13626136,0.09983783,49.323963
2025-06-16,RSG,245.07652282714844,True,2025-12-08,,,,0.19482861,,,,,1,Stable,True,Industrials,-0.004938547851441992,-0.007686270057779612,120,lowvol,10,,,,,,,,-0.2907907241982328,-0.14640999037656544,2025-12-08,0.06769828,0.22482446,0.17489201,54.172493
2025-06-16,O,53.893924713134766,True,2025-12-08,,,,0.1956604,,,,,1,Stable,True,Real Estate,-0.003766372641041014,-0.006482024113195852,120,lowvol,10,,,,,,,,-0.11980678167290201,0.024573952148765343,2025-12-08,0.044739768,0.14091586,0.10392579,52.74365
2025-06-16,K,79.1615995645,True,2025-12-08,,,,0.04391309,,,,,1,Stable,True,Unknown,-0.004086484008493858,-0.012033208103173224,120,stable_lowvol,10,,,,,,,,-0.08941467505847009,0.054966058763197274,2025-12-08,-0.012815449,0.013383196,-0.014611099,42.588776
2025-06-16,JNPR,36.02,True,2025-12-08,,,,0.16641562,,,,,1,Stable,True,Unknown,-0.005204911782651187,-0.012697372463554606,120,stable_lowvol,10,,,,,,,,,,2025-12-08,0.0018154933,-0.014534922,-0.04254712,50.52729
2025-06-16,CNP,34.96915054321289,True,2025-12-08,,,,0.18421157,,,,,1,Stable,True,Utilities,-0.0026261436101779885,-0.009363983504172127,120,stable_lowvol,10,,,,,,,,-0.06534668430018373,0.07903404952148363,2025-12-08,0.032805018,0.1468121,0.10908047,51.7635
2025-06-16,PNW,84.76008605957031,True,2025-12-08,,,,0.18621059,,,,,1,Stable,True,Utilities,-0.0031456679480922588,-0.011478289179248863,120,stable_lowvol,10,,,,,,,,-0.14137479103719583,0.003005942784471527,2025-12-08,-0.0047776923,0.07216779,0.04177704,46.813614
2025-06-16,ATO,147.82662963867188,True,2025-12-08,,,,0.19191618,,,,,1,Stable,True,Utilities,-0.003935560718329801,-0.009363983504172127,120,stable_lowvol,10,,,,,,,,-0.03536654612488442,0.10901418769678294,2025-12-08,0.021811169,0.114562415,0.08055635,51.748077
2025-06-16,EVRG,64.34735870361328,True,2025-12-08,,,,0.19206241,,,,,1,Stable,True,Utilities,-0.0033390878008103734,-0.009363983504172127,120,stable_lowvol,10,,,,,,,,-0.025001837402173405,0.11937889641949395,2025-12-08,0.032687895,0.1332301,0.09716652,50.741745
2025-06-16,WM,230.95835876464844,True,2025-12-08,,,,0.19318782,,,,,1,Stable,True,Industrials,-0.003766372641041014,-0.006167216943359776,120,stable_lowvol,10,,,,,,,,-0.2402601589499372,-0.09587942512826986,2025-12-08,0.047355633,0.1499424,0.111806326,52.778133
2025-06-16,WEC,99.88810729980469,True,2025-12-08,,,,0.19439511,,,,,1,Stable,True,Utilities,-0.0026261436101779885,-0.011223086045819949,120,stable_lowvol,10,,,,,,,,-0.12162593219745862,0.022754801624208728,2025-12-08,0.01327847,0.13626136,0.09983783,49.323963
2025-06-16,RSG,245.07652282714844,True,2025-12-08,,,,0.19482861,,,,,1,Stable,True,Industrials,-0.004938547851441992,-0.007686270057779612,120,stable_lowvol,10,,,,,,,,-0.2907907241982328,-0.14640999037656544,2025-12-08,0.06769828,0.22482446,0.17489201,54.172493
2025-06-16,O,53.893924713134766,True,2025-12-08,,,,0.1956604,,,,,1,Stable,True,Real Estate,-0.003766372641041014,-0.006482024113195852,120,stable_lowvol,10,,,,,,,,-0.11980678167290201,0.024573952148765343,2025-12-08,0.044739768,0.14091586,0.10392579,52.74365
2025-06-16,CVS,64.91899108886719,True,2025-12-08,,,,0.36782494,,,,,1,Stable,True,Health Care,0.024244226236811228,-0.040401286541930016,120,all_train,10,,,,,,,,0.01819344943309223,0.16257418325475959,2025-12-08,0.11320452,0.5823995,0.43103683,51.090916
2025-06-16,NEM,57.508544921875,True,2025-12-08,,,,0.39012504,,,,,1,Stable,True,Materials,0.011611470326666621,-0.027140485326950767,120,all_train,10,,,,,,,,0.38595951828788677,0.5303402521095542,2025-12-08,0.23459457,0.5866767,0.43373618,59.136665
2025-06-16,VRSN,276.8220520019531,True,2025-12-08,,,,0.23257709,,,,,1,Stable,True,Information Technology,0.0008944736947303647,0.002315615927444388,120,all_train,10,,,,,,,,-0.25534352052031034,-0.110962786698643,2025-12-08,0.15399747,0.45702264,0.34848952,59.076733
2025-06-16,T,26.44621467590332,True,2025-12-08,,,,0.2550838,,,,,1,Stable,True,Communication Services,-0.00048170383398698515,-0.010733178793162256,120,all_train,10,,,,,,,,-0.22726288595653116,-0.08288215213486382,2025-12-08,0.08209951,0.26830575,0.20977642,51.598526
2025-06-16,WELL,147.74176025390625,True,2025-12-08,,,,0.24326912,,,,,1,Stable,True,Real Estate,-0.0013727288114361528,-0.006559279191070185,120,all_train,10,,,,,,,,0.18936842353051733,0.3337491573521847,2025-12-08,0.048900284,0.22760972,0.17716344,50.716724
2025-06-16,AIG,83.44792175292969,True,2025-12-08,,,,0.26514772,,,,,1,Stable,True,Financials,-0.0013727288114361528,-0.007686270057779612,120,all_train,10,,,,,,,,-0.23297716923616327,-0.08859643541449591,2025-12-08,0.07903838,0.21403517,0.16604413,51.399136
2025-06-16,GILD,108.01610565185547,True,2025-12-08,,,,0.2940052,,,,,1,Stable,True,Health Care,-0.0013727288114361528,-0.007686270057779612,120,all_train,10,,,,,,,,-0.014458524568234016,0.12992220925343334,2025-12-08,0.077361785,0.23394807,0.18231331,51.184307
2025-06-16,VRTX,450.9100036621094,True,2025-12-08,,,,0.2860762,,,,,1,Stable,True,Health Care,-0.0016666370235704402,-0.011314015197206694,120,all_train,10,,,,,,,,-0.14426756766032442,0.00011316616134293689,2025-12-08,-0.022642648,0.1368243,0.10033313,43.114944
2025-06-16,GL,119.39143371582031,True,2025-12-08,,,,0.28922045,,,,,1,Stable,True,Financials,-0.0016666370235704402,-0.011992093642923059,120,all_train,10,,,,,,,,-0.02573169417765081,0.11864903964401655,2025-12-08,-0.003261557,0.14376275,0.10641796,45.016865
2025-06-16,EXC,41.19367218017578,True,2025-12-08,,,,0.21767655,,,,,1,Stable,True,Utilities,-0.0018027067407191876,-0.011040713450725425,120,all_train,10,,,,,,,,-0.10409869042894179,0.040282043392725564,2025-12-08,0.0052398206,0.16863808,0.1279335,48.31539
2025-06-16,PM,175.5621337890625,True,2025-12-08,,,,0.26733315,,,,,1,Stable,True,Consumer Staples,-0.003338896931946078,0.021519954215872685,120,stable_train,10,,,,,,,,-0.3223468222708167,-0.1779660884491493,2025-12-08,0.20303275,0.53033835,0.39758334,63.535217
2025-06-16,CAH,160.24942016601562,True,2025-12-08,,,,0.22314723,,,,,1,Stable,True,Health Care,-0.0052513065298110135,0.014536148958332705,120,stable_train,10,,,,,,,,0.06924098293393288,0.21362171675560024,2025-12-08,0.20610946,0.39922318,0.30801168,64.987305
2025-06-16,CTVA,73.47737884521484,True,2025-12-08,,,,0.27907762,,,,,1,Stable,True,Materials,-0.007934088338328898,0.0049851984163273326,120,stable_train,10,,,,,,,,-0.2627902422166056,-0.11840950839493823,2025-12-08,0.17926274,0.32781082,0.25562605,63.801727
2025-06-16,VRSN,276.8220520019531,True,2025-12-08,,,,0.23257709,,,,,1,Stable,True,Information Technology,0.0008944736947303647,0.002315615927444388,120,stable_train,10,,,,,,,,-0.25534352052031034,-0.110962786698643,2025-12-08,0.15399747,0.45702264,0.34848952,59.076733
2025-06-16,CF,98.11863708496094,True,2025-12-08,,,,0.3650671,,,,,1,Stable,True,Materials,-0.008831797310876835,-0.0052961788317194124,120,stable_train,10,,,,,,,,-0.38150754932466063,-0.23712681550299328,2025-12-08,0.2109065,0.21635793,0.16795556,67.6111
2025-06-16,CBOE,223.46865844726562,True,2025-12-08,,,,0.24234761,,,,,1,Stable,True,Financials,-0.002468227403394562,-0.005984844348265253,120,stable_train,10,,,,,,,,-0.021005492581457966,0.12337524124020939,2025-12-08,0.057893496,0.16510837,0.12490857,52.29504
2025-06-16,CME,257.49237060546875,True,2025-12-08,,,,0.20488435,,,,,1,Stable,True,Financials,-0.001929474449396435,-0.005984844348265253,120,stable_train,10,,,,,,,,-0.1369151039677061,0.007465629853961265,2025-12-08,0.047614817,0.16871282,0.12799747,51.871834
2025-06-16,ABT,130.3971710205078,True,2025-12-08,,,,0.2272511,,,,,1,Stable,True,Health Care,-0.004243566453745872,-0.005984844348265253,120,stable_train,10,,,,,,,,-0.2131487538857095,-0.06876802006404215,2025-12-08,0.047830854,0.2038537,0.1576223,55.535896
2025-06-16,WBA,11.4,True,2025-12-08,,,,0.5663949,,,,,1,Stable,True,Unknown,-0.004938547851441992,-0.005984844348265253,120,stable_train,10,,,,,,,,,,2025-12-08,0.048199557,0.21925133,0.17033148,54.411766
2025-06-16,MDLZ,64.5032730102539,True,2025-12-08,,,,0.23551416,,,,,1,Stable,True,Consumer Staples,-0.0026261436101779885,-0.006167216943359776,120,stable_train,10,,,,,,,,-0.30660941445740564,-0.16222868063573825,2025-12-08,0.059311207,0.15097082,0.112700246,51.681316
2025-12-05,K,83.14,True,2026-06-02,,,,0.092353046,,,,,1,Stable,True,Unknown,-0.026472727865227846,-0.03827502545844131,120,lowvol,10,,,,,,,,,,2026-06-02,0.037800103,0.050256696,-0.0809251,75.37623
2025-12-05,SO,84.20923614501953,True,2026-06-02,,,,0.1332264,,,,,1,Stable,True,Utilities,-0.0076121392883421,-0.016334095036030068,120,lowvol,10,,,,,,,,-0.03649198124106069,0.07499110354017424,2026-06-02,-0.0632868,-0.014172109,-0.1442332,44.349094
2025-12-05,FE,43.59835433959961,True,2026-06-02,,,,0.13346058,,,,,1,Stable,True,Utilities,-0.007616004615537673,-0.013830831706988815,120,lowvol,10,,,,,,,,-0.07851819590245392,0.03296488887878102,2026-06-02,0.033035208,0.15152873,0.011130684,55.028145
2025-12-05,BRK-B,504.3399963378906,True,2026-06-02,,,,0.13619193,,,,,1,Stable,True,Financials,-0.012250314371843582,-0.019729223435334696,120,lowvol,10,,,,,,,,-0.16320965126438783,-0.05172656648315289,2026-06-02,0.03052208,0.028782377,-0.10158376,53.423805
2025-12-05,DUK,113.54781341552734,True,2026-06-02,,,,0.13653955,,,,,1,Stable,True,Utilities,-0.0076121392883421,-0.018296070963489938,120,lowvol,10,,,,,,,,-0.0424273404743354,0.06905574430689954,2026-06-02,-0.03558309,0.027286323,-0.10303902,46.51561
2025-12-05,AEE,97.78790283203125,True,2026-06-02,,,,0.14161195,,,,,1,Stable,True,Utilities,-0.007084123536890084,-0.013292961613612226,120,lowvol,10,,,,,,,,-0.0212757611694685,0.09020732361176644,2026-06-02,-0.008476351,0.060796924,-0.070939265,51.064342
2025-12-05,L,102.64387512207031,True,2026-06-02,,,,0.14332034,,,,,1,Stable,True,Financials,-0.008401558533827808,-0.011456193124573999,120,lowvol,10,,,,,,,,-0.07557772077516468,0.03590536400607025,2026-06-02,0.057635814,0.16193715,0.020128869,57.760704
2025-12-05,LIN,396.9770202636719,True,2026-06-02,,,,0.14377572,,,,,1,Stable,True,Materials,-0.03716505207225498,-0.039214132345179245,120,lowvol,10,,,,,,,,0.16638365092709373,0.27786673570832865,2026-06-02,-0.1205192,-0.13776104,-0.27818254,29.605215
2025-12-05,EVRG,71.46686553955078,True,2026-06-02,,,,0.14469218,,,,,1,Stable,True,Utilities,-0.008644432402110413,-0.018032424705618083,120,lowvol,10,,,,,,,,0.01645732337349702,0.12794040815473195,2026-06-02,0.012907155,0.110641785,-0.025021669,53.22711
2025-12-05,WEC,103.03797912597656,True,2026-06-02,,,,0.14500909,,,,,1,Stable,True,Utilities,-0.009443484161417808,-0.019066939419834956,120,lowvol,10,,,,,,,,-0.041310765903145544,0.07017231887808939,2026-06-02,-0.028019305,0.031534,-0.098912686,47.20413
2025-12-05,K,83.14,True,2026-06-02,,,,0.092353046,,,,,1,Stable,True,Unknown,-0.026472727865227846,-0.03827502545844131,120,stable_lowvol,10,,,,,,,,,,2026-06-02,0.037800103,0.050256696,-0.0809251,75.37623
2025-12-05,SO,84.20923614501953,True,2026-06-02,,,,0.1332264,,,,,1,Stable,True,Utilities,-0.0076121392883421,-0.016334095036030068,120,stable_lowvol,10,,,,,,,,-0.03649198124106069,0.07499110354017424,2026-06-02,-0.0632868,-0.014172109,-0.1442332,44.349094
2025-12-05,FE,43.59835433959961,True,2026-06-02,,,,0.13346058,,,,,1,Stable,True,Utilities,-0.007616004615537673,-0.013830831706988815,120,stable_lowvol,10,,,,,,,,-0.07851819590245392,0.03296488887878102,2026-06-02,0.033035208,0.15152873,0.011130684,55.028145
2025-12-05,BRK-B,504.3399963378906,True,2026-06-02,,,,0.13619193,,,,,1,Stable,True,Financials,-0.012250314371843582,-0.019729223435334696,120,stable_lowvol,10,,,,,,,,-0.16320965126438783,-0.05172656648315289,2026-06-02,0.03052208,0.028782377,-0.10158376,53.423805
2025-12-05,DUK,113.54781341552734,True,2026-06-02,,,,0.13653955,,,,,1,Stable,True,Utilities,-0.0076121392883421,-0.018296070963489938,120,stable_lowvol,10,,,,,,,,-0.0424273404743354,0.06905574430689954,2026-06-02,-0.03558309,0.027286323,-0.10303902,46.51561
2025-12-05,AEE,97.78790283203125,True,2026-06-02,,,,0.14161195,,,,,1,Stable,True,Utilities,-0.007084123536890084,-0.013292961613612226,120,stable_lowvol,10,,,,,,,,-0.0212757611694685,0.09020732361176644,2026-06-02,-0.008476351,0.060796924,-0.070939265,51.064342
2025-12-05,L,102.64387512207031,True,2026-06-02,,,,0.14332034,,,,,1,Stable,True,Financials,-0.008401558533827808,-0.011456193124573999,120,stable_lowvol,10,,,,,,,,-0.07557772077516468,0.03590536400607025,2026-06-02,0.057635814,0.16193715,0.020128869,57.760704
2025-12-05,LIN,396.9770202636719,True,2026-06-02,,,,0.14377572,,,,,1,Stable,True,Materials,-0.03716505207225498,-0.039214132345179245,120,stable_lowvol,10,,,,,,,,0.16638365092709373,0.27786673570832865,2026-06-02,-0.1205192,-0.13776104,-0.27818254,29.605215
2025-12-05,EVRG,71.46686553955078,True,2026-06-02,,,,0.14469218,,,,,1,Stable,True,Utilities,-0.008644432402110413,-0.018032424705618083,120,stable_lowvol,10,,,,,,,,0.01645732337349702,0.12794040815473195,2026-06-02,0.012907155,0.110641785,-0.025021669,53.22711
2025-12-05,WEC,103.03797912597656,True,2026-06-02,,,,0.14500909,,,,,1,Stable,True,Utilities,-0.009443484161417808,-0.019066939419834956,120,stable_lowvol,10,,,,,,,,-0.041310765903145544,0.07017231887808939,2026-06-02,-0.028019305,0.031534,-0.098912686,47.20413
2025-12-05,FDS,287.73406982421875,True,2026-06-02,,,,0.31457183,,,,,1,Stable,True,Financials,0.02277644373492041,-0.03954553903970698,120,all_train,10,,,,,,,,-0.2108078074484262,-0.09932472266719128,2026-06-02,-0.1530837,-0.30537936,-0.49434912,41.248455
2025-12-05,VRSK,219.625,True,2026-06-02,,,,0.28001297,,,,,1,Stable,True,Industrials,0.02277644373492041,-0.043590590877539956,120,all_train,10,,,,,,,,-0.2897521393619503,-0.1782690545807154,2026-06-02,-0.14418763,-0.28387126,-0.46385503,41.070866
2025-12-05,LDOS,185.28109741210938,True,2026-06-02,,,,0.21983922,,,,,1,Stable,True,Industrials,0.005593312088971376,-0.012994965236579505,120,all_train,10,,,,,,,,-0.4250095237716455,-0.3135264389904106,2026-06-02,0.04438302,0.2629161,0.103463694,51.238518
2025-12-05,VLO,171.59983825683594,True,2026-06-02,,,,0.30730182,,,,,1,Stable,True,Energy,0.0027356599034071005,-0.012881325010764156,120,all_train,10,,,,,,,,0.39274629093418123,0.5042293757154162,2026-06-02,0.1204267,0.28245163,0.118813865,53.821438
2025-12-05,LYV,139.3300018310547,True,2026-06-02,,,,0.29817432,,,,,1,Stable,True,Communication Services,0.0018838764717189784,-0.016204073113821296,120,all_train,10,,,,,,,,0.10259568960031061,0.21407877438154554,2026-06-02,-0.08351604,-0.021009032,-0.15119256,37.700626
2025-12-05,ECL,257.56982421875,True,2026-06-02,,,,0.1935664,,,,,1,Stable,True,Materials,0.0017594457179221398,-0.02062844394009333,120,all_train,10,,,,,,,,-0.10947189638289091,0.0020111883983440215,2026-06-02,-0.035591792,-0.019491218,-0.14964338,48.122158
2025-12-05,REGN,715.59130859375,True,2026-06-02,,,,0.3366281,,,,,1,Stable,True,Health Care,0.001559430742803351,-0.02265400330061314,120,all_train,10,,,,,,,,-0.2518481128589104,-0.14036502807767548,2026-06-02,0.20809557,0.3781909,0.19081199,60.601562
2025-12-05,BIIB,181.3000030517578,True,2026-06-02,,,,0.32162067,,,,,1,Stable,True,Health Care,0.0008660912473621564,-0.01909603766779281,120,all_train,10,,,,,,,,-0.06498563811680746,0.04649744666442747,2026-06-02,0.25994724,0.3835471,0.19469087,64.28067
2025-12-05,CBRE,160.86000061035156,True,2026-06-02,,,,0.23819989,,,,,1,Stable,True,Real Estate,0.0005863695965571951,-0.01335844225062214,120,all_train,10,,,,,,,,-0.28865020549319265,-0.17716712071195773,2026-06-02,0.045806877,0.19955252,0.051988885,48.1326
2025-12-05,ABBV,220.8582000732422,True,2026-06-02,,,,0.23779705,,,,,1,Stable,True,Health Care,-0.00015503026326721102,-0.013122136447223428,120,all_train,10,,,,,,,,-0.13024244447460098,-0.018759359693366062,2026-06-02,0.07325461,0.20337738,0.055172384,52.31316
2025-12-05,EA,203.5356516679,True,2026-06-02,,,,0.2866058,,,,,1,Stable,True,Communication Services,-0.0038406582242920696,0.01366099124552551,120,stable_train,10,,,,,,,,-0.11707701513873393,-0.005593930357499,2026-06-02,0.14288004,0.35231867,0.17186095,76.2202
2025-12-05,WELL,202.1319122314453,True,2026-06-02,,,,0.1799854,,,,,1,Stable,True,Real Estate,-0.0038406582242920696,0.00016900819302173307,120,stable_train,10,,,,,,,,-0.13222978988205783,-0.020746705100822885,2026-06-02,0.19342075,0.36814338,0.18349493,68.342865
2025-12-05,ROST,176.74285888671875,True,2026-06-02,,,,0.22213423,,,,,1,Stable,True,Consumer Discretionary,-0.0038406582242920696,0.00016900819302173307,120,stable_train,10,,,,,,,,0.15012876348407073,0.26161184826530565,2026-06-02,0.19481058,0.35986707,0.17742725,68.8717
2025-12-05,JNJ,198.73348999023438,True,2026-06-02,,,,0.16090913,,,,,1,Stable,True,Health Care,-0.0038406582242920696,-0.0004080554180079406,120,stable_train,10,,,,,,,,0.0062809181338225745,0.11776400291505751,2026-06-02,0.1388942,0.31879714,0.14676036,67.59367
2025-12-05,VTR,79.14527893066406,True,2026-06-02,,,,0.16882718,,,,,1,Stable,True,Real Estate,-0.004228637494278973,-0.0005350383997460781,120,stable_train,10,,,,,,,,-0.10978314848087957,0.0016999363003553643,2026-06-02,0.16314831,0.30209258,0.13401295,69.96643
2025-12-05,CAH,197.42620849609375,True,2026-06-02,,,,0.3085519,,,,,1,Stable,True,Health Care,-0.0076898611436863615,-0.0009889563578982085,120,stable_train,10,,,,,,,,-0.12677178777088594,-0.015288702989651013,2026-06-02,0.19676429,0.23199327,0.078673705,70.377464
2025-12-05,DG,130.52008056640625,True,2026-06-02,,,,0.33272436,,,,,1,Stable,True,Consumer Staples,-0.005108517364067812,-0.006621601984044481,120,stable_train,10,,,,,,,,-0.248609391123643,-0.13712630634240808,2026-06-02,0.2365217,0.17794342,0.033810355,63.51578
2025-12-05,NEE,81.96663665771484,True,2026-06-02,,,,0.23615465,,,,,1,Stable,True,Utilities,-0.010644246497256331,-0.007013335439838196,120,stable_train,10,,,,,,,,-0.04054302254550969,0.07094006223572524,2026-06-02,0.08883668,0.1431296,0.0038100656,63.957947
2025-12-05,AZO,3822.659912109375,True,2026-06-02,,,,0.2146558,,,,,1,Stable,True,Consumer Discretionary,-0.0041051685417492195,-0.007406637204484475,120,stable_train,10,,,,,,,,-0.30729080802872477,-0.19580772324748982,2026-06-02,-0.028769163,0.0609158,-0.0708272,41.063232
2025-12-05,GL,130.5664825439453,True,2026-06-02,,,,0.22880659,,,,,1,Stable,True,Financials,-0.003856887872322799,-0.008044920534133512,120,stable_train,10,,,,,,,,0.02895977727836206,0.140442862059597,2026-06-02,-0.017521514,0.09360009,-0.04048462,41.695343
