Date,Ticker,Sector,risk_rank,stability_group,stable,industry_status,industry_unknown,balanced_verified,balanced_eligible,vol_ann_120d,beta_120d
2016-06-24,A,Health Care,2,Middle,False,MIDDLE,False,False,False,0.24825002,1.2570293
2016-06-24,AABA,Unknown,2,Middle,False,STABLE,False,False,False,0.33901852,1.3117902
2016-06-24,AAL,Unknown,2,Middle,False,MIDDLE,False,False,False,0.37060034,1.5058727
2016-06-24,AAP,Unknown,1,Stable,True,STABLE,False,True,True,0.24702796,0.746802
2016-06-24,AAPL,Information Technology,1,Stable,True,STABLE,False,True,True,0.27318382,1.1276116
2016-06-24,ABBV,Health Care,1,Stable,True,MIDDLE,False,False,False,0.30859256,0.82732195
2016-06-24,ABT,Health Care,1,Stable,True,MIDDLE,False,False,False,0.2759185,1.0422931
2016-06-24,ACN,Information Technology,1,Stable,True,STABLE,False,True,True,0.23623027,1.1791433
2016-06-24,ADBE,Information Technology,2,Middle,False,MIDDLE,False,False,False,0.29775882,1.4136393
2016-06-24,ADI,Information Technology,1,Stable,True,STABLE,False,True,True,0.24228859,1.2011108
2016-06-24,ADM,Consumer Staples,2,Middle,False,RISKY,False,False,False,0.32878676,1.4156556
2016-06-24,ADP,Industrials,1,Stable,True,STABLE,False,True,True,0.17905866,0.9964516
2016-06-24,ADSK,Information Technology,2,Middle,False,MIDDLE,False,False,False,0.389834,1.8226746
2016-06-24,AEE,Utilities,1,Stable,True,STABLE,False,True,True,0.17280544,0.22754386
2016-06-24,AEP,Utilities,1,Stable,True,STABLE,False,True,True,0.17589203,0.30494288
2016-06-24,AES,Utilities,2,Middle,False,MIDDLE,False,False,False,0.31979963,1.2403635
2016-06-24,AET,Unknown,1,Stable,True,STABLE,False,True,True,0.27414283,1.1541536
2016-06-24,AFL,Financials,1,Stable,True,STABLE,False,True,True,0.17286488,0.7947293
2016-06-24,AGN,Unknown,2,Middle,False,STABLE,False,False,False,0.38131553,0.91562873
2016-06-24,AIG,Financials,1,Stable,True,MIDDLE,False,False,False,0.23572607,1.2356358
2016-06-24,AIV,Unknown,1,Stable,True,STABLE,False,True,True,0.22751284,0.7621848
2016-06-24,AIZ,Financials,1,Stable,True,MIDDLE,False,False,False,0.31058994,0.8397244
2016-06-24,AJG,Financials,1,Stable,True,STABLE,False,True,True,0.19019984,0.9226645
2016-06-24,AKAM,Information Technology,2,Middle,False,MIDDLE,False,False,False,0.4607732,1.7469379
2016-06-24,ALK,Unknown,2,Middle,False,MIDDLE,False,False,False,0.3376323,1.3499733
2016-06-24,ALL,Financials,1,Stable,True,STABLE,False,True,True,0.16435616,0.6581918
2016-06-24,ALLE,Industrials,1,Stable,True,MIDDLE,False,False,False,0.25151622,1.2183319
2016-06-24,ALXN,Unknown,2,Middle,False,MIDDLE,False,False,False,0.461799,1.7654531
2016-06-24,AMAT,Information Technology,2,Middle,False,MIDDLE,False,False,False,0.35490817,1.5642712
2016-06-24,AME,Industrials,1,Stable,True,MIDDLE,False,False,False,0.23394445,1.0739045
2016-06-24,AMG,Unknown,2,Middle,False,MIDDLE,False,False,False,0.42904726,2.2861667
2016-06-24,AMGN,Health Care,1,Stable,True,MIDDLE,False,False,False,0.24758045,1.1528143
2016-06-24,AMP,Financials,2,Middle,False,RISKY,False,False,False,0.3520109,1.8665737
2016-06-24,AMT,Real Estate,1,Stable,True,MIDDLE,False,False,False,0.21693853,1.0070127
2016-06-24,AMZN,Consumer Discretionary,2,Middle,False,MIDDLE,False,False,False,0.3635114,1.0634998
2016-06-24,AN,Unknown,2,Middle,False,STABLE,False,False,False,0.3824122,1.2452112
2016-06-24,ANDV,Unknown,2,Middle,False,MIDDLE,False,False,False,0.46091515,1.7814922
2016-06-24,AON,Financials,1,Stable,True,STABLE,False,True,True,0.16954783,0.68207383
2016-06-24,APA,Energy,2,Middle,False,MIDDLE,False,False,False,0.5788011,2.1756232
2016-06-24,APD,Materials,1,Stable,True,STABLE,False,True,True,0.22252128,1.0143772
2016-06-24,APH,Information Technology,1,Stable,True,STABLE,False,True,True,0.18847391,0.94116306
2016-06-24,APTV,Consumer Discretionary,2,Middle,False,RISKY,False,False,False,0.38392538,1.8230755
2016-06-24,ATVI,Unknown,2,Middle,False,STABLE,False,False,False,0.37358826,1.2211444
2016-06-24,AVB,Real Estate,1,Stable,True,STABLE,False,True,True,0.19993375,0.6304926
2016-06-24,AVGO,Information Technology,2,Middle,False,MIDDLE,False,False,False,0.34519193,1.5974745
2016-06-24,AVY,Materials,1,Stable,True,STABLE,False,True,True,0.23156758,1.0726172
2016-06-24,AWK,Utilities,1,Stable,True,STABLE,False,True,True,0.20022403,0.2744864
2016-06-24,AXP,Financials,1,Stable,True,STABLE,False,True,True,0.279766,0.61988515
2016-06-24,AYI,Unknown,2,Middle,False,MIDDLE,False,False,False,0.36637858,1.6021024
2016-06-24,AZO,Consumer Discretionary,1,Stable,True,STABLE,False,True,True,0.20216453,0.6712524
2016-06-24,BA,Industrials,2,Middle,False,MIDDLE,False,False,False,0.2997344,1.2812198
2016-06-24,BAC,Financials,2,Middle,False,RISKY,False,False,False,0.37034523,1.8738853
2016-06-24,BALL,Materials,1,Stable,True,STABLE,False,True,True,0.22611064,1.0570954
2016-06-24,BAX,Health Care,1,Stable,True,STABLE,False,True,True,0.21307838,0.8613884
2016-06-24,BBT,Unknown,1,Stable,True,STABLE,False,True,True,0.22762363,1.0285105
2016-06-24,BBY,Consumer Discretionary,1,Stable,True,STABLE,False,True,True,0.363445,0.61272407
2016-06-24,BCR,Unknown,1,Stable,True,STABLE,False,True,True,0.1684034,0.54984444
2016-06-24,BDX,Health Care,1,Stable,True,STABLE,False,True,True,0.18051818,0.7614208
2016-06-24,BEN,Financials,2,Middle,False,RISKY,False,False,False,0.32097337,1.6500026
2016-06-24,BF-B,Consumer Staples,1,Stable,True,MIDDLE,False,False,False,0.20480758,0.7688293
2016-06-24,BIIB,Health Care,2,Middle,False,RISKY,False,False,False,0.3833099,1.3037717
2016-06-24,BKNG,Consumer Discretionary,2,Middle,False,RISKY,False,False,False,0.3774421,1.6463562
2016-06-24,BLK,Financials,2,Middle,False,MIDDLE,False,False,False,0.2967373,1.6669078
2016-06-24,BMY,Health Care,1,Stable,True,STABLE,False,True,True,0.22409111,0.87894875
2016-06-24,BRK-B,Financials,1,Stable,True,STABLE,False,True,True,0.16951986,0.8828812
2016-06-24,BSX,Health Care,1,Stable,True,MIDDLE,False,False,False,0.27388388,0.9314815
2016-06-24,BWA,Unknown,2,Middle,False,MIDDLE,False,False,False,0.4169709,1.8168167
2016-06-24,BXP,Real Estate,1,Stable,True,STABLE,False,True,True,0.20929298,0.865771
2016-06-24,C,Financials,2,Middle,False,RISKY,False,False,False,0.39355156,2.1005402
2016-06-24,CAG,Unknown,1,Stable,True,STABLE,False,True,True,0.19138439,0.76537347
2016-06-24,CAH,Health Care,1,Stable,True,MIDDLE,False,False,False,0.27462786,1.0204012
2016-06-24,CAT,Industrials,2,Middle,False,MIDDLE,False,False,False,0.30775923,1.4016845
2016-06-24,CB,Financials,1,Stable,True,STABLE,False,True,True,0.18979585,0.89647967
2016-06-24,CBRE,Real Estate,2,Middle,False,RISKY,False,False,False,0.39343598,1.943623
2016-06-24,CCI,Real Estate,1,Stable,True,STABLE,False,True,True,0.18502149,0.7674757
2016-06-24,CCL,Consumer Discretionary,2,Middle,False,MIDDLE,False,False,False,0.31993374,1.3992891
2016-06-24,CELG,Unknown,2,Middle,False,MIDDLE,False,False,False,0.3493077,1.3655603
2016-06-24,CERN,Unknown,1,Stable,True,STABLE,False,True,True,0.2747215,0.87476337
2016-06-24,CF,Materials,2,Middle,False,MIDDLE,False,False,False,0.5403287,1.3608588
2016-06-24,CFG,Financials,2,Middle,False,RISKY,False,False,False,0.36912817,1.4948393
2016-06-24,CHD,Consumer Staples,1,Stable,True,STABLE,False,True,True,0.17736591,0.5140977
2016-06-24,CHK,Unknown,3,Risky,False,RISKY,False,False,False,1.4213088,3.5374224
2016-06-24,CHRW,Industrials,1,Stable,True,STABLE,False,True,True,0.18755233,0.41118407
2016-06-24,CI,Health Care,1,Stable,True,STABLE,False,True,True,0.2583715,0.7841927
2016-06-24,CINF,Financials,1,Stable,True,STABLE,False,True,True,0.17270884,0.78106034
2016-06-24,CL,Consumer Staples,1,Stable,True,STABLE,False,True,True,0.16699359,0.67972296
2016-06-24,CLX,Consumer Staples,1,Stable,True,STABLE,False,True,True,0.16915253,0.25053465
2016-06-24,CMA,Unknown,2,Middle,False,MIDDLE,False,False,False,0.37823954,1.6784002
2016-06-24,CMCSA,Communication Services,1,Stable,True,MIDDLE,False,False,False,0.19614771,0.78829753
2016-06-24,CME,Financials,1,Stable,True,STABLE,False,True,True,0.20871314,0.5089177
2016-06-24,CMG,Consumer Discretionary,1,Stable,True,STABLE,False,True,True,0.34925604,0.28705546
2016-06-24,CMI,Industrials,2,Middle,False,MIDDLE,False,False,False,0.29024172,1.1532826
2016-06-24,CMS,Utilities,1,Stable,True,STABLE,False,True,True,0.15854244,0.12246601
2016-06-24,CNC,Health Care,2,Middle,False,RISKY,False,False,False,0.37144452,1.2293715
2016-06-24,CNP,Utilities,1,Stable,True,MIDDLE,False,False,False,0.22347184,0.7652769
2016-06-24,COF,Financials,2,Middle,False,MIDDLE,False,False,False,0.31505188,1.4648756
2016-06-24,COP,Energy,2,Middle,False,MIDDLE,False,False,False,0.5162199,1.9008042
2016-06-24,COR,Health Care,1,Stable,True,STABLE,False,True,True,0.23783444,0.65476483
2016-06-24,COST,Consumer Staples,1,Stable,True,STABLE,False,True,True,0.19486211,0.53547686
2016-06-24,CPB,Unknown,1,Stable,True,STABLE,False,True,True,0.20019558,0.40565768
2016-06-24,CPRI,Unknown,2,Middle,False,STABLE,False,False,False,0.48432618,0.9068682
2016-06-24,CRM,Information Technology,2,Middle,False,MIDDLE,False,False,False,0.3940857,1.5850217
2016-06-24,CSCO,Information Technology,1,Stable,True,STABLE,False,True,True,0.2675782,1.1040939
2016-06-24,CSX,Industrials,2,Middle,False,MIDDLE,False,False,False,0.28782937,1.3472809
2016-06-24,CTAS,Industrials,1,Stable,True,STABLE,False,True,True,0.16741443,0.7814603
2016-06-24,CTSH,Information Technology,2,Middle,False,MIDDLE,False,False,False,0.30542096,1.4262578
2016-06-24,CTXS,Unknown,2,Middle,False,MIDDLE,False,False,False,0.31784064,1.5661498
2016-06-24,CVS,Health Care,1,Stable,True,STABLE,False,True,True,0.17572023,0.6485597
2016-06-24,CVX,Energy,2,Middle,False,STABLE,False,False,False,0.29075286,1.2529917
2016-06-24,CXO,Unknown,2,Middle,False,MIDDLE,False,False,False,0.47784632,1.9185976
2016-06-24,D,Utilities,1,Stable,True,STABLE,False,True,True,0.15667781,0.2505984
2016-06-24,DAL,Industrials,2,Middle,False,MIDDLE,False,False,False,0.32778993,1.2945418
2016-06-24,DD,Materials,1,Stable,True,STABLE,False,True,True,0.24261975,1.0138097
2016-06-24,DE,Industrials,1,Stable,True,MIDDLE,False,False,False,0.26296937,0.9548548
2016-06-24,DFS,Unknown,1,Stable,True,STABLE,False,True,True,0.2812844,1.0835944
2016-06-24,DG,Consumer Staples,1,Stable,True,MIDDLE,False,False,False,0.26634178,0.6065392
2016-06-24,DGX,Health Care,1,Stable,True,STABLE,False,True,True,0.19949341,0.8947742
2016-06-24,DHI,Consumer Discretionary,2,Middle,False,MIDDLE,False,False,False,0.3101665,1.5286522
2016-06-24,DHR,Health Care,1,Stable,True,STABLE,False,True,True,0.15481298,0.7893724
2016-06-24,DIS,Communication Services,1,Stable,True,MIDDLE,False,False,False,0.21227737,0.9647734
2016-06-24,DISCK,Unknown,2,Middle,False,MIDDLE,False,False,False,0.33838192,1.5952272
2016-06-24,DLR,Real Estate,1,Stable,True,STABLE,False,True,True,0.2202666,0.62645066
2016-06-24,DLTR,Consumer Staples,1,Stable,True,MIDDLE,False,False,False,0.31048748,0.86396706
2016-06-24,DOV,Industrials,2,Middle,False,MIDDLE,False,False,False,0.28182358,1.261531
2016-06-24,DRI,Consumer Discretionary,1,Stable,True,STABLE,False,True,True,0.20814776,0.6640101
2016-06-24,DTE,Utilities,1,Stable,True,STABLE,False,True,True,0.16214882,0.23869468
2016-06-24,DUK,Utilities,1,Stable,True,STABLE,False,True,True,0.16159198,0.17618592
2016-06-24,DVA,Health Care,1,Stable,True,STABLE,False,True,True,0.19096151,0.8528931
2016-06-24,DVN,Energy,3,Risky,False,MIDDLE,False,False,False,0.7340692,2.6542099
2016-06-24,EA,Communication Services,1,Stable,True,MIDDLE,False,False,False,0.35335237,0.7021009
2016-06-24,EBAY,Consumer Discretionary,2,Middle,False,MIDDLE,False,False,False,0.33047146,1.0705266
2016-06-24,ECL,Materials,2,Middle,False,STABLE,False,False,False,0.25789195,1.2374936
2016-06-24,ED,Utilities,1,Stable,True,STABLE,False,True,True,0.16622427,-0.1410078
2016-06-24,EFX,Industrials,1,Stable,True,MIDDLE,False,False,False,0.23232526,1.1916587
2016-06-24,EIX,Utilities,1,Stable,True,STABLE,False,True,True,0.16861361,0.1521308
2016-06-24,EL,Consumer Staples,1,Stable,True,MIDDLE,False,False,False,0.20840755,0.8245288
2016-06-24,ELV,Health Care,1,Stable,True,MIDDLE,False,False,False,0.27606112,0.9835636
2016-06-24,EMN,Unknown,2,Middle,False,STABLE,False,False,False,0.2769305,1.2295344
2016-06-24,EMR,Industrials,1,Stable,True,MIDDLE,False,False,False,0.23921493,1.0694927
2016-06-24,EOG,Energy,2,Middle,False,STABLE,False,False,False,0.40872535,1.4398947
2016-06-24,EQIX,Real Estate,1,Stable,True,MIDDLE,False,False,False,0.26560456,0.9442246
2016-06-24,EQT,Energy,2,Middle,False,STABLE,False,False,False,0.43054047,1.0150856
2016-06-24,ES,Utilities,1,Stable,True,STABLE,False,True,True,0.16157669,0.18992785
2016-06-24,ESRX,Unknown,1,Stable,True,STABLE,False,True,True,0.24329075,0.91181815
2016-06-24,ESS,Real Estate,1,Stable,True,STABLE,False,True,True,0.2287983,0.66247463
2016-06-24,ETFC,Unknown,2,Middle,False,MIDDLE,False,False,False,0.39336723,1.9512923
2016-06-24,ETN,Industrials,1,Stable,True,MIDDLE,False,False,False,0.26713973,1.154691
2016-06-24,ETR,Utilities,1,Stable,True,STABLE,False,True,True,0.17694876,0.36351568
2016-06-24,EW,Health Care,2,Middle,False,RISKY,False,False,False,0.37375325,1.1446263
2016-06-24,EXC,Utilities,1,Stable,True,MIDDLE,False,False,False,0.21463601,0.626343
2016-06-24,EXPD,Industrials,1,Stable,True,STABLE,False,True,True,0.19207609,0.76250046
2016-06-24,EXPE,Consumer Discretionary,2,Middle,False,MIDDLE,False,False,False,0.37280846,1.311254
2016-06-24,EXR,Real Estate,1,Stable,True,MIDDLE,False,False,False,0.2608374,0.61579716
2016-06-24,F,Consumer Discretionary,2,Middle,False,MIDDLE,False,False,False,0.28646496,1.2948596
2016-06-24,FAST,Industrials,1,Stable,True,MIDDLE,False,False,False,0.26635233,0.9681974
2016-06-24,FBIN,Unknown,1,Stable,True,STABLE,False,True,True,0.24707985,1.1702462
2016-06-24,FCX,Materials,3,Risky,False,RISKY,False,False,False,1.0402305,2.7620764
2016-06-24,FDX,Industrials,2,Middle,False,MIDDLE,False,False,False,0.2935578,1.3172975
2016-06-24,FE,Utilities,1,Stable,True,MIDDLE,False,False,False,0.28895593,0.5625614
2016-06-24,FFIV,Information Technology,2,Middle,False,STABLE,False,False,False,0.3245384,1.0850075
2016-06-24,FI,Financials,1,Stable,True,STABLE,False,True,True,0.19250445,0.99378324
2016-06-24,FIS,Financials,1,Stable,True,STABLE,False,True,True,0.23695774,1.0515547
2016-06-24,FITB,Financials,2,Middle,False,RISKY,False,False,False,0.3574476,1.717026
2016-06-24,FL,Unknown,1,Stable,True,STABLE,False,True,True,0.2754094,0.7063986
2016-06-24,FLIR,Unknown,1,Stable,True,STABLE,False,True,True,0.27348635,0.85753626
2016-06-24,FLR,Unknown,2,Middle,False,MIDDLE,False,False,False,0.32412514,1.4630569
2016-06-24,FLS,Unknown,2,Middle,False,MIDDLE,False,False,False,0.3485607,1.4662733
2016-06-24,FMC,Unknown,2,Middle,False,MIDDLE,False,False,False,0.37806883,1.5707964
2016-06-24,FRT,Real Estate,1,Stable,True,STABLE,False,True,True,0.16360027,0.55071557
2016-06-24,FSLR,Information Technology,2,Middle,False,MIDDLE,False,False,False,0.42897898,1.6348798
2016-06-24,FTI,Unknown,2,Middle,False,MIDDLE,False,False,False,0.424862,1.7401103
2016-06-24,GAP,Unknown,2,Middle,False,STABLE,False,False,False,0.4791685,0.8426923
2016-06-24,GD,Industrials,1,Stable,True,STABLE,False,True,True,0.19600831,0.8483524
2016-06-24,GE,Industrials,1,Stable,True,STABLE,False,True,True,0.19994652,1.0256296
2016-06-24,GGP,Unknown,1,Stable,True,STABLE,False,True,True,0.2553853,0.6931448
2016-06-24,GILD,Health Care,1,Stable,True,MIDDLE,False,False,False,0.29942837,0.8663032
2016-06-24,GIS,Consumer Staples,1,Stable,True,STABLE,False,True,True,0.15057425,0.49423665
2016-06-24,GLW,Information Technology,2,Middle,False,STABLE,False,False,False,0.27756122,1.1693695
2016-06-24,GM,Consumer Discretionary,1,Stable,True,STABLE,False,True,True,0.25646648,0.9911401
2016-06-24,GOOG,Communication Services,1,Stable,True,MIDDLE,False,False,False,0.23815535,0.92778033
2016-06-24,GOOGL,Communication Services,1,Stable,True,MIDDLE,False,False,False,0.23805328,0.95444155
2016-06-24,GPC,Consumer Discretionary,1,Stable,True,STABLE,False,True,True,0.19432636,0.8686287
2016-06-24,GPN,Financials,2,Middle,False,RISKY,False,False,False,0.34947357,1.5350612
2016-06-24,GRMN,Consumer Discretionary,2,Middle,False,MIDDLE,False,False,False,0.32788357,1.3572991
2016-06-24,GS,Financials,2,Middle,False,MIDDLE,False,False,False,0.3080377,1.5943174
2016-06-24,GT,Unknown,2,Middle,False,STABLE,False,False,False,0.319565,1.3169705
2016-06-24,GWW,Industrials,1,Stable,True,STABLE,False,True,True,0.2209125,0.7137053
2016-06-24,HAL,Energy,2,Middle,False,STABLE,False,False,False,0.3603943,1.5213389
2016-06-24,HAR,Unknown,2,Middle,False,MIDDLE,False,False,False,0.48993358,2.0432997
2016-06-24,HAS,Consumer Discretionary,1,Stable,True,STABLE,False,True,True,0.24193391,0.85995895
2016-06-24,HBAN,Financials,2,Middle,False,RISKY,False,False,False,0.34701157,1.4213741
2016-06-24,HBI,Unknown,2,Middle,False,MIDDLE,False,False,False,0.3990944,1.2721133
2016-06-24,HCA,Health Care,1,Stable,True,MIDDLE,False,False,False,0.24389662,0.942641
2016-06-24,HD,Consumer Discretionary,1,Stable,True,STABLE,False,True,True,0.21007031,0.8881468
2016-06-24,HES,Unknown,2,Middle,False,MIDDLE,False,False,False,0.5606418,2.116402
2016-06-24,HIG,Financials,2,Middle,False,MIDDLE,False,False,False,0.2500517,1.2757987
2016-06-24,HOG,Unknown,2,Middle,False,STABLE,False,False,False,0.32760638,1.1531018
2016-06-24,HOLX,Unknown,2,Middle,False,STABLE,False,False,False,0.32117498,1.1013122
2016-06-24,HON,Industrials,1,Stable,True,STABLE,False,True,True,0.18610243,0.9737285
2016-06-24,HP,Unknown,2,Middle,False,MIDDLE,False,False,False,0.47599173,1.7903712
2016-06-24,HPE,Information Technology,2,Middle,False,MIDDLE,False,False,False,0.4381898,1.7373825
2016-06-24,HPQ,Information Technology,2,Middle,False,MIDDLE,False,False,False,0.36263707,1.4314988
2016-06-24,HRB,Unknown,1,Stable,True,STABLE,False,True,True,0.4316682,0.5321536
2016-06-24,HRL,Consumer Staples,1,Stable,True,MIDDLE,False,False,False,0.26719493,0.44666526
2016-06-24,HRS,Unknown,1,Stable,True,STABLE,False,True,True,0.26338848,1.083019
2016-06-24,HSIC,Health Care,1,Stable,True,STABLE,False,True,True,0.20332052,0.8493349
2016-06-24,HST,Real Estate,2,Middle,False,RISKY,False,False,False,0.3410811,1.4990549
2016-06-24,HSY,Consumer Staples,1,Stable,True,STABLE,False,True,True,0.16956732,0.41838813
2016-06-24,HUM,Health Care,1,Stable,True,MIDDLE,False,False,False,0.24980246,0.9950054
2016-06-24,IBM,Information Technology,1,Stable,True,STABLE,False,True,True,0.24248937,0.9085534
2016-06-24,ICE,Financials,1,Stable,True,STABLE,False,True,True,0.25772944,0.77243054
2016-06-24,IFF,Materials,2,Middle,False,STABLE,False,False,False,0.2994634,1.1422057
2016-06-24,ILMN,Unknown,2,Middle,False,MIDDLE,False,False,False,0.55100864,1.5969951
2016-06-24,INTC,Information Technology,2,Middle,False,STABLE,False,False,False,0.25496688,1.2647232
2016-06-24,INTU,Information Technology,1,Stable,True,STABLE,False,True,True,0.23411843,1.1202153
2016-06-24,IP,Materials,2,Middle,False,STABLE,False,False,False,0.3032643,1.2628461
2016-06-24,IPG,Unknown,1,Stable,True,STABLE,False,True,True,0.21390724,1.0310581
2016-06-24,IRM,Real Estate,1,Stable,True,MIDDLE,False,False,False,0.23623368,0.88915443
2016-06-24,ISRG,Health Care,1,Stable,True,STABLE,False,True,True,0.21947306,0.7493371
2016-06-24,ITW,Industrials,1,Stable,True,STABLE,False,True,True,0.1858722,0.9147919
2016-06-24,IVZ,Financials,2,Middle,False,RISKY,False,False,False,0.39169073,2.1110806
2016-06-24,JBHT,Industrials,1,Stable,True,STABLE,False,True,True,0.22747521,0.9612732
2016-06-24,JCI,Industrials,1,Stable,True,STABLE,False,True,True,0.2761911,0.78399956
2016-06-24,JEC,Unknown,2,Middle,False,STABLE,False,False,False,0.27371985,1.2760483
2016-06-24,JEF,Unknown,2,Middle,False,MIDDLE,False,False,False,0.3500803,1.5387334
2016-06-24,JNJ,Health Care,1,Stable,True,STABLE,False,True,True,0.14174424,0.55799353
2016-06-24,JNPR,Unknown,2,Middle,False,STABLE,False,False,False,0.37476093,1.0948948
2016-06-24,JPM,Financials,2,Middle,False,MIDDLE,False,False,False,0.2953182,1.5580308
2016-06-24,JWN,Unknown,2,Middle,False,STABLE,False,False,False,0.39596736,0.9503945
2016-06-24,K,Unknown,1,Stable,True,STABLE,False,True,True,0.1637042,0.37820628
2016-06-24,KDP,Consumer Staples,1,Stable,True,STABLE,False,True,True,0.17337263,0.3209803
2016-06-24,KEY,Financials,2,Middle,False,MIDDLE,False,False,False,0.31292436,1.5060059
2016-06-24,KHC,Consumer Staples,1,Stable,True,MIDDLE,False,False,False,0.21058322,0.8051411
2016-06-24,KIM,Real Estate,1,Stable,True,STABLE,False,True,True,0.19393821,0.723756
2016-06-24,KLAC,Information Technology,1,Stable,True,STABLE,False,True,True,0.16673067,0.82941675
2016-06-24,KMB,Consumer Staples,1,Stable,True,STABLE,False,True,True,0.17118935,0.5721727
2016-06-24,KMI,Energy,2,Middle,False,MIDDLE,False,False,False,0.57686216,2.2492547
2016-06-24,KMX,Unknown,2,Middle,False,MIDDLE,False,False,False,0.3882333,1.4419131
2016-06-24,KO,Consumer Staples,1,Stable,True,STABLE,False,True,True,0.14861383,0.47279042
2016-06-24,KORS,Unknown,2,Middle,False,STABLE,False,False,False,0.4843261,0.90686816
2016-06-24,KR,Consumer Staples,1,Stable,True,MIDDLE,False,False,False,0.26613504,0.6142513
2016-06-24,KSS,Unknown,2,Middle,False,STABLE,False,False,False,0.46098566,0.7273551
2016-06-24,KSU,Unknown,2,Middle,False,STABLE,False,False,False,0.29734465,1.2097231
2016-06-24,L,Financials,1,Stable,True,STABLE,False,True,True,0.19450013,0.96311086
2016-06-24,LEG,Unknown,1,Stable,True,STABLE,False,True,True,0.20669149,0.97010803
2016-06-24,LEN,Consumer Discretionary,2,Middle,False,MIDDLE,False,False,False,0.28049168,1.3779486
2016-06-24,LH,Health Care,1,Stable,True,STABLE,False,True,True,0.21236664,0.8553753
2016-06-24,LKQ,Unknown,2,Middle,False,STABLE,False,False,False,0.30092442,1.3804419
2016-06-24,LLL,Unknown,1,Stable,True,STABLE,False,True,True,0.17620583,0.7105205
2016-06-24,LLTC,Unknown,1,Stable,True,STABLE,False,True,True,0.22664246,0.8616999
2016-06-24,LLY,Health Care,1,Stable,True,STABLE,False,True,True,0.24069215,0.67395616
2016-06-24,LM,Unknown,2,Middle,False,MIDDLE,False,False,False,0.4029702,1.9412309
2016-06-24,LMT,Industrials,1,Stable,True,STABLE,False,True,True,0.13999814,0.4175889
2016-06-24,LNC,Unknown,2,Middle,False,MIDDLE,False,False,False,0.44593117,2.173765
2016-06-24,LOW,Consumer Discretionary,1,Stable,True,STABLE,False,True,True,0.23360102,0.95159227
2016-06-24,LRCX,Information Technology,2,Middle,False,MIDDLE,False,False,False,0.29844335,1.4629467
2016-06-24,LUV,Industrials,1,Stable,True,MIDDLE,False,False,False,0.28882825,1.0967745
2016-06-24,LVLT,Unknown,2,Middle,False,MIDDLE,False,False,False,0.32932296,1.566616
2016-06-24,LYB,Materials,2,Middle,False,MIDDLE,False,False,False,0.34128693,1.4782988
2016-06-24,M,Unknown,1,Stable,True,STABLE,False,True,True,0.3799671,0.8015503
2016-06-24,MA,Financials,1,Stable,True,MIDDLE,False,False,False,0.2348806,1.2728084
2016-06-24,MAC,Unknown,1,Stable,True,STABLE,False,True,True,0.19941165,0.801957
2016-06-24,MAR,Consumer Discretionary,2,Middle,False,MIDDLE,False,False,False,0.29623976,1.2011285
2016-06-24,MAS,Industrials,2,Middle,False,MIDDLE,False,False,False,0.2807169,1.294225
2016-06-24,MAT,Unknown,1,Stable,True,STABLE,False,True,True,0.3447504,0.69267225
2016-06-24,MCD,Consumer Discretionary,1,Stable,True,STABLE,False,True,True,0.15842012,0.51898056
2016-06-24,MCHP,Information Technology,1,Stable,True,STABLE,False,True,True,0.2541117,1.1532027
2016-06-24,MCK,Health Care,1,Stable,True,MIDDLE,False,False,False,0.3296678,0.9516761
2016-06-24,MCO,Financials,2,Middle,False,MIDDLE,False,False,False,0.29769105,1.6453902
2016-06-24,MDLZ,Consumer Staples,2,Middle,False,RISKY,False,False,False,0.28534675,1.2535352
2016-06-24,MDT,Health Care,1,Stable,True,STABLE,False,True,True,0.19449234,0.69147885
2016-06-24,MET,Financials,2,Middle,False,RISKY,False,False,False,0.35737833,1.6934853
2016-06-24,META,Communication Services,2,Middle,False,RISKY,False,False,False,0.3454827,1.1021434
2016-06-24,MHK,Unknown,2,Middle,False,STABLE,False,False,False,0.2621335,1.2795434
2016-06-24,MJN,Unknown,1,Stable,True,STABLE,False,True,True,0.29682043,0.80655766
2016-06-24,MKC,Consumer Staples,1,Stable,True,STABLE,False,True,True,0.17776151,0.38719976
2016-06-24,MLM,Materials,2,Middle,False,STABLE,False,False,False,0.30937207,1.1506453
2016-06-24,MMM,Industrials,1,Stable,True,STABLE,False,True,True,0.16427113,0.77460146
2016-06-24,MNST,Consumer Staples,1,Stable,True,MIDDLE,False,False,False,0.3092267,0.73960984
2016-06-24,MO,Consumer Staples,1,Stable,True,STABLE,False,True,True,0.15117653,0.29828367
2016-06-24,MOS,Materials,2,Middle,False,MIDDLE,False,False,False,0.50050575,1.3716776
2016-06-24,MPC,Energy,2,Middle,False,MIDDLE,False,False,False,0.49638668,1.9182099
2016-06-24,MRK,Health Care,1,Stable,True,STABLE,False,True,True,0.18296973,0.77548623
2016-06-24,MRO,Unknown,3,Risky,False,RISKY,False,False,False,0.79014504,2.709557
2016-06-24,MS,Financials,2,Middle,False,RISKY,False,False,False,0.39600897,2.1027186
2016-06-24,MSFT,Information Technology,2,Middle,False,STABLE,False,False,False,0.2713832,1.271016
2016-06-24,MSI,Information Technology,1,Stable,True,STABLE,False,True,True,0.22920434,0.739468
2016-06-24,MTB,Financials,2,Middle,False,MIDDLE,False,False,False,0.28219077,1.3791175
2016-06-24,MU,Information Technology,2,Middle,False,RISKY,False,False,False,0.5826935,2.3891377
2016-06-24,MUR,Unknown,3,Risky,False,RISKY,False,False,False,0.73830193,2.4871206
2016-06-24,MYL,Unknown,2,Middle,False,MIDDLE,False,False,False,0.4860667,1.7678802
2016-06-24,NAVI,Unknown,2,Middle,False,MIDDLE,False,False,False,0.4300841,1.8537252
2016-06-24,NBL,Unknown,2,Middle,False,MIDDLE,False,False,False,0.5009267,1.8263603
2016-06-24,NDAQ,Financials,1,Stable,True,STABLE,False,True,True,0.2227932,0.8217656
2016-06-24,NEE,Utilities,1,Stable,True,STABLE,False,True,True,0.15517545,0.2386186
2016-06-24,NEM,Materials,2,Middle,False,STABLE,False,False,False,0.5086114,-0.50718313
2016-06-24,NFLX,Communication Services,2,Middle,False,RISKY,False,False,False,0.46855152,1.2200954
2016-06-24,NI,Utilities,1,Stable,True,STABLE,False,True,True,0.19494413,0.38439095
2016-06-24,NKE,Consumer Discretionary,1,Stable,True,STABLE,False,True,True,0.25265375,0.8229255
2016-06-24,NLSN,Unknown,1,Stable,True,STABLE,False,True,True,0.20133956,0.88459367
2016-06-24,NOC,Industrials,1,Stable,True,STABLE,False,True,True,0.16944245,0.58684283
2016-06-24,NOV,Unknown,2,Middle,False,MIDDLE,False,False,False,0.52019036,1.4571968
2016-06-24,NRG,Utilities,2,Middle,False,RISKY,False,False,False,0.5813568,1.7861844
2016-06-24,NSC,Industrials,2,Middle,False,MIDDLE,False,False,False,0.31523633,1.0626696
2016-06-24,NTAP,Information Technology,2,Middle,False,STABLE,False,False,False,0.31613943,1.247083
2016-06-24,NTRS,Financials,2,Middle,False,RISKY,False,False,False,0.31663463,1.645525
2016-06-24,NUE,Materials,2,Middle,False,MIDDLE,False,False,False,0.30478036,1.419323
2016-06-24,NVDA,Information Technology,2,Middle,False,MIDDLE,False,False,False,0.3868874,1.3196243
2016-06-24,NWL,Unknown,2,Middle,False,MIDDLE,False,False,False,0.3152293,1.4770049
2016-06-24,NWS,Communication Services,2,Middle,False,RISKY,False,False,False,0.32122225,1.3628198
2016-06-24,NWSA,Communication Services,2,Middle,False,RISKY,False,False,False,0.33816633,1.4086258
2016-06-24,O,Real Estate,1,Stable,True,STABLE,False,True,True,0.20690969,0.2009407
2016-06-24,OI,Unknown,2,Middle,False,MIDDLE,False,False,False,0.47738296,1.7055675
2016-06-24,OKE,Energy,2,Middle,False,MIDDLE,False,False,False,0.58635306,1.8742995
2016-06-24,OMC,Communication Services,1,Stable,True,MIDDLE,False,False,False,0.19727719,0.9995646
2016-06-24,ORCL,Information Technology,1,Stable,True,STABLE,False,True,True,0.21882918,1.1036125
2016-06-24,ORLY,Consumer Discretionary,1,Stable,True,STABLE,False,True,True,0.23467588,0.6840053
2016-06-24,OXY,Energy,2,Middle,False,STABLE,False,False,False,0.30146286,1.2873663
2016-06-24,PAYX,Industrials,1,Stable,True,STABLE,False,True,True,0.1890148,0.95861745
2016-06-24,PBCT,Unknown,1,Stable,True,STABLE,False,True,True,0.24205653,1.1095612
2016-06-24,PBI,Unknown,2,Middle,False,MIDDLE,False,False,False,0.35813394,1.5079824
2016-06-24,PCAR,Industrials,2,Middle,False,MIDDLE,False,False,False,0.28478026,1.3404852
2016-06-24,PCG,Utilities,1,Stable,True,STABLE,False,True,True,0.16578504,0.3258628
2016-06-24,PDCO,Unknown,1,Stable,True,STABLE,False,True,True,0.23781587,1.0545471
2016-06-24,PEG,Utilities,1,Stable,True,STABLE,False,True,True,0.17385894,0.31116745
2016-06-24,PEP,Consumer Staples,1,Stable,True,STABLE,False,True,True,0.13979656,0.5108017
2016-06-24,PFE,Health Care,1,Stable,True,STABLE,False,True,True,0.18442757,0.5895022
2016-06-24,PFG,Financials,2,Middle,False,RISKY,False,False,False,0.35066515,1.8391631
2016-06-24,PG,Consumer Staples,1,Stable,True,STABLE,False,True,True,0.144171,0.5132824
2016-06-24,PGR,Financials,1,Stable,True,STABLE,False,True,True,0.17125209,0.6695853
2016-06-24,PH,Industrials,1,Stable,True,MIDDLE,False,False,False,0.24404249,1.1196922
2016-06-24,PHM,Consumer Discretionary,2,Middle,False,MIDDLE,False,False,False,0.30562535,1.2398827
2016-06-24,PLD,Real Estate,1,Stable,True,MIDDLE,False,False,False,0.22911717,0.96250767
2016-06-24,PM,Consumer Staples,1,Stable,True,STABLE,False,True,True,0.14979106,0.49114573
2016-06-24,PNC,Financials,2,Middle,False,MIDDLE,False,False,False,0.25267854,1.3162184
2016-06-24,PNR,Industrials,2,Middle,False,MIDDLE,False,False,False,0.30700365,1.4253305
2016-06-24,PNW,Utilities,1,Stable,True,STABLE,False,True,True,0.16861328,0.19481838
2016-06-24,PPG,Materials,2,Middle,False,STABLE,False,False,False,0.25338262,1.2618405
2016-06-24,PPL,Utilities,1,Stable,True,MIDDLE,False,False,False,0.19232453,0.54672784
2016-06-24,PRGO,Unknown,2,Middle,False,STABLE,False,False,False,0.46776214,0.6948841
2016-06-24,PRU,Financials,2,Middle,False,RISKY,False,False,False,0.3512638,1.8000506
2016-06-24,PSA,Real Estate,1,Stable,True,STABLE,False,True,True,0.23745857,0.6409803
2016-06-24,PSX,Energy,2,Middle,False,STABLE,False,False,False,0.2812848,1.3626403
2016-06-24,PVH,Unknown,2,Middle,False,STABLE,False,False,False,0.35888958,1.285882
2016-06-24,PWR,Industrials,2,Middle,False,MIDDLE,False,False,False,0.28531358,1.1675191
2016-06-24,PX,Unknown,1,Stable,True,STABLE,False,True,True,0.20892365,0.9250679
2016-06-24,PXD,Unknown,2,Middle,False,MIDDLE,False,False,False,0.4077506,1.4742728
2016-06-24,PYPL,Financials,2,Middle,False,MIDDLE,False,False,False,0.3049914,1.2386028
2016-06-24,QCOM,Information Technology,2,Middle,False,MIDDLE,False,False,False,0.31634706,1.4151736
2016-06-24,QRVO,Unknown,2,Middle,False,MIDDLE,False,False,False,0.4957815,2.0946178
2016-06-24,R,Unknown,2,Middle,False,MIDDLE,False,False,False,0.40591723,1.7203045
2016-06-24,RAI,Unknown,1,Stable,True,STABLE,False,True,True,0.18931048,0.16644841
2016-06-24,RCL,Consumer Discretionary,2,Middle,False,RISKY,False,False,False,0.46300593,1.9213287
2016-06-24,REGN,Health Care,2,Middle,False,RISKY,False,False,False,0.43273348,1.4074656
2016-06-24,RF,Financials,2,Middle,False,RISKY,False,False,False,0.38106686,1.8177309
2016-06-24,RHI,Unknown,2,Middle,False,STABLE,False,False,False,0.34666106,1.1905901
2016-06-24,RHT,Unknown,2,Middle,False,STABLE,False,False,False,0.30452615,1.3891131
2016-06-24,RIG,Unknown,3,Risky,False,RISKY,False,False,False,0.7557389,2.305929
2016-06-24,RL,Consumer Discretionary,2,Middle,False,RISKY,False,False,False,0.4695908,1.2112494
2016-06-24,ROK,Industrials,1,Stable,True,MIDDLE,False,False,False,0.24535683,1.1952304
2016-06-24,ROP,Information Technology,1,Stable,True,STABLE,False,True,True,0.23407492,1.0196081
2016-06-24,ROST,Consumer Discretionary,1,Stable,True,STABLE,False,True,True,0.24921557,0.83794713
2016-06-24,RRC,Unknown,2,Middle,False,MIDDLE,False,False,False,0.7181112,1.3394847
2016-06-24,RSG,Industrials,1,Stable,True,STABLE,False,True,True,0.1534507,0.5275805
2016-06-24,RTN,Unknown,1,Stable,True,STABLE,False,True,True,0.18183991,0.5090957
2016-06-24,RVTY,Health Care,2,Middle,False,MIDDLE,False,False,False,0.29108706,1.2761261
2016-06-24,SBUX,Consumer Discretionary,1,Stable,True,STABLE,False,True,True,0.23561716,0.9331479
2016-06-24,SCG,Unknown,1,Stable,True,STABLE,False,True,True,0.16150962,0.2429614
2016-06-24,SCHW,Financials,2,Middle,False,RISKY,False,False,False,0.41224688,2.0834742
2016-06-24,SEE,Unknown,2,Middle,False,STABLE,False,False,False,0.32141462,1.2543545
2016-06-24,SHW,Materials,1,Stable,True,STABLE,False,True,True,0.23113982,0.84255743
2016-06-24,SIG,Unknown,2,Middle,False,STABLE,False,False,False,0.4116755,0.99682665
2016-06-24,SJM,Consumer Staples,1,Stable,True,STABLE,False,True,True,0.19792184,0.5052747
2016-06-24,SLB,Energy,2,Middle,False,STABLE,False,False,False,0.30146265,1.3001952
2016-06-24,SLG,Unknown,2,Middle,False,STABLE,False,False,False,0.3006916,1.1859809
2016-06-24,SNA,Industrials,1,Stable,True,MIDDLE,False,False,False,0.24356125,1.0846479
2016-06-24,SNI,Unknown,1,Stable,True,STABLE,False,True,True,0.29226655,0.85674953
2016-06-24,SO,Utilities,1,Stable,True,STABLE,False,True,True,0.14629604,0.07630672
2016-06-24,SPG,Real Estate,1,Stable,True,STABLE,False,True,True,0.1940237,0.7083612
2016-06-24,SPGI,Financials,2,Middle,False,MIDDLE,False,False,False,0.27981976,1.3739375
2016-06-24,SRCL,Unknown,2,Middle,False,STABLE,False,False,False,0.4151675,0.96035075
2016-06-24,SRE,Utilities,1,Stable,True,MIDDLE,False,False,False,0.19358063,0.5456864
2016-06-24,STJ,Unknown,1,Stable,True,STABLE,False,True,True,0.39890805,0.72160995
2016-06-24,STT,Financials,2,Middle,False,RISKY,False,False,False,0.34857172,1.8386614
2016-06-24,STX,Information Technology,2,Middle,False,RISKY,False,False,False,0.6593076,1.7571024
2016-06-24,STZ,Consumer Staples,1,Stable,True,MIDDLE,False,False,False,0.25019607,0.69258326
2016-06-24,SWK,Industrials,1,Stable,True,MIDDLE,False,False,False,0.22605592,1.0705421
2016-06-24,SWKS,Information Technology,2,Middle,False,RISKY,False,False,False,0.4366458,2.0835118
2016-06-24,SWN,Unknown,3,Risky,False,RISKY,False,False,False,1.0283899,1.6587101
2016-06-24,SYF,Financials,2,Middle,False,RISKY,False,False,False,0.3537288,1.4240572
2016-06-24,SYK,Health Care,1,Stable,True,STABLE,False,True,True,0.15682298,0.5621932
2016-06-24,SYMC,Unknown,1,Stable,True,STABLE,False,True,True,0.2743047,1.0306413
2016-06-24,SYY,Consumer Staples,1,Stable,True,STABLE,False,True,True,0.19766533,0.3826037
2016-06-24,T,Communication Services,1,Stable,True,STABLE,False,True,True,0.12570217,0.37403622
2016-06-24,TAP,Consumer Staples,1,Stable,True,MIDDLE,False,False,False,0.19909887,0.7444411
2016-06-24,TDC,Unknown,2,Middle,False,MIDDLE,False,False,False,0.38827622,1.529824
2016-06-24,TDG,Industrials,2,Middle,False,MIDDLE,False,False,False,0.33996326,1.1437912
2016-06-24,TEL,Information Technology,2,Middle,False,STABLE,False,False,False,0.26296034,1.3094674
2016-06-24,TGNA,Unknown,2,Middle,False,STABLE,False,False,False,0.30105925,1.2393574
2016-06-24,TGT,Consumer Staples,1,Stable,True,MIDDLE,False,False,False,0.24929465,0.70064634
2016-06-24,TIF,Unknown,1,Stable,True,STABLE,False,True,True,0.26813412,1.1534675
2016-06-24,TJX,Consumer Discretionary,1,Stable,True,STABLE,False,True,True,0.2080185,0.8414289
2016-06-24,TMO,Health Care,1,Stable,True,MIDDLE,False,False,False,0.22912243,1.0814373
2016-06-24,TPR,Consumer Discretionary,2,Middle,False,MIDDLE,False,False,False,0.3260474,1.1189977
2016-06-24,TRIP,Unknown,2,Middle,False,MIDDLE,False,False,False,0.43687415,1.4568496
2016-06-24,TROW,Financials,2,Middle,False,MIDDLE,False,False,False,0.24664468,1.3808192
2016-06-24,TRV,Financials,1,Stable,True,STABLE,False,True,True,0.1807157,0.80537957
2016-06-24,TSCO,Consumer Discretionary,1,Stable,True,STABLE,False,True,True,0.23473488,1.0139794
2016-06-24,TSN,Consumer Staples,1,Stable,True,MIDDLE,False,False,False,0.2623677,0.21127097
2016-06-24,TSS,Unknown,2,Middle,False,STABLE,False,False,False,0.33498362,1.2929286
2016-06-24,TWX,Unknown,1,Stable,True,STABLE,False,True,True,0.26089096,0.65162414
2016-06-24,TXN,Information Technology,1,Stable,True,STABLE,False,True,True,0.22329307,1.119912
2016-06-24,TXT,Industrials,2,Middle,False,MIDDLE,False,False,False,0.33225462,1.2818644
2016-06-24,UAA,Unknown,2,Middle,False,MIDDLE,False,False,False,0.47746107,1.2478704
2016-06-24,UAL,Industrials,2,Middle,False,RISKY,False,False,False,0.40412793,1.5617046
2016-06-24,UDR,Real Estate,1,Stable,True,MIDDLE,False,False,False,0.24392875,0.66742015
2016-06-24,UHS,Health Care,1,Stable,True,MIDDLE,False,False,False,0.27305433,1.0971724
2016-06-24,ULTA,Consumer Discretionary,2,Middle,False,MIDDLE,False,False,False,0.36598542,1.1820053
2016-06-24,UNH,Health Care,1,Stable,True,STABLE,False,True,True,0.19570865,0.8683115
2016-06-24,UNM,Unknown,2,Middle,False,MIDDLE,False,False,False,0.33627737,1.681729
2016-06-24,UNP,Industrials,1,Stable,True,MIDDLE,False,False,False,0.26564053,0.9866656
2016-06-24,UPS,Industrials,1,Stable,True,STABLE,False,True,True,0.14669526,0.68851894
2016-06-24,URBN,Unknown,2,Middle,False,STABLE,False,False,False,0.43614313,0.8804813
2016-06-24,URI,Industrials,2,Middle,False,RISKY,False,False,False,0.54364306,1.9365667
2016-06-24,USB,Financials,2,Middle,False,MIDDLE,False,False,False,0.24578585,1.305658
2016-06-24,UTX,Unknown,1,Stable,True,STABLE,False,True,True,0.19400264,0.8650987
2016-06-24,V,Financials,2,Middle,False,MIDDLE,False,False,False,0.25073877,1.2771903
2016-06-24,VAR,Unknown,1,Stable,True,STABLE,False,True,True,0.20504254,0.90115875
2016-06-24,VFC,Unknown,1,Stable,True,STABLE,False,True,True,0.2780378,1.1461711
2016-06-24,VIAB,Unknown,2,Middle,False,MIDDLE,False,False,False,0.57371765,1.4489963
2016-06-24,VLO,Energy,2,Middle,False,STABLE,False,False,False,0.39195463,1.4186833
2016-06-24,VMC,Materials,1,Stable,True,STABLE,False,True,True,0.25915834,1.0793188
2016-06-24,VNO,Unknown,1,Stable,True,STABLE,False,True,True,0.21729206,0.9137698
2016-06-24,VRSK,Industrials,1,Stable,True,STABLE,False,True,True,0.19825085,0.8817461
2016-06-24,VRSN,Information Technology,1,Stable,True,STABLE,False,True,True,0.23801929,1.0100201
2016-06-24,VRTX,Health Care,2,Middle,False,RISKY,False,False,False,0.48006037,1.7413086
2016-06-24,VTR,Real Estate,1,Stable,True,MIDDLE,False,False,False,0.26049197,0.6877619
2016-06-24,VZ,Communication Services,1,Stable,True,STABLE,False,True,True,0.1649142,0.52605355
2016-06-24,WAT,Health Care,1,Stable,True,STABLE,False,True,True,0.20344883,0.82455385
2016-06-24,WBA,Unknown,1,Stable,True,STABLE,False,True,True,0.22955592,0.8454132
2016-06-24,WDC,Information Technology,2,Middle,False,RISKY,False,False,False,0.5443234,2.1614306
2016-06-24,WEC,Utilities,1,Stable,True,STABLE,False,True,True,0.16347471,0.14278778
2016-06-24,WELL,Real Estate,1,Stable,True,MIDDLE,False,False,False,0.30253386,0.7748695
2016-06-24,WFC,Financials,2,Middle,False,MIDDLE,False,False,False,0.24763513,1.3035024
2016-06-24,WFM,Unknown,1,Stable,True,STABLE,False,True,True,0.29334947,0.782922
2016-06-24,WHR,Unknown,2,Middle,False,STABLE,False,False,False,0.2870106,1.2409639
2016-06-24,WM,Industrials,1,Stable,True,STABLE,False,True,True,0.13934769,0.4512144
2016-06-24,WMB,Energy,3,Risky,False,RISKY,False,False,False,1.129661,3.6811903
2016-06-24,WMT,Consumer Staples,1,Stable,True,MIDDLE,False,False,False,0.22980551,0.44625136
2016-06-24,WTW,Financials,2,Middle,False,MIDDLE,False,False,False,0.27677265,1.2133591
2016-06-24,WU,Unknown,1,Stable,True,STABLE,False,True,True,0.24855591,1.2488865
2016-06-24,WY,Real Estate,2,Middle,False,MIDDLE,False,False,False,0.28818694,1.2616327
2016-06-24,WYND,Unknown,2,Middle,False,STABLE,False,False,False,0.29373354,1.2329162
2016-06-24,WYNN,Consumer Discretionary,2,Middle,False,RISKY,False,False,False,0.5628508,1.7595623
2016-06-24,XEC,Unknown,2,Middle,False,MIDDLE,False,False,False,0.46381816,1.6853542
2016-06-24,XEL,Utilities,1,Stable,True,STABLE,False,True,True,0.15828739,0.13323654
2016-06-24,XL,Unknown,1,Stable,True,STABLE,False,True,True,0.24656962,0.906932
2016-06-24,XLNX,Unknown,1,Stable,True,STABLE,False,True,True,0.28552845,1.11109
2016-06-24,XOM,Energy,1,Stable,True,STABLE,False,True,True,0.21426727,0.8230379
2016-06-24,XRAY,Unknown,1,Stable,True,STABLE,False,True,True,0.2219357,0.72750443
2016-06-24,XRX,Unknown,2,Middle,False,MIDDLE,False,False,False,0.35722712,1.3250728
2016-06-24,XYL,Industrials,1,Stable,True,STABLE,False,True,True,0.1913257,0.9500039
2016-06-24,YUM,Consumer Discretionary,1,Stable,True,MIDDLE,False,False,False,0.2399673,1.1716907
2016-06-24,ZBH,Health Care,1,Stable,True,STABLE,False,True,True,0.19789176,0.84488404
2016-06-24,ZION,Unknown,2,Middle,False,MIDDLE,False,False,False,0.3769799,1.8656647
2016-06-24,ZTS,Health Care,1,Stable,True,MIDDLE,False,False,False,0.24625775,0.94730854
2016-12-14,A,Health Care,2,Middle,False,MIDDLE,False,False,False,0.22818747,1.4805807
2016-12-14,AABA,Unknown,2,Middle,False,STABLE,False,False,False,0.22508284,1.2890886
2016-12-14,AAL,Unknown,3,Risky,False,MIDDLE,False,False,False,0.3644327,1.844107
2016-12-14,AAP,Unknown,2,Middle,False,STABLE,False,False,False,0.2908006,1.1645389
2016-12-14,AAPL,Information Technology,1,Stable,True,STABLE,False,True,True,0.19782576,0.77360433
2016-12-14,ABBV,Health Care,2,Middle,False,MIDDLE,False,False,False,0.24298753,1.1342145
2016-12-14,ABT,Health Care,2,Middle,False,MIDDLE,False,False,False,0.20822291,1.2006216
2016-12-14,ACN,Information Technology,1,Stable,True,STABLE,False,True,True,0.17874414,0.84054214
2016-12-14,ADBE,Information Technology,1,Stable,True,STABLE,False,True,True,0.19420005,1.1791744
2016-12-14,ADI,Information Technology,2,Middle,False,MIDDLE,False,False,False,0.23533128,1.3604788
2016-12-14,ADM,Consumer Staples,2,Middle,False,RISKY,False,False,False,0.25875252,1.0515531
2016-12-14,ADP,Industrials,1,Stable,True,STABLE,False,True,True,0.15902479,0.91851646
2016-12-14,ADSK,Information Technology,3,Risky,False,RISKY,False,False,False,0.3215615,1.9575995
2016-12-14,AEE,Utilities,1,Stable,True,STABLE,False,True,True,0.19868748,0.68553025
2016-12-14,AEP,Utilities,1,Stable,True,STABLE,False,True,True,0.18433696,0.6381948
2016-12-14,AES,Utilities,2,Middle,False,MIDDLE,False,False,False,0.27631798,1.4504937
2016-12-14,AET,Unknown,1,Stable,True,STABLE,False,True,True,0.22102824,1.0445906
2016-12-14,AFL,Financials,1,Stable,True,STABLE,False,True,True,0.15518445,0.9920028
2016-12-14,AGN,Unknown,2,Middle,False,MIDDLE,False,False,False,0.30415165,1.2703223
2016-12-14,AIG,Financials,2,Middle,False,MIDDLE,False,False,False,0.20862122,1.2286522
2016-12-14,AIV,Unknown,1,Stable,True,STABLE,False,True,True,0.22432639,0.60083914
2016-12-14,AIZ,Financials,1,Stable,True,MIDDLE,False,False,False,0.22294572,0.8940902
2016-12-14,AJG,Financials,1,Stable,True,STABLE,False,True,True,0.1567803,1.1120541
2016-12-14,AKAM,Information Technology,2,Middle,False,MIDDLE,False,False,False,0.3577136,1.0858939
2016-12-14,ALB,Materials,2,Middle,False,MIDDLE,False,False,False,0.27711052,1.6005546
2016-12-14,ALK,Unknown,2,Middle,False,STABLE,False,False,False,0.24952248,1.0928202
2016-12-14,ALL,Financials,1,Stable,True,STABLE,False,True,True,0.12668055,0.62074506
2016-12-14,ALLE,Industrials,2,Middle,False,MIDDLE,False,False,False,0.19912243,1.3408512
2016-12-14,ALXN,Unknown,2,Middle,False,MIDDLE,False,False,False,0.43928286,0.8093688
2016-12-14,AMAT,Information Technology,2,Middle,False,MIDDLE,False,False,False,0.2641982,1.4368966
2016-12-14,AME,Industrials,1,Stable,True,STABLE,False,True,True,0.19633985,1.0222563
2016-12-14,AMG,Unknown,2,Middle,False,MIDDLE,False,False,False,0.29185113,1.8056519
2016-12-14,AMGN,Health Care,2,Middle,False,MIDDLE,False,False,False,0.25232592,1.171869
2016-12-14,AMP,Financials,2,Middle,False,RISKY,False,False,False,0.32201004,1.7687751
2016-12-14,AMT,Real Estate,1,Stable,True,STABLE,False,True,True,0.21068768,0.7982577
2016-12-14,AMZN,Consumer Discretionary,1,Stable,True,MIDDLE,False,False,False,0.20845959,1.1210461
2016-12-14,AN,Unknown,2,Middle,False,MIDDLE,False,False,False,0.30275384,1.3846277
2016-12-14,ANDV,Unknown,2,Middle,False,MIDDLE,False,False,False,0.33898634,1.4928789
2016-12-14,AON,Financials,1,Stable,True,MIDDLE,False,False,False,0.17725526,1.1749091
2016-12-14,APA,Energy,3,Risky,False,MIDDLE,False,False,False,0.3897564,1.555211
2016-12-14,APD,Materials,1,Stable,True,STABLE,False,True,True,0.1552454,1.0049801
2016-12-14,APH,Information Technology,1,Stable,True,STABLE,False,True,True,0.1481496,0.9575086
2016-12-14,APTV,Consumer Discretionary,2,Middle,False,MIDDLE,False,False,False,0.31655946,1.5147446
2016-12-14,ATVI,Unknown,2,Middle,False,STABLE,False,False,False,0.254355,1.0135629
2016-12-14,AVB,Real Estate,1,Stable,True,STABLE,False,True,True,0.19190519,0.47588086
2016-12-14,AVGO,Information Technology,2,Middle,False,MIDDLE,False,False,False,0.25313416,1.4102203
2016-12-14,AVY,Materials,1,Stable,True,STABLE,False,True,True,0.2178189,0.99765253
2016-12-14,AWK,Utilities,1,Stable,True,STABLE,False,True,True,0.20240737,0.7603425
2016-12-14,AXP,Financials,2,Middle,False,MIDDLE,False,False,False,0.22253197,1.2085601
2016-12-14,AYI,Unknown,2,Middle,False,MIDDLE,False,False,False,0.26536784,1.4943947
2016-12-14,AZO,Consumer Discretionary,1,Stable,True,STABLE,False,True,True,0.18128718,0.6647262
2016-12-14,BA,Industrials,1,Stable,True,STABLE,False,True,True,0.17706265,1.0684981
2016-12-14,BAC,Financials,2,Middle,False,RISKY,False,False,False,0.26743364,1.4223605
2016-12-14,BALL,Materials,1,Stable,True,STABLE,False,True,True,0.24335246,0.9803067
2016-12-14,BAX,Health Care,1,Stable,True,STABLE,False,True,True,0.21309967,1.021661
2016-12-14,BBT,Unknown,1,Stable,True,STABLE,False,True,True,0.19289073,0.9518031
2016-12-14,BBY,Consumer Discretionary,2,Middle,False,RISKY,False,False,False,0.3922402,1.1684936
2016-12-14,BCR,Unknown,1,Stable,True,STABLE,False,True,True,0.21065626,0.87220746
2016-12-14,BDX,Health Care,1,Stable,True,STABLE,False,True,True,0.19964045,0.97062296
2016-12-14,BEN,Financials,3,Risky,False,RISKY,False,False,False,0.30927983,1.9663438
2016-12-14,BF-B,Consumer Staples,1,Stable,True,STABLE,False,True,True,0.17686239,0.7505134
2016-12-14,BIIB,Health Care,2,Middle,False,MIDDLE,False,False,False,0.32397136,1.2536399
2016-12-14,BKNG,Consumer Discretionary,2,Middle,False,MIDDLE,False,False,False,0.20300132,1.1845852
2016-12-14,BLK,Financials,2,Middle,False,MIDDLE,False,False,False,0.19258314,1.353135
2016-12-14,BMY,Health Care,1,Stable,True,STABLE,False,True,True,0.36860058,0.5028037
2016-12-14,BRK-B,Financials,1,Stable,True,STABLE,False,True,True,0.13080695,0.9199333
2016-12-14,BSX,Health Care,2,Middle,False,MIDDLE,False,False,False,0.20946845,1.1937258
2016-12-14,BWA,Unknown,3,Risky,False,MIDDLE,False,False,False,0.34277478,1.9029071
2016-12-14,BXP,Real Estate,1,Stable,True,STABLE,False,True,True,0.19977559,1.1163092
2016-12-14,C,Financials,2,Middle,False,RISKY,False,False,False,0.23137775,1.5212198
2016-12-14,CAG,Unknown,1,Stable,True,STABLE,False,True,True,0.23120552,0.62529266
2016-12-14,CAH,Health Care,2,Middle,False,MIDDLE,False,False,False,0.2672156,1.1984408
2016-12-14,CAT,Industrials,2,Middle,False,MIDDLE,False,False,False,0.23272572,1.325993
2016-12-14,CB,Financials,1,Stable,True,STABLE,False,True,True,0.14498378,0.84667045
2016-12-14,CBRE,Real Estate,3,Risky,False,RISKY,False,False,False,0.31199947,2.0058386
2016-12-14,CCI,Real Estate,1,Stable,True,STABLE,False,True,True,0.20320109,0.67158324
2016-12-14,CCL,Consumer Discretionary,1,Stable,True,STABLE,False,True,True,0.23780923,0.8726815
2016-12-14,CELG,Unknown,2,Middle,False,STABLE,False,False,False,0.29098856,1.1258385
2016-12-14,CERN,Unknown,2,Middle,False,STABLE,False,False,False,0.2444622,1.1742612
2016-12-14,CF,Materials,3,Risky,False,RISKY,False,False,False,0.50532174,1.7912585
2016-12-14,CFG,Financials,2,Middle,False,RISKY,False,False,False,0.26765767,1.3880516
2016-12-14,CHD,Consumer Staples,1,Stable,True,STABLE,False,True,True,0.21188253,0.598556
2016-12-14,CHK,Unknown,3,Risky,False,RISKY,False,False,False,0.6980675,2.7298095
2016-12-14,CHRW,Industrials,1,Stable,True,STABLE,False,True,True,0.16671889,0.54733884
2016-12-14,CHTR,Communication Services,2,Middle,False,MIDDLE,False,False,False,0.25903362,1.0950081
2016-12-14,CI,Health Care,2,Middle,False,MIDDLE,False,False,False,0.27966252,1.0687392
2016-12-14,CINF,Financials,1,Stable,True,STABLE,False,True,True,0.15955971,1.0328445
2016-12-14,CL,Consumer Staples,1,Stable,True,STABLE,False,True,True,0.14446951,0.7176833
2016-12-14,CLX,Consumer Staples,1,Stable,True,STABLE,False,True,True,0.15172273,0.46030807
2016-12-14,CMA,Unknown,2,Middle,False,MIDDLE,False,False,False,0.27525902,1.7156795
2016-12-14,CMCSA,Communication Services,1,Stable,True,STABLE,False,True,True,0.14642607,0.69625586
2016-12-14,CME,Financials,1,Stable,True,STABLE,False,True,True,0.18767476,0.8864199
2016-12-14,CMG,Consumer Discretionary,2,Middle,False,RISKY,False,False,False,0.34447575,0.7272803
2016-12-14,CMI,Industrials,2,Middle,False,MIDDLE,False,False,False,0.25485942,1.4709443
2016-12-14,CMS,Utilities,1,Stable,True,STABLE,False,True,True,0.19366086,0.54672205
2016-12-14,CNC,Health Care,3,Risky,False,MIDDLE,False,False,False,0.46192116,1.0396104
2016-12-14,CNP,Utilities,1,Stable,True,STABLE,False,True,True,0.19736074,0.86958927
2016-12-14,COF,Financials,2,Middle,False,RISKY,False,False,False,0.24795933,1.4046496
2016-12-14,COO,Health Care,1,Stable,True,STABLE,False,True,True,0.19633685,0.98712355
2016-12-14,COP,Energy,2,Middle,False,MIDDLE,False,False,False,0.34322065,1.4531901
2016-12-14,COR,Health Care,2,Middle,False,MIDDLE,False,False,False,0.35689676,1.0420195
2016-12-14,COST,Consumer Staples,1,Stable,True,STABLE,False,True,True,0.15970236,0.59825313
2016-12-14,COTY,Unknown,1,Stable,True,STABLE,False,True,True,0.320514,0.7331013
2016-12-14,CPB,Unknown,1,Stable,True,STABLE,False,True,True,0.21681741,0.66020095
2016-12-14,CPRI,Unknown,2,Middle,False,MIDDLE,False,False,False,0.299643,1.3830932
2016-12-14,CRM,Information Technology,2,Middle,False,MIDDLE,False,False,False,0.28827238,1.0437388
2016-12-14,CSCO,Information Technology,1,Stable,True,STABLE,False,True,True,0.15500312,0.92791027
2016-12-14,CSX,Industrials,2,Middle,False,MIDDLE,False,False,False,0.23357715,1.3723087
2016-12-14,CTAS,Industrials,1,Stable,True,STABLE,False,True,True,0.21812697,1.0213886
2016-12-14,CTSH,Information Technology,1,Stable,True,STABLE,False,True,True,0.3285604,0.75764126
2016-12-14,CTXS,Unknown,2,Middle,False,STABLE,False,False,False,0.21227627,1.4384549
2016-12-14,CVS,Health Care,1,Stable,True,STABLE,False,True,True,0.26857394,0.55951834
2016-12-14,CVX,Energy,1,Stable,True,STABLE,False,True,True,0.17751607,0.9652846
2016-12-14,CXO,Unknown,2,Middle,False,MIDDLE,False,False,False,0.36006513,1.4453701
2016-12-14,D,Utilities,1,Stable,True,STABLE,False,True,True,0.1822293,0.6522484
2016-12-14,DAL,Industrials,2,Middle,False,RISKY,False,False,False,0.31211448,1.7586275
2016-12-14,DD,Materials,1,Stable,True,STABLE,False,True,True,0.1521684,0.68123287
2016-12-14,DE,Industrials,1,Stable,True,STABLE,False,True,True,0.28272045,0.65406716
2016-12-14,DFS,Unknown,2,Middle,False,STABLE,False,False,False,0.20923708,1.3242226
2016-12-14,DG,Consumer Staples,2,Middle,False,MIDDLE,False,False,False,0.35021728,0.72491866
2016-12-14,DGX,Health Care,1,Stable,True,STABLE,False,True,True,0.17770046,0.910941
2016-12-14,DHI,Consumer Discretionary,2,Middle,False,MIDDLE,False,False,False,0.23967752,1.369938
2016-12-14,DHR,Health Care,3,Risky,False,RISKY,False,False,False,0.7071758,0.108418226
2016-12-14,DIS,Communication Services,1,Stable,True,STABLE,False,True,True,0.12424944,0.6336357
2016-12-14,DISCK,Unknown,2,Middle,False,STABLE,False,False,False,0.25097626,1.0247911
2016-12-14,DLR,Real Estate,1,Stable,True,MIDDLE,False,False,False,0.2719907,0.93493634
2016-12-14,DLTR,Consumer Staples,1,Stable,True,MIDDLE,False,False,False,0.26221022,0.6814119
2016-12-14,DOV,Industrials,2,Middle,False,MIDDLE,False,False,False,0.2719095,1.4824312
2016-12-14,DRI,Consumer Discretionary,1,Stable,True,STABLE,False,True,True,0.22133262,0.7709547
2016-12-14,DTE,Utilities,1,Stable,True,STABLE,False,True,True,0.19001137,0.6420236
2016-12-14,DUK,Utilities,1,Stable,True,STABLE,False,True,True,0.18558683,0.614683
2016-12-14,DVA,Health Care,1,Stable,True,STABLE,False,True,True,0.23971228,0.85177517
2016-12-14,DVN,Energy,3,Risky,False,RISKY,False,False,False,0.4598625,1.8498634
2016-12-14,EA,Communication Services,1,Stable,True,MIDDLE,False,False,False,0.22760649,1.0125763
2016-12-14,EBAY,Consumer Discretionary,2,Middle,False,RISKY,False,False,False,0.29242262,0.9415938
2016-12-14,ECL,Materials,1,Stable,True,STABLE,False,True,True,0.1375986,0.87166595
2016-12-14,ED,Utilities,1,Stable,True,STABLE,False,True,True,0.19738379,0.46197706
2016-12-14,EFX,Industrials,2,Middle,False,MIDDLE,False,False,False,0.21212889,1.1460123
2016-12-14,EIX,Utilities,1,Stable,True,STABLE,False,True,True,0.18684414,0.57570755
2016-12-14,EL,Consumer Staples,1,Stable,True,RISKY,False,False,False,0.17536575,0.9566411
2016-12-14,ELV,Health Care,2,Middle,False,MIDDLE,False,False,False,0.25149587,1.189808
2016-12-14,EMN,Unknown,2,Middle,False,STABLE,False,False,False,0.24697487,1.0938152
2016-12-14,EMR,Industrials,2,Middle,False,MIDDLE,False,False,False,0.2274906,1.4187634
2016-12-14,EOG,Energy,2,Middle,False,MIDDLE,False,False,False,0.3237487,1.3237705
2016-12-14,EQIX,Real Estate,1,Stable,True,MIDDLE,False,False,False,0.22708003,1.003941
2016-12-14,EQT,Energy,2,Middle,False,MIDDLE,False,False,False,0.2913645,1.1538954
2016-12-14,ES,Utilities,1,Stable,True,STABLE,False,True,True,0.18777014,0.54354817
2016-12-14,ESRX,Unknown,2,Middle,False,STABLE,False,False,False,0.2710317,1.2323481
2016-12-14,ESS,Real Estate,1,Stable,True,STABLE,False,True,True,0.1986673,0.45227787
2016-12-14,ETFC,Unknown,2,Middle,False,MIDDLE,False,False,False,0.26968026,1.4252687
2016-12-14,ETN,Industrials,2,Middle,False,MIDDLE,False,False,False,0.23962516,1.5444312
2016-12-14,ETR,Utilities,1,Stable,True,STABLE,False,True,True,0.19522174,0.7253342
2016-12-14,EVHC,Unknown,2,Middle,False,MIDDLE,False,False,False,0.39995152,0.99987316
2016-12-14,EW,Health Care,2,Middle,False,MIDDLE,False,False,False,0.38411725,1.2354559
2016-12-14,EXC,Utilities,1,Stable,True,STABLE,False,True,True,0.24036185,0.95637447
2016-12-14,EXPD,Industrials,1,Stable,True,STABLE,False,True,True,0.15496965,0.5461951
2016-12-14,EXPE,Consumer Discretionary,2,Middle,False,MIDDLE,False,False,False,0.24341889,1.079995
2016-12-14,EXR,Real Estate,1,Stable,True,MIDDLE,False,False,False,0.25095838,0.40413967
2016-12-14,F,Consumer Discretionary,2,Middle,False,MIDDLE,False,False,False,0.24555567,1.203887
2016-12-14,FAST,Industrials,2,Middle,False,MIDDLE,False,False,False,0.23126544,1.252855
2016-12-14,FBIN,Unknown,2,Middle,False,STABLE,False,False,False,0.22872813,1.2383376
2016-12-14,FCX,Materials,3,Risky,False,RISKY,False,False,False,0.5138312,2.6335137
2016-12-14,FDX,Industrials,1,Stable,True,STABLE,False,True,True,0.1734632,1.0450364
2016-12-14,FE,Utilities,1,Stable,True,STABLE,False,True,True,0.22247908,0.8249591
2016-12-14,FFIV,Information Technology,1,Stable,True,STABLE,False,True,True,0.22944334,0.88707924
2016-12-14,FI,Financials,1,Stable,True,STABLE,False,True,True,0.16080014,0.86351794
2016-12-14,FIS,Financials,1,Stable,True,STABLE,False,True,True,0.17647266,0.9213248
2016-12-14,FITB,Financials,2,Middle,False,RISKY,False,False,False,0.26321727,1.4530088
2016-12-14,FL,Unknown,2,Middle,False,STABLE,False,False,False,0.25773147,1.0319196
2016-12-14,FLIR,Unknown,1,Stable,True,STABLE,False,True,True,0.2212257,0.89485526
2016-12-14,FLR,Unknown,2,Middle,False,MIDDLE,False,False,False,0.34509045,1.5107577
2016-12-14,FLS,Unknown,2,Middle,False,MIDDLE,False,False,False,0.29069534,1.6165495
2016-12-14,FMC,Unknown,2,Middle,False,MIDDLE,False,False,False,0.29843828,1.6940829
2016-12-14,FRT,Real Estate,1,Stable,True,STABLE,False,True,True,0.1799525,0.78093004
2016-12-14,FSLR,Information Technology,3,Risky,False,RISKY,False,False,False,0.50550187,1.7577741
2016-12-14,FTI,Unknown,2,Middle,False,MIDDLE,False,False,False,0.3017409,1.3241627
2016-12-14,GAP,Unknown,3,Risky,False,MIDDLE,False,False,False,0.4688613,1.4188656
2016-12-14,GD,Industrials,1,Stable,True,STABLE,False,True,True,0.16624974,0.8845236
2016-12-14,GE,Industrials,1,Stable,True,STABLE,False,True,True,0.14375234,0.9474699
2016-12-14,GGP,Unknown,1,Stable,True,STABLE,False,True,True,0.20405781,0.95698506
2016-12-14,GILD,Health Care,1,Stable,True,STABLE,False,True,True,0.2476826,1.000472
2016-12-14,GIS,Consumer Staples,1,Stable,True,RISKY,False,False,False,0.18639146,0.864384
2016-12-14,GLW,Information Technology,1,Stable,True,STABLE,False,True,True,0.16954735,1.127402
2016-12-14,GM,Consumer Discretionary,2,Middle,False,MIDDLE,False,False,False,0.26134425,1.2598546
2016-12-14,GOOG,Communication Services,1,Stable,True,STABLE,False,True,True,0.15974233,0.9607555
2016-12-14,GOOGL,Communication Services,1,Stable,True,STABLE,False,True,True,0.16329724,0.95115495
2016-12-14,GPC,Consumer Discretionary,1,Stable,True,MIDDLE,False,False,False,0.19755946,1.1503537
2016-12-14,GPN,Financials,2,Middle,False,RISKY,False,False,False,0.24724394,1.4579132
2016-12-14,GRMN,Consumer Discretionary,2,Middle,False,MIDDLE,False,False,False,0.27080566,1.1049402
2016-12-14,GS,Financials,2,Middle,False,MIDDLE,False,False,False,0.22343042,1.3111126
2016-12-14,GT,Unknown,2,Middle,False,MIDDLE,False,False,False,0.3205912,1.7062728
2016-12-14,GWW,Industrials,1,Stable,True,MIDDLE,False,False,False,0.23285455,1.0460539
2016-12-14,HAL,Energy,2,Middle,False,MIDDLE,False,False,False,0.32055765,1.5944461
2016-12-14,HAS,Consumer Discretionary,1,Stable,True,STABLE,False,True,True,0.22360326,0.84170395
2016-12-14,HBAN,Financials,2,Middle,False,RISKY,False,False,False,0.284057,1.4487154
2016-12-14,HBI,Unknown,1,Stable,True,STABLE,False,True,True,0.26653925,0.8651245
2016-12-14,HCA,Health Care,2,Middle,False,STABLE,False,False,False,0.28861076,0.9432448
2016-12-14,HD,Consumer Discretionary,1,Stable,True,STABLE,False,True,True,0.17060491,0.9811899
2016-12-14,HES,Unknown,3,Risky,False,MIDDLE,False,False,False,0.4301941,1.9909983
2016-12-14,HIG,Financials,1,Stable,True,MIDDLE,False,False,False,0.23362954,0.9255208
2016-12-14,HOG,Unknown,3,Risky,False,MIDDLE,False,False,False,0.40106943,1.3822964
2016-12-14,HOLX,Unknown,1,Stable,True,STABLE,False,True,True,0.21721217,1.0451034
2016-12-14,HON,Industrials,1,Stable,True,STABLE,False,True,True,0.17778498,0.94632953
2016-12-14,HP,Unknown,3,Risky,False,MIDDLE,False,False,False,0.36577287,1.5973039
2016-12-14,HPE,Information Technology,2,Middle,False,MIDDLE,False,False,False,0.23944624,1.4148722
2016-12-14,HPQ,Information Technology,2,Middle,False,MIDDLE,False,False,False,0.27215394,1.6059076
2016-12-14,HRB,Unknown,2,Middle,False,STABLE,False,False,False,0.31992888,1.0491388
2016-12-14,HRL,Consumer Staples,1,Stable,True,RISKY,False,False,False,0.23202775,0.742121
2016-12-14,HRS,Unknown,1,Stable,True,STABLE,False,True,True,0.17212258,1.0381576
2016-12-14,HSIC,Health Care,1,Stable,True,STABLE,False,True,True,0.24625058,0.8839752
2016-12-14,HST,Real Estate,2,Middle,False,RISKY,False,False,False,0.2766254,1.3801078
2016-12-14,HSY,Consumer Staples,2,Middle,False,MIDDLE,False,False,False,0.3299007,0.8181601
2016-12-14,HUM,Health Care,1,Stable,True,STABLE,False,True,True,0.30986512,0.554948
2016-12-14,IBM,Information Technology,1,Stable,True,STABLE,False,True,True,0.15271895,0.98331416
2016-12-14,ICE,Financials,1,Stable,True,STABLE,False,True,True,0.17417304,0.8188818
2016-12-14,IFF,Materials,1,Stable,True,STABLE,False,True,True,0.19792183,0.7901747
2016-12-14,ILMN,Unknown,3,Risky,False,RISKY,False,False,False,0.50883675,1.7804291
2016-12-14,INTC,Information Technology,2,Middle,False,STABLE,False,False,False,0.20333952,1.2400701
2016-12-14,INTU,Information Technology,1,Stable,True,STABLE,False,True,True,0.16208775,1.0398394
2016-12-14,IP,Materials,2,Middle,False,STABLE,False,False,False,0.21280554,1.1588982
2016-12-14,IPG,Unknown,2,Middle,False,STABLE,False,False,False,0.22566973,1.1976689
2016-12-14,IRM,Real Estate,2,Middle,False,MIDDLE,False,False,False,0.25865737,1.0861909
2016-12-14,ISRG,Health Care,1,Stable,True,STABLE,False,True,True,0.21033093,0.7863997
2016-12-14,ITW,Industrials,1,Stable,True,STABLE,False,True,True,0.16065721,1.1239351
2016-12-14,IVZ,Financials,2,Middle,False,RISKY,False,False,False,0.27789465,1.8948677
2016-12-14,JBHT,Industrials,1,Stable,True,STABLE,False,True,True,0.19044858,0.9167343
2016-12-14,JCI,Industrials,2,Middle,False,MIDDLE,False,False,False,0.23689623,1.239549
2016-12-14,JEC,Unknown,2,Middle,False,STABLE,False,False,False,0.26370215,1.2753757
2016-12-14,JEF,Unknown,2,Middle,False,STABLE,False,False,False,0.22969994,1.4678957
2016-12-14,JNJ,Health Care,1,Stable,True,STABLE,False,True,True,0.12816961,0.50535417
2016-12-14,JNPR,Unknown,2,Middle,False,MIDDLE,False,False,False,0.29258066,1.4064951
2016-12-14,JPM,Financials,1,Stable,True,MIDDLE,False,False,False,0.18715732,1.1332871
2016-12-14,JWN,Unknown,2,Middle,False,MIDDLE,False,False,False,0.35209733,1.3024163
2016-12-14,K,Unknown,1,Stable,True,STABLE,False,True,True,0.19712847,0.77538633
2016-12-14,KDP,Consumer Staples,1,Stable,True,STABLE,False,True,True,0.18725207,0.45067403
2016-12-14,KEY,Financials,2,Middle,False,RISKY,False,False,False,0.27304143,1.4529617
2016-12-14,KHC,Consumer Staples,1,Stable,True,RISKY,False,False,False,0.2056443,0.9535224
2016-12-14,KIM,Real Estate,1,Stable,True,STABLE,False,True,True,0.20379487,0.85137004
2016-12-14,KLAC,Information Technology,1,Stable,True,STABLE,False,True,True,0.2522194,0.9329344
2016-12-14,KMB,Consumer Staples,1,Stable,True,STABLE,False,True,True,0.15066564,0.59768635
2016-12-14,KMI,Energy,2,Middle,False,MIDDLE,False,False,False,0.30117148,1.5622938
2016-12-14,KMX,Unknown,2,Middle,False,MIDDLE,False,False,False,0.32209754,1.7238163
2016-12-14,KO,Consumer Staples,1,Stable,True,STABLE,False,True,True,0.14160655,0.76083523
2016-12-14,KORS,Unknown,2,Middle,False,MIDDLE,False,False,False,0.29964304,1.3830925
2016-12-14,KR,Consumer Staples,1,Stable,True,MIDDLE,False,False,False,0.25358552,0.07960763
2016-12-14,KSS,Unknown,2,Middle,False,MIDDLE,False,False,False,0.39233935,1.0729566
2016-12-14,KSU,Unknown,1,Stable,True,STABLE,False,True,True,0.27491984,0.898354
2016-12-14,L,Financials,1,Stable,True,STABLE,False,True,True,0.16610762,1.0552156
2016-12-14,LEG,Unknown,1,Stable,True,STABLE,False,True,True,0.1968513,1.1059724
2016-12-14,LEN,Consumer Discretionary,2,Middle,False,MIDDLE,False,False,False,0.22733808,1.2504445
2016-12-14,LH,Health Care,2,Middle,False,MIDDLE,False,False,False,0.2223501,1.1538485
2016-12-14,LKQ,Unknown,2,Middle,False,STABLE,False,False,False,0.20661993,1.2500715
2016-12-14,LLL,Unknown,1,Stable,True,STABLE,False,True,True,0.21836981,0.9919404
2016-12-14,LLY,Health Care,1,Stable,True,STABLE,False,True,True,0.242621,0.8790026
2016-12-14,LMT,Industrials,1,Stable,True,STABLE,False,True,True,0.19707155,0.56424516
2016-12-14,LNC,Unknown,2,Middle,False,MIDDLE,False,False,False,0.3243237,1.7372235
2016-12-14,LNT,Utilities,1,Stable,True,STABLE,False,True,True,0.2124417,0.5831838
2016-12-14,LOW,Consumer Discretionary,1,Stable,True,STABLE,False,True,True,0.20976804,0.9537735
2016-12-14,LRCX,Information Technology,2,Middle,False,MIDDLE,False,False,False,0.256837,1.3868458
2016-12-14,LUV,Industrials,2,Middle,False,RISKY,False,False,False,0.3409325,1.5267667
2016-12-14,LVLT,Unknown,2,Middle,False,MIDDLE,False,False,False,0.29532233,1.3762912
2016-12-14,LYB,Materials,2,Middle,False,MIDDLE,False,False,False,0.2726359,1.2817061
2016-12-14,M,Unknown,2,Middle,False,MIDDLE,False,False,False,0.36924994,1.257966
2016-12-14,MA,Financials,1,Stable,True,STABLE,False,True,True,0.18419896,0.8686018
2016-12-14,MAA,Real Estate,1,Stable,True,STABLE,False,True,True,0.22301741,0.35305974
2016-12-14,MAC,Unknown,1,Stable,True,STABLE,False,True,True,0.19370379,0.9600875
2016-12-14,MAR,Consumer Discretionary,2,Middle,False,MIDDLE,False,False,False,0.20088701,1.279385
2016-12-14,MAS,Industrials,2,Middle,False,MIDDLE,False,False,False,0.27946642,1.6003865
2016-12-14,MAT,Unknown,2,Middle,False,STABLE,False,False,False,0.23826753,1.1449527
2016-12-14,MCD,Consumer Discretionary,1,Stable,True,STABLE,False,True,True,0.15314932,0.62326556
2016-12-14,MCHP,Information Technology,2,Middle,False,MIDDLE,False,False,False,0.26148856,1.3816192
2016-12-14,MCK,Health Care,3,Risky,False,MIDDLE,False,False,False,0.45889154,1.473974
2016-12-14,MCO,Financials,2,Middle,False,MIDDLE,False,False,False,0.20833017,1.4105426
2016-12-14,MDLZ,Consumer Staples,2,Middle,False,RISKY,False,False,False,0.25502297,1.2912266
2016-12-14,MDT,Health Care,1,Stable,True,STABLE,False,True,True,0.20861246,0.84817886
2016-12-14,MET,Financials,2,Middle,False,RISKY,False,False,False,0.2997451,1.411517
2016-12-14,META,Communication Services,1,Stable,True,MIDDLE,False,False,False,0.20361757,1.079325
2016-12-14,MHK,Unknown,2,Middle,False,STABLE,False,False,False,0.24274561,1.455314
2016-12-14,MJN,Unknown,2,Middle,False,STABLE,False,False,False,0.24619849,1.1887388
2016-12-14,MKC,Consumer Staples,1,Stable,True,STABLE,False,True,True,0.1705883,0.74314606
2016-12-14,MLM,Materials,2,Middle,False,MIDDLE,False,False,False,0.30487904,1.3654444
2016-12-14,MMM,Industrials,1,Stable,True,STABLE,False,True,True,0.13045497,0.84534395
2016-12-14,MNST,Consumer Staples,1,Stable,True,RISKY,False,False,False,0.22692987,0.8447745
2016-12-14,MO,Consumer Staples,1,Stable,True,STABLE,False,True,True,0.16553602,0.5674904
2016-12-14,MOS,Materials,3,Risky,False,MIDDLE,False,False,False,0.40375826,1.5786188
2016-12-14,MPC,Energy,3,Risky,False,RISKY,False,False,False,0.3795284,2.224069
2016-12-14,MRK,Health Care,2,Middle,False,MIDDLE,False,False,False,0.23330304,1.0997092
2016-12-14,MRO,Unknown,3,Risky,False,RISKY,False,False,False,0.5750763,2.3160937
2016-12-14,MS,Financials,2,Middle,False,RISKY,False,False,False,0.24689174,1.5431521
2016-12-14,MSFT,Information Technology,1,Stable,True,STABLE,False,True,True,0.18021266,1.1424208
2016-12-14,MSI,Information Technology,1,Stable,True,STABLE,False,True,True,0.17630173,0.9329904
2016-12-14,MTB,Financials,1,Stable,True,MIDDLE,False,False,False,0.21617,1.0661267
2016-12-14,MTD,Health Care,2,Middle,False,MIDDLE,False,False,False,0.20211805,1.1965117
2016-12-14,MU,Information Technology,3,Risky,False,RISKY,False,False,False,0.41524866,2.0732174
2016-12-14,MUR,Unknown,3,Risky,False,RISKY,False,False,False,0.58528686,2.7385166
2016-12-14,MYL,Unknown,2,Middle,False,MIDDLE,False,False,False,0.3500065,1.3928303
2016-12-14,NAVI,Unknown,3,Risky,False,MIDDLE,False,False,False,0.39761657,1.8241013
2016-12-14,NBL,Unknown,2,Middle,False,STABLE,False,False,False,0.33584124,1.0259587
2016-12-14,NDAQ,Financials,1,Stable,True,STABLE,False,True,True,0.15380773,0.83406675
2016-12-14,NEE,Utilities,1,Stable,True,STABLE,False,True,True,0.20560728,0.5279714
2016-12-14,NEM,Materials,3,Risky,False,MIDDLE,False,False,False,0.45592064,1.1225475
2016-12-14,NFLX,Communication Services,3,Risky,False,RISKY,False,False,False,0.4346475,1.2729895
2016-12-14,NI,Utilities,1,Stable,True,STABLE,False,True,True,0.20561484,0.82322836
2016-12-14,NKE,Consumer Discretionary,1,Stable,True,STABLE,False,True,True,0.19989575,0.95127356
2016-12-14,NLSN,Unknown,2,Middle,False,STABLE,False,False,False,0.3179509,0.9256093
2016-12-14,NOC,Industrials,1,Stable,True,STABLE,False,True,True,0.16730824,0.53511643
2016-12-14,NOV,Unknown,3,Risky,False,MIDDLE,False,False,False,0.39563572,1.9322178
2016-12-14,NRG,Utilities,3,Risky,False,RISKY,False,False,False,0.47302678,2.460275
2016-12-14,NSC,Industrials,2,Middle,False,MIDDLE,False,False,False,0.21037549,1.400699
2016-12-14,NTAP,Information Technology,3,Risky,False,RISKY,False,False,False,0.36172697,1.7393448
2016-12-14,NTRS,Financials,2,Middle,False,MIDDLE,False,False,False,0.22314131,1.2834448
2016-12-14,NUE,Materials,2,Middle,False,MIDDLE,False,False,False,0.31431544,1.799959
2016-12-14,NVDA,Information Technology,3,Risky,False,RISKY,False,False,False,0.48440593,1.2097088
2016-12-14,NWL,Unknown,2,Middle,False,STABLE,False,False,False,0.23223871,1.3182815
2016-12-14,NWS,Communication Services,2,Middle,False,MIDDLE,False,False,False,0.25869548,1.2989299
2016-12-14,NWSA,Communication Services,2,Middle,False,MIDDLE,False,False,False,0.25574636,1.2967328
2016-12-14,O,Real Estate,1,Stable,True,MIDDLE,False,False,False,0.2441504,0.7905729
2016-12-14,OKE,Energy,2,Middle,False,MIDDLE,False,False,False,0.2983709,1.6015459
2016-12-14,OMC,Communication Services,1,Stable,True,MIDDLE,False,False,False,0.17886202,1.0617094
2016-12-14,ORCL,Information Technology,1,Stable,True,STABLE,False,True,True,0.15685658,1.0079886
2016-12-14,ORLY,Consumer Discretionary,1,Stable,True,STABLE,False,True,True,0.2162212,0.6769489
2016-12-14,OXY,Energy,1,Stable,True,STABLE,False,True,True,0.22341137,0.96679914
2016-12-14,PAYX,Industrials,1,Stable,True,STABLE,False,True,True,0.1757378,0.96925074
2016-12-14,PBCT,Unknown,2,Middle,False,STABLE,False,False,False,0.2220347,1.3392712
2016-12-14,PBI,Unknown,3,Risky,False,MIDDLE,False,False,False,0.37947375,1.7612591
2016-12-14,PCAR,Industrials,2,Middle,False,MIDDLE,False,False,False,0.23740366,1.4602072
2016-12-14,PCG,Utilities,1,Stable,True,STABLE,False,True,True,0.1796264,0.55618054
2016-12-14,PDCO,Unknown,2,Middle,False,STABLE,False,False,False,0.33313644,0.9193679
2016-12-14,PEG,Utilities,1,Stable,True,STABLE,False,True,True,0.20808117,0.8388021
2016-12-14,PEP,Consumer Staples,1,Stable,True,STABLE,False,True,True,0.13501602,0.57989526
2016-12-14,PFE,Health Care,1,Stable,True,STABLE,False,True,True,0.1944583,0.9738557
2016-12-14,PFG,Financials,2,Middle,False,MIDDLE,False,False,False,0.21933539,1.4295739
2016-12-14,PG,Consumer Staples,1,Stable,True,STABLE,False,True,True,0.14578216,0.64640987
2016-12-14,PGR,Financials,1,Stable,True,STABLE,False,True,True,0.1502712,0.73494697
2016-12-14,PH,Industrials,2,Middle,False,MIDDLE,False,False,False,0.22418535,1.4394215
2016-12-14,PHM,Consumer Discretionary,2,Middle,False,MIDDLE,False,False,False,0.25607583,1.3486035
2016-12-14,PLD,Real Estate,2,Middle,False,MIDDLE,False,False,False,0.2280748,1.1139163
2016-12-14,PM,Consumer Staples,1,Stable,True,STABLE,False,True,True,0.17771359,0.7737509
2016-12-14,PNC,Financials,1,Stable,True,MIDDLE,False,False,False,0.19274539,1.0298597
2016-12-14,PNR,Industrials,2,Middle,False,MIDDLE,False,False,False,0.24327154,1.4249983
2016-12-14,PNW,Utilities,1,Stable,True,STABLE,False,True,True,0.18918896,0.6143337
2016-12-14,PPG,Materials,2,Middle,False,MIDDLE,False,False,False,0.21810842,1.3556465
2016-12-14,PPL,Utilities,1,Stable,True,STABLE,False,True,True,0.18083502,0.76508856
2016-12-14,PRGO,Unknown,2,Middle,False,MIDDLE,False,False,False,0.3563649,1.351825
2016-12-14,PRU,Financials,2,Middle,False,MIDDLE,False,False,False,0.23789105,1.2794244
2016-12-14,PSA,Real Estate,1,Stable,True,STABLE,False,True,True,0.21333012,0.5223661
2016-12-14,PSX,Energy,1,Stable,True,STABLE,False,True,True,0.2018175,1.0794647
2016-12-14,PVH,Unknown,3,Risky,False,MIDDLE,False,False,False,0.3275055,1.7719777
2016-12-14,PWR,Industrials,2,Middle,False,MIDDLE,False,False,False,0.27805454,1.5238631
2016-12-14,PX,Unknown,1,Stable,True,STABLE,False,True,True,0.1607974,1.0278714
2016-12-14,PXD,Unknown,2,Middle,False,MIDDLE,False,False,False,0.32262272,1.3796196
2016-12-14,PYPL,Financials,1,Stable,True,MIDDLE,False,False,False,0.26397476,0.9331558
2016-12-14,QCOM,Information Technology,2,Middle,False,STABLE,False,False,False,0.2503889,1.0370762
2016-12-14,QRVO,Unknown,3,Risky,False,MIDDLE,False,False,False,0.41887707,1.8491266
2016-12-14,R,Unknown,2,Middle,False,MIDDLE,False,False,False,0.29922593,1.7893128
2016-12-14,RAI,Unknown,1,Stable,True,STABLE,False,True,True,0.26081282,0.6100651
2016-12-14,RCL,Consumer Discretionary,2,Middle,False,RISKY,False,False,False,0.34964585,1.0757469
2016-12-14,REGN,Health Care,2,Middle,False,MIDDLE,False,False,False,0.3630195,1.457691
2016-12-14,RF,Financials,2,Middle,False,RISKY,False,False,False,0.3053327,1.687267
2016-12-14,RHI,Unknown,2,Middle,False,MIDDLE,False,False,False,0.3177196,1.6255856
2016-12-14,RHT,Unknown,2,Middle,False,STABLE,False,False,False,0.21729337,1.2594622
2016-12-14,RIG,Unknown,3,Risky,False,RISKY,False,False,False,0.57869786,2.1579351
2016-12-14,RL,Consumer Discretionary,2,Middle,False,MIDDLE,False,False,False,0.2820523,1.0865784
2016-12-14,ROK,Industrials,2,Middle,False,MIDDLE,False,False,False,0.23203568,1.4365567
2016-12-14,ROP,Information Technology,1,Stable,True,STABLE,False,True,True,0.17631793,1.028532
2016-12-14,ROST,Consumer Discretionary,1,Stable,True,STABLE,False,True,True,0.16508497,0.73628414
2016-12-14,RRC,Unknown,3,Risky,False,MIDDLE,False,False,False,0.42930067,1.6225778
2016-12-14,RSG,Industrials,1,Stable,True,STABLE,False,True,True,0.12967561,0.7150614
2016-12-14,RTN,Unknown,1,Stable,True,STABLE,False,True,True,0.17513396,0.60111636
2016-12-14,RVTY,Health Care,2,Middle,False,MIDDLE,False,False,False,0.19844604,1.2433413
2016-12-14,SBUX,Consumer Discretionary,1,Stable,True,STABLE,False,True,True,0.1626785,0.8459654
2016-12-14,SCG,Unknown,1,Stable,True,STABLE,False,True,True,0.20402873,0.68215936
2016-12-14,SCHW,Financials,2,Middle,False,RISKY,False,False,False,0.2625585,1.5180335
2016-12-14,SEE,Unknown,1,Stable,True,STABLE,False,True,True,0.20671336,1.1273513
2016-12-14,SHW,Materials,2,Middle,False,MIDDLE,False,False,False,0.26082742,1.2034265
2016-12-14,SIG,Unknown,3,Risky,False,MIDDLE,False,False,False,0.36407816,1.519924
2016-12-14,SJM,Consumer Staples,1,Stable,True,STABLE,False,True,True,0.20687453,0.49006298
2016-12-14,SLB,Energy,1,Stable,True,STABLE,False,True,True,0.20124273,1.0800562
2016-12-14,SLG,Unknown,2,Middle,False,STABLE,False,False,False,0.23251373,1.4520968
2016-12-14,SNA,Industrials,1,Stable,True,STABLE,False,True,True,0.19707961,1.112127
2016-12-14,SNI,Unknown,1,Stable,True,STABLE,False,True,True,0.2626763,0.72823024
2016-12-14,SO,Utilities,1,Stable,True,STABLE,False,True,True,0.16765222,0.484744
2016-12-14,SPG,Real Estate,1,Stable,True,STABLE,False,True,True,0.18790883,0.77559096
2016-12-14,SPGI,Financials,2,Middle,False,MIDDLE,False,False,False,0.19382732,1.3142766
2016-12-14,SRCL,Unknown,2,Middle,False,STABLE,False,False,False,0.3264618,0.898809
2016-12-14,SRE,Utilities,1,Stable,True,STABLE,False,True,True,0.21517807,0.6893228
2016-12-14,STT,Financials,2,Middle,False,RISKY,False,False,False,0.26535645,1.406445
2016-12-14,STX,Information Technology,3,Risky,False,RISKY,False,False,False,0.47230214,2.2804823
2016-12-14,STZ,Consumer Staples,1,Stable,True,RISKY,False,False,False,0.223851,0.918582
2016-12-14,SWK,Industrials,1,Stable,True,STABLE,False,True,True,0.18601273,1.1284394
2016-12-14,SWKS,Information Technology,3,Risky,False,RISKY,False,False,False,0.3517685,1.8759792
2016-12-14,SWN,Unknown,3,Risky,False,RISKY,False,False,False,0.6003743,2.1678479
2016-12-14,SYF,Financials,2,Middle,False,RISKY,False,False,False,0.2578963,1.4728177
2016-12-14,SYK,Health Care,1,Stable,True,STABLE,False,True,True,0.21351959,0.9924222
2016-12-14,SYMC,Unknown,1,Stable,True,STABLE,False,True,True,0.2225257,1.0011871
2016-12-14,SYY,Consumer Staples,1,Stable,True,RISKY,False,False,False,0.20004444,1.1053036
2016-12-14,T,Communication Services,1,Stable,True,STABLE,False,True,True,0.16591866,0.7373473
2016-12-14,TAP,Consumer Staples,2,Middle,False,RISKY,False,False,False,0.24222837,1.1457423
2016-12-14,TDC,Unknown,2,Middle,False,MIDDLE,False,False,False,0.30022424,1.7220954
2016-12-14,TDG,Industrials,1,Stable,True,STABLE,False,True,True,0.2102855,1.0534866
2016-12-14,TEL,Information Technology,2,Middle,False,STABLE,False,False,False,0.19132607,1.2862393
2016-12-14,TGNA,Unknown,2,Middle,False,MIDDLE,False,False,False,0.3335479,1.2754388
2016-12-14,TGT,Consumer Staples,1,Stable,True,STABLE,False,True,True,0.21136619,0.4948352
2016-12-14,TIF,Unknown,2,Middle,False,STABLE,False,False,False,0.2578447,1.2980397
2016-12-14,TJX,Consumer Discretionary,1,Stable,True,STABLE,False,True,True,0.18096547,0.97391814
2016-12-14,TMO,Health Care,2,Middle,False,MIDDLE,False,False,False,0.19946975,1.3812048
2016-12-14,TPR,Consumer Discretionary,2,Middle,False,MIDDLE,False,False,False,0.23272032,1.370175
2016-12-14,TRIP,Unknown,2,Middle,False,STABLE,False,False,False,0.3874844,0.6766727
2016-12-14,TROW,Financials,2,Middle,False,MIDDLE,False,False,False,0.21619655,1.2172428
2016-12-14,TRV,Financials,1,Stable,True,STABLE,False,True,True,0.16473658,0.8075793
2016-12-14,TSCO,Consumer Discretionary,1,Stable,True,RISKY,False,False,False,0.3419783,0.5354325
2016-12-14,TSN,Consumer Staples,1,Stable,True,MIDDLE,False,False,False,0.35372794,0.5679417
2016-12-14,TSS,Unknown,2,Middle,False,STABLE,False,False,False,0.25925386,1.2314724
2016-12-14,TWX,Unknown,1,Stable,True,STABLE,False,True,True,0.20764457,0.8782153
2016-12-14,TXN,Information Technology,2,Middle,False,STABLE,False,False,False,0.20406173,1.1691542
2016-12-14,TXT,Industrials,2,Middle,False,MIDDLE,False,False,False,0.23003423,1.4421299
2016-12-14,UA,Unknown,3,Risky,False,MIDDLE,False,False,False,0.4270229,1.8857925
2016-12-14,UAA,Unknown,3,Risky,False,MIDDLE,False,False,False,0.363656,1.7885712
2016-12-14,UAL,Industrials,3,Risky,False,RISKY,False,False,False,0.36476892,1.8702666
2016-12-14,UDR,Real Estate,1,Stable,True,STABLE,False,True,True,0.19555858,0.5804439
2016-12-14,UHS,Health Care,1,Stable,True,STABLE,False,True,True,0.3228388,0.71823114
2016-12-14,ULTA,Consumer Discretionary,1,Stable,True,STABLE,False,True,True,0.26530924,0.9053469
2016-12-14,UNH,Health Care,1,Stable,True,STABLE,False,True,True,0.18551694,0.76041746
2016-12-14,UNM,Unknown,2,Middle,False,STABLE,False,False,False,0.25438353,1.2538345
2016-12-14,UNP,Industrials,2,Middle,False,MIDDLE,False,False,False,0.22075096,1.269654
2016-12-14,UPS,Industrials,1,Stable,True,STABLE,False,True,True,0.11331221,0.75715935
2016-12-14,URBN,Unknown,2,Middle,False,MIDDLE,False,False,False,0.4104035,1.0585067
2016-12-14,URI,Industrials,3,Risky,False,RISKY,False,False,False,0.43489468,2.2253253
2016-12-14,USB,Financials,1,Stable,True,STABLE,False,True,True,0.1533785,0.97099805
2016-12-14,UTX,Unknown,1,Stable,True,STABLE,False,True,True,0.15471219,0.97601426
2016-12-14,V,Financials,1,Stable,True,STABLE,False,True,True,0.17954771,0.9913044
2016-12-14,VAR,Unknown,1,Stable,True,STABLE,False,True,True,0.20367505,1.097999
2016-12-14,VFC,Unknown,2,Middle,False,STABLE,False,False,False,0.24655919,1.2056742
2016-12-14,VIAB,Unknown,2,Middle,False,MIDDLE,False,False,False,0.31292257,1.5745256
2016-12-14,VLO,Energy,2,Middle,False,MIDDLE,False,False,False,0.28867254,1.2420055
2016-12-14,VMC,Materials,2,Middle,False,MIDDLE,False,False,False,0.29713807,1.3621186
2016-12-14,VNO,Unknown,1,Stable,True,STABLE,False,True,True,0.20003065,1.0145589
2016-12-14,VRSK,Industrials,1,Stable,True,STABLE,False,True,True,0.14550512,0.76323164
2016-12-14,VRSN,Information Technology,2,Middle,False,MIDDLE,False,False,False,0.2707273,1.2578075
2016-12-14,VRTX,Health Care,3,Risky,False,MIDDLE,False,False,False,0.38410163,1.715577
2016-12-14,VTR,Real Estate,1,Stable,True,MIDDLE,False,False,False,0.24979204,0.77738637
2016-12-14,VZ,Communication Services,1,Stable,True,STABLE,False,True,True,0.15822852,0.7097518
2016-12-14,WAT,Health Care,2,Middle,False,MIDDLE,False,False,False,0.2751433,1.2442743
2016-12-14,WBA,Unknown,1,Stable,True,STABLE,False,True,True,0.1944015,0.97373474
2016-12-14,WDC,Information Technology,3,Risky,False,RISKY,False,False,False,0.463192,2.096759
2016-12-14,WEC,Utilities,1,Stable,True,STABLE,False,True,True,0.20015666,0.54984105
2016-12-14,WELL,Real Estate,1,Stable,True,STABLE,False,True,True,0.21453801,0.75687903
2016-12-14,WFC,Financials,1,Stable,True,MIDDLE,False,False,False,0.23015751,1.0418454
2016-12-14,WFM,Unknown,1,Stable,True,STABLE,False,True,True,0.26630592,0.49584624
2016-12-14,WHR,Unknown,2,Middle,False,MIDDLE,False,False,False,0.28330165,1.5851355
2016-12-14,WM,Industrials,1,Stable,True,STABLE,False,True,True,0.13656029,0.67303985
2016-12-14,WMB,Energy,3,Risky,False,RISKY,False,False,False,0.3927777,1.805517
2016-12-14,WMT,Consumer Staples,1,Stable,True,STABLE,False,True,True,0.14870788,0.583436
2016-12-14,WTW,Financials,2,Middle,False,MIDDLE,False,False,False,0.21140239,1.1649164
2016-12-14,WU,Unknown,2,Middle,False,STABLE,False,False,False,0.2017031,1.190401
2016-12-14,WY,Real Estate,2,Middle,False,RISKY,False,False,False,0.25427347,1.6674112
2016-12-14,WYND,Unknown,2,Middle,False,STABLE,False,False,False,0.2558608,1.3725039
2016-12-14,WYNN,Consumer Discretionary,2,Middle,False,RISKY,False,False,False,0.4206407,0.9916428
2016-12-14,XEC,Unknown,3,Risky,False,MIDDLE,False,False,False,0.34190348,1.6921004
2016-12-14,XEL,Utilities,1,Stable,True,STABLE,False,True,True,0.19613953,0.54659
2016-12-14,XL,Unknown,1,Stable,True,STABLE,False,True,True,0.20082071,0.9789313
2016-12-14,XLNX,Unknown,1,Stable,True,STABLE,False,True,True,0.16986232,1.0798658
2016-12-14,XOM,Energy,1,Stable,True,STABLE,False,True,True,0.17380792,0.9486029
2016-12-14,XRAY,Unknown,1,Stable,True,STABLE,False,True,True,0.18804261,0.9108909
2016-12-14,XRX,Unknown,2,Middle,False,STABLE,False,False,False,0.22404699,1.3133215
2016-12-14,XYL,Industrials,2,Middle,False,MIDDLE,False,False,False,0.19994,1.2639786
2016-12-14,YUM,Consumer Discretionary,1,Stable,True,STABLE,False,True,True,0.17579663,1.0698155
2016-12-14,ZBH,Health Care,2,Middle,False,MIDDLE,False,False,False,0.30563855,1.3147538
2016-12-14,ZION,Unknown,2,Middle,False,MIDDLE,False,False,False,0.29176766,1.473361
2016-12-14,ZTS,Health Care,1,Stable,True,STABLE,False,True,True,0.20395741,0.967076
2017-06-08,A,Health Care,2,Middle,False,MIDDLE,False,False,False,0.17565031,1.4688735
2017-06-08,AABA,Unknown,1,Stable,True,STABLE,False,True,True,0.22533035,0.96096987
2017-06-08,AAL,Unknown,2,Middle,False,MIDDLE,False,False,False,0.30257004,2.1807432
2017-06-08,AAP,Unknown,1,Stable,True,STABLE,False,True,True,0.20579068,0.6775472
2017-06-08,AAPL,Information Technology,1,Stable,True,STABLE,False,True,True,0.1454955,1.0533153
2017-06-08,ABBV,Health Care,1,Stable,True,STABLE,False,True,True,0.123365976,0.65611607
2017-06-08,ABT,Health Care,1,Stable,True,STABLE,False,True,True,0.12951873,0.88218313
2017-06-08,ACN,Information Technology,1,Stable,True,STABLE,False,True,True,0.15577914,1.0083985
2017-06-08,ADBE,Information Technology,1,Stable,True,STABLE,False,True,True,0.1273842,1.0484504
2017-06-08,ADI,Information Technology,2,Middle,False,STABLE,False,False,False,0.20358062,1.1284225
2017-06-08,ADM,Consumer Staples,1,Stable,True,MIDDLE,False,False,False,0.21149588,0.56664574
2017-06-08,ADP,Industrials,1,Stable,True,STABLE,False,True,True,0.17412516,0.86759174
2017-06-08,ADSK,Information Technology,2,Middle,False,RISKY,False,False,False,0.29647255,2.4627254
2017-06-08,AEE,Utilities,1,Stable,True,STABLE,False,True,True,0.114461094,0.19528227
2017-06-08,AEP,Utilities,1,Stable,True,STABLE,False,True,True,0.10687812,0.07884526
2017-06-08,AES,Utilities,1,Stable,True,RISKY,False,False,False,0.24090612,0.64952034
2017-06-08,AET,Unknown,1,Stable,True,STABLE,False,True,True,0.1615775,0.96238095
2017-06-08,AFL,Financials,1,Stable,True,STABLE,False,True,True,0.10989735,0.7690657
2017-06-08,AGN,Unknown,1,Stable,True,STABLE,False,True,True,0.17486872,0.43559346
2017-06-08,AIG,Financials,1,Stable,True,STABLE,False,True,True,0.18691896,0.83179575
2017-06-08,AIV,Unknown,1,Stable,True,STABLE,False,True,True,0.15223151,0.11244269
2017-06-08,AIZ,Financials,2,Middle,False,MIDDLE,False,False,False,0.19132261,1.2669183
2017-06-08,AJG,Financials,1,Stable,True,STABLE,False,True,True,0.11685125,1.0716599
2017-06-08,AKAM,Information Technology,3,Risky,False,MIDDLE,False,False,False,0.35049227,1.3140749
2017-06-08,ALB,Materials,1,Stable,True,STABLE,False,True,True,0.22232579,0.9690701
2017-06-08,ALK,Unknown,2,Middle,False,MIDDLE,False,False,False,0.24824323,1.6566775
2017-06-08,ALL,Financials,1,Stable,True,STABLE,False,True,True,0.11075741,0.66797704
2017-06-08,ALLE,Industrials,1,Stable,True,MIDDLE,False,False,False,0.16870159,1.2490435
2017-06-08,ALXN,Unknown,3,Risky,False,RISKY,False,False,False,0.34402204,0.89139163
2017-06-08,AMAT,Information Technology,2,Middle,False,MIDDLE,False,False,False,0.19452353,1.592078
2017-06-08,AMD,Information Technology,3,Risky,False,RISKY,False,False,False,0.69687724,2.592344
2017-06-08,AME,Industrials,2,Middle,False,MIDDLE,False,False,False,0.13958353,1.4103242
2017-06-08,AMG,Unknown,2,Middle,False,STABLE,False,False,False,0.20964818,1.3243687
2017-06-08,AMGN,Health Care,2,Middle,False,MIDDLE,False,False,False,0.19215162,1.2438538
2017-06-08,AMP,Financials,2,Middle,False,RISKY,False,False,False,0.21243367,2.2061791
2017-06-08,AMT,Real Estate,1,Stable,True,STABLE,False,True,True,0.124208115,0.13583441
2017-06-08,AMZN,Consumer Discretionary,1,Stable,True,STABLE,False,True,True,0.148665,0.8030754
2017-06-08,AN,Unknown,2,Middle,False,MIDDLE,False,False,False,0.24039309,1.5657268
2017-06-08,ANDV,Unknown,2,Middle,False,STABLE,False,False,False,0.22665371,1.1106323
2017-06-08,AON,Financials,1,Stable,True,STABLE,False,True,True,0.09682648,0.7300878
2017-06-08,APA,Energy,2,Middle,False,MIDDLE,False,False,False,0.24954359,1.2009604
2017-06-08,APD,Materials,1,Stable,True,STABLE,False,True,True,0.1405547,1.2175153
2017-06-08,APH,Information Technology,1,Stable,True,STABLE,False,True,True,0.115119755,0.99763936
2017-06-08,APTV,Consumer Discretionary,2,Middle,False,RISKY,False,False,False,0.2662476,1.4562622
2017-06-08,ARE,Real Estate,1,Stable,True,STABLE,False,True,True,0.15611519,0.24840885
2017-06-08,ATVI,Unknown,2,Middle,False,MIDDLE,False,False,False,0.30368674,1.703515
2017-06-08,AVB,Real Estate,1,Stable,True,STABLE,False,True,True,0.13861126,0.21683644
2017-06-08,AVGO,Information Technology,2,Middle,False,MIDDLE,False,False,False,0.22668171,1.6000239
2017-06-08,AVY,Materials,1,Stable,True,STABLE,False,True,True,0.17126359,0.91899097
2017-06-08,AWK,Utilities,1,Stable,True,MIDDLE,False,False,False,0.13369511,0.32260036
2017-06-08,AXP,Financials,2,Middle,False,MIDDLE,False,False,False,0.14917311,1.3935399
2017-06-08,AYI,Unknown,3,Risky,False,RISKY,False,False,False,0.41367313,1.590713
2017-06-08,AZO,Consumer Discretionary,1,Stable,True,MIDDLE,False,False,False,0.24863163,0.6333251
2017-06-08,BA,Industrials,1,Stable,True,STABLE,False,True,True,0.14405772,1.2156222
2017-06-08,BAC,Financials,2,Middle,False,RISKY,False,False,False,0.23582016,2.6183262
2017-06-08,BALL,Materials,1,Stable,True,STABLE,False,True,True,0.16617441,0.9893346
2017-06-08,BAX,Health Care,1,Stable,True,STABLE,False,True,True,0.12132612,0.3970054
2017-06-08,BBT,Unknown,2,Middle,False,MIDDLE,False,False,False,0.1881537,1.5652008
2017-06-08,BBY,Consumer Discretionary,3,Risky,False,MIDDLE,False,False,False,0.38709646,1.1601837
2017-06-08,BCR,Unknown,2,Middle,False,MIDDLE,False,False,False,0.27936724,1.2218589
2017-06-08,BDX,Health Care,1,Stable,True,STABLE,False,True,True,0.13834241,0.36814573
2017-06-08,BEN,Financials,2,Middle,False,MIDDLE,False,False,False,0.18089086,1.7560937
2017-06-08,BF-B,Consumer Staples,1,Stable,True,MIDDLE,False,False,False,0.21580552,0.25643253
2017-06-08,BIIB,Health Care,1,Stable,True,MIDDLE,False,False,False,0.22368434,1.0233701
2017-06-08,BKNG,Consumer Discretionary,1,Stable,True,STABLE,False,True,True,0.15603845,0.7644377
2017-06-08,BLK,Financials,2,Middle,False,MIDDLE,False,False,False,0.1483128,1.6267215
2017-06-08,BMY,Health Care,1,Stable,True,RISKY,False,False,False,0.27341554,0.47705942
2017-06-08,BRK-B,Financials,1,Stable,True,STABLE,False,True,True,0.108563304,1.2093314
2017-06-08,BSX,Health Care,1,Stable,True,STABLE,False,True,True,0.17085569,0.9359154
2017-06-08,BWA,Unknown,2,Middle,False,MIDDLE,False,False,False,0.24665129,2.0342088
2017-06-08,BXP,Real Estate,1,Stable,True,STABLE,False,True,True,0.16126904,0.4738187
2017-06-08,C,Financials,2,Middle,False,MIDDLE,False,False,False,0.18747242,1.983784
2017-06-08,CAG,Unknown,1,Stable,True,STABLE,False,True,True,0.13777354,0.3907789
2017-06-08,CAH,Health Care,2,Middle,False,MIDDLE,False,False,False,0.23966305,1.1550449
2017-06-08,CAT,Industrials,2,Middle,False,RISKY,False,False,False,0.22976257,2.0018437
2017-06-08,CB,Financials,1,Stable,True,STABLE,False,True,True,0.098889455,0.64442915
2017-06-08,CBOE,Financials,1,Stable,True,STABLE,False,True,True,0.1520905,0.7194389
2017-06-08,CBRE,Real Estate,2,Middle,False,RISKY,False,False,False,0.22916916,1.6954353
2017-06-08,CCI,Real Estate,1,Stable,True,STABLE,False,True,True,0.1414798,0.24335659
2017-06-08,CCL,Consumer Discretionary,1,Stable,True,STABLE,False,True,True,0.14453536,1.0499194
2017-06-08,CELG,Unknown,1,Stable,True,STABLE,False,True,True,0.18389797,0.9423684
2017-06-08,CERN,Unknown,1,Stable,True,STABLE,False,True,True,0.21655932,0.7637464
2017-06-08,CF,Materials,3,Risky,False,RISKY,False,False,False,0.37062982,1.8099711
2017-06-08,CFG,Financials,2,Middle,False,RISKY,False,False,False,0.2745268,2.7718947
2017-06-08,CHD,Consumer Staples,1,Stable,True,STABLE,False,True,True,0.13293728,0.46678993
2017-06-08,CHK,Unknown,3,Risky,False,RISKY,False,False,False,0.43586516,2.014015
2017-06-08,CHRW,Industrials,1,Stable,True,STABLE,False,True,True,0.16376801,1.0125208
2017-06-08,CHTR,Communication Services,1,Stable,True,MIDDLE,False,False,False,0.20603128,0.8025592
2017-06-08,CI,Health Care,1,Stable,True,MIDDLE,False,False,False,0.16050188,1.0959268
2017-06-08,CINF,Financials,2,Middle,False,MIDDLE,False,False,False,0.16795024,1.4043877
2017-06-08,CL,Consumer Staples,1,Stable,True,MIDDLE,False,False,False,0.17467634,0.057426654
2017-06-08,CLX,Consumer Staples,1,Stable,True,STABLE,False,True,True,0.13403034,0.6190638
2017-06-08,CMA,Unknown,2,Middle,False,MIDDLE,False,False,False,0.24200629,2.5608962
2017-06-08,CMCSA,Communication Services,1,Stable,True,MIDDLE,False,False,False,0.13332129,0.7577709
2017-06-08,CME,Financials,1,Stable,True,STABLE,False,True,True,0.1619996,1.1871758
2017-06-08,CMG,Consumer Discretionary,1,Stable,True,STABLE,False,True,True,0.21389972,0.4583943
2017-06-08,CMI,Industrials,2,Middle,False,MIDDLE,False,False,False,0.19617572,1.7475805
2017-06-08,CMS,Utilities,1,Stable,True,STABLE,False,True,True,0.10757347,0.051417857
2017-06-08,CNC,Health Care,2,Middle,False,MIDDLE,False,False,False,0.25113654,1.5798072
2017-06-08,CNP,Utilities,1,Stable,True,MIDDLE,False,False,False,0.12775397,0.6821059
2017-06-08,COF,Financials,2,Middle,False,MIDDLE,False,False,False,0.20577769,2.0464973
2017-06-08,COO,Health Care,1,Stable,True,STABLE,False,True,True,0.17220607,0.65991235
2017-06-08,COP,Energy,2,Middle,False,RISKY,False,False,False,0.25374046,1.6533412
2017-06-08,COR,Health Care,2,Middle,False,MIDDLE,False,False,False,0.22443229,1.154315
2017-06-08,COST,Consumer Staples,1,Stable,True,STABLE,False,True,True,0.13756756,0.5474194
2017-06-08,COTY,Unknown,3,Risky,False,MIDDLE,False,False,False,0.3214314,1.3680805
2017-06-08,CPB,Unknown,1,Stable,True,STABLE,False,True,True,0.15949452,0.43695155
2017-06-08,CPRI,Unknown,3,Risky,False,STABLE,False,False,False,0.31193823,0.66747713
2017-06-08,CRM,Information Technology,1,Stable,True,STABLE,False,True,True,0.14350091,1.177694
2017-06-08,CSCO,Information Technology,1,Stable,True,STABLE,False,True,True,0.15490097,0.74048203
2017-06-08,CSX,Industrials,3,Risky,False,RISKY,False,False,False,0.3735428,1.0948706
2017-06-08,CTAS,Industrials,1,Stable,True,STABLE,False,True,True,0.14186072,1.0588628
2017-06-08,CTSH,Information Technology,2,Middle,False,STABLE,False,False,False,0.18142113,1.2938652
2017-06-08,CTXS,Unknown,2,Middle,False,MIDDLE,False,False,False,0.24060266,1.3261623
2017-06-08,CVS,Health Care,1,Stable,True,STABLE,False,True,True,0.17184612,0.6535568
2017-06-08,CVX,Energy,1,Stable,True,STABLE,False,True,True,0.13600567,0.9124507
2017-06-08,CXO,Unknown,2,Middle,False,MIDDLE,False,False,False,0.25889468,1.5992979
2017-06-08,D,Utilities,1,Stable,True,STABLE,False,True,True,0.14683351,0.14412268
2017-06-08,DAL,Industrials,2,Middle,False,RISKY,False,False,False,0.23947033,2.2189622
2017-06-08,DD,Materials,2,Middle,False,STABLE,False,False,False,0.1738425,1.4079679
2017-06-08,DE,Industrials,2,Middle,False,MIDDLE,False,False,False,0.16490364,1.3630447
2017-06-08,DFS,Unknown,2,Middle,False,STABLE,False,False,False,0.16674282,1.4011077
2017-06-08,DG,Consumer Staples,2,Middle,False,RISKY,False,False,False,0.24882938,1.1149948
2017-06-08,DGX,Health Care,1,Stable,True,STABLE,False,True,True,0.13027196,1.0383012
2017-06-08,DHI,Consumer Discretionary,1,Stable,True,STABLE,False,True,True,0.19678482,1.0831835
2017-06-08,DHR,Health Care,1,Stable,True,STABLE,False,True,True,0.131991,0.7551437
2017-06-08,DIS,Communication Services,1,Stable,True,STABLE,False,True,True,0.10962945,0.5844935
2017-06-08,DISCK,Unknown,1,Stable,True,STABLE,False,True,True,0.19607773,0.9989797
2017-06-08,DISH,Unknown,1,Stable,True,STABLE,False,True,True,0.24929704,0.63307226
2017-06-08,DLR,Real Estate,1,Stable,True,STABLE,False,True,True,0.15520263,0.45474383
2017-06-08,DLTR,Consumer Staples,2,Middle,False,RISKY,False,False,False,0.23847891,1.1037655
2017-06-08,DOV,Industrials,2,Middle,False,MIDDLE,False,False,False,0.17523892,1.7052573
2017-06-08,DRI,Consumer Discretionary,1,Stable,True,STABLE,False,True,True,0.18470848,0.8443564
2017-06-08,DTE,Utilities,1,Stable,True,STABLE,False,True,True,0.10284003,0.14673533
2017-06-08,DUK,Utilities,1,Stable,True,STABLE,False,True,True,0.105840005,-0.02375868
2017-06-08,DVA,Health Care,1,Stable,True,STABLE,False,True,True,0.20686796,0.7216619
2017-06-08,DVN,Energy,2,Middle,False,RISKY,False,False,False,0.30420095,1.8255996
2017-06-08,DXC,Unknown,2,Middle,False,MIDDLE,False,False,False,0.28318402,1.4411489
2017-06-08,EA,Communication Services,2,Middle,False,RISKY,False,False,False,0.24159648,1.413403
2017-06-08,EBAY,Consumer Discretionary,1,Stable,True,STABLE,False,True,True,0.18233708,0.81314176
2017-06-08,ECL,Materials,1,Stable,True,STABLE,False,True,True,0.10666427,0.8330765
2017-06-08,ED,Utilities,1,Stable,True,STABLE,False,True,True,0.11416762,-0.003927615
2017-06-08,EFX,Industrials,1,Stable,True,STABLE,False,True,True,0.1339013,0.87255156
2017-06-08,EIX,Utilities,1,Stable,True,STABLE,False,True,True,0.11236581,0.19609635
2017-06-08,EL,Consumer Staples,1,Stable,True,RISKY,False,False,False,0.15365347,0.7471143
2017-06-08,ELV,Health Care,1,Stable,True,MIDDLE,False,False,False,0.17484896,1.1652586
2017-06-08,EMN,Unknown,2,Middle,False,MIDDLE,False,False,False,0.16414091,1.7122768
2017-06-08,EMR,Industrials,2,Middle,False,MIDDLE,False,False,False,0.17834365,1.4370472
2017-06-08,EOG,Energy,2,Middle,False,MIDDLE,False,False,False,0.20360848,1.2491742
2017-06-08,EQIX,Real Estate,1,Stable,True,STABLE,False,True,True,0.14450538,0.36039838
2017-06-08,EQT,Energy,2,Middle,False,MIDDLE,False,False,False,0.27113792,1.1565984
2017-06-08,ES,Utilities,1,Stable,True,STABLE,False,True,True,0.11397042,-0.034483075
2017-06-08,ESRX,Unknown,1,Stable,True,STABLE,False,True,True,0.238656,0.4047114
2017-06-08,ESS,Real Estate,1,Stable,True,STABLE,False,True,True,0.14002097,0.026286712
2017-06-08,ETFC,Unknown,2,Middle,False,MIDDLE,False,False,False,0.28779882,2.4438875
2017-06-08,ETN,Industrials,2,Middle,False,MIDDLE,False,False,False,0.14925511,1.4910136
2017-06-08,ETR,Utilities,1,Stable,True,STABLE,False,True,True,0.13087566,0.14923424
2017-06-08,EVHC,Unknown,1,Stable,True,STABLE,False,True,True,0.25501817,0.43489048
2017-06-08,EW,Health Care,1,Stable,True,RISKY,False,False,False,0.254411,0.69502795
2017-06-08,EXC,Utilities,1,Stable,True,STABLE,False,True,True,0.14993596,0.15656811
2017-06-08,EXPD,Industrials,1,Stable,True,STABLE,False,True,True,0.13224249,1.1271849
2017-06-08,EXPE,Consumer Discretionary,1,Stable,True,STABLE,False,True,True,0.15143034,1.036302
2017-06-08,EXR,Real Estate,1,Stable,True,MIDDLE,False,False,False,0.20308991,-0.19175108
2017-06-08,F,Consumer Discretionary,2,Middle,False,RISKY,False,False,False,0.20518413,1.7397878
2017-06-08,FAST,Industrials,2,Middle,False,MIDDLE,False,False,False,0.2435195,1.4778239
2017-06-08,FBIN,Unknown,1,Stable,True,STABLE,False,True,True,0.13993157,1.0665494
2017-06-08,FCX,Materials,3,Risky,False,RISKY,False,False,False,0.4161513,2.29722
2017-06-08,FDX,Industrials,2,Middle,False,MIDDLE,False,False,False,0.18079826,1.7674623
2017-06-08,FE,Utilities,1,Stable,True,MIDDLE,False,False,False,0.15628032,0.23688799
2017-06-08,FFIV,Information Technology,2,Middle,False,MIDDLE,False,False,False,0.22995771,1.3039817
2017-06-08,FI,Financials,1,Stable,True,STABLE,False,True,True,0.10669613,0.8179983
2017-06-08,FIS,Financials,1,Stable,True,STABLE,False,True,True,0.1268555,0.80662286
2017-06-08,FITB,Financials,2,Middle,False,RISKY,False,False,False,0.23920156,2.3666198
2017-06-08,FL,Unknown,3,Risky,False,RISKY,False,False,False,0.35608932,0.5137462
2017-06-08,FLIR,Unknown,2,Middle,False,STABLE,False,False,False,0.20276524,1.1700299
2017-06-08,FLR,Unknown,2,Middle,False,MIDDLE,False,False,False,0.21656483,1.6528859
2017-06-08,FLS,Unknown,2,Middle,False,MIDDLE,False,False,False,0.24276355,1.904013
2017-06-08,FMC,Unknown,2,Middle,False,MIDDLE,False,False,False,0.27468407,1.2963142
2017-06-08,FRT,Real Estate,1,Stable,True,STABLE,False,True,True,0.17613152,0.42952245
2017-06-08,FTI,Unknown,2,Middle,False,MIDDLE,False,False,False,0.2682847,1.4881926
2017-06-08,FTV,Industrials,1,Stable,True,STABLE,False,True,True,0.121857874,1.2046624
2017-06-08,GAP,Unknown,3,Risky,False,MIDDLE,False,False,False,0.32222593,1.5589149
2017-06-08,GD,Industrials,1,Stable,True,STABLE,False,True,True,0.13004176,0.9797394
2017-06-08,GE,Industrials,1,Stable,True,STABLE,False,True,True,0.12490934,0.90174633
2017-06-08,GGP,Unknown,1,Stable,True,STABLE,False,True,True,0.23690377,0.6284269
2017-06-08,GILD,Health Care,1,Stable,True,STABLE,False,True,True,0.20223938,0.78606474
2017-06-08,GIS,Consumer Staples,1,Stable,True,STABLE,False,True,True,0.14896639,0.57852656
2017-06-08,GLW,Information Technology,2,Middle,False,MIDDLE,False,False,False,0.17890254,1.7327915
2017-06-08,GM,Consumer Discretionary,2,Middle,False,RISKY,False,False,False,0.22930975,1.6719011
2017-06-08,GOOG,Communication Services,1,Stable,True,MIDDLE,False,False,False,0.13113749,1.1024035
2017-06-08,GOOGL,Communication Services,1,Stable,True,MIDDLE,False,False,False,0.1296194,1.050362
2017-06-08,GPC,Consumer Discretionary,1,Stable,True,STABLE,False,True,True,0.14711303,0.8053203
2017-06-08,GPN,Financials,1,Stable,True,MIDDLE,False,False,False,0.20832562,0.9179001
2017-06-08,GRMN,Consumer Discretionary,2,Middle,False,RISKY,False,False,False,0.20858334,1.4522837
2017-06-08,GS,Financials,2,Middle,False,RISKY,False,False,False,0.21198598,2.169967
2017-06-08,GT,Unknown,2,Middle,False,MIDDLE,False,False,False,0.24159037,1.7735448
2017-06-08,GWW,Industrials,2,Middle,False,MIDDLE,False,False,False,0.23361203,1.1931069
2017-06-08,HAL,Energy,2,Middle,False,MIDDLE,False,False,False,0.22929324,1.3578159
2017-06-08,HAS,Consumer Discretionary,2,Middle,False,MIDDLE,False,False,False,0.27354082,0.9664591
2017-06-08,HBAN,Financials,2,Middle,False,RISKY,False,False,False,0.248574,2.723004
2017-06-08,HBI,Unknown,3,Risky,False,RISKY,False,False,False,0.37818292,0.41751114
2017-06-08,HCA,Health Care,1,Stable,True,STABLE,False,True,True,0.18525663,0.8515757
2017-06-08,HD,Consumer Discretionary,1,Stable,True,STABLE,False,True,True,0.103197634,0.6687715
2017-06-08,HES,Unknown,2,Middle,False,MIDDLE,False,False,False,0.28408936,1.4237367
2017-06-08,HIG,Financials,1,Stable,True,STABLE,False,True,True,0.120652586,0.86675304
2017-06-08,HOG,Unknown,2,Middle,False,MIDDLE,False,False,False,0.19778538,1.4377971
2017-06-08,HOLX,Unknown,1,Stable,True,STABLE,False,True,True,0.1654637,0.95428854
2017-06-08,HON,Industrials,1,Stable,True,STABLE,False,True,True,0.09710202,0.8467465
2017-06-08,HP,Unknown,2,Middle,False,MIDDLE,False,False,False,0.30216175,1.6586975
2017-06-08,HPE,Information Technology,1,Stable,True,STABLE,False,True,True,0.22375362,1.0109605
2017-06-08,HPQ,Information Technology,1,Stable,True,STABLE,False,True,True,0.21469817,1.0249376
2017-06-08,HRB,Unknown,3,Risky,False,STABLE,False,False,False,0.2960403,0.86642337
2017-06-08,HRL,Consumer Staples,1,Stable,True,RISKY,False,False,False,0.19050948,0.6554132
2017-06-08,HRS,Unknown,1,Stable,True,STABLE,False,True,True,0.1349413,0.84294575
2017-06-08,HSIC,Health Care,1,Stable,True,STABLE,False,True,True,0.12502491,1.0344039
2017-06-08,HST,Real Estate,2,Middle,False,RISKY,False,False,False,0.21336879,1.2514316
2017-06-08,HSY,Consumer Staples,1,Stable,True,STABLE,False,True,True,0.10062118,0.48463485
2017-06-08,HUM,Health Care,1,Stable,True,STABLE,False,True,True,0.17522146,0.3233837
2017-06-08,IBM,Information Technology,1,Stable,True,STABLE,False,True,True,0.13725495,0.89127505
2017-06-08,ICE,Financials,1,Stable,True,STABLE,False,True,True,0.1614291,1.0365838
2017-06-08,IDXX,Health Care,1,Stable,True,MIDDLE,False,False,False,0.22816461,0.9097099
2017-06-08,IFF,Materials,1,Stable,True,STABLE,False,True,True,0.1733013,0.655533
2017-06-08,ILMN,Unknown,3,Risky,False,STABLE,False,False,False,0.3032469,0.8247292
2017-06-08,INCY,Health Care,3,Risky,False,RISKY,False,False,False,0.3998906,0.48339444
2017-06-08,INTC,Information Technology,1,Stable,True,STABLE,False,True,True,0.13501862,0.8361622
2017-06-08,INTU,Information Technology,1,Stable,True,STABLE,False,True,True,0.20516092,0.71892315
2017-06-08,IP,Materials,2,Middle,False,MIDDLE,False,False,False,0.19911857,1.5015079
2017-06-08,IPG,Unknown,1,Stable,True,STABLE,False,True,True,0.17592406,1.2270815
2017-06-08,IRM,Real Estate,1,Stable,True,STABLE,False,True,True,0.16893074,0.6063053
2017-06-08,ISRG,Health Care,1,Stable,True,STABLE,False,True,True,0.16233753,0.72077715
2017-06-08,IT,Information Technology,2,Middle,False,STABLE,False,False,False,0.23576525,1.1839802
2017-06-08,ITW,Industrials,1,Stable,True,STABLE,False,True,True,0.12220784,1.3245878
2017-06-08,IVZ,Financials,2,Middle,False,RISKY,False,False,False,0.22962327,2.3471785
2017-06-08,JBHT,Industrials,2,Middle,False,MIDDLE,False,False,False,0.17743896,1.4624381
2017-06-08,JCI,Industrials,2,Middle,False,MIDDLE,False,False,False,0.17173952,1.522477
2017-06-08,JEC,Unknown,2,Middle,False,MIDDLE,False,False,False,0.2077259,1.653669
2017-06-08,JEF,Unknown,2,Middle,False,MIDDLE,False,False,False,0.19876757,1.8522918
2017-06-08,JNJ,Health Care,1,Stable,True,STABLE,False,True,True,0.107042156,0.56151915
2017-06-08,JNPR,Unknown,1,Stable,True,STABLE,False,True,True,0.17285584,1.015273
2017-06-08,JPM,Financials,2,Middle,False,MIDDLE,False,False,False,0.17319125,1.921284
2017-06-08,JWN,Unknown,3,Risky,False,RISKY,False,False,False,0.43323433,1.1940632
2017-06-08,K,Unknown,1,Stable,True,STABLE,False,True,True,0.14425091,0.57907397
2017-06-08,KDP,Consumer Staples,1,Stable,True,STABLE,False,True,True,0.12495575,0.2491542
2017-06-08,KEY,Financials,2,Middle,False,RISKY,False,False,False,0.24440564,2.4627924
2017-06-08,KHC,Consumer Staples,1,Stable,True,MIDDLE,False,False,False,0.19213086,0.30025372
2017-06-08,KIM,Real Estate,1,Stable,True,MIDDLE,False,False,False,0.22449493,0.2275463
2017-06-08,KLAC,Information Technology,1,Stable,True,STABLE,False,True,True,0.1747711,1.1421121
2017-06-08,KMB,Consumer Staples,1,Stable,True,STABLE,False,True,True,0.13726014,0.4444972
2017-06-08,KMI,Energy,2,Middle,False,MIDDLE,False,False,False,0.19543532,1.357959
2017-06-08,KMX,Unknown,2,Middle,False,MIDDLE,False,False,False,0.25589922,1.8527565
2017-06-08,KO,Consumer Staples,1,Stable,True,STABLE,False,True,True,0.086793244,0.16076262
2017-06-08,KORS,Unknown,3,Risky,False,STABLE,False,False,False,0.3119382,0.66747665
2017-06-08,KR,Consumer Staples,1,Stable,True,MIDDLE,False,False,False,0.20650248,0.51294327
2017-06-08,KSS,Unknown,3,Risky,False,RISKY,False,False,False,0.46818125,1.5115346
2017-06-08,KSU,Unknown,2,Middle,False,STABLE,False,False,False,0.21293552,1.3116263
2017-06-08,L,Financials,1,Stable,True,STABLE,False,True,True,0.109988675,1.1035367
2017-06-08,LEG,Unknown,1,Stable,True,STABLE,False,True,True,0.13729596,1.1354283
2017-06-08,LEN,Consumer Discretionary,1,Stable,True,STABLE,False,True,True,0.19161299,1.0210528
2017-06-08,LH,Health Care,1,Stable,True,STABLE,False,True,True,0.1611241,0.8529299
2017-06-08,LKQ,Unknown,2,Middle,False,STABLE,False,False,False,0.18449181,1.293651
2017-06-08,LLL,Unknown,1,Stable,True,STABLE,False,True,True,0.15779866,0.8605822
2017-06-08,LLY,Health Care,1,Stable,True,STABLE,False,True,True,0.18037555,0.40524453
2017-06-08,LMT,Industrials,1,Stable,True,STABLE,False,True,True,0.113368064,0.5982391
2017-06-08,LNC,Unknown,2,Middle,False,MIDDLE,False,False,False,0.22602935,2.5173304
2017-06-08,LNT,Utilities,1,Stable,True,STABLE,False,True,True,0.12697075,0.14873794
2017-06-08,LOW,Consumer Discretionary,2,Middle,False,RISKY,False,False,False,0.20261608,1.5589197
2017-06-08,LRCX,Information Technology,2,Middle,False,MIDDLE,False,False,False,0.20556703,1.508283
2017-06-08,LUV,Industrials,2,Middle,False,RISKY,False,False,False,0.2547109,1.7462273
2017-06-08,LYB,Materials,2,Middle,False,MIDDLE,False,False,False,0.20358229,1.8445741
2017-06-08,M,Unknown,3,Risky,False,RISKY,False,False,False,0.4581896,1.392693
2017-06-08,MA,Financials,1,Stable,True,STABLE,False,True,True,0.11615508,1.1807874
2017-06-08,MAA,Real Estate,1,Stable,True,STABLE,False,True,True,0.14714897,0.3014563
2017-06-08,MAC,Unknown,1,Stable,True,STABLE,False,True,True,0.20009959,0.6005032
2017-06-08,MAR,Consumer Discretionary,1,Stable,True,STABLE,False,True,True,0.16862032,0.94637644
2017-06-08,MAS,Industrials,2,Middle,False,MIDDLE,False,False,False,0.18424791,1.3305048
2017-06-08,MAT,Unknown,3,Risky,False,RISKY,False,False,False,0.4136063,0.9714458
2017-06-08,MCD,Consumer Discretionary,1,Stable,True,STABLE,False,True,True,0.11165851,0.44711408
2017-06-08,MCHP,Information Technology,2,Middle,False,MIDDLE,False,False,False,0.20110168,1.3657014
2017-06-08,MCK,Health Care,2,Middle,False,MIDDLE,False,False,False,0.26059353,1.3169913
2017-06-08,MCO,Financials,1,Stable,True,STABLE,False,True,True,0.1323165,1.0098159
2017-06-08,MDLZ,Consumer Staples,1,Stable,True,RISKY,False,False,False,0.1870878,0.9448691
2017-06-08,MDT,Health Care,1,Stable,True,STABLE,False,True,True,0.12061018,0.6690904
2017-06-08,MET,Financials,2,Middle,False,MIDDLE,False,False,False,0.20185956,1.953801
2017-06-08,META,Communication Services,1,Stable,True,MIDDLE,False,False,False,0.13497576,0.9948987
2017-06-08,MHK,Unknown,1,Stable,True,STABLE,False,True,True,0.13050856,0.88208395
2017-06-08,MKC,Consumer Staples,1,Stable,True,STABLE,False,True,True,0.11705979,0.30467415
2017-06-08,MLM,Materials,2,Middle,False,MIDDLE,False,False,False,0.25790596,1.8489902
2017-06-08,MMM,Industrials,1,Stable,True,STABLE,False,True,True,0.08658549,0.5910662
2017-06-08,MNST,Consumer Staples,1,Stable,True,MIDDLE,False,False,False,0.2585707,0.48039213
2017-06-08,MO,Consumer Staples,1,Stable,True,STABLE,False,True,True,0.09840967,0.3357196
2017-06-08,MOS,Materials,2,Middle,False,MIDDLE,False,False,False,0.29822406,1.7938987
2017-06-08,MPC,Energy,2,Middle,False,MIDDLE,False,False,False,0.22505884,1.5601941
2017-06-08,MRK,Health Care,1,Stable,True,STABLE,False,True,True,0.14427456,0.5831286
2017-06-08,MRO,Unknown,3,Risky,False,MIDDLE,False,False,False,0.34975743,1.8774444
2017-06-08,MS,Financials,2,Middle,False,RISKY,False,False,False,0.23836774,2.5570405
2017-06-08,MSFT,Information Technology,1,Stable,True,STABLE,False,True,True,0.12106276,0.9857358
2017-06-08,MSI,Information Technology,1,Stable,True,STABLE,False,True,True,0.1705203,1.0630966
2017-06-08,MTB,Financials,2,Middle,False,MIDDLE,False,False,False,0.17646994,1.8558486
2017-06-08,MTD,Health Care,2,Middle,False,MIDDLE,False,False,False,0.16905877,1.3093207
2017-06-08,MU,Information Technology,3,Risky,False,MIDDLE,False,False,False,0.33781677,1.7848723
2017-06-08,MUR,Unknown,2,Middle,False,MIDDLE,False,False,False,0.3077185,1.951382
2017-06-08,MYL,Unknown,2,Middle,False,STABLE,False,False,False,0.24858527,1.1631395
2017-06-08,NAVI,Unknown,2,Middle,False,MIDDLE,False,False,False,0.26726738,2.1794057
2017-06-08,NBL,Unknown,2,Middle,False,STABLE,False,False,False,0.25462615,1.1429176
2017-06-08,NDAQ,Financials,1,Stable,True,STABLE,False,True,True,0.11840965,0.81154376
2017-06-08,NEE,Utilities,1,Stable,True,STABLE,False,True,True,0.112283684,-0.17194991
2017-06-08,NEM,Materials,3,Risky,False,STABLE,False,False,False,0.3056117,-0.39495933
2017-06-08,NFLX,Communication Services,2,Middle,False,RISKY,False,False,False,0.21464314,1.4950585
2017-06-08,NI,Utilities,1,Stable,True,MIDDLE,False,False,False,0.14574313,0.38116133
2017-06-08,NKE,Consumer Discretionary,1,Stable,True,STABLE,False,True,True,0.1840531,0.684252
2017-06-08,NLSN,Unknown,1,Stable,True,STABLE,False,True,True,0.17588173,0.66056985
2017-06-08,NOC,Industrials,1,Stable,True,STABLE,False,True,True,0.105759785,0.5873566
2017-06-08,NOV,Unknown,2,Middle,False,MIDDLE,False,False,False,0.2706376,1.9190259
2017-06-08,NRG,Utilities,3,Risky,False,RISKY,False,False,False,0.32821316,1.0517702
2017-06-08,NSC,Industrials,2,Middle,False,MIDDLE,False,False,False,0.20371649,1.6367755
2017-06-08,NTAP,Information Technology,2,Middle,False,MIDDLE,False,False,False,0.19247855,1.4330444
2017-06-08,NTRS,Financials,2,Middle,False,MIDDLE,False,False,False,0.18161605,1.8146771
2017-06-08,NUE,Materials,2,Middle,False,MIDDLE,False,False,False,0.2802666,2.2273262
2017-06-08,NVDA,Information Technology,3,Risky,False,RISKY,False,False,False,0.46743217,1.8650285
2017-06-08,NWL,Unknown,2,Middle,False,STABLE,False,False,False,0.2567422,0.90981174
2017-06-08,NWS,Communication Services,2,Middle,False,RISKY,False,False,False,0.20696269,1.3973205
2017-06-08,NWSA,Communication Services,2,Middle,False,RISKY,False,False,False,0.20507264,1.5441325
2017-06-08,O,Real Estate,1,Stable,True,MIDDLE,False,False,False,0.19319554,0.049231693
2017-06-08,OKE,Energy,2,Middle,False,MIDDLE,False,False,False,0.23460388,1.3867822
2017-06-08,OMC,Communication Services,1,Stable,True,MIDDLE,False,False,False,0.13891211,0.84304714
2017-06-08,ORCL,Information Technology,1,Stable,True,STABLE,False,True,True,0.14401522,0.7352174
2017-06-08,ORLY,Consumer Discretionary,1,Stable,True,STABLE,False,True,True,0.20362125,0.8276809
2017-06-08,OXY,Energy,1,Stable,True,STABLE,False,True,True,0.1915098,0.9479236
2017-06-08,PAYX,Industrials,1,Stable,True,STABLE,False,True,True,0.124538265,0.7554443
2017-06-08,PBCT,Unknown,2,Middle,False,MIDDLE,False,False,False,0.17293686,1.6500779
2017-06-08,PCAR,Industrials,2,Middle,False,MIDDLE,False,False,False,0.19900122,1.6888658
2017-06-08,PCG,Utilities,1,Stable,True,STABLE,False,True,True,0.12444185,0.100095615
2017-06-08,PDCO,Unknown,2,Middle,False,STABLE,False,False,False,0.1885708,1.2817675
2017-06-08,PEG,Utilities,1,Stable,True,STABLE,False,True,True,0.14049332,0.07156426
2017-06-08,PEP,Consumer Staples,1,Stable,True,STABLE,False,True,True,0.088392064,0.30917245
2017-06-08,PFE,Health Care,1,Stable,True,STABLE,False,True,True,0.10256817,0.6150173
2017-06-08,PFG,Financials,2,Middle,False,MIDDLE,False,False,False,0.17524667,1.9923953
2017-06-08,PG,Consumer Staples,1,Stable,True,STABLE,False,True,True,0.10731119,0.39265326
2017-06-08,PGR,Financials,1,Stable,True,STABLE,False,True,True,0.11910055,0.66133434
2017-06-08,PH,Industrials,2,Middle,False,MIDDLE,False,False,False,0.18082158,1.802445
2017-06-08,PHM,Consumer Discretionary,1,Stable,True,STABLE,False,True,True,0.20301378,0.82729733
2017-06-08,PLD,Real Estate,1,Stable,True,STABLE,False,True,True,0.15986142,0.6200228
2017-06-08,PM,Consumer Staples,1,Stable,True,STABLE,False,True,True,0.13472454,0.4161879
2017-06-08,PNC,Financials,2,Middle,False,MIDDLE,False,False,False,0.19668937,2.1066473
2017-06-08,PNR,Industrials,2,Middle,False,MIDDLE,False,False,False,0.19386253,1.7241694
2017-06-08,PNW,Utilities,1,Stable,True,STABLE,False,True,True,0.111445054,0.15943143
2017-06-08,PPG,Materials,1,Stable,True,STABLE,False,True,True,0.16808973,1.0344017
2017-06-08,PPL,Utilities,1,Stable,True,STABLE,False,True,True,0.09582502,0.10162795
2017-06-08,PRGO,Unknown,3,Risky,False,RISKY,False,False,False,0.35258678,1.1368587
2017-06-08,PRU,Financials,2,Middle,False,MIDDLE,False,False,False,0.17632906,2.0246577
2017-06-08,PSA,Real Estate,1,Stable,True,STABLE,False,True,True,0.16540393,0.037276104
2017-06-08,PSX,Energy,1,Stable,True,STABLE,False,True,True,0.14028917,1.0022196
2017-06-08,PVH,Unknown,3,Risky,False,STABLE,False,False,False,0.29089612,0.8670109
2017-06-08,PWR,Industrials,2,Middle,False,RISKY,False,False,False,0.23180118,2.1076698
2017-06-08,PX,Unknown,1,Stable,True,STABLE,False,True,True,0.13838162,1.0949695
2017-06-08,PXD,Unknown,2,Middle,False,MIDDLE,False,False,False,0.25674322,1.3997002
2017-06-08,PYPL,Financials,1,Stable,True,STABLE,False,True,True,0.16757433,1.064107
2017-06-08,QCOM,Information Technology,2,Middle,False,MIDDLE,False,False,False,0.27624425,1.5205573
2017-06-08,QRVO,Unknown,2,Middle,False,MIDDLE,False,False,False,0.26157928,1.8312927
2017-06-08,R,Unknown,3,Risky,False,MIDDLE,False,False,False,0.31920898,1.6741452
2017-06-08,RCL,Consumer Discretionary,2,Middle,False,RISKY,False,False,False,0.2199832,1.3333584
2017-06-08,REG,Real Estate,1,Stable,True,MIDDLE,False,False,False,0.19325712,-0.098907866
2017-06-08,REGN,Health Care,3,Risky,False,RISKY,False,False,False,0.3023973,0.99968606
2017-06-08,RF,Financials,2,Middle,False,RISKY,False,False,False,0.2563589,2.4051003
2017-06-08,RHI,Unknown,2,Middle,False,MIDDLE,False,False,False,0.22559613,1.407933
2017-06-08,RHT,Unknown,2,Middle,False,MIDDLE,False,False,False,0.28588954,1.6728008
2017-06-08,RIG,Unknown,3,Risky,False,MIDDLE,False,False,False,0.38534173,2.3234925
2017-06-08,RJF,Financials,2,Middle,False,RISKY,False,False,False,0.22428133,2.4345632
2017-06-08,RL,Consumer Discretionary,3,Risky,False,MIDDLE,False,False,False,0.3000135,0.66882944
2017-06-08,ROK,Industrials,2,Middle,False,MIDDLE,False,False,False,0.19273506,2.0037277
2017-06-08,ROP,Information Technology,1,Stable,True,STABLE,False,True,True,0.1279616,1.3274248
2017-06-08,ROST,Consumer Discretionary,1,Stable,True,STABLE,False,True,True,0.16620013,0.40472123
2017-06-08,RRC,Unknown,3,Risky,False,STABLE,False,False,False,0.32721674,0.75020725
2017-06-08,RSG,Industrials,1,Stable,True,STABLE,False,True,True,0.097698346,0.7182437
2017-06-08,RTN,Unknown,1,Stable,True,STABLE,False,True,True,0.12166509,0.84416896
2017-06-08,RVTY,Health Care,1,Stable,True,STABLE,False,True,True,0.14580192,0.9035339
2017-06-08,SBUX,Consumer Discretionary,1,Stable,True,STABLE,False,True,True,0.14739726,0.6871644
2017-06-08,SCG,Unknown,1,Stable,True,STABLE,False,True,True,0.15829809,0.21153434
2017-06-08,SCHW,Financials,2,Middle,False,RISKY,False,False,False,0.2600771,2.7621434
2017-06-08,SEE,Unknown,1,Stable,True,STABLE,False,True,True,0.22739603,0.8670064
2017-06-08,SHW,Materials,1,Stable,True,STABLE,False,True,True,0.17090318,1.0887412
2017-06-08,SIG,Unknown,3,Risky,False,RISKY,False,False,False,0.40434283,1.3349396
2017-06-08,SJM,Consumer Staples,1,Stable,True,STABLE,False,True,True,0.123126335,0.5226296
2017-06-08,SLB,Energy,1,Stable,True,STABLE,False,True,True,0.15415737,0.8329286
2017-06-08,SLG,Unknown,1,Stable,True,STABLE,False,True,True,0.16763073,0.7817197
2017-06-08,SNA,Industrials,2,Middle,False,MIDDLE,False,False,False,0.2037726,1.4790701
2017-06-08,SNI,Unknown,1,Stable,True,STABLE,False,True,True,0.20363978,1.097237
2017-06-08,SNPS,Information Technology,1,Stable,True,STABLE,False,True,True,0.15492503,0.84249574
2017-06-08,SO,Utilities,1,Stable,True,STABLE,False,True,True,0.10698532,-0.14560181
2017-06-08,SPG,Real Estate,1,Stable,True,MIDDLE,False,False,False,0.19021323,0.50687647
2017-06-08,SPGI,Financials,1,Stable,True,STABLE,False,True,True,0.13882537,1.0242543
2017-06-08,SRCL,Unknown,1,Stable,True,STABLE,False,True,True,0.22133698,0.6143142
2017-06-08,SRE,Utilities,1,Stable,True,MIDDLE,False,False,False,0.12279742,0.38078293
2017-06-08,STT,Financials,2,Middle,False,MIDDLE,False,False,False,0.19186223,1.6800345
2017-06-08,STX,Information Technology,3,Risky,False,RISKY,False,False,False,0.3996452,2.2911952
2017-06-08,STZ,Consumer Staples,1,Stable,True,MIDDLE,False,False,False,0.22468494,0.41654843
2017-06-08,SWK,Industrials,1,Stable,True,STABLE,False,True,True,0.124076426,1.0279479
2017-06-08,SWKS,Information Technology,2,Middle,False,MIDDLE,False,False,False,0.272544,1.782742
2017-06-08,SYF,Financials,3,Risky,False,RISKY,False,False,False,0.32932645,2.1168017
2017-06-08,SYK,Health Care,1,Stable,True,STABLE,False,True,True,0.10813031,0.691984
2017-06-08,SYMC,Unknown,1,Stable,True,STABLE,False,True,True,0.19047087,1.1151329
2017-06-08,SYY,Consumer Staples,1,Stable,True,STABLE,False,True,True,0.12703885,0.61834705
2017-06-08,T,Communication Services,1,Stable,True,STABLE,False,True,True,0.11704282,0.51726687
2017-06-08,TAP,Consumer Staples,1,Stable,True,RISKY,False,False,False,0.19211084,0.67149395
2017-06-08,TDC,Unknown,2,Middle,False,MIDDLE,False,False,False,0.2566584,1.7487074
2017-06-08,TDG,Industrials,2,Middle,False,RISKY,False,False,False,0.29012778,1.3339471
2017-06-08,TEL,Information Technology,2,Middle,False,MIDDLE,False,False,False,0.15825091,1.5945225
2017-06-08,TGT,Consumer Staples,1,Stable,True,RISKY,False,False,False,0.27244803,0.7658782
2017-06-08,TIF,Unknown,2,Middle,False,STABLE,False,False,False,0.23486592,1.1072259
2017-06-08,TJX,Consumer Discretionary,1,Stable,True,STABLE,False,True,True,0.15580346,0.4803678
2017-06-08,TMO,Health Care,1,Stable,True,STABLE,False,True,True,0.16167785,0.7806468
2017-06-08,TPR,Consumer Discretionary,1,Stable,True,MIDDLE,False,False,False,0.26881573,0.7395521
2017-06-08,TRIP,Unknown,3,Risky,False,MIDDLE,False,False,False,0.33661193,1.5986352
2017-06-08,TROW,Financials,2,Middle,False,MIDDLE,False,False,False,0.19625276,1.4284452
2017-06-08,TRV,Financials,1,Stable,True,STABLE,False,True,True,0.095274605,0.44921127
2017-06-08,TSCO,Consumer Discretionary,1,Stable,True,MIDDLE,False,False,False,0.22945374,0.9953938
2017-06-08,TSN,Consumer Staples,1,Stable,True,RISKY,False,False,False,0.19326362,0.73633254
2017-06-08,TSS,Unknown,1,Stable,True,STABLE,False,True,True,0.18513675,1.0618653
2017-06-08,TWX,Unknown,1,Stable,True,STABLE,False,True,True,0.07339158,0.3238916
2017-06-08,TXN,Information Technology,2,Middle,False,MIDDLE,False,False,False,0.15524152,1.4126592
2017-06-08,TXT,Industrials,2,Middle,False,MIDDLE,False,False,False,0.20235626,1.2814972
2017-06-08,UA,Unknown,3,Risky,False,RISKY,False,False,False,0.4964878,1.5701044
2017-06-08,UAA,Unknown,3,Risky,False,RISKY,False,False,False,0.5238745,1.6494735
2017-06-08,UAL,Industrials,2,Middle,False,RISKY,False,False,False,0.2843204,2.2960827
2017-06-08,UDR,Real Estate,1,Stable,True,STABLE,False,True,True,0.14352463,0.2450877
2017-06-08,UHS,Health Care,1,Stable,True,MIDDLE,False,False,False,0.20731625,1.0522346
2017-06-08,ULTA,Consumer Discretionary,1,Stable,True,STABLE,False,True,True,0.17628129,0.7340008
2017-06-08,UNH,Health Care,1,Stable,True,STABLE,False,True,True,0.13448864,0.74928075
2017-06-08,UNM,Unknown,2,Middle,False,MIDDLE,False,False,False,0.17427126,1.921825
2017-06-08,UNP,Industrials,2,Middle,False,MIDDLE,False,False,False,0.15883161,1.4301008
2017-06-08,UPS,Industrials,1,Stable,True,STABLE,False,True,True,0.1635489,1.163737
2017-06-08,URI,Industrials,2,Middle,False,RISKY,False,False,False,0.33694714,2.532569
2017-06-08,USB,Financials,2,Middle,False,MIDDLE,False,False,False,0.14320605,1.5739648
2017-06-08,UTX,Unknown,1,Stable,True,STABLE,False,True,True,0.09820584,0.75970864
2017-06-08,V,Financials,1,Stable,True,STABLE,False,True,True,0.1126601,0.97368795
2017-06-08,VAR,Unknown,1,Stable,True,STABLE,False,True,True,0.17041971,0.7919344
2017-06-08,VFC,Unknown,1,Stable,True,STABLE,False,True,True,0.20753643,0.53012484
2017-06-08,VIAB,Unknown,2,Middle,False,STABLE,False,False,False,0.26482844,1.085667
2017-06-08,VLO,Energy,1,Stable,True,STABLE,False,True,True,0.18218224,0.95555323
2017-06-08,VMC,Materials,2,Middle,False,MIDDLE,False,False,False,0.24966457,1.7544734
2017-06-08,VNO,Unknown,1,Stable,True,STABLE,False,True,True,0.14856118,0.6407047
2017-06-08,VRSK,Industrials,1,Stable,True,STABLE,False,True,True,0.16191122,1.0494493
2017-06-08,VRSN,Information Technology,1,Stable,True,STABLE,False,True,True,0.14039716,0.93878394
2017-06-08,VRTX,Health Care,3,Risky,False,RISKY,False,False,False,0.36599562,1.1954612
2017-06-08,VTR,Real Estate,1,Stable,True,STABLE,False,True,True,0.1689267,-0.19754228
2017-06-08,VZ,Communication Services,1,Stable,True,STABLE,False,True,True,0.14303179,0.33155486
2017-06-08,WAT,Health Care,1,Stable,True,STABLE,False,True,True,0.17056549,0.9102888
2017-06-08,WBA,Unknown,1,Stable,True,STABLE,False,True,True,0.1272857,0.9061613
2017-06-08,WDC,Information Technology,2,Middle,False,MIDDLE,False,False,False,0.25205678,1.9885824
2017-06-08,WEC,Utilities,1,Stable,True,STABLE,False,True,True,0.11886104,0.10218966
2017-06-08,WELL,Real Estate,1,Stable,True,STABLE,False,True,True,0.15562606,-0.18378791
2017-06-08,WFC,Financials,2,Middle,False,MIDDLE,False,False,False,0.18645635,1.939741
2017-06-08,WHR,Unknown,1,Stable,True,STABLE,False,True,True,0.21024193,0.77456456
2017-06-08,WM,Industrials,1,Stable,True,STABLE,False,True,True,0.09378799,0.5276136
2017-06-08,WMB,Energy,2,Middle,False,MIDDLE,False,False,False,0.28525364,1.1030741
2017-06-08,WMT,Consumer Staples,1,Stable,True,STABLE,False,True,True,0.13802859,0.32008353
2017-06-08,WTW,Financials,1,Stable,True,STABLE,False,True,True,0.14336778,1.0569196
2017-06-08,WU,Unknown,1,Stable,True,STABLE,False,True,True,0.18394977,0.92580897
2017-06-08,WY,Real Estate,1,Stable,True,RISKY,False,False,False,0.1679448,1.1999671
2017-06-08,WYND,Unknown,1,Stable,True,STABLE,False,True,True,0.20048475,1.0414773
2017-06-08,WYNN,Consumer Discretionary,2,Middle,False,MIDDLE,False,False,False,0.2851741,1.276382
2017-06-08,XEC,Unknown,2,Middle,False,STABLE,False,False,False,0.22582176,1.2453285
2017-06-08,XEL,Utilities,1,Stable,True,STABLE,False,True,True,0.10882636,0.14202571
2017-06-08,XL,Unknown,1,Stable,True,STABLE,False,True,True,0.13458899,0.78820205
2017-06-08,XLNX,Unknown,2,Middle,False,STABLE,False,False,False,0.23549682,1.1095327
2017-06-08,XOM,Energy,1,Stable,True,STABLE,False,True,True,0.12278099,0.66047794
2017-06-08,XRAY,Unknown,1,Stable,True,STABLE,False,True,True,0.15450329,1.0507811
2017-06-08,XRX,Unknown,3,Risky,False,RISKY,False,False,False,0.4984496,2.2669942
2017-06-08,XYL,Industrials,2,Middle,False,MIDDLE,False,False,False,0.18543504,1.4517171
2017-06-08,YUM,Consumer Discretionary,1,Stable,True,STABLE,False,True,True,0.10698868,0.63237894
2017-06-08,ZBH,Health Care,1,Stable,True,STABLE,False,True,True,0.18417469,0.7635251
2017-06-08,ZION,Unknown,2,Middle,False,MIDDLE,False,False,False,0.24929553,2.380998
2017-06-08,ZTS,Health Care,1,Stable,True,STABLE,False,True,True,0.15665168,0.79427594
2017-11-28,A,Health Care,2,Middle,False,STABLE,False,False,False,0.14867848,1.1836094
2017-11-28,AAL,Unknown,2,Middle,False,MIDDLE,False,False,False,0.27574584,1.6718612
2017-11-28,AAP,Unknown,3,Risky,False,RISKY,False,False,False,0.5209979,0.5243532
2017-11-28,AAPL,Information Technology,2,Middle,False,MIDDLE,False,False,False,0.19576643,1.6186951
2017-11-28,ABBV,Health Care,1,Stable,True,STABLE,False,True,True,0.21372023,0.91050786
2017-11-28,ABT,Health Care,1,Stable,True,STABLE,False,True,True,0.14736132,0.9015391
2017-11-28,ACN,Information Technology,1,Stable,True,STABLE,False,True,True,0.12779413,0.9379069
2017-11-28,ADBE,Information Technology,2,Middle,False,MIDDLE,False,False,False,0.247953,1.4935232
2017-11-28,ADI,Information Technology,2,Middle,False,MIDDLE,False,False,False,0.21037535,1.5679506
2017-11-28,ADM,Consumer Staples,1,Stable,True,MIDDLE,False,False,False,0.15426312,0.82059723
2017-11-28,ADP,Industrials,2,Middle,False,MIDDLE,False,False,False,0.21898177,1.1116326
2017-11-28,ADSK,Information Technology,2,Middle,False,MIDDLE,False,False,False,0.20702074,1.6862696
2017-11-28,AEE,Utilities,1,Stable,True,STABLE,False,True,True,0.11406015,0.122725025
2017-11-28,AEP,Utilities,1,Stable,True,STABLE,False,True,True,0.110776104,-0.05004215
2017-11-28,AES,Utilities,1,Stable,True,STABLE,False,True,True,0.17787623,0.2697388
2017-11-28,AET,Unknown,1,Stable,True,STABLE,False,True,True,0.22503655,0.77233475
2017-11-28,AFL,Financials,1,Stable,True,STABLE,False,True,True,0.11857783,0.6625772
2017-11-28,AGN,Unknown,1,Stable,True,STABLE,False,True,True,0.23612645,0.76467
2017-11-28,AIG,Financials,1,Stable,True,STABLE,False,True,True,0.14428453,0.5724758
2017-11-28,AIV,Unknown,1,Stable,True,STABLE,False,True,True,0.1324895,0.5212911
2017-11-28,AIZ,Financials,1,Stable,True,RISKY,False,False,False,0.19582419,0.9087607
2017-11-28,AJG,Financials,1,Stable,True,STABLE,False,True,True,0.11805813,0.63801134
2017-11-28,AKAM,Information Technology,2,Middle,False,MIDDLE,False,False,False,0.29531258,1.2979666
2017-11-28,ALB,Materials,2,Middle,False,RISKY,False,False,False,0.2580785,2.0388107
2017-11-28,ALGN,Health Care,2,Middle,False,RISKY,False,False,False,0.33968472,2.2347515
2017-11-28,ALK,Unknown,2,Middle,False,MIDDLE,False,False,False,0.31558883,1.6954606
2017-11-28,ALL,Financials,1,Stable,True,STABLE,False,True,True,0.14363718,0.56349844
2017-11-28,ALLE,Industrials,1,Stable,True,STABLE,False,True,True,0.17575847,0.7458457
2017-11-28,ALXN,Unknown,2,Middle,False,MIDDLE,False,False,False,0.303486,1.4446151
2017-11-28,AMAT,Information Technology,2,Middle,False,RISKY,False,False,False,0.2914122,2.512009
2017-11-28,AMD,Information Technology,3,Risky,False,RISKY,False,False,False,0.49588075,2.4241843
2017-11-28,AME,Industrials,1,Stable,True,STABLE,False,True,True,0.1309552,0.8377752
2017-11-28,AMG,Unknown,2,Middle,False,MIDDLE,False,False,False,0.17704463,1.5837047
2017-11-28,AMGN,Health Care,2,Middle,False,STABLE,False,False,False,0.16277285,1.2450093
2017-11-28,AMP,Financials,2,Middle,False,RISKY,False,False,False,0.18284413,1.2855116
2017-11-28,AMT,Real Estate,1,Stable,True,MIDDLE,False,False,False,0.17535113,0.48959586
2017-11-28,AMZN,Consumer Discretionary,2,Middle,False,RISKY,False,False,False,0.25083104,1.8328762
2017-11-28,ANSS,Unknown,2,Middle,False,MIDDLE,False,False,False,0.2195019,1.2179637
2017-11-28,AON,Financials,1,Stable,True,STABLE,False,True,True,0.13875394,0.40386197
2017-11-28,AOS,Industrials,2,Middle,False,MIDDLE,False,False,False,0.14319205,1.2441958
2017-11-28,APA,Energy,3,Risky,False,RISKY,False,False,False,0.35232794,1.4094393
2017-11-28,APD,Materials,1,Stable,True,MIDDLE,False,False,False,0.1379921,1.0203285
2017-11-28,APH,Information Technology,1,Stable,True,STABLE,False,True,True,0.12004183,1.0311613
2017-11-28,APTV,Consumer Discretionary,2,Middle,False,STABLE,False,False,False,0.19401851,1.0470946
2017-11-28,ARE,Real Estate,1,Stable,True,STABLE,False,True,True,0.11521308,0.58709717
2017-11-28,ATVI,Unknown,2,Middle,False,MIDDLE,False,False,False,0.27488378,1.889209
2017-11-28,AVB,Real Estate,1,Stable,True,STABLE,False,True,True,0.1181103,0.5277613
2017-11-28,AVGO,Information Technology,2,Middle,False,MIDDLE,False,False,False,0.24595517,1.8298744
2017-11-28,AVY,Materials,1,Stable,True,STABLE,False,True,True,0.15078585,0.5826354
2017-11-28,AWK,Utilities,1,Stable,True,STABLE,False,True,True,0.11754095,0.31685862
2017-11-28,AXP,Financials,1,Stable,True,STABLE,False,True,True,0.11033642,0.8971226
2017-11-28,AYI,Unknown,3,Risky,False,STABLE,False,False,False,0.30470192,0.7471853
2017-11-28,AZO,Consumer Discretionary,1,Stable,True,MIDDLE,False,False,False,0.2812614,0.51757824
2017-11-28,BA,Industrials,1,Stable,True,STABLE,False,True,True,0.19056739,0.7043778
2017-11-28,BAC,Financials,2,Middle,False,RISKY,False,False,False,0.19692978,1.438427
2017-11-28,BALL,Materials,1,Stable,True,MIDDLE,False,False,False,0.13790442,1.0463728
2017-11-28,BAX,Health Care,1,Stable,True,STABLE,False,True,True,0.14156376,1.01534
2017-11-28,BBT,Unknown,2,Middle,False,MIDDLE,False,False,False,0.19849588,1.0833008
2017-11-28,BBY,Consumer Discretionary,3,Risky,False,MIDDLE,False,False,False,0.33353177,0.5949034
2017-11-28,BDX,Health Care,1,Stable,True,STABLE,False,True,True,0.16870204,0.60175806
2017-11-28,BEN,Financials,2,Middle,False,MIDDLE,False,False,False,0.15923613,1.3339217
2017-11-28,BF-B,Consumer Staples,1,Stable,True,STABLE,False,True,True,0.15478995,0.41418377
2017-11-28,BIIB,Health Care,2,Middle,False,MIDDLE,False,False,False,0.24389805,1.5417155
2017-11-28,BKNG,Consumer Discretionary,2,Middle,False,RISKY,False,False,False,0.28040764,1.1316226
2017-11-28,BLK,Financials,2,Middle,False,MIDDLE,False,False,False,0.13899246,1.3152539
2017-11-28,BMY,Health Care,1,Stable,True,STABLE,False,True,True,0.18669222,0.6706536
2017-11-28,BRK-B,Financials,1,Stable,True,STABLE,False,True,True,0.106952,0.92069405
2017-11-28,BSX,Health Care,1,Stable,True,STABLE,False,True,True,0.17324314,0.5089485
2017-11-28,BWA,Unknown,2,Middle,False,MIDDLE,False,False,False,0.20356359,1.3878746
2017-11-28,BXP,Real Estate,1,Stable,True,STABLE,False,True,True,0.14876242,0.42152038
2017-11-28,C,Financials,2,Middle,False,MIDDLE,False,False,False,0.162899,1.1310006
2017-11-28,CAG,Unknown,1,Stable,True,STABLE,False,True,True,0.19034111,0.65816617
2017-11-28,CAH,Health Care,1,Stable,True,MIDDLE,False,False,False,0.23686303,0.867702
2017-11-28,CAT,Industrials,1,Stable,True,STABLE,False,True,True,0.16972561,0.957756
2017-11-28,CB,Financials,1,Stable,True,STABLE,False,True,True,0.15048742,0.6034812
2017-11-28,CBOE,Financials,1,Stable,True,STABLE,False,True,True,0.123451285,0.40175676
2017-11-28,CBRE,Real Estate,2,Middle,False,RISKY,False,False,False,0.15859063,1.3440342
2017-11-28,CCI,Real Estate,1,Stable,True,MIDDLE,False,False,False,0.17037147,0.29133195
2017-11-28,CCL,Consumer Discretionary,2,Middle,False,STABLE,False,False,False,0.18286249,1.0912291
2017-11-28,CDNS,Information Technology,2,Middle,False,STABLE,False,False,False,0.15616348,1.133469
2017-11-28,CELG,Unknown,3,Risky,False,RISKY,False,False,False,0.37642652,0.9067727
2017-11-28,CERN,Unknown,1,Stable,True,STABLE,False,True,True,0.22671281,0.8073393
2017-11-28,CF,Materials,2,Middle,False,RISKY,False,False,False,0.35794452,1.9110143
2017-11-28,CFG,Financials,2,Middle,False,RISKY,False,False,False,0.20812514,1.2897083
2017-11-28,CHD,Consumer Staples,1,Stable,True,STABLE,False,True,True,0.1567291,0.5300444
2017-11-28,CHK,Unknown,3,Risky,False,RISKY,False,False,False,0.52460515,1.1223261
2017-11-28,CHRW,Industrials,1,Stable,True,STABLE,False,True,True,0.20410594,0.6262997
2017-11-28,CHTR,Communication Services,1,Stable,True,STABLE,False,True,True,0.26356634,0.77919364
2017-11-28,CI,Health Care,1,Stable,True,STABLE,False,True,True,0.14845033,0.8573375
2017-11-28,CINF,Financials,1,Stable,True,STABLE,False,True,True,0.17629737,0.35453013
2017-11-28,CL,Consumer Staples,1,Stable,True,STABLE,False,True,True,0.12652858,0.46381298
2017-11-28,CLX,Consumer Staples,1,Stable,True,STABLE,False,True,True,0.14563629,0.45587707
2017-11-28,CMA,Unknown,2,Middle,False,MIDDLE,False,False,False,0.20691213,1.2480284
2017-11-28,CMCSA,Communication Services,2,Middle,False,MIDDLE,False,False,False,0.21066207,1.1990182
2017-11-28,CME,Financials,1,Stable,True,STABLE,False,True,True,0.14012778,0.80834734
2017-11-28,CMG,Consumer Discretionary,3,Risky,False,RISKY,False,False,False,0.37807536,1.4500765
2017-11-28,CMI,Industrials,2,Middle,False,MIDDLE,False,False,False,0.17724776,1.0628465
2017-11-28,CMS,Utilities,1,Stable,True,STABLE,False,True,True,0.10638234,0.0472302
2017-11-28,CNC,Health Care,2,Middle,False,MIDDLE,False,False,False,0.27576035,1.1778498
2017-11-28,CNP,Utilities,1,Stable,True,STABLE,False,True,True,0.12085476,0.18887231
2017-11-28,COF,Financials,2,Middle,False,RISKY,False,False,False,0.20424715,1.0830308
2017-11-28,COO,Health Care,1,Stable,True,STABLE,False,True,True,0.21660008,0.84076697
2017-11-28,COP,Energy,1,Stable,True,MIDDLE,False,False,False,0.20354246,0.82718444
2017-11-28,COR,Health Care,2,Middle,False,MIDDLE,False,False,False,0.2856254,1.1519965
2017-11-28,COST,Consumer Staples,1,Stable,True,MIDDLE,False,False,False,0.22130421,0.7011591
2017-11-28,COTY,Unknown,3,Risky,False,STABLE,False,False,False,0.34221166,0.40793166
2017-11-28,CPB,Unknown,1,Stable,True,STABLE,False,True,True,0.2821869,0.06275569
2017-11-28,CPRI,Unknown,3,Risky,False,RISKY,False,False,False,0.4025883,0.6591155
2017-11-28,CRM,Information Technology,2,Middle,False,STABLE,False,False,False,0.16182797,1.2539494
2017-11-28,CSCO,Information Technology,2,Middle,False,MIDDLE,False,False,False,0.16470574,1.7809501
2017-11-28,CSX,Industrials,2,Middle,False,MIDDLE,False,False,False,0.23000349,1.4905076
2017-11-28,CTAS,Industrials,2,Middle,False,MIDDLE,False,False,False,0.20356615,1.3329906
2017-11-28,CTSH,Information Technology,2,Middle,False,STABLE,False,False,False,0.13772303,1.1710312
2017-11-28,CTXS,Unknown,2,Middle,False,MIDDLE,False,False,False,0.20100798,1.7910289
2017-11-28,CVS,Health Care,1,Stable,True,STABLE,False,True,True,0.23323074,0.5463545
2017-11-28,CVX,Energy,1,Stable,True,STABLE,False,True,True,0.14052454,0.21182957
2017-11-28,CXO,Unknown,1,Stable,True,STABLE,False,True,True,0.25274304,0.8841847
2017-11-28,D,Utilities,1,Stable,True,STABLE,False,True,True,0.106530026,-0.014182749
2017-11-28,DAL,Industrials,2,Middle,False,MIDDLE,False,False,False,0.22946969,1.7344753
2017-11-28,DE,Industrials,1,Stable,True,STABLE,False,True,True,0.17984284,1.0260316
2017-11-28,DFS,Unknown,2,Middle,False,MIDDLE,False,False,False,0.18108433,1.2088935
2017-11-28,DG,Consumer Staples,1,Stable,True,MIDDLE,False,False,False,0.22028881,0.88372725
2017-11-28,DGX,Health Care,1,Stable,True,STABLE,False,True,True,0.16023818,0.90973943
2017-11-28,DHI,Consumer Discretionary,2,Middle,False,STABLE,False,False,False,0.17333479,1.1201003
2017-11-28,DHR,Health Care,1,Stable,True,STABLE,False,True,True,0.13438307,0.8091182
2017-11-28,DIS,Communication Services,1,Stable,True,STABLE,False,True,True,0.15936111,0.5591505
2017-11-28,DISCK,Unknown,3,Risky,False,STABLE,False,False,False,0.33387157,0.63038677
2017-11-28,DISH,Unknown,2,Middle,False,MIDDLE,False,False,False,0.24774188,1.0685427
2017-11-28,DLR,Real Estate,2,Middle,False,RISKY,False,False,False,0.21364883,1.0127754
2017-11-28,DLTR,Consumer Staples,1,Stable,True,MIDDLE,False,False,False,0.20744509,0.9784658
2017-11-28,DOV,Industrials,2,Middle,False,MIDDLE,False,False,False,0.18617472,1.1240977
2017-11-28,DRE,Unknown,1,Stable,True,STABLE,False,True,True,0.14090519,0.72869486
2017-11-28,DRI,Consumer Discretionary,1,Stable,True,MIDDLE,False,False,False,0.21486618,0.4557371
2017-11-28,DTE,Utilities,1,Stable,True,STABLE,False,True,True,0.11439092,0.052973755
2017-11-28,DUK,Utilities,1,Stable,True,STABLE,False,True,True,0.09441666,0.051340938
2017-11-28,DVA,Health Care,3,Risky,False,MIDDLE,False,False,False,0.31206882,1.0315107
2017-11-28,DVN,Energy,3,Risky,False,RISKY,False,False,False,0.30090183,0.8239537
2017-11-28,DXC,Unknown,2,Middle,False,MIDDLE,False,False,False,0.20258681,1.3110172
2017-11-28,EA,Communication Services,2,Middle,False,MIDDLE,False,False,False,0.2133707,1.5064276
2017-11-28,EBAY,Consumer Discretionary,2,Middle,False,RISKY,False,False,False,0.18818441,1.4244289
2017-11-28,ECL,Materials,1,Stable,True,STABLE,False,True,True,0.10535731,0.74217355
2017-11-28,ED,Utilities,1,Stable,True,STABLE,False,True,True,0.107882075,0.07908555
2017-11-28,EFX,Industrials,3,Risky,False,RISKY,False,False,False,0.3889121,0.5601045
2017-11-28,EG,Financials,1,Stable,True,RISKY,False,False,False,0.25557965,0.7759229
2017-11-28,EIX,Utilities,1,Stable,True,STABLE,False,True,True,0.115744695,0.16473538
2017-11-28,EL,Consumer Staples,1,Stable,True,MIDDLE,False,False,False,0.21014182,0.71954185
2017-11-28,ELV,Health Care,1,Stable,True,STABLE,False,True,True,0.17746939,0.5776947
2017-11-28,EMN,Unknown,2,Middle,False,MIDDLE,False,False,False,0.15716156,1.3232071
2017-11-28,EMR,Industrials,2,Middle,False,MIDDLE,False,False,False,0.16486555,1.1461757
2017-11-28,EOG,Energy,1,Stable,True,MIDDLE,False,False,False,0.18746676,0.76272017
2017-11-28,EQIX,Real Estate,1,Stable,True,RISKY,False,False,False,0.17314135,1.0408624
2017-11-28,EQT,Energy,3,Risky,False,RISKY,False,False,False,0.31170857,0.6050031
2017-11-28,ES,Utilities,1,Stable,True,STABLE,False,True,True,0.10666231,-0.013105464
2017-11-28,ESS,Real Estate,1,Stable,True,STABLE,False,True,True,0.14123178,0.66478974
2017-11-28,ETFC,Unknown,2,Middle,False,MIDDLE,False,False,False,0.173894,1.1665612
2017-11-28,ETN,Industrials,2,Middle,False,MIDDLE,False,False,False,0.16080758,1.2295017
2017-11-28,ETR,Utilities,1,Stable,True,STABLE,False,True,True,0.1337311,0.1656477
2017-11-28,EW,Health Care,2,Middle,False,MIDDLE,False,False,False,0.22406115,1.5980966
2017-11-28,EXC,Utilities,1,Stable,True,STABLE,False,True,True,0.12570801,0.13232514
2017-11-28,EXPD,Industrials,1,Stable,True,STABLE,False,True,True,0.195346,0.9733472
2017-11-28,EXPE,Consumer Discretionary,3,Risky,False,MIDDLE,False,False,False,0.3464741,0.9111328
2017-11-28,EXR,Real Estate,1,Stable,True,MIDDLE,False,False,False,0.19545588,0.13295877
2017-11-28,F,Consumer Discretionary,1,Stable,True,STABLE,False,True,True,0.15060297,0.73070824
2017-11-28,FAST,Industrials,2,Middle,False,MIDDLE,False,False,False,0.20838608,1.146349
2017-11-28,FBIN,Unknown,1,Stable,True,STABLE,False,True,True,0.14355086,1.0033294
2017-11-28,FCX,Materials,3,Risky,False,RISKY,False,False,False,0.3818601,1.8225588
2017-11-28,FDX,Industrials,2,Middle,False,MIDDLE,False,False,False,0.14647289,1.1300908
2017-11-28,FE,Utilities,1,Stable,True,STABLE,False,True,True,0.1609004,-0.1603578
2017-11-28,FFIV,Information Technology,2,Middle,False,STABLE,False,False,False,0.21494164,1.118962
2017-11-28,FI,Financials,1,Stable,True,MIDDLE,False,False,False,0.13528202,1.0072794
2017-11-28,FIS,Financials,1,Stable,True,STABLE,False,True,True,0.11478401,0.63670886
2017-11-28,FITB,Financials,1,Stable,True,RISKY,False,False,False,0.18071504,0.9900412
2017-11-28,FL,Unknown,3,Risky,False,RISKY,False,False,False,0.6833539,0.44624823
2017-11-28,FLIR,Unknown,1,Stable,True,STABLE,False,True,True,0.19657512,0.77986753
2017-11-28,FLR,Unknown,2,Middle,False,MIDDLE,False,False,False,0.23349842,1.146323
2017-11-28,FLS,Unknown,2,Middle,False,MIDDLE,False,False,False,0.30609643,1.4967116
2017-11-28,FMC,Unknown,2,Middle,False,MIDDLE,False,False,False,0.21840045,1.5120627
2017-11-28,FRT,Real Estate,1,Stable,True,MIDDLE,False,False,False,0.17107911,0.28115097
2017-11-28,FTI,Unknown,1,Stable,True,STABLE,False,True,True,0.24088436,0.82483745
2017-11-28,FTV,Industrials,1,Stable,True,STABLE,False,True,True,0.13732083,1.0924275
2017-11-28,GAP,Unknown,3,Risky,False,MIDDLE,False,False,False,0.32315156,1.1078601
2017-11-28,GD,Industrials,1,Stable,True,STABLE,False,True,True,0.14563164,1.0265331
2017-11-28,GE,Industrials,1,Stable,True,STABLE,False,True,True,0.25842103,0.8550341
2017-11-28,GGP,Unknown,3,Risky,False,RISKY,False,False,False,0.35867473,0.7690507
2017-11-28,GILD,Health Care,1,Stable,True,STABLE,False,True,True,0.21441624,0.9087042
2017-11-28,GIS,Consumer Staples,1,Stable,True,MIDDLE,False,False,False,0.19928035,0.6404354
2017-11-28,GLW,Information Technology,2,Middle,False,MIDDLE,False,False,False,0.18795124,1.443075
2017-11-28,GM,Consumer Discretionary,1,Stable,True,STABLE,False,True,True,0.18662788,0.9490207
2017-11-28,GOOG,Communication Services,2,Middle,False,MIDDLE,False,False,False,0.17263333,1.4916934
2017-11-28,GOOGL,Communication Services,2,Middle,False,MIDDLE,False,False,False,0.17037758,1.4683068
2017-11-28,GPC,Consumer Discretionary,1,Stable,True,MIDDLE,False,False,False,0.23723234,0.6008858
2017-11-28,GPN,Financials,2,Middle,False,MIDDLE,False,False,False,0.1603673,1.2738179
2017-11-28,GRMN,Consumer Discretionary,1,Stable,True,STABLE,False,True,True,0.17095636,0.96018463
2017-11-28,GS,Financials,2,Middle,False,RISKY,False,False,False,0.17877476,1.3686504
2017-11-28,GT,Unknown,2,Middle,False,STABLE,False,False,False,0.2283347,1.0072074
2017-11-28,GWW,Industrials,3,Risky,False,RISKY,False,False,False,0.31764135,0.73563254
2017-11-28,HAL,Energy,1,Stable,True,MIDDLE,False,False,False,0.21925817,0.945402
2017-11-28,HAS,Consumer Discretionary,2,Middle,False,RISKY,False,False,False,0.2748613,1.4153525
2017-11-28,HBAN,Financials,2,Middle,False,RISKY,False,False,False,0.19503918,1.2291497
2017-11-28,HBI,Unknown,1,Stable,True,STABLE,False,True,True,0.25408217,0.76891005
2017-11-28,HCA,Health Care,1,Stable,True,STABLE,False,True,True,0.19271226,0.8724412
2017-11-28,HD,Consumer Discretionary,1,Stable,True,STABLE,False,True,True,0.15176055,0.65129066
2017-11-28,HES,Unknown,3,Risky,False,MIDDLE,False,False,False,0.31762224,1.1444496
2017-11-28,HIG,Financials,1,Stable,True,STABLE,False,True,True,0.14575927,0.61340785
2017-11-28,HLT,Consumer Discretionary,1,Stable,True,STABLE,False,True,True,0.14284292,0.99257773
2017-11-28,HOG,Unknown,1,Stable,True,STABLE,False,True,True,0.2407187,0.6309969
2017-11-28,HOLX,Unknown,1,Stable,True,STABLE,False,True,True,0.21696839,0.94570816
2017-11-28,HON,Industrials,1,Stable,True,STABLE,False,True,True,0.10100559,0.9124702
2017-11-28,HP,Unknown,3,Risky,False,STABLE,False,False,False,0.32344347,0.88584685
2017-11-28,HPE,Information Technology,2,Middle,False,MIDDLE,False,False,False,0.254761,1.5405492
2017-11-28,HPQ,Information Technology,2,Middle,False,MIDDLE,False,False,False,0.19952887,1.3400269
2017-11-28,HRB,Unknown,1,Stable,True,STABLE,False,True,True,0.3004205,0.20956889
2017-11-28,HRL,Consumer Staples,1,Stable,True,MIDDLE,False,False,False,0.18815829,0.8282827
2017-11-28,HRS,Unknown,1,Stable,True,STABLE,False,True,True,0.13288443,1.0138322
2017-11-28,HSIC,Health Care,1,Stable,True,MIDDLE,False,False,False,0.27868375,0.7624865
2017-11-28,HST,Real Estate,2,Middle,False,RISKY,False,False,False,0.19655056,1.0815649
2017-11-28,HSY,Consumer Staples,1,Stable,True,STABLE,False,True,True,0.15782881,0.48894215
2017-11-28,HUM,Health Care,1,Stable,True,STABLE,False,True,True,0.18724523,0.672252
2017-11-28,IBM,Information Technology,1,Stable,True,STABLE,False,True,True,0.17256677,0.4569968
2017-11-28,ICE,Financials,1,Stable,True,STABLE,False,True,True,0.15963188,0.46966484
2017-11-28,IDXX,Health Care,2,Middle,False,MIDDLE,False,False,False,0.25690642,1.4243141
2017-11-28,IFF,Materials,1,Stable,True,MIDDLE,False,False,False,0.14622773,1.0247552
2017-11-28,ILMN,Unknown,2,Middle,False,MIDDLE,False,False,False,0.2911605,1.4933871
2017-11-28,INCY,Health Care,3,Risky,False,RISKY,False,False,False,0.36258522,1.581836
2017-11-28,INTC,Information Technology,2,Middle,False,MIDDLE,False,False,False,0.18536498,1.4169363
2017-11-28,INTU,Information Technology,1,Stable,True,STABLE,False,True,True,0.14234747,0.99219036
2017-11-28,IP,Materials,2,Middle,False,MIDDLE,False,False,False,0.16705607,1.0842954
2017-11-28,IPG,Unknown,3,Risky,False,STABLE,False,False,False,0.32091248,1.0030756
2017-11-28,IQV,Health Care,1,Stable,True,STABLE,False,True,True,0.17549244,0.9302832
2017-11-28,IR,Industrials,3,Risky,False,RISKY,False,False,False,0.35130975,1.6662782
2017-11-28,IRM,Real Estate,1,Stable,True,RISKY,False,False,False,0.18225993,0.8159729
2017-11-28,ISRG,Health Care,1,Stable,True,STABLE,False,True,True,0.17545149,1.0452676
2017-11-28,IT,Information Technology,1,Stable,True,STABLE,False,True,True,0.15819381,0.86982954
2017-11-28,ITW,Industrials,2,Middle,False,MIDDLE,False,False,False,0.14439604,1.4010565
2017-11-28,IVZ,Financials,2,Middle,False,RISKY,False,False,False,0.17578438,1.5476806
2017-11-28,JBHT,Industrials,1,Stable,True,STABLE,False,True,True,0.20812726,0.9709013
2017-11-28,JCI,Industrials,2,Middle,False,MIDDLE,False,False,False,0.23504987,1.2875433
2017-11-28,JEC,Unknown,2,Middle,False,MIDDLE,False,False,False,0.22993422,1.5766441
2017-11-28,JEF,Unknown,2,Middle,False,MIDDLE,False,False,False,0.18273592,1.3393633
2017-11-28,JNJ,Health Care,1,Stable,True,STABLE,False,True,True,0.121976055,0.51685214
2017-11-28,JNPR,Unknown,2,Middle,False,MIDDLE,False,False,False,0.25329748,1.8748243
2017-11-28,JPM,Financials,1,Stable,True,MIDDLE,False,False,False,0.1467874,1.0139621
2017-11-28,JWN,Unknown,3,Risky,False,STABLE,False,False,False,0.30173683,0.7034295
2017-11-28,K,Unknown,1,Stable,True,STABLE,False,True,True,0.20822923,0.5092873
2017-11-28,KDP,Consumer Staples,1,Stable,True,MIDDLE,False,False,False,0.14421488,0.7076935
2017-11-28,KEY,Financials,2,Middle,False,RISKY,False,False,False,0.19358923,1.1359717
2017-11-28,KHC,Consumer Staples,1,Stable,True,MIDDLE,False,False,False,0.136553,0.8058564
2017-11-28,KIM,Real Estate,1,Stable,True,MIDDLE,False,False,False,0.28723508,0.050110284
2017-11-28,KLAC,Information Technology,2,Middle,False,RISKY,False,False,False,0.28602144,2.2454214
2017-11-28,KMB,Consumer Staples,1,Stable,True,STABLE,False,True,True,0.139358,0.59947985
2017-11-28,KMI,Energy,1,Stable,True,MIDDLE,False,False,False,0.16901955,0.7287573
2017-11-28,KMX,Unknown,1,Stable,True,STABLE,False,True,True,0.21510482,0.6418093
2017-11-28,KO,Consumer Staples,1,Stable,True,STABLE,False,True,True,0.08808926,0.2828458
2017-11-28,KORS,Unknown,3,Risky,False,RISKY,False,False,False,0.4025883,0.6591165
2017-11-28,KR,Consumer Staples,3,Risky,False,RISKY,False,False,False,0.4323067,1.4132442
2017-11-28,KSS,Unknown,3,Risky,False,MIDDLE,False,False,False,0.30696264,1.1042956
2017-11-28,KSU,Unknown,2,Middle,False,MIDDLE,False,False,False,0.16981602,1.0676866
2017-11-28,L,Financials,1,Stable,True,STABLE,False,True,True,0.116779804,0.6023366
2017-11-28,LEG,Unknown,2,Middle,False,MIDDLE,False,False,False,0.21135712,1.299699
2017-11-28,LEN,Consumer Discretionary,2,Middle,False,STABLE,False,False,False,0.21043262,1.137301
2017-11-28,LH,Health Care,1,Stable,True,STABLE,False,True,True,0.14671208,0.7792296
2017-11-28,LKQ,Unknown,1,Stable,True,STABLE,False,True,True,0.15929846,0.96202457
2017-11-28,LLL,Unknown,1,Stable,True,STABLE,False,True,True,0.13934764,0.6886746
2017-11-28,LLY,Health Care,1,Stable,True,STABLE,False,True,True,0.14094366,0.7409488
2017-11-28,LMT,Industrials,1,Stable,True,STABLE,False,True,True,0.108875945,0.66345435
2017-11-28,LNC,Unknown,2,Middle,False,MIDDLE,False,False,False,0.17980759,1.2272071
2017-11-28,LNT,Utilities,1,Stable,True,STABLE,False,True,True,0.11232289,0.14114559
2017-11-28,LOW,Consumer Discretionary,1,Stable,True,STABLE,False,True,True,0.20990278,0.8559073
2017-11-28,LRCX,Information Technology,2,Middle,False,RISKY,False,False,False,0.28980067,2.4512532
2017-11-28,LUV,Industrials,2,Middle,False,MIDDLE,False,False,False,0.21296495,1.2043673
2017-11-28,LYB,Materials,1,Stable,True,STABLE,False,True,True,0.19510415,0.74909973
2017-11-28,M,Unknown,3,Risky,False,MIDDLE,False,False,False,0.4095763,1.4067245
2017-11-28,MA,Financials,2,Middle,False,MIDDLE,False,False,False,0.14150128,1.3599921
2017-11-28,MAA,Real Estate,1,Stable,True,STABLE,False,True,True,0.14420974,0.63354456
2017-11-28,MAC,Unknown,1,Stable,True,STABLE,False,True,True,0.29007146,0.3553317
2017-11-28,MAR,Consumer Discretionary,2,Middle,False,RISKY,False,False,False,0.17099689,1.4385443
2017-11-28,MAS,Industrials,2,Middle,False,MIDDLE,False,False,False,0.1571031,1.4409115
2017-11-28,MAT,Unknown,3,Risky,False,RISKY,False,False,False,0.48917884,0.11635483
2017-11-28,MCD,Consumer Discretionary,1,Stable,True,STABLE,False,True,True,0.14663559,0.61071885
2017-11-28,MCHP,Information Technology,2,Middle,False,MIDDLE,False,False,False,0.22210224,1.9874227
2017-11-28,MCK,Health Care,1,Stable,True,MIDDLE,False,False,False,0.23435389,0.82492316
2017-11-28,MCO,Financials,1,Stable,True,MIDDLE,False,False,False,0.1395538,0.9531012
2017-11-28,MDLZ,Consumer Staples,1,Stable,True,MIDDLE,False,False,False,0.16092405,0.86340964
2017-11-28,MDT,Health Care,1,Stable,True,STABLE,False,True,True,0.17401063,0.7653012
2017-11-28,MET,Financials,1,Stable,True,MIDDLE,False,False,False,0.1700778,1.028554
2017-11-28,META,Communication Services,2,Middle,False,MIDDLE,False,False,False,0.18795234,1.5919312
2017-11-28,MGM,Consumer Discretionary,2,Middle,False,RISKY,False,False,False,0.24330792,1.291094
2017-11-28,MHK,Unknown,1,Stable,True,STABLE,False,True,True,0.15232229,0.8911528
2017-11-28,MKC,Consumer Staples,1,Stable,True,MIDDLE,False,False,False,0.21186295,0.80753034
2017-11-28,MLM,Materials,2,Middle,False,MIDDLE,False,False,False,0.25135902,1.4289746
2017-11-28,MMM,Industrials,1,Stable,True,STABLE,False,True,True,0.15339054,0.72137326
2017-11-28,MNST,Consumer Staples,1,Stable,True,STABLE,False,True,True,0.14767386,0.5870693
2017-11-28,MO,Consumer Staples,1,Stable,True,MIDDLE,False,False,False,0.2088542,0.784917
2017-11-28,MOS,Materials,2,Middle,False,RISKY,False,False,False,0.3009829,1.5671338
2017-11-28,MPC,Energy,2,Middle,False,MIDDLE,False,False,False,0.20388775,1.3020245
2017-11-28,MRK,Health Care,1,Stable,True,STABLE,False,True,True,0.17319794,0.47670683
2017-11-28,MRO,Unknown,3,Risky,False,STABLE,False,False,False,0.32673338,0.9190671
2017-11-28,MS,Financials,2,Middle,False,RISKY,False,False,False,0.17882831,1.406884
2017-11-28,MSFT,Information Technology,2,Middle,False,MIDDLE,False,False,False,0.15756683,1.5425429
2017-11-28,MSI,Information Technology,2,Middle,False,STABLE,False,False,False,0.15965554,1.2233008
2017-11-28,MTB,Financials,2,Middle,False,MIDDLE,False,False,False,0.17057088,1.0735198
2017-11-28,MTD,Health Care,1,Stable,True,STABLE,False,True,True,0.15847284,1.0732366
2017-11-28,MU,Information Technology,2,Middle,False,RISKY,False,False,False,0.3675917,2.347542
2017-11-28,MYL,Unknown,3,Risky,False,RISKY,False,False,False,0.37734142,0.70820266
2017-11-28,NAVI,Unknown,3,Risky,False,RISKY,False,False,False,0.40481696,1.0329407
2017-11-28,NBL,Unknown,2,Middle,False,MIDDLE,False,False,False,0.29350603,1.3968447
2017-11-28,NCLH,Consumer Discretionary,2,Middle,False,RISKY,False,False,False,0.25568762,1.3801148
2017-11-28,NDAQ,Financials,1,Stable,True,STABLE,False,True,True,0.14316957,0.63738245
2017-11-28,NEE,Utilities,1,Stable,True,STABLE,False,True,True,0.11586312,0.28019792
2017-11-28,NEM,Materials,1,Stable,True,STABLE,False,True,True,0.21048786,0.10018093
2017-11-28,NFLX,Communication Services,2,Middle,False,RISKY,False,False,False,0.32171822,2.182052
2017-11-28,NI,Utilities,1,Stable,True,STABLE,False,True,True,0.11885974,0.27913743
2017-11-28,NKE,Consumer Discretionary,1,Stable,True,MIDDLE,False,False,False,0.24469206,0.7178496
2017-11-28,NLSN,Unknown,2,Middle,False,STABLE,False,False,False,0.23367769,0.98591477
2017-11-28,NOC,Industrials,1,Stable,True,STABLE,False,True,True,0.13190365,0.646896
2017-11-28,NOV,Unknown,1,Stable,True,STABLE,False,True,True,0.26758376,0.5082279
2017-11-28,NRG,Utilities,3,Risky,False,RISKY,False,False,False,0.4619124,1.9886049
2017-11-28,NSC,Industrials,2,Middle,False,MIDDLE,False,False,False,0.18680967,1.5090877
2017-11-28,NTAP,Information Technology,2,Middle,False,RISKY,False,False,False,0.30863112,2.361489
2017-11-28,NTRS,Financials,1,Stable,True,RISKY,False,False,False,0.19984032,0.83388454
2017-11-28,NUE,Materials,2,Middle,False,MIDDLE,False,False,False,0.23880392,1.3125229
2017-11-28,NVDA,Information Technology,2,Middle,False,RISKY,False,False,False,0.34226403,2.5218458
2017-11-28,NWL,Unknown,3,Risky,False,RISKY,False,False,False,0.5021146,0.98498726
2017-11-28,NWS,Communication Services,2,Middle,False,MIDDLE,False,False,False,0.19863325,1.193676
2017-11-28,NWSA,Communication Services,2,Middle,False,MIDDLE,False,False,False,0.19140744,1.2227248
2017-11-28,O,Real Estate,1,Stable,True,STABLE,False,True,True,0.14507549,0.50240016
2017-11-28,OKE,Energy,1,Stable,True,MIDDLE,False,False,False,0.21880524,0.6594033
2017-11-28,OMC,Communication Services,1,Stable,True,STABLE,False,True,True,0.20486452,0.7434777
2017-11-28,ORCL,Information Technology,1,Stable,True,STABLE,False,True,True,0.20350726,0.9225563
2017-11-28,ORLY,Consumer Discretionary,3,Risky,False,MIDDLE,False,False,False,0.40641254,0.48211685
2017-11-28,OXY,Energy,1,Stable,True,MIDDLE,False,False,False,0.16965589,0.5648147
2017-11-28,PAYX,Industrials,1,Stable,True,STABLE,False,True,True,0.16485527,0.97119313
2017-11-28,PBCT,Unknown,2,Middle,False,MIDDLE,False,False,False,0.16797845,1.1807666
2017-11-28,PCAR,Industrials,2,Middle,False,MIDDLE,False,False,False,0.20230241,1.2062837
2017-11-28,PCG,Utilities,1,Stable,True,MIDDLE,False,False,False,0.27493697,0.3972623
2017-11-28,PDCO,Unknown,2,Middle,False,STABLE,False,False,False,0.26406443,0.9780892
2017-11-28,PEG,Utilities,1,Stable,True,STABLE,False,True,True,0.11622497,0.15400374
2017-11-28,PEP,Consumer Staples,1,Stable,True,STABLE,False,True,True,0.10317348,0.4367579
2017-11-28,PFE,Health Care,1,Stable,True,STABLE,False,True,True,0.11551255,0.5007985
2017-11-28,PFG,Financials,2,Middle,False,MIDDLE,False,False,False,0.15409486,1.154675
2017-11-28,PG,Consumer Staples,1,Stable,True,STABLE,False,True,True,0.10845694,0.31148684
2017-11-28,PGR,Financials,1,Stable,True,STABLE,False,True,True,0.15691485,0.58112276
2017-11-28,PH,Industrials,2,Middle,False,MIDDLE,False,False,False,0.1600109,1.3142414
2017-11-28,PHM,Consumer Discretionary,2,Middle,False,STABLE,False,False,False,0.15755253,1.089096
2017-11-28,PKG,Materials,2,Middle,False,MIDDLE,False,False,False,0.17341544,1.087938
2017-11-28,PLD,Real Estate,1,Stable,True,RISKY,False,False,False,0.15389656,0.9660546
2017-11-28,PM,Consumer Staples,1,Stable,True,STABLE,False,True,True,0.1354575,0.68605274
2017-11-28,PNC,Financials,1,Stable,True,MIDDLE,False,False,False,0.14924,0.9823165
2017-11-28,PNR,Industrials,1,Stable,True,STABLE,False,True,True,0.14569204,1.0817854
2017-11-28,PNW,Utilities,1,Stable,True,STABLE,False,True,True,0.11152792,0.17851761
2017-11-28,PPG,Materials,2,Middle,False,MIDDLE,False,False,False,0.15643306,1.1683406
2017-11-28,PPL,Utilities,1,Stable,True,STABLE,False,True,True,0.114781834,-0.0155380275
2017-11-28,PRGO,Unknown,3,Risky,False,STABLE,False,False,False,0.3363162,-0.03357857
2017-11-28,PRU,Financials,2,Middle,False,MIDDLE,False,False,False,0.16959643,1.2497126
2017-11-28,PSA,Real Estate,1,Stable,True,MIDDLE,False,False,False,0.1817605,0.13286415
2017-11-28,PSX,Energy,1,Stable,True,MIDDLE,False,False,False,0.1501144,0.85277516
2017-11-28,PVH,Unknown,1,Stable,True,STABLE,False,True,True,0.18657613,0.56679964
2017-11-28,PWR,Industrials,2,Middle,False,MIDDLE,False,False,False,0.20140363,1.0871011
2017-11-28,PX,Unknown,2,Middle,False,MIDDLE,False,False,False,0.14964266,1.1286283
2017-11-28,PXD,Unknown,3,Risky,False,STABLE,False,False,False,0.32155952,0.6600286
2017-11-28,PYPL,Financials,2,Middle,False,RISKY,False,False,False,0.23233134,1.9309512
2017-11-28,QCOM,Information Technology,2,Middle,False,MIDDLE,False,False,False,0.2815647,1.5410297
2017-11-28,QRVO,Unknown,2,Middle,False,MIDDLE,False,False,False,0.28191474,1.9069166
2017-11-28,RCL,Consumer Discretionary,2,Middle,False,RISKY,False,False,False,0.22140005,1.4366308
2017-11-28,REG,Real Estate,1,Stable,True,MIDDLE,False,False,False,0.19192298,0.48926076
2017-11-28,REGN,Health Care,3,Risky,False,MIDDLE,False,False,False,0.28569254,0.75062877
2017-11-28,RF,Financials,1,Stable,True,RISKY,False,False,False,0.19834478,0.87346464
2017-11-28,RHI,Unknown,2,Middle,False,MIDDLE,False,False,False,0.22302888,1.1850506
2017-11-28,RHT,Unknown,2,Middle,False,MIDDLE,False,False,False,0.20867878,1.286326
2017-11-28,RJF,Financials,2,Middle,False,MIDDLE,False,False,False,0.16774774,1.3238297
2017-11-28,RL,Consumer Discretionary,3,Risky,False,MIDDLE,False,False,False,0.27791813,0.814014
2017-11-28,RMD,Health Care,2,Middle,False,MIDDLE,False,False,False,0.21540529,1.3439623
2017-11-28,ROK,Industrials,2,Middle,False,MIDDLE,False,False,False,0.1934557,1.2871225
2017-11-28,ROP,Information Technology,1,Stable,True,STABLE,False,True,True,0.12486516,1.1261438
2017-11-28,ROST,Consumer Discretionary,3,Risky,False,MIDDLE,False,False,False,0.2786828,0.8532174
2017-11-28,RRC,Unknown,3,Risky,False,RISKY,False,False,False,0.44886848,0.7671077
2017-11-28,RSG,Industrials,1,Stable,True,STABLE,False,True,True,0.12391505,0.6621757
2017-11-28,RTN,Unknown,1,Stable,True,STABLE,False,True,True,0.12966937,0.6262959
2017-11-28,RVTY,Health Care,2,Middle,False,STABLE,False,False,False,0.16411266,1.1244707
2017-11-28,SBAC,Real Estate,1,Stable,True,MIDDLE,False,False,False,0.19622901,0.28108668
2017-11-28,SBUX,Consumer Discretionary,1,Stable,True,STABLE,False,True,True,0.19703758,0.94516695
2017-11-28,SCG,Unknown,1,Stable,True,STABLE,False,True,True,0.29816237,0.31239638
2017-11-28,SCHW,Financials,2,Middle,False,RISKY,False,False,False,0.18379866,1.2465067
2017-11-28,SEE,Unknown,2,Middle,False,MIDDLE,False,False,False,0.15801561,1.0882756
2017-11-28,SHW,Materials,2,Middle,False,MIDDLE,False,False,False,0.15791057,1.1277809
2017-11-28,SIG,Unknown,3,Risky,False,RISKY,False,False,False,0.6801919,-0.28094435
2017-11-28,SJM,Consumer Staples,1,Stable,True,MIDDLE,False,False,False,0.26126578,0.8141911
2017-11-28,SLB,Energy,1,Stable,True,MIDDLE,False,False,False,0.18468007,0.6228318
2017-11-28,SLG,Unknown,1,Stable,True,STABLE,False,True,True,0.17970648,0.5399995
2017-11-28,SNA,Industrials,1,Stable,True,STABLE,False,True,True,0.18122919,0.7965333
2017-11-28,SNPS,Information Technology,1,Stable,True,STABLE,False,True,True,0.12596568,1.1333102
2017-11-28,SO,Utilities,1,Stable,True,STABLE,False,True,True,0.1280667,0.10296252
2017-11-28,SPG,Real Estate,1,Stable,True,MIDDLE,False,False,False,0.22019757,0.046116978
2017-11-28,SPGI,Financials,1,Stable,True,MIDDLE,False,False,False,0.14529192,1.0747831
2017-11-28,SRCL,Unknown,2,Middle,False,MIDDLE,False,False,False,0.23226376,1.0923
2017-11-28,SRE,Utilities,1,Stable,True,STABLE,False,True,True,0.11061581,0.08923968
2017-11-28,STT,Financials,2,Middle,False,MIDDLE,False,False,False,0.15525587,1.1460134
2017-11-28,STX,Information Technology,3,Risky,False,RISKY,False,False,False,0.41895163,1.4357558
2017-11-28,STZ,Consumer Staples,1,Stable,True,STABLE,False,True,True,0.13708125,0.27327543
2017-11-28,SWK,Industrials,2,Middle,False,MIDDLE,False,False,False,0.16042893,1.1946709
2017-11-28,SWKS,Information Technology,2,Middle,False,MIDDLE,False,False,False,0.2572372,2.013052
2017-11-28,SYF,Financials,2,Middle,False,RISKY,False,False,False,0.22334477,1.6100737
2017-11-28,SYK,Health Care,2,Middle,False,STABLE,False,False,False,0.18249503,1.170486
2017-11-28,SYMC,Unknown,2,Middle,False,MIDDLE,False,False,False,0.26866096,1.5737516
2017-11-28,SYY,Consumer Staples,1,Stable,True,STABLE,False,True,True,0.17402689,0.60225004
2017-11-28,T,Communication Services,1,Stable,True,STABLE,False,True,True,0.19710119,0.8714191
2017-11-28,TAP,Consumer Staples,1,Stable,True,STABLE,False,True,True,0.14618029,0.46760708
2017-11-28,TDG,Industrials,2,Middle,False,MIDDLE,False,False,False,0.21295717,1.499202
2017-11-28,TEL,Information Technology,2,Middle,False,MIDDLE,False,False,False,0.15133148,1.5592244
2017-11-28,TGT,Consumer Staples,3,Risky,False,MIDDLE,False,False,False,0.3063592,0.7849912
2017-11-28,TIF,Unknown,1,Stable,True,STABLE,False,True,True,0.20218024,0.9629861
2017-11-28,TJX,Consumer Discretionary,1,Stable,True,STABLE,False,True,True,0.17956969,0.6407899
2017-11-28,TMO,Health Care,1,Stable,True,STABLE,False,True,True,0.1539898,0.7636617
2017-11-28,TPR,Consumer Discretionary,3,Risky,False,MIDDLE,False,False,False,0.307806,0.7585968
2017-11-28,TRIP,Unknown,3,Risky,False,RISKY,False,False,False,0.5281583,1.1329255
2017-11-28,TROW,Financials,2,Middle,False,MIDDLE,False,False,False,0.16542442,1.2428001
2017-11-28,TRV,Financials,1,Stable,True,STABLE,False,True,True,0.1560145,0.4224397
2017-11-28,TSCO,Consumer Discretionary,1,Stable,True,MIDDLE,False,False,False,0.27646127,0.67830116
2017-11-28,TSN,Consumer Staples,1,Stable,True,MIDDLE,False,False,False,0.19592305,0.69643855
2017-11-28,TSS,Unknown,1,Stable,True,STABLE,False,True,True,0.15991205,0.6427759
2017-11-28,TXN,Information Technology,2,Middle,False,MIDDLE,False,False,False,0.16326216,1.6021845
2017-11-28,TXT,Industrials,2,Middle,False,MIDDLE,False,False,False,0.1599457,1.3419436
2017-11-28,UA,Unknown,3,Risky,False,RISKY,False,False,False,0.5192394,0.778854
2017-11-28,UAA,Unknown,3,Risky,False,RISKY,False,False,False,0.5335324,0.6959687
2017-11-28,UAL,Industrials,2,Middle,False,RISKY,False,False,False,0.31981167,1.648966
2017-11-28,UDR,Real Estate,1,Stable,True,STABLE,False,True,True,0.12139114,0.353151
2017-11-28,UHS,Health Care,2,Middle,False,MIDDLE,False,False,False,0.23772475,1.0555557
2017-11-28,ULTA,Consumer Discretionary,3,Risky,False,MIDDLE,False,False,False,0.34500962,0.934505
2017-11-28,UNH,Health Care,1,Stable,True,STABLE,False,True,True,0.13926369,0.82603496
2017-11-28,UNM,Unknown,1,Stable,True,STABLE,False,True,True,0.15385313,0.9272201
2017-11-28,UNP,Industrials,2,Middle,False,MIDDLE,False,False,False,0.17468712,1.1104767
2017-11-28,UPS,Industrials,1,Stable,True,STABLE,False,True,True,0.13181823,0.86815166
2017-11-28,URI,Industrials,2,Middle,False,RISKY,False,False,False,0.2737524,1.7385023
2017-11-28,USB,Financials,1,Stable,True,MIDDLE,False,False,False,0.13177067,0.94828635
2017-11-28,UTX,Unknown,1,Stable,True,STABLE,False,True,True,0.15748285,0.7394807
2017-11-28,V,Financials,1,Stable,True,MIDDLE,False,False,False,0.12398075,1.0848103
2017-11-28,VAR,Unknown,1,Stable,True,STABLE,False,True,True,0.15911813,0.6698278
2017-11-28,VFC,Unknown,1,Stable,True,STABLE,False,True,True,0.17471631,0.87335294
2017-11-28,VIAB,Unknown,3,Risky,False,RISKY,False,False,False,0.41002914,0.34274787
2017-11-28,VLO,Energy,1,Stable,True,MIDDLE,False,False,False,0.16841367,0.91870475
2017-11-28,VMC,Materials,2,Middle,False,MIDDLE,False,False,False,0.22672406,1.2149965
2017-11-28,VNO,Unknown,1,Stable,True,STABLE,False,True,True,0.16218933,0.5684326
2017-11-28,VRSK,Industrials,1,Stable,True,STABLE,False,True,True,0.14836256,0.8092846
2017-11-28,VRSN,Information Technology,1,Stable,True,STABLE,False,True,True,0.12999296,1.0700825
2017-11-28,VRTX,Health Care,3,Risky,False,RISKY,False,False,False,0.3825827,1.8251672
2017-11-28,VTR,Real Estate,1,Stable,True,STABLE,False,True,True,0.13480185,0.45005992
2017-11-28,VZ,Communication Services,1,Stable,True,STABLE,False,True,True,0.18722598,0.74662006
2017-11-28,WAT,Health Care,1,Stable,True,STABLE,False,True,True,0.16565529,0.9328494
2017-11-28,WBA,Unknown,1,Stable,True,STABLE,False,True,True,0.22150694,0.564303
2017-11-28,WDC,Information Technology,3,Risky,False,MIDDLE,False,False,False,0.32779285,1.4261
2017-11-28,WEC,Utilities,1,Stable,True,STABLE,False,True,True,0.11154485,0.081254534
2017-11-28,WELL,Real Estate,1,Stable,True,STABLE,False,True,True,0.13846548,0.65754676
2017-11-28,WFC,Financials,1,Stable,True,MIDDLE,False,False,False,0.15806285,1.064934
2017-11-28,WHR,Unknown,2,Middle,False,STABLE,False,False,False,0.25574294,1.0131359
2017-11-28,WM,Industrials,1,Stable,True,STABLE,False,True,True,0.1227651,0.6566878
2017-11-28,WMB,Energy,1,Stable,True,MIDDLE,False,False,False,0.16773748,0.8176379
2017-11-28,WMT,Consumer Staples,1,Stable,True,MIDDLE,False,False,False,0.22003423,0.7797167
2017-11-28,WTW,Financials,1,Stable,True,STABLE,False,True,True,0.11895977,0.42091888
2017-11-28,WU,Unknown,1,Stable,True,STABLE,False,True,True,0.15690643,1.0142293
2017-11-28,WY,Real Estate,1,Stable,True,RISKY,False,False,False,0.16209671,0.8807141
2017-11-28,WYND,Unknown,2,Middle,False,MIDDLE,False,False,False,0.17015068,1.6511464
2017-11-28,WYNN,Consumer Discretionary,2,Middle,False,RISKY,False,False,False,0.2579848,1.2312926
2017-11-28,XEC,Unknown,2,Middle,False,STABLE,False,False,False,0.27182654,0.9753452
2017-11-28,XEL,Utilities,1,Stable,True,STABLE,False,True,True,0.10239002,-0.0037266237
2017-11-28,XL,Unknown,1,Stable,True,STABLE,False,True,True,0.25877482,0.6799868
2017-11-28,XLNX,Unknown,2,Middle,False,MIDDLE,False,False,False,0.21084186,1.479138
2017-11-28,XOM,Energy,1,Stable,True,STABLE,False,True,True,0.10019436,0.47427046
2017-11-28,XRAY,Unknown,1,Stable,True,STABLE,False,True,True,0.23997197,0.68155974
2017-11-28,XRX,Unknown,2,Middle,False,MIDDLE,False,False,False,0.22791016,1.1370188
2017-11-28,XYL,Industrials,1,Stable,True,STABLE,False,True,True,0.14541957,0.8664993
2017-11-28,YUM,Consumer Discretionary,1,Stable,True,STABLE,False,True,True,0.15692993,0.7747033
2017-11-28,ZBH,Health Care,2,Middle,False,STABLE,False,False,False,0.18870744,1.1010399
2017-11-28,ZION,Unknown,2,Middle,False,MIDDLE,False,False,False,0.20027438,1.1237556
2017-11-28,ZTS,Health Care,1,Stable,True,STABLE,False,True,True,0.1468502,0.7447784
2018-05-22,A,Health Care,2,Middle,False,MIDDLE,False,False,False,0.27745494,1.1766088
2018-05-22,AAL,Unknown,3,Risky,False,RISKY,False,False,False,0.33665925,1.0588439
2018-05-22,AAP,Unknown,3,Risky,False,RISKY,False,False,False,0.3643249,0.9952534
2018-05-22,AAPL,Information Technology,2,Middle,False,STABLE,False,False,False,0.24952665,1.0755328
2018-05-22,ABBV,Health Care,3,Risky,False,RISKY,False,False,False,0.3956998,1.4189545
2018-05-22,ABT,Health Care,2,Middle,False,MIDDLE,False,False,False,0.22271349,1.08148
2018-05-22,ACN,Information Technology,2,Middle,False,STABLE,False,False,False,0.22865297,1.163228
2018-05-22,ADBE,Information Technology,2,Middle,False,MIDDLE,False,False,False,0.300319,1.3052452
2018-05-22,ADI,Information Technology,2,Middle,False,MIDDLE,False,False,False,0.25885564,1.1925848
2018-05-22,ADM,Consumer Staples,1,Stable,True,MIDDLE,False,False,False,0.20134723,0.6766559
2018-05-22,ADP,Industrials,2,Middle,False,STABLE,False,False,False,0.21437496,0.9794568
2018-05-22,ADSK,Information Technology,3,Risky,False,MIDDLE,False,False,False,0.42460248,1.2612993
2018-05-22,AEE,Utilities,1,Stable,True,STABLE,False,True,True,0.18738414,0.29146922
2018-05-22,AEP,Utilities,1,Stable,True,STABLE,False,True,True,0.15548679,0.20906837
2018-05-22,AES,Utilities,1,Stable,True,RISKY,False,False,False,0.2703498,0.55148655
2018-05-22,AET,Unknown,1,Stable,True,STABLE,False,True,True,0.13806723,0.4191065
2018-05-22,AFL,Financials,1,Stable,True,STABLE,False,True,True,0.1935811,0.6970563
2018-05-22,AGN,Unknown,2,Middle,False,RISKY,False,False,False,0.31268528,1.0164279
2018-05-22,AIG,Financials,1,Stable,True,STABLE,False,True,True,0.20125595,0.6484569
2018-05-22,AIV,Unknown,1,Stable,True,STABLE,False,True,True,0.17949356,0.51419836
2018-05-22,AIZ,Financials,2,Middle,False,STABLE,False,False,False,0.2274744,0.8890036
2018-05-22,AJG,Financials,1,Stable,True,STABLE,False,True,True,0.20075424,0.8110918
2018-05-22,AKAM,Information Technology,2,Middle,False,MIDDLE,False,False,False,0.3135554,1.1000183
2018-05-22,ALB,Materials,3,Risky,False,MIDDLE,False,False,False,0.3766024,0.93468857
2018-05-22,ALGN,Health Care,3,Risky,False,RISKY,False,False,False,0.44197872,1.7052128
2018-05-22,ALK,Unknown,2,Middle,False,STABLE,False,False,False,0.33189374,0.7423295
2018-05-22,ALL,Financials,2,Middle,False,STABLE,False,False,False,0.20950943,0.86368126
2018-05-22,ALLE,Industrials,2,Middle,False,STABLE,False,False,False,0.23137377,0.9128711
2018-05-22,ALXN,Unknown,3,Risky,False,RISKY,False,False,False,0.41714114,1.4716511
2018-05-22,AMAT,Information Technology,3,Risky,False,RISKY,False,False,False,0.44105443,1.8470443
2018-05-22,AMD,Information Technology,3,Risky,False,RISKY,False,False,False,0.46486646,1.5154772
2018-05-22,AME,Industrials,2,Middle,False,STABLE,False,False,False,0.19953153,0.9855461
2018-05-22,AMG,Unknown,2,Middle,False,RISKY,False,False,False,0.25727254,1.223171
2018-05-22,AMGN,Health Care,2,Middle,False,MIDDLE,False,False,False,0.24681224,1.1097167
2018-05-22,AMP,Financials,2,Middle,False,RISKY,False,False,False,0.26332742,1.2338902
2018-05-22,AMT,Real Estate,1,Stable,True,STABLE,False,True,True,0.20695591,0.4646607
2018-05-22,AMZN,Consumer Discretionary,2,Middle,False,MIDDLE,False,False,False,0.28865334,1.1574485
2018-05-22,ANSS,Unknown,2,Middle,False,STABLE,False,False,False,0.22425999,0.9962297
2018-05-22,AON,Financials,1,Stable,True,STABLE,False,True,True,0.17571793,0.76320213
2018-05-22,AOS,Industrials,2,Middle,False,RISKY,False,False,False,0.22836788,1.219614
2018-05-22,APA,Energy,3,Risky,False,RISKY,False,False,False,0.35611174,1.0186226
2018-05-22,APD,Materials,2,Middle,False,STABLE,False,False,False,0.19489771,0.97011507
2018-05-22,APH,Information Technology,2,Middle,False,STABLE,False,False,False,0.18609883,0.9466872
2018-05-22,APTV,Consumer Discretionary,2,Middle,False,MIDDLE,False,False,False,0.27856845,1.2015623
2018-05-22,ARE,Real Estate,1,Stable,True,RISKY,False,False,False,0.20848177,0.7037753
2018-05-22,ATVI,Unknown,3,Risky,False,RISKY,False,False,False,0.32835513,1.4199051
2018-05-22,AVB,Real Estate,1,Stable,True,STABLE,False,True,True,0.18094788,0.51701486
2018-05-22,AVGO,Information Technology,2,Middle,False,MIDDLE,False,False,False,0.30465287,1.0651653
2018-05-22,AVY,Materials,2,Middle,False,STABLE,False,False,False,0.21375763,0.9633321
2018-05-22,AWK,Utilities,1,Stable,True,MIDDLE,False,False,False,0.1804318,0.44726613
2018-05-22,AXP,Financials,2,Middle,False,MIDDLE,False,False,False,0.24930142,1.10637
2018-05-22,AYI,Unknown,3,Risky,False,RISKY,False,False,False,0.39416343,0.97284347
2018-05-22,AZO,Consumer Discretionary,2,Middle,False,MIDDLE,False,False,False,0.31236354,0.8055257
2018-05-22,BA,Industrials,2,Middle,False,RISKY,False,False,False,0.3142962,1.293496
2018-05-22,BAC,Financials,2,Middle,False,MIDDLE,False,False,False,0.24314724,1.1751783
2018-05-22,BALL,Materials,1,Stable,True,STABLE,False,True,True,0.21825725,0.61826974
2018-05-22,BAX,Health Care,2,Middle,False,MIDDLE,False,False,False,0.22043595,1.0548375
2018-05-22,BBT,Unknown,1,Stable,True,STABLE,False,True,True,0.19572447,0.68578655
2018-05-22,BBY,Consumer Discretionary,2,Middle,False,MIDDLE,False,False,False,0.2983893,1.0795985
2018-05-22,BDX,Health Care,2,Middle,False,MIDDLE,False,False,False,0.21310389,1.0311364
2018-05-22,BEN,Financials,2,Middle,False,MIDDLE,False,False,False,0.24263577,1.1368515
2018-05-22,BF-B,Consumer Staples,1,Stable,True,MIDDLE,False,False,False,0.2399763,0.7919347
2018-05-22,BHF,Unknown,3,Risky,False,RISKY,False,False,False,0.32843924,1.2103177
2018-05-22,BHGE,Unknown,3,Risky,False,RISKY,False,False,False,0.35354817,0.93005395
2018-05-22,BIIB,Health Care,2,Middle,False,MIDDLE,False,False,False,0.28909996,0.9512954
2018-05-22,BKNG,Consumer Discretionary,1,Stable,True,STABLE,False,True,True,0.23233852,0.7298751
2018-05-22,BLK,Financials,2,Middle,False,RISKY,False,False,False,0.25782782,1.3425395
2018-05-22,BMY,Health Care,1,Stable,True,STABLE,False,True,True,0.25544488,0.68537855
2018-05-22,BRK-B,Financials,2,Middle,False,MIDDLE,False,False,False,0.22685106,1.2394261
2018-05-22,BSX,Health Care,2,Middle,False,MIDDLE,False,False,False,0.26020023,1.0799134
2018-05-22,BWA,Unknown,2,Middle,False,RISKY,False,False,False,0.2789342,1.2173384
2018-05-22,BXP,Real Estate,1,Stable,True,RISKY,False,False,False,0.21060148,0.675389
2018-05-22,C,Financials,2,Middle,False,MIDDLE,False,False,False,0.22494656,1.0059562
2018-05-22,CAG,Unknown,1,Stable,True,STABLE,False,True,True,0.17432758,0.557651
2018-05-22,CAH,Health Care,3,Risky,False,RISKY,False,False,False,0.46577573,0.94751614
2018-05-22,CAT,Industrials,2,Middle,False,RISKY,False,False,False,0.29869553,1.4035836
2018-05-22,CB,Financials,1,Stable,True,STABLE,False,True,True,0.18943426,0.7960821
2018-05-22,CBOE,Financials,1,Stable,True,MIDDLE,False,False,False,0.29010072,0.61564434
2018-05-22,CBRE,Real Estate,2,Middle,False,RISKY,False,False,False,0.20532782,0.9144684
2018-05-22,CCI,Real Estate,1,Stable,True,STABLE,False,True,True,0.21530423,0.38435856
2018-05-22,CCL,Consumer Discretionary,1,Stable,True,STABLE,False,True,True,0.19900109,0.60711294
2018-05-22,CDNS,Information Technology,2,Middle,False,MIDDLE,False,False,False,0.29453805,1.0631918
2018-05-22,CELG,Unknown,2,Middle,False,RISKY,False,False,False,0.3104864,1.0631741
2018-05-22,CERN,Unknown,2,Middle,False,STABLE,False,False,False,0.24739122,0.98930883
2018-05-22,CF,Materials,3,Risky,False,MIDDLE,False,False,False,0.3478251,1.0817564
2018-05-22,CFG,Financials,2,Middle,False,RISKY,False,False,False,0.2807887,1.200987
2018-05-22,CHD,Consumer Staples,1,Stable,True,MIDDLE,False,False,False,0.2199094,0.41772062
2018-05-22,CHRW,Industrials,1,Stable,True,STABLE,False,True,True,0.25754663,0.7551296
2018-05-22,CHTR,Communication Services,2,Middle,False,MIDDLE,False,False,False,0.33335322,0.70189244
2018-05-22,CI,Health Care,1,Stable,True,STABLE,False,True,True,0.28750113,0.7177062
2018-05-22,CINF,Financials,1,Stable,True,STABLE,False,True,True,0.20854548,0.83417
2018-05-22,CL,Consumer Staples,1,Stable,True,MIDDLE,False,False,False,0.18418767,0.419323
2018-05-22,CLX,Consumer Staples,1,Stable,True,MIDDLE,False,False,False,0.24326858,0.5125011
2018-05-22,CMA,Unknown,2,Middle,False,RISKY,False,False,False,0.24771796,1.1133207
2018-05-22,CMCSA,Communication Services,2,Middle,False,MIDDLE,False,False,False,0.30564567,0.95035094
2018-05-22,CME,Financials,2,Middle,False,STABLE,False,False,False,0.20835699,0.922008
2018-05-22,CMG,Consumer Discretionary,3,Risky,False,RISKY,False,False,False,0.510188,1.0026338
2018-05-22,CMI,Industrials,2,Middle,False,STABLE,False,False,False,0.240948,0.9493444
2018-05-22,CMS,Utilities,1,Stable,True,STABLE,False,True,True,0.15751973,0.298921
2018-05-22,CNC,Health Care,2,Middle,False,STABLE,False,False,False,0.2735052,0.8373357
2018-05-22,CNP,Utilities,1,Stable,True,MIDDLE,False,False,False,0.18726845,0.53151125
2018-05-22,COF,Financials,2,Middle,False,MIDDLE,False,False,False,0.24711627,1.1737978
2018-05-22,COO,Health Care,2,Middle,False,STABLE,False,False,False,0.24624336,0.8940912
2018-05-22,COP,Energy,2,Middle,False,MIDDLE,False,False,False,0.2527505,0.84443295
2018-05-22,COR,Health Care,2,Middle,False,MIDDLE,False,False,False,0.3286383,1.0582805
2018-05-22,COST,Consumer Staples,2,Middle,False,MIDDLE,False,False,False,0.2087074,0.90448534
2018-05-22,COTY,Unknown,1,Stable,True,MIDDLE,False,False,False,0.34378833,0.3297044
2018-05-22,CPB,Unknown,1,Stable,True,STABLE,False,True,True,0.3136065,0.4958812
2018-05-22,CPRI,Unknown,2,Middle,False,STABLE,False,False,False,0.27307028,0.9443025
2018-05-22,CRM,Information Technology,2,Middle,False,STABLE,False,False,False,0.2569839,1.080031
2018-05-22,CSCO,Information Technology,2,Middle,False,MIDDLE,False,False,False,0.25599116,1.3192358
2018-05-22,CSX,Industrials,2,Middle,False,RISKY,False,False,False,0.3033502,1.1382875
2018-05-22,CTAS,Industrials,2,Middle,False,STABLE,False,False,False,0.21804744,0.937052
2018-05-22,CTSH,Information Technology,1,Stable,True,STABLE,False,True,True,0.19561197,0.7846162
2018-05-22,CTXS,Unknown,1,Stable,True,STABLE,False,True,True,0.16971527,0.78897804
2018-05-22,CVS,Health Care,2,Middle,False,MIDDLE,False,False,False,0.29734772,0.97866297
2018-05-22,CVX,Energy,2,Middle,False,MIDDLE,False,False,False,0.22761807,1.0121981
2018-05-22,CXO,Unknown,2,Middle,False,RISKY,False,False,False,0.3353999,0.97472423
2018-05-22,D,Utilities,1,Stable,True,STABLE,False,True,True,0.1725738,0.2687545
2018-05-22,DAL,Industrials,2,Middle,False,RISKY,False,False,False,0.2780232,0.980174
2018-05-22,DE,Industrials,2,Middle,False,RISKY,False,False,False,0.29683256,1.3123109
2018-05-22,DFS,Unknown,2,Middle,False,RISKY,False,False,False,0.24592511,1.1988091
2018-05-22,DG,Consumer Staples,1,Stable,True,MIDDLE,False,False,False,0.24190314,0.71400356
2018-05-22,DGX,Health Care,1,Stable,True,STABLE,False,True,True,0.19814114,0.8046627
2018-05-22,DHI,Consumer Discretionary,2,Middle,False,MIDDLE,False,False,False,0.29063267,0.9961346
2018-05-22,DHR,Health Care,2,Middle,False,STABLE,False,False,False,0.2001813,0.9846324
2018-05-22,DIS,Communication Services,2,Middle,False,STABLE,False,False,False,0.22299299,0.8498907
2018-05-22,DISCK,Unknown,3,Risky,False,RISKY,False,False,False,0.40081823,1.0660787
2018-05-22,DISH,Unknown,3,Risky,False,RISKY,False,False,False,0.36020353,0.87497187
2018-05-22,DLR,Real Estate,1,Stable,True,MIDDLE,False,False,False,0.2704271,0.59301144
2018-05-22,DLTR,Consumer Staples,2,Middle,False,RISKY,False,False,False,0.3336365,0.8314709
2018-05-22,DOV,Industrials,2,Middle,False,RISKY,False,False,False,0.23994449,1.0461417
2018-05-22,DRE,Unknown,1,Stable,True,STABLE,False,True,True,0.19901942,0.64751613
2018-05-22,DRI,Consumer Discretionary,1,Stable,True,STABLE,False,True,True,0.24675566,0.7650192
2018-05-22,DTE,Utilities,1,Stable,True,STABLE,False,True,True,0.156565,0.23929827
2018-05-22,DUK,Utilities,1,Stable,True,STABLE,False,True,True,0.15577514,0.22534944
2018-05-22,DVA,Health Care,2,Middle,False,STABLE,False,False,False,0.28878295,0.7452647
2018-05-22,DVN,Energy,3,Risky,False,RISKY,False,False,False,0.40726987,1.1839193
2018-05-22,DWDP,Unknown,2,Middle,False,RISKY,False,False,False,0.26415756,1.3138673
2018-05-22,DXC,Unknown,2,Middle,False,STABLE,False,False,False,0.21288751,0.9417891
2018-05-22,EA,Communication Services,2,Middle,False,MIDDLE,False,False,False,0.30734792,1.1608297
2018-05-22,EBAY,Consumer Discretionary,2,Middle,False,MIDDLE,False,False,False,0.3111924,0.9095509
2018-05-22,ECL,Materials,1,Stable,True,STABLE,False,True,True,0.17177182,0.7560359
2018-05-22,ED,Utilities,1,Stable,True,STABLE,False,True,True,0.16057661,0.28696007
2018-05-22,EFX,Industrials,1,Stable,True,STABLE,False,True,True,0.21306865,0.7865954
2018-05-22,EG,Financials,1,Stable,True,STABLE,False,True,True,0.23571135,0.51619405
2018-05-22,EIX,Utilities,1,Stable,True,RISKY,False,False,False,0.3221792,0.3486282
2018-05-22,EL,Consumer Staples,1,Stable,True,MIDDLE,False,False,False,0.21882147,0.67339367
2018-05-22,ELV,Health Care,2,Middle,False,STABLE,False,False,False,0.2464261,0.86575913
2018-05-22,EMN,Unknown,2,Middle,False,STABLE,False,False,False,0.20858051,0.97755736
2018-05-22,EMR,Industrials,2,Middle,False,RISKY,False,False,False,0.23505884,1.1488646
2018-05-22,EOG,Energy,2,Middle,False,MIDDLE,False,False,False,0.26042846,0.83745813
2018-05-22,EQIX,Real Estate,1,Stable,True,MIDDLE,False,False,False,0.2716238,0.49155176
2018-05-22,EQT,Energy,3,Risky,False,RISKY,False,False,False,0.37662485,1.3625242
2018-05-22,ES,Utilities,1,Stable,True,MIDDLE,False,False,False,0.19246593,0.38884607
2018-05-22,ESRX,Unknown,2,Middle,False,STABLE,False,False,False,0.2964872,0.8344913
2018-05-22,ESS,Real Estate,1,Stable,True,STABLE,False,True,True,0.20216475,0.5055108
2018-05-22,ETFC,Unknown,2,Middle,False,RISKY,False,False,False,0.275752,1.2821347
2018-05-22,ETN,Industrials,2,Middle,False,STABLE,False,False,False,0.22542833,1.0227003
2018-05-22,ETR,Utilities,1,Stable,True,MIDDLE,False,False,False,0.18044832,0.34166142
2018-05-22,EW,Health Care,2,Middle,False,STABLE,False,False,False,0.2377137,0.9165501
2018-05-22,EXC,Utilities,1,Stable,True,MIDDLE,False,False,False,0.16966064,0.36756992
2018-05-22,EXPD,Industrials,2,Middle,False,STABLE,False,False,False,0.24315014,0.9027994
2018-05-22,EXPE,Consumer Discretionary,1,Stable,True,RISKY,False,False,False,0.36145127,0.57835466
2018-05-22,EXR,Real Estate,1,Stable,True,STABLE,False,True,True,0.20463902,0.5741806
2018-05-22,F,Consumer Discretionary,2,Middle,False,MIDDLE,False,False,False,0.2496111,0.91723126
2018-05-22,FAST,Industrials,2,Middle,False,RISKY,False,False,False,0.27247134,0.96100456
2018-05-22,FBIN,Unknown,2,Middle,False,STABLE,False,False,False,0.24374579,1.0304223
2018-05-22,FCX,Materials,3,Risky,False,RISKY,False,False,False,0.46531314,1.5285946
2018-05-22,FDX,Industrials,2,Middle,False,RISKY,False,False,False,0.24657737,1.0661223
2018-05-22,FE,Utilities,1,Stable,True,MIDDLE,False,False,False,0.23306157,0.40340132
2018-05-22,FFIV,Information Technology,2,Middle,False,STABLE,False,False,False,0.24167971,0.88129693
2018-05-22,FI,Financials,1,Stable,True,STABLE,False,True,True,0.18847701,0.71209896
2018-05-22,FIS,Financials,1,Stable,True,STABLE,False,True,True,0.18662281,0.81034636
2018-05-22,FITB,Financials,2,Middle,False,MIDDLE,False,False,False,0.27300724,0.93364173
2018-05-22,FL,Unknown,3,Risky,False,RISKY,False,False,False,0.41814604,1.1403478
2018-05-22,FLIR,Unknown,2,Middle,False,STABLE,False,False,False,0.20236704,0.9324114
2018-05-22,FLR,Unknown,3,Risky,False,MIDDLE,False,False,False,0.44304425,0.78166467
2018-05-22,FLS,Unknown,2,Middle,False,RISKY,False,False,False,0.30898193,1.0339171
2018-05-22,FMC,Unknown,2,Middle,False,RISKY,False,False,False,0.2888435,1.0654147
2018-05-22,FRT,Real Estate,1,Stable,True,STABLE,False,True,True,0.19776772,0.5210926
2018-05-22,FTI,Unknown,3,Risky,False,RISKY,False,False,False,0.35386366,1.0891263
2018-05-22,FTV,Industrials,2,Middle,False,STABLE,False,False,False,0.22506796,0.99787295
2018-05-22,GAP,Unknown,3,Risky,False,RISKY,False,False,False,0.34888712,0.9031726
2018-05-22,GD,Industrials,2,Middle,False,STABLE,False,False,False,0.23690699,0.801728
2018-05-22,GE,Industrials,2,Middle,False,MIDDLE,False,False,False,0.30711883,0.816114
2018-05-22,GILD,Health Care,2,Middle,False,MIDDLE,False,False,False,0.29488897,1.1240199
2018-05-22,GIS,Consumer Staples,1,Stable,True,MIDDLE,False,False,False,0.25360918,0.6257701
2018-05-22,GLW,Information Technology,2,Middle,False,STABLE,False,False,False,0.23725842,1.1187847
2018-05-22,GM,Consumer Discretionary,2,Middle,False,MIDDLE,False,False,False,0.26568592,1.0873342
2018-05-22,GOOG,Communication Services,2,Middle,False,MIDDLE,False,False,False,0.27267256,1.4282179
2018-05-22,GOOGL,Communication Services,2,Middle,False,MIDDLE,False,False,False,0.27314267,1.4111948
2018-05-22,GPC,Consumer Discretionary,2,Middle,False,STABLE,False,False,False,0.21383879,0.9074437
2018-05-22,GPN,Financials,2,Middle,False,MIDDLE,False,False,False,0.24100022,1.0387785
2018-05-22,GRMN,Consumer Discretionary,1,Stable,True,STABLE,False,True,True,0.1958385,0.6836996
2018-05-22,GS,Financials,2,Middle,False,MIDDLE,False,False,False,0.24850926,1.1789087
2018-05-22,GT,Unknown,2,Middle,False,STABLE,False,False,False,0.25818032,1.035155
2018-05-22,GWW,Industrials,3,Risky,False,MIDDLE,False,False,False,0.37666875,0.8825023
2018-05-22,HAL,Energy,2,Middle,False,MIDDLE,False,False,False,0.2663518,0.94752365
2018-05-22,HAS,Consumer Discretionary,1,Stable,True,STABLE,False,True,True,0.25839975,0.5154003
2018-05-22,HBAN,Financials,2,Middle,False,MIDDLE,False,False,False,0.22945243,1.0133979
2018-05-22,HBI,Unknown,3,Risky,False,RISKY,False,False,False,0.34811303,1.0053369
2018-05-22,HCA,Health Care,1,Stable,True,STABLE,False,True,True,0.24198027,0.68485093
2018-05-22,HD,Consumer Discretionary,2,Middle,False,MIDDLE,False,False,False,0.23263134,1.113785
2018-05-22,HES,Unknown,3,Risky,False,RISKY,False,False,False,0.37524492,1.3778456
2018-05-22,HIG,Financials,2,Middle,False,STABLE,False,False,False,0.22053435,0.88734865
2018-05-22,HII,Industrials,2,Middle,False,MIDDLE,False,False,False,0.32225075,0.90633416
2018-05-22,HLT,Consumer Discretionary,1,Stable,True,STABLE,False,True,True,0.22642623,0.7736654
2018-05-22,HOG,Unknown,2,Middle,False,STABLE,False,False,False,0.27819344,0.7890801
2018-05-22,HOLX,Unknown,2,Middle,False,STABLE,False,False,False,0.2430203,0.82797515
2018-05-22,HON,Industrials,2,Middle,False,STABLE,False,False,False,0.18393059,0.94727033
2018-05-22,HP,Unknown,2,Middle,False,RISKY,False,False,False,0.29672173,0.9878234
2018-05-22,HPE,Information Technology,2,Middle,False,MIDDLE,False,False,False,0.2855003,1.1572381
2018-05-22,HPQ,Information Technology,2,Middle,False,MIDDLE,False,False,False,0.26321274,1.33183
2018-05-22,HRB,Unknown,3,Risky,False,RISKY,False,False,False,0.36877418,0.9515205
2018-05-22,HRL,Consumer Staples,1,Stable,True,MIDDLE,False,False,False,0.20437329,0.58535695
2018-05-22,HRS,Unknown,1,Stable,True,STABLE,False,True,True,0.22122584,0.6539127
2018-05-22,HSIC,Health Care,2,Middle,False,STABLE,False,False,False,0.2882243,0.8330302
2018-05-22,HST,Real Estate,2,Middle,False,RISKY,False,False,False,0.22365461,0.828277
2018-05-22,HSY,Consumer Staples,1,Stable,True,MIDDLE,False,False,False,0.18658124,0.4841424
2018-05-22,HUM,Health Care,1,Stable,True,STABLE,False,True,True,0.21492359,0.56708664
2018-05-22,IBM,Information Technology,2,Middle,False,STABLE,False,False,False,0.23791644,0.97171074
2018-05-22,ICE,Financials,2,Middle,False,STABLE,False,False,False,0.20741026,0.9777448
2018-05-22,IDXX,Health Care,2,Middle,False,MIDDLE,False,False,False,0.2833157,1.1985137
2018-05-22,IFF,Materials,1,Stable,True,STABLE,False,True,True,0.24823503,0.76893675
2018-05-22,ILMN,Unknown,3,Risky,False,RISKY,False,False,False,0.3168687,1.3375443
2018-05-22,INCY,Health Care,3,Risky,False,RISKY,False,False,False,0.5192176,1.5809503
2018-05-22,INTC,Information Technology,3,Risky,False,MIDDLE,False,False,False,0.3520049,1.536453
2018-05-22,INTU,Information Technology,2,Middle,False,STABLE,False,False,False,0.22607508,1.094276
2018-05-22,IP,Materials,2,Middle,False,MIDDLE,False,False,False,0.25308505,1.0844216
2018-05-22,IPG,Unknown,2,Middle,False,STABLE,False,False,False,0.26840183,0.8383139
2018-05-22,IPGP,Unknown,3,Risky,False,RISKY,False,False,False,0.41948012,1.3734212
2018-05-22,IQV,Health Care,2,Middle,False,STABLE,False,False,False,0.22024186,0.8810534
2018-05-22,IR,Industrials,2,Middle,False,RISKY,False,False,False,0.29852802,1.1550543
2018-05-22,IRM,Real Estate,1,Stable,True,MIDDLE,False,False,False,0.2460246,0.65251637
2018-05-22,ISRG,Health Care,3,Risky,False,MIDDLE,False,False,False,0.32707125,1.2798618
2018-05-22,IT,Information Technology,2,Middle,False,STABLE,False,False,False,0.23744726,0.9221124
2018-05-22,ITW,Industrials,2,Middle,False,RISKY,False,False,False,0.25005683,1.1019273
2018-05-22,IVZ,Financials,2,Middle,False,RISKY,False,False,False,0.25391546,1.2721908
2018-05-22,JBHT,Industrials,2,Middle,False,STABLE,False,False,False,0.22836576,0.8224194
2018-05-22,JCI,Industrials,2,Middle,False,RISKY,False,False,False,0.26353523,1.0202513
2018-05-22,JEC,Unknown,2,Middle,False,RISKY,False,False,False,0.2849614,1.2194464
2018-05-22,JEF,Unknown,2,Middle,False,RISKY,False,False,False,0.2815672,1.0531965
2018-05-22,JNJ,Health Care,2,Middle,False,STABLE,False,False,False,0.20985186,0.91086745
2018-05-22,JNPR,Unknown,2,Middle,False,STABLE,False,False,False,0.26349962,0.7932489
2018-05-22,JPM,Financials,2,Middle,False,MIDDLE,False,False,False,0.22396508,1.1303246
2018-05-22,JWN,Unknown,3,Risky,False,RISKY,False,False,False,0.36380914,0.98172945
2018-05-22,K,Unknown,1,Stable,True,STABLE,False,True,True,0.22376479,0.48698682
2018-05-22,KDP,Consumer Staples,1,Stable,True,STABLE,False,True,True,0.30803138,-0.017455399
2018-05-22,KEY,Financials,2,Middle,False,RISKY,False,False,False,0.27029178,1.1366198
2018-05-22,KHC,Consumer Staples,2,Middle,False,MIDDLE,False,False,False,0.21450305,0.84894943
2018-05-22,KIM,Real Estate,1,Stable,True,MIDDLE,False,False,False,0.2812625,0.60424834
2018-05-22,KLAC,Information Technology,3,Risky,False,RISKY,False,False,False,0.36272025,1.6458354
2018-05-22,KMB,Consumer Staples,1,Stable,True,MIDDLE,False,False,False,0.21026178,0.5579239
2018-05-22,KMI,Energy,2,Middle,False,MIDDLE,False,False,False,0.23972525,0.9838088
2018-05-22,KMX,Unknown,2,Middle,False,RISKY,False,False,False,0.2759414,1.0339234
2018-05-22,KO,Consumer Staples,1,Stable,True,MIDDLE,False,False,False,0.15464367,0.593652
2018-05-22,KORS,Unknown,2,Middle,False,STABLE,False,False,False,0.27307028,0.94430256
2018-05-22,KR,Consumer Staples,3,Risky,False,RISKY,False,False,False,0.3538639,0.8117276
2018-05-22,KSS,Unknown,3,Risky,False,RISKY,False,False,False,0.3802046,1.1385051
2018-05-22,KSU,Unknown,2,Middle,False,STABLE,False,False,False,0.23876125,0.89914006
2018-05-22,L,Financials,2,Middle,False,STABLE,False,False,False,0.18550892,0.92434454
2018-05-22,LEG,Unknown,2,Middle,False,STABLE,False,False,False,0.23576596,0.927277
2018-05-22,LEN,Consumer Discretionary,2,Middle,False,MIDDLE,False,False,False,0.31306407,1.083966
2018-05-22,LH,Health Care,1,Stable,True,STABLE,False,True,True,0.1997823,0.83800316
2018-05-22,LKQ,Unknown,3,Risky,False,MIDDLE,False,False,False,0.3735839,0.7304768
2018-05-22,LLL,Unknown,2,Middle,False,STABLE,False,False,False,0.23399723,0.96104264
2018-05-22,LLY,Health Care,2,Middle,False,STABLE,False,False,False,0.21755032,0.91950864
2018-05-22,LMT,Industrials,1,Stable,True,STABLE,False,True,True,0.2347164,0.7858531
2018-05-22,LNC,Unknown,2,Middle,False,RISKY,False,False,False,0.27871716,1.2452201
2018-05-22,LNT,Utilities,1,Stable,True,STABLE,False,True,True,0.16943063,0.25911748
2018-05-22,LOW,Consumer Discretionary,2,Middle,False,MIDDLE,False,False,False,0.3008786,1.1855483
2018-05-22,LRCX,Information Technology,3,Risky,False,RISKY,False,False,False,0.45238957,1.9181762
2018-05-22,LUV,Industrials,2,Middle,False,STABLE,False,False,False,0.2671419,0.8849199
2018-05-22,LYB,Materials,2,Middle,False,MIDDLE,False,False,False,0.2595856,1.0600901
2018-05-22,M,Unknown,3,Risky,False,RISKY,False,False,False,0.41140842,0.9374343
2018-05-22,MA,Financials,2,Middle,False,MIDDLE,False,False,False,0.23505582,1.0931935
2018-05-22,MAA,Real Estate,1,Stable,True,STABLE,False,True,True,0.19578622,0.5696061
2018-05-22,MAC,Unknown,1,Stable,True,STABLE,False,True,True,0.2627988,0.63531107
2018-05-22,MAR,Consumer Discretionary,2,Middle,False,MIDDLE,False,False,False,0.23960179,0.9544466
2018-05-22,MAS,Industrials,2,Middle,False,RISKY,False,False,False,0.26229247,1.0729641
2018-05-22,MAT,Unknown,3,Risky,False,MIDDLE,False,False,False,0.49559665,0.20937772
2018-05-22,MCD,Consumer Discretionary,1,Stable,True,STABLE,False,True,True,0.207531,0.6426397
2018-05-22,MCHP,Information Technology,3,Risky,False,MIDDLE,False,False,False,0.3295037,1.2741963
2018-05-22,MCK,Health Care,1,Stable,True,STABLE,False,True,True,0.2524125,0.7649811
2018-05-22,MCO,Financials,2,Middle,False,MIDDLE,False,False,False,0.21596593,1.1125817
2018-05-22,MDLZ,Consumer Staples,1,Stable,True,MIDDLE,False,False,False,0.19845325,0.78748846
2018-05-22,MDT,Health Care,2,Middle,False,STABLE,False,False,False,0.208268,0.9561574
2018-05-22,MET,Financials,2,Middle,False,MIDDLE,False,False,False,0.26263803,1.0082738
2018-05-22,META,Communication Services,3,Risky,False,MIDDLE,False,False,False,0.32731518,1.267779
2018-05-22,MGM,Consumer Discretionary,2,Middle,False,MIDDLE,False,False,False,0.32853323,1.120501
2018-05-22,MHK,Unknown,2,Middle,False,STABLE,False,False,False,0.23341106,0.8826726
2018-05-22,MKC,Consumer Staples,1,Stable,True,MIDDLE,False,False,False,0.18813218,0.55331707
2018-05-22,MLM,Materials,2,Middle,False,MIDDLE,False,False,False,0.285923,0.85941476
2018-05-22,MMM,Industrials,2,Middle,False,RISKY,False,False,False,0.2462621,1.2292614
2018-05-22,MNST,Consumer Staples,3,Risky,False,RISKY,False,False,False,0.33873633,1.0883946
2018-05-22,MO,Consumer Staples,1,Stable,True,MIDDLE,False,False,False,0.23980574,0.7023331
2018-05-22,MOS,Materials,3,Risky,False,MIDDLE,False,False,False,0.34078813,1.1822089
2018-05-22,MPC,Energy,2,Middle,False,MIDDLE,False,False,False,0.28038326,0.9372362
2018-05-22,MRK,Health Care,1,Stable,True,STABLE,False,True,True,0.2159838,0.6417962
2018-05-22,MRO,Unknown,3,Risky,False,RISKY,False,False,False,0.39197168,1.3180931
2018-05-22,MS,Financials,2,Middle,False,RISKY,False,False,False,0.2627835,1.3064088
2018-05-22,MSCI,Financials,2,Middle,False,MIDDLE,False,False,False,0.22479078,0.97854465
2018-05-22,MSFT,Information Technology,2,Middle,False,MIDDLE,False,False,False,0.2747586,1.4407195
2018-05-22,MSI,Information Technology,1,Stable,True,STABLE,False,True,True,0.1970064,0.6359433
2018-05-22,MTB,Financials,2,Middle,False,MIDDLE,False,False,False,0.22449921,1.0057869
2018-05-22,MTD,Health Care,2,Middle,False,MIDDLE,False,False,False,0.25366083,1.1751807
2018-05-22,MU,Information Technology,3,Risky,False,RISKY,False,False,False,0.5340412,1.6954207
2018-05-22,MYL,Unknown,2,Middle,False,RISKY,False,False,False,0.29783514,1.1444136
2018-05-22,NAVI,Unknown,2,Middle,False,STABLE,False,False,False,0.30213097,0.9158096
2018-05-22,NBL,Unknown,3,Risky,False,RISKY,False,False,False,0.37086824,1.2132883
2018-05-22,NCLH,Consumer Discretionary,2,Middle,False,STABLE,False,False,False,0.24537641,0.85021317
2018-05-22,NDAQ,Financials,1,Stable,True,STABLE,False,True,True,0.18588674,0.80367863
2018-05-22,NEE,Utilities,1,Stable,True,STABLE,False,True,True,0.1710272,0.31498346
2018-05-22,NEM,Materials,1,Stable,True,STABLE,False,True,True,0.23787089,0.5411211
2018-05-22,NFLX,Communication Services,3,Risky,False,RISKY,False,False,False,0.41071188,1.5685768
2018-05-22,NI,Utilities,1,Stable,True,STABLE,False,True,True,0.17971753,0.28925216
2018-05-22,NKE,Consumer Discretionary,2,Middle,False,MIDDLE,False,False,False,0.2461309,0.9532162
2018-05-22,NKTR,Unknown,3,Risky,False,MIDDLE,False,False,False,0.6552455,1.0622511
2018-05-22,NLSN,Unknown,2,Middle,False,RISKY,False,False,False,0.3095508,1.0142834
2018-05-22,NOC,Industrials,2,Middle,False,STABLE,False,False,False,0.24732329,0.78628737
2018-05-22,NOV,Unknown,2,Middle,False,RISKY,False,False,False,0.31820863,1.1242702
2018-05-22,NRG,Utilities,2,Middle,False,RISKY,False,False,False,0.27287295,0.7485322
2018-05-22,NSC,Industrials,2,Middle,False,RISKY,False,False,False,0.26775572,1.0775319
2018-05-22,NTAP,Information Technology,2,Middle,False,MIDDLE,False,False,False,0.271357,1.1375024
2018-05-22,NTRS,Financials,2,Middle,False,MIDDLE,False,False,False,0.23181418,1.1823077
2018-05-22,NUE,Materials,2,Middle,False,MIDDLE,False,False,False,0.29381248,1.1190625
2018-05-22,NVDA,Information Technology,3,Risky,False,RISKY,False,False,False,0.42443332,1.8452172
2018-05-22,NWL,Unknown,3,Risky,False,RISKY,False,False,False,0.49713674,1.235554
2018-05-22,NWS,Communication Services,2,Middle,False,STABLE,False,False,False,0.23846269,0.8846252
2018-05-22,NWSA,Communication Services,2,Middle,False,STABLE,False,False,False,0.24548352,0.8805616
2018-05-22,O,Real Estate,1,Stable,True,STABLE,False,True,True,0.19720852,0.51498896
2018-05-22,OKE,Energy,1,Stable,True,STABLE,False,True,True,0.20989177,0.8141554
2018-05-22,OMC,Communication Services,1,Stable,True,STABLE,False,True,True,0.22455992,0.50026697
2018-05-22,ORCL,Information Technology,2,Middle,False,STABLE,False,False,False,0.26298043,1.052986
2018-05-22,ORLY,Consumer Discretionary,2,Middle,False,MIDDLE,False,False,False,0.3371031,0.9748855
2018-05-22,OXY,Energy,1,Stable,True,STABLE,False,True,True,0.21885797,0.6861001
2018-05-22,PAYX,Industrials,2,Middle,False,STABLE,False,False,False,0.20566514,0.88034695
2018-05-22,PBCT,Unknown,1,Stable,True,STABLE,False,True,True,0.19158101,0.8109704
2018-05-22,PCAR,Industrials,2,Middle,False,RISKY,False,False,False,0.26340687,1.1814313
2018-05-22,PCG,Utilities,1,Stable,True,RISKY,False,False,False,0.31116045,0.36375004
2018-05-22,PEG,Utilities,1,Stable,True,MIDDLE,False,False,False,0.17379268,0.36944303
2018-05-22,PEP,Consumer Staples,1,Stable,True,MIDDLE,False,False,False,0.16756205,0.541154
2018-05-22,PFE,Health Care,2,Middle,False,STABLE,False,False,False,0.20122983,0.88691485
2018-05-22,PFG,Financials,2,Middle,False,MIDDLE,False,False,False,0.2526198,1.1506553
2018-05-22,PG,Consumer Staples,1,Stable,True,MIDDLE,False,False,False,0.16305122,0.5421417
2018-05-22,PGR,Financials,1,Stable,True,STABLE,False,True,True,0.21160384,0.7921575
2018-05-22,PH,Industrials,2,Middle,False,RISKY,False,False,False,0.2617307,1.1726233
2018-05-22,PHM,Consumer Discretionary,2,Middle,False,MIDDLE,False,False,False,0.2763803,0.98169667
2018-05-22,PKG,Materials,2,Middle,False,MIDDLE,False,False,False,0.24676502,1.1420668
2018-05-22,PLD,Real Estate,1,Stable,True,RISKY,False,False,False,0.21379064,0.70600754
2018-05-22,PM,Consumer Staples,1,Stable,True,RISKY,False,False,False,0.32261562,0.6170088
2018-05-22,PNC,Financials,2,Middle,False,MIDDLE,False,False,False,0.22791894,0.99903905
2018-05-22,PNR,Industrials,2,Middle,False,STABLE,False,False,False,0.21435964,0.9472598
2018-05-22,PNW,Utilities,1,Stable,True,MIDDLE,False,False,False,0.17586055,0.34275603
2018-05-22,PPG,Materials,2,Middle,False,STABLE,False,False,False,0.21988866,0.8920457
2018-05-22,PPL,Utilities,1,Stable,True,MIDDLE,False,False,False,0.20838901,0.40096036
2018-05-22,PRGO,Unknown,2,Middle,False,STABLE,False,False,False,0.2736378,0.973239
2018-05-22,PRU,Financials,2,Middle,False,RISKY,False,False,False,0.26748914,1.2665495
2018-05-22,PSA,Real Estate,1,Stable,True,STABLE,False,True,True,0.18361801,0.4706125
2018-05-22,PSX,Energy,1,Stable,True,STABLE,False,True,True,0.20668632,0.7787024
2018-05-22,PVH,Unknown,2,Middle,False,STABLE,False,False,False,0.21588214,0.8421889
2018-05-22,PWR,Industrials,2,Middle,False,RISKY,False,False,False,0.25284815,1.1210101
2018-05-22,PXD,Unknown,2,Middle,False,RISKY,False,False,False,0.2811942,1.038729
2018-05-22,PYPL,Financials,2,Middle,False,RISKY,False,False,False,0.31574094,1.1264262
2018-05-22,QCOM,Information Technology,2,Middle,False,MIDDLE,False,False,False,0.3049908,1.2744044
2018-05-22,QRVO,Unknown,3,Risky,False,RISKY,False,False,False,0.40495,1.1364044
2018-05-22,RCL,Consumer Discretionary,2,Middle,False,MIDDLE,False,False,False,0.24404532,0.91617894
2018-05-22,REG,Real Estate,1,Stable,True,STABLE,False,True,True,0.19635767,0.56884855
2018-05-22,REGN,Health Care,2,Middle,False,MIDDLE,False,False,False,0.31698877,0.93001485
2018-05-22,RF,Financials,2,Middle,False,MIDDLE,False,False,False,0.2548204,1.0706114
2018-05-22,RHI,Unknown,2,Middle,False,RISKY,False,False,False,0.26684478,1.1165212
2018-05-22,RHT,Unknown,2,Middle,False,STABLE,False,False,False,0.2686808,0.965764
2018-05-22,RJF,Financials,2,Middle,False,RISKY,False,False,False,0.26952547,1.3409969
2018-05-22,RL,Consumer Discretionary,2,Middle,False,MIDDLE,False,False,False,0.27559742,0.9858212
2018-05-22,RMD,Health Care,2,Middle,False,MIDDLE,False,False,False,0.27950406,0.9598177
2018-05-22,ROK,Industrials,2,Middle,False,RISKY,False,False,False,0.25093192,1.2304561
2018-05-22,ROP,Information Technology,2,Middle,False,STABLE,False,False,False,0.22509064,1.0349072
2018-05-22,ROST,Consumer Discretionary,2,Middle,False,MIDDLE,False,False,False,0.25989473,0.974194
2018-05-22,RRC,Unknown,3,Risky,False,RISKY,False,False,False,0.48178965,1.408588
2018-05-22,RSG,Industrials,1,Stable,True,STABLE,False,True,True,0.1768212,0.69072527
2018-05-22,RTN,Unknown,1,Stable,True,STABLE,False,True,True,0.21888104,0.7862511
2018-05-22,RVTY,Health Care,2,Middle,False,MIDDLE,False,False,False,0.22815596,1.1245692
2018-05-22,SBAC,Real Estate,1,Stable,True,MIDDLE,False,False,False,0.24364536,0.5306437
2018-05-22,SBUX,Consumer Discretionary,1,Stable,True,STABLE,False,True,True,0.1916604,0.6502545
2018-05-22,SCG,Unknown,3,Risky,False,MIDDLE,False,False,False,0.48238215,0.5520416
2018-05-22,SCHW,Financials,2,Middle,False,RISKY,False,False,False,0.2803672,1.3080081
2018-05-22,SEE,Unknown,1,Stable,True,STABLE,False,True,True,0.19361283,0.8314733
2018-05-22,SHW,Materials,2,Middle,False,STABLE,False,False,False,0.22967038,0.94104034
2018-05-22,SIVB,Unknown,3,Risky,False,RISKY,False,False,False,0.3832204,1.3377352
2018-05-22,SJM,Consumer Staples,1,Stable,True,MIDDLE,False,False,False,0.22292668,0.62799454
2018-05-22,SLB,Energy,2,Middle,False,MIDDLE,False,False,False,0.25919825,0.9383982
2018-05-22,SLG,Unknown,1,Stable,True,STABLE,False,True,True,0.19247614,0.6647929
2018-05-22,SNA,Industrials,2,Middle,False,STABLE,False,False,False,0.24342337,0.85195076
2018-05-22,SNPS,Information Technology,2,Middle,False,STABLE,False,False,False,0.22207965,0.8897841
2018-05-22,SO,Utilities,1,Stable,True,STABLE,False,True,True,0.16973034,0.17382567
2018-05-22,SPG,Real Estate,1,Stable,True,STABLE,False,True,True,0.20409225,0.5036327
2018-05-22,SPGI,Financials,2,Middle,False,MIDDLE,False,False,False,0.23958653,1.1630663
2018-05-22,SRCL,Unknown,3,Risky,False,MIDDLE,False,False,False,0.39187196,0.7308603
2018-05-22,SRE,Utilities,1,Stable,True,STABLE,False,True,True,0.19444145,0.26617002
2018-05-22,STT,Financials,2,Middle,False,RISKY,False,False,False,0.25886643,1.2344321
2018-05-22,STX,Information Technology,2,Middle,False,MIDDLE,False,False,False,0.3282891,1.1396172
2018-05-22,STZ,Consumer Staples,1,Stable,True,MIDDLE,False,False,False,0.17470582,0.523037
2018-05-22,SWK,Industrials,2,Middle,False,STABLE,False,False,False,0.23072353,1.0589408
2018-05-22,SWKS,Information Technology,3,Risky,False,MIDDLE,False,False,False,0.34211782,1.322769
2018-05-22,SYF,Financials,2,Middle,False,RISKY,False,False,False,0.2751059,1.2105185
2018-05-22,SYK,Health Care,2,Middle,False,MIDDLE,False,False,False,0.20321727,1.0113506
2018-05-22,SYMC,Unknown,3,Risky,False,MIDDLE,False,False,False,0.65054804,0.72708386
2018-05-22,SYY,Consumer Staples,1,Stable,True,MIDDLE,False,False,False,0.19863659,0.7929478
2018-05-22,T,Communication Services,1,Stable,True,STABLE,False,True,True,0.2211446,0.647254
2018-05-22,TAP,Consumer Staples,2,Middle,False,RISKY,False,False,False,0.3296261,0.87986684
2018-05-22,TDG,Industrials,1,Stable,True,STABLE,False,True,True,0.2034853,0.68980527
2018-05-22,TEL,Information Technology,2,Middle,False,STABLE,False,False,False,0.21638083,1.0650682
2018-05-22,TGT,Consumer Staples,2,Middle,False,RISKY,False,False,False,0.3015466,0.8256545
2018-05-22,TIF,Unknown,1,Stable,True,STABLE,False,True,True,0.2234509,0.71561927
2018-05-22,TJX,Consumer Discretionary,1,Stable,True,STABLE,False,True,True,0.2194541,0.6076346
2018-05-22,TMO,Health Care,2,Middle,False,MIDDLE,False,False,False,0.2359645,1.0510408
2018-05-22,TPR,Consumer Discretionary,2,Middle,False,MIDDLE,False,False,False,0.29342455,0.79824257
2018-05-22,TRIP,Unknown,3,Risky,False,RISKY,False,False,False,0.48802155,1.1002139
2018-05-22,TROW,Financials,2,Middle,False,MIDDLE,False,False,False,0.24394122,1.2441479
2018-05-22,TRV,Financials,2,Middle,False,STABLE,False,False,False,0.20384744,0.8942101
2018-05-22,TSCO,Consumer Discretionary,2,Middle,False,MIDDLE,False,False,False,0.30777773,0.98588395
2018-05-22,TSN,Consumer Staples,1,Stable,True,MIDDLE,False,False,False,0.20086165,0.6405007
2018-05-22,TSS,Unknown,2,Middle,False,STABLE,False,False,False,0.20703882,0.9055459
2018-05-22,TTWO,Communication Services,3,Risky,False,RISKY,False,False,False,0.37928903,1.5468407
2018-05-22,TXN,Information Technology,2,Middle,False,MIDDLE,False,False,False,0.31137055,1.3329488
2018-05-22,TXT,Industrials,2,Middle,False,STABLE,False,False,False,0.22997865,0.9349126
2018-05-22,UA,Unknown,3,Risky,False,RISKY,False,False,False,0.52444583,1.3512868
2018-05-22,UAA,Unknown,3,Risky,False,RISKY,False,False,False,0.51522714,1.3021848
2018-05-22,UAL,Industrials,2,Middle,False,MIDDLE,False,False,False,0.33651763,0.8161081
2018-05-22,UDR,Real Estate,1,Stable,True,STABLE,False,True,True,0.17805418,0.53361785
2018-05-22,UHS,Health Care,1,Stable,True,STABLE,False,True,True,0.24169812,0.5263271
2018-05-22,ULTA,Consumer Discretionary,2,Middle,False,RISKY,False,False,False,0.3297962,0.6921195
2018-05-22,UNH,Health Care,2,Middle,False,MIDDLE,False,False,False,0.24600556,0.98411924
2018-05-22,UNM,Unknown,3,Risky,False,RISKY,False,False,False,0.36611345,1.2155087
2018-05-22,UNP,Industrials,2,Middle,False,RISKY,False,False,False,0.2681859,1.0147107
2018-05-22,UPS,Industrials,2,Middle,False,STABLE,False,False,False,0.24437429,0.8246791
2018-05-22,URI,Industrials,3,Risky,False,RISKY,False,False,False,0.3309146,1.4815489
2018-05-22,USB,Financials,2,Middle,False,STABLE,False,False,False,0.20125419,0.9406125
2018-05-22,UTX,Unknown,2,Middle,False,STABLE,False,False,False,0.21379039,0.9620606
2018-05-22,V,Financials,2,Middle,False,MIDDLE,False,False,False,0.23009177,1.1498861
2018-05-22,VAR,Unknown,2,Middle,False,STABLE,False,False,False,0.28676507,0.8447974
2018-05-22,VFC,Unknown,1,Stable,True,STABLE,False,True,True,0.2511718,0.63101166
2018-05-22,VIAB,Unknown,1,Stable,True,MIDDLE,False,False,False,0.35347444,0.40262255
2018-05-22,VLO,Energy,2,Middle,False,MIDDLE,False,False,False,0.23019332,0.9321738
2018-05-22,VMC,Materials,2,Middle,False,MIDDLE,False,False,False,0.30268496,0.909355
2018-05-22,VNO,Unknown,1,Stable,True,STABLE,False,True,True,0.1953683,0.54939765
2018-05-22,VRSK,Industrials,1,Stable,True,STABLE,False,True,True,0.18893795,0.80004925
2018-05-22,VRSN,Information Technology,2,Middle,False,STABLE,False,False,False,0.23319525,0.94115126
2018-05-22,VRTX,Health Care,2,Middle,False,MIDDLE,False,False,False,0.30124402,1.3564196
2018-05-22,VTR,Real Estate,1,Stable,True,MIDDLE,False,False,False,0.25130537,0.330069
2018-05-22,VZ,Communication Services,1,Stable,True,STABLE,False,True,True,0.21685489,0.75826824
2018-05-22,WAT,Health Care,2,Middle,False,MIDDLE,False,False,False,0.25045577,1.1355554
2018-05-22,WBA,Unknown,2,Middle,False,STABLE,False,False,False,0.27273685,0.9659955
2018-05-22,WDC,Information Technology,3,Risky,False,MIDDLE,False,False,False,0.3616854,1.2497023
2018-05-22,WEC,Utilities,1,Stable,True,STABLE,False,True,True,0.15984836,0.29617488
2018-05-22,WELL,Real Estate,1,Stable,True,MIDDLE,False,False,False,0.23474155,0.3957846
2018-05-22,WFC,Financials,2,Middle,False,MIDDLE,False,False,False,0.2587043,1.0865985
2018-05-22,WHR,Unknown,2,Middle,False,STABLE,False,False,False,0.23844308,0.8495086
2018-05-22,WM,Industrials,1,Stable,True,STABLE,False,True,True,0.16863526,0.80360276
2018-05-22,WMB,Energy,2,Middle,False,MIDDLE,False,False,False,0.24015248,0.8669496
2018-05-22,WMT,Consumer Staples,1,Stable,True,MIDDLE,False,False,False,0.2516656,0.76411617
2018-05-22,WTW,Financials,1,Stable,True,STABLE,False,True,True,0.1849711,0.7911218
2018-05-22,WU,Unknown,2,Middle,False,STABLE,False,False,False,0.22608021,0.85683084
2018-05-22,WY,Real Estate,1,Stable,True,STABLE,False,True,True,0.16800612,0.6155092
2018-05-22,WYND,Unknown,2,Middle,False,STABLE,False,False,False,0.25401396,0.9291421
2018-05-22,WYNN,Consumer Discretionary,3,Risky,False,RISKY,False,False,False,0.39170134,0.58229446
2018-05-22,XEC,Unknown,2,Middle,False,STABLE,False,False,False,0.28467643,0.85492826
2018-05-22,XEL,Utilities,1,Stable,True,STABLE,False,True,True,0.1622526,0.24102011
2018-05-22,XLNX,Unknown,3,Risky,False,RISKY,False,False,False,0.3152763,1.3499693
2018-05-22,XOM,Energy,2,Middle,False,STABLE,False,False,False,0.21377124,0.8753623
2018-05-22,XRAY,Unknown,1,Stable,True,STABLE,False,True,True,0.25652823,0.68228555
2018-05-22,XRX,Unknown,2,Middle,False,STABLE,False,False,False,0.31866577,0.8531156
2018-05-22,XYL,Industrials,2,Middle,False,STABLE,False,False,False,0.21366204,0.86849815
2018-05-22,YUM,Consumer Discretionary,1,Stable,True,STABLE,False,True,True,0.20991643,0.80882347
2018-05-22,ZBH,Health Care,2,Middle,False,STABLE,False,False,False,0.23272978,0.9088124
2018-05-22,ZION,Unknown,2,Middle,False,RISKY,False,False,False,0.2665145,1.1060135
2018-05-22,ZTS,Health Care,2,Middle,False,MIDDLE,False,False,False,0.22093916,1.0400609
2018-11-09,A,Health Care,2,Middle,False,MIDDLE,False,False,False,0.21035416,1.2578554
2018-11-09,AAL,Unknown,3,Risky,False,MIDDLE,False,False,False,0.39180636,1.7398702
2018-11-09,AAP,Unknown,2,Middle,False,STABLE,False,False,False,0.2543552,0.7330205
2018-11-09,AAPL,Information Technology,2,Middle,False,STABLE,False,False,False,0.24960102,1.2246459
2018-11-09,ABBV,Health Care,2,Middle,False,MIDDLE,False,False,False,0.28033453,1.1244777
2018-11-09,ABMD,Unknown,3,Risky,False,MIDDLE,False,False,False,0.4547718,1.6443015
2018-11-09,ABT,Health Care,2,Middle,False,MIDDLE,False,False,False,0.17730875,0.9604534
2018-11-09,ACN,Information Technology,2,Middle,False,STABLE,False,False,False,0.19231926,1.1823901
2018-11-09,ADBE,Information Technology,3,Risky,False,MIDDLE,False,False,False,0.33287618,1.8214861
2018-11-09,ADI,Information Technology,2,Middle,False,STABLE,False,False,False,0.23518687,1.1565818
2018-11-09,ADM,Consumer Staples,1,Stable,True,STABLE,False,True,True,0.16312493,0.7442604
2018-11-09,ADP,Industrials,2,Middle,False,STABLE,False,False,False,0.2013143,1.1499852
2018-11-09,ADSK,Information Technology,3,Risky,False,RISKY,False,False,False,0.397245,2.1799774
2018-11-09,AEE,Utilities,1,Stable,True,STABLE,False,True,True,0.15824635,-0.004356222
2018-11-09,AEP,Utilities,1,Stable,True,STABLE,False,True,True,0.17299372,-0.24723226
2018-11-09,AES,Utilities,1,Stable,True,MIDDLE,False,False,False,0.22843397,0.4509494
2018-11-09,AFL,Financials,1,Stable,True,STABLE,False,True,True,0.15889844,0.6758616
2018-11-09,AGN,Unknown,2,Middle,False,STABLE,False,False,False,0.25478998,0.89985186
2018-11-09,AIG,Financials,2,Middle,False,MIDDLE,False,False,False,0.21986517,0.95960087
2018-11-09,AIV,Unknown,1,Stable,True,STABLE,False,True,True,0.16134803,0.45738974
2018-11-09,AIZ,Financials,1,Stable,True,STABLE,False,True,True,0.21382467,0.5746097
2018-11-09,AJG,Financials,1,Stable,True,STABLE,False,True,True,0.13846698,0.6361216
2018-11-09,AKAM,Information Technology,3,Risky,False,MIDDLE,False,False,False,0.34995008,1.4409744
2018-11-09,ALB,Materials,2,Middle,False,MIDDLE,False,False,False,0.27428505,0.8429786
2018-11-09,ALGN,Health Care,3,Risky,False,RISKY,False,False,False,0.4921169,1.3796465
2018-11-09,ALK,Unknown,2,Middle,False,MIDDLE,False,False,False,0.3116866,1.0774615
2018-11-09,ALL,Financials,1,Stable,True,STABLE,False,True,True,0.19079715,0.745671
2018-11-09,ALLE,Industrials,2,Middle,False,STABLE,False,False,False,0.19868994,0.99375015
2018-11-09,ALXN,Unknown,3,Risky,False,MIDDLE,False,False,False,0.34696007,1.7427815
2018-11-09,AMAT,Information Technology,3,Risky,False,MIDDLE,False,False,False,0.32463062,1.4379882
2018-11-09,AMD,Information Technology,3,Risky,False,RISKY,False,False,False,0.686021,1.8616376
2018-11-09,AME,Industrials,2,Middle,False,STABLE,False,False,False,0.21268716,1.1392372
2018-11-09,AMG,Unknown,2,Middle,False,STABLE,False,False,False,0.24048455,1.0804156
2018-11-09,AMGN,Health Care,2,Middle,False,MIDDLE,False,False,False,0.19785061,1.0633299
2018-11-09,AMP,Financials,2,Middle,False,RISKY,False,False,False,0.2664295,1.5196366
2018-11-09,AMT,Real Estate,1,Stable,True,STABLE,False,True,True,0.19074483,0.46582547
2018-11-09,AMZN,Consumer Discretionary,3,Risky,False,RISKY,False,False,False,0.335633,1.9742717
2018-11-09,ANET,Information Technology,3,Risky,False,RISKY,False,False,False,0.41465938,1.8161969
2018-11-09,ANSS,Unknown,2,Middle,False,MIDDLE,False,False,False,0.26285332,1.3985543
2018-11-09,AON,Financials,1,Stable,True,STABLE,False,True,True,0.16230954,0.7534064
2018-11-09,AOS,Industrials,2,Middle,False,RISKY,False,False,False,0.26804408,1.142973
2018-11-09,APA,Energy,3,Risky,False,RISKY,False,False,False,0.37990817,1.1176622
2018-11-09,APD,Materials,1,Stable,True,MIDDLE,False,False,False,0.16370837,0.85370296
2018-11-09,APH,Information Technology,2,Middle,False,STABLE,False,False,False,0.18222712,0.95254153
2018-11-09,APTV,Consumer Discretionary,2,Middle,False,MIDDLE,False,False,False,0.28746232,1.0319752
2018-11-09,ARE,Real Estate,1,Stable,True,STABLE,False,True,True,0.17876332,0.4636624
2018-11-09,ATVI,Unknown,3,Risky,False,MIDDLE,False,False,False,0.3990998,1.6915503
2018-11-09,AVB,Real Estate,1,Stable,True,STABLE,False,True,True,0.15925813,0.40050334
2018-11-09,AVGO,Information Technology,3,Risky,False,MIDDLE,False,False,False,0.3726678,1.2170568
2018-11-09,AVY,Materials,2,Middle,False,MIDDLE,False,False,False,0.25109157,0.9932405
2018-11-09,AWK,Utilities,1,Stable,True,STABLE,False,True,True,0.16851267,0.03355751
2018-11-09,AXP,Financials,2,Middle,False,STABLE,False,False,False,0.1791621,0.89760584
2018-11-09,AZO,Consumer Discretionary,1,Stable,True,STABLE,False,True,True,0.2238236,0.32609132
2018-11-09,BA,Industrials,2,Middle,False,RISKY,False,False,False,0.25202724,1.232861
2018-11-09,BAC,Financials,2,Middle,False,MIDDLE,False,False,False,0.2113119,0.988594
2018-11-09,BALL,Materials,2,Middle,False,MIDDLE,False,False,False,0.2061692,0.8572369
2018-11-09,BAX,Health Care,1,Stable,True,STABLE,False,True,True,0.21407755,0.70080644
2018-11-09,BBT,Unknown,2,Middle,False,STABLE,False,False,False,0.23342015,0.74437934
2018-11-09,BBY,Consumer Discretionary,2,Middle,False,MIDDLE,False,False,False,0.30233032,1.0185288
2018-11-09,BDX,Health Care,1,Stable,True,STABLE,False,True,True,0.1682469,0.8173055
2018-11-09,BEN,Financials,2,Middle,False,RISKY,False,False,False,0.26238865,1.0317452
2018-11-09,BF-B,Consumer Staples,2,Middle,False,RISKY,False,False,False,0.25808355,0.9402585
2018-11-09,BHF,Unknown,3,Risky,False,MIDDLE,False,False,False,0.31990418,1.371529
2018-11-09,BHGE,Unknown,2,Middle,False,STABLE,False,False,False,0.3073205,0.8987952
2018-11-09,BIIB,Health Care,3,Risky,False,RISKY,False,False,False,0.38697648,1.2753754
2018-11-09,BKNG,Consumer Discretionary,2,Middle,False,MIDDLE,False,False,False,0.22588073,1.1301012
2018-11-09,BLK,Financials,2,Middle,False,RISKY,False,False,False,0.24115694,1.195303
2018-11-09,BMY,Health Care,2,Middle,False,MIDDLE,False,False,False,0.25547248,0.9919112
2018-11-09,BR,Industrials,2,Middle,False,RISKY,False,False,False,0.29428154,1.1576395
2018-11-09,BRK-B,Financials,2,Middle,False,MIDDLE,False,False,False,0.19318931,0.9751548
2018-11-09,BSX,Health Care,2,Middle,False,MIDDLE,False,False,False,0.2533335,0.974776
2018-11-09,BWA,Unknown,2,Middle,False,MIDDLE,False,False,False,0.3116911,1.2426547
2018-11-09,BXP,Real Estate,1,Stable,True,STABLE,False,True,True,0.17767933,0.50734437
2018-11-09,C,Financials,2,Middle,False,MIDDLE,False,False,False,0.2137961,1.060877
2018-11-09,CAG,Unknown,1,Stable,True,STABLE,False,True,True,0.2561204,0.123501234
2018-11-09,CAH,Health Care,2,Middle,False,MIDDLE,False,False,False,0.24038269,0.8543569
2018-11-09,CAT,Industrials,3,Risky,False,RISKY,False,False,False,0.31154847,1.7055818
2018-11-09,CB,Financials,1,Stable,True,STABLE,False,True,True,0.16429928,0.598592
2018-11-09,CBOE,Financials,1,Stable,True,STABLE,False,True,True,0.22230144,0.29285195
2018-11-09,CBRE,Real Estate,2,Middle,False,RISKY,False,False,False,0.21485937,1.0788987
2018-11-09,CCI,Real Estate,1,Stable,True,STABLE,False,True,True,0.16468932,0.40304294
2018-11-09,CCL,Consumer Discretionary,2,Middle,False,MIDDLE,False,False,False,0.25255108,1.1481291
2018-11-09,CDNS,Information Technology,2,Middle,False,STABLE,False,False,False,0.29049096,1.057426
2018-11-09,CELG,Unknown,2,Middle,False,MIDDLE,False,False,False,0.25901592,1.1649913
2018-11-09,CERN,Unknown,2,Middle,False,STABLE,False,False,False,0.26635635,0.965626
2018-11-09,CF,Materials,3,Risky,False,RISKY,False,False,False,0.35209897,1.5252473
2018-11-09,CFG,Financials,2,Middle,False,MIDDLE,False,False,False,0.21321912,0.8068565
2018-11-09,CHD,Consumer Staples,1,Stable,True,MIDDLE,False,False,False,0.24498999,0.47340164
2018-11-09,CHRW,Industrials,2,Middle,False,STABLE,False,False,False,0.2044311,0.8786846
2018-11-09,CHTR,Communication Services,2,Middle,False,MIDDLE,False,False,False,0.30142027,1.3166693
2018-11-09,CI,Health Care,2,Middle,False,MIDDLE,False,False,False,0.21006885,0.9823176
2018-11-09,CINF,Financials,1,Stable,True,STABLE,False,True,True,0.1980237,0.5954929
2018-11-09,CL,Consumer Staples,1,Stable,True,STABLE,False,True,True,0.21233687,0.4479184
2018-11-09,CLX,Consumer Staples,1,Stable,True,MIDDLE,False,False,False,0.22722444,0.26905093
2018-11-09,CMA,Unknown,2,Middle,False,STABLE,False,False,False,0.20406285,0.84950095
2018-11-09,CMCSA,Communication Services,2,Middle,False,MIDDLE,False,False,False,0.27164787,1.1073009
2018-11-09,CME,Financials,1,Stable,True,STABLE,False,True,True,0.17389357,0.4600704
2018-11-09,CMG,Consumer Discretionary,1,Stable,True,MIDDLE,False,False,False,0.31615135,0.34371793
2018-11-09,CMI,Industrials,2,Middle,False,STABLE,False,False,False,0.22506045,1.0269357
2018-11-09,CMS,Utilities,1,Stable,True,STABLE,False,True,True,0.17081405,-0.1053807
2018-11-09,CNC,Health Care,2,Middle,False,MIDDLE,False,False,False,0.24878854,1.1842713
2018-11-09,CNP,Utilities,1,Stable,True,STABLE,False,True,True,0.17298198,0.15225993
2018-11-09,COF,Financials,2,Middle,False,MIDDLE,False,False,False,0.19816712,0.96116817
2018-11-09,COO,Health Care,2,Middle,False,MIDDLE,False,False,False,0.20782661,0.95946884
2018-11-09,COP,Energy,2,Middle,False,MIDDLE,False,False,False,0.2951792,1.2547001
2018-11-09,COR,Health Care,2,Middle,False,MIDDLE,False,False,False,0.27425376,0.96572334
2018-11-09,COST,Consumer Staples,1,Stable,True,STABLE,False,True,True,0.17677738,0.6151347
2018-11-09,COTY,Unknown,3,Risky,False,RISKY,False,False,False,0.5200522,0.38704732
2018-11-09,CPAY,Financials,2,Middle,False,RISKY,False,False,False,0.2604948,1.3693233
2018-11-09,CPB,Unknown,1,Stable,True,STABLE,False,True,True,0.28290033,-0.09828339
2018-11-09,CPRI,Unknown,3,Risky,False,STABLE,False,False,False,0.4407317,0.5974091
2018-11-09,CPRT,Industrials,3,Risky,False,RISKY,False,False,False,0.33685267,1.2193699
2018-11-09,CRM,Information Technology,3,Risky,False,MIDDLE,False,False,False,0.3153389,1.8049188
2018-11-09,CSCO,Information Technology,2,Middle,False,STABLE,False,False,False,0.21016231,1.2505372
2018-11-09,CSX,Industrials,2,Middle,False,STABLE,False,False,False,0.22886148,1.1218508
2018-11-09,CTAS,Industrials,2,Middle,False,STABLE,False,False,False,0.21773002,1.105429
2018-11-09,CTSH,Information Technology,2,Middle,False,STABLE,False,False,False,0.22726145,0.98571754
2018-11-09,CTXS,Unknown,1,Stable,True,STABLE,False,True,True,0.15650022,0.7433439
2018-11-09,CVS,Health Care,2,Middle,False,MIDDLE,False,False,False,0.28829914,0.9032095
2018-11-09,CVX,Energy,2,Middle,False,STABLE,False,False,False,0.21926911,0.7702357
2018-11-09,CXO,Unknown,2,Middle,False,MIDDLE,False,False,False,0.3350775,1.0152792
2018-11-09,D,Utilities,1,Stable,True,STABLE,False,True,True,0.16019943,-0.11281093
2018-11-09,DAL,Industrials,2,Middle,False,STABLE,False,False,False,0.24868181,0.90093863
2018-11-09,DE,Industrials,2,Middle,False,RISKY,False,False,False,0.2738234,1.3166033
2018-11-09,DFS,Unknown,2,Middle,False,STABLE,False,False,False,0.21427196,1.0293571
2018-11-09,DG,Consumer Staples,1,Stable,True,RISKY,False,False,False,0.2381451,0.6554574
2018-11-09,DGX,Health Care,1,Stable,True,STABLE,False,True,True,0.22439295,0.6105817
2018-11-09,DHI,Consumer Discretionary,2,Middle,False,MIDDLE,False,False,False,0.3342789,0.79680693
2018-11-09,DHR,Health Care,2,Middle,False,MIDDLE,False,False,False,0.18149528,0.98737675
2018-11-09,DIS,Communication Services,2,Middle,False,STABLE,False,False,False,0.18606412,0.85803086
2018-11-09,DISCK,Unknown,2,Middle,False,MIDDLE,False,False,False,0.3258264,1.1869555
2018-11-09,DISH,Unknown,3,Risky,False,MIDDLE,False,False,False,0.4165022,1.5601336
2018-11-09,DLR,Real Estate,1,Stable,True,MIDDLE,False,False,False,0.21901023,0.46198007
2018-11-09,DLTR,Consumer Staples,3,Risky,False,RISKY,False,False,False,0.40005636,0.83384496
2018-11-09,DOV,Industrials,1,Stable,True,STABLE,False,True,True,0.18759729,0.70059586
2018-11-09,DRE,Unknown,1,Stable,True,STABLE,False,True,True,0.17785485,0.44284648
2018-11-09,DRI,Consumer Discretionary,1,Stable,True,MIDDLE,False,False,False,0.28123704,0.59300023
2018-11-09,DTE,Utilities,1,Stable,True,STABLE,False,True,True,0.17955756,-0.20393427
2018-11-09,DUK,Utilities,1,Stable,True,STABLE,False,True,True,0.16664694,-0.20792657
2018-11-09,DVA,Health Care,2,Middle,False,RISKY,False,False,False,0.32696488,1.0724554
2018-11-09,DVN,Energy,3,Risky,False,MIDDLE,False,False,False,0.33008832,1.4449315
2018-11-09,DWDP,Unknown,2,Middle,False,MIDDLE,False,False,False,0.25026417,1.2725625
2018-11-09,DXC,Unknown,3,Risky,False,MIDDLE,False,False,False,0.40262973,1.5761083
2018-11-09,EA,Communication Services,3,Risky,False,MIDDLE,False,False,False,0.3283713,1.2826127
2018-11-09,EBAY,Consumer Discretionary,2,Middle,False,MIDDLE,False,False,False,0.30022496,1.1153603
2018-11-09,ECL,Materials,1,Stable,True,MIDDLE,False,False,False,0.14723155,0.75149286
2018-11-09,ED,Utilities,1,Stable,True,STABLE,False,True,True,0.1656063,-0.14820415
2018-11-09,EFX,Industrials,2,Middle,False,MIDDLE,False,False,False,0.31982622,0.58903605
2018-11-09,EG,Financials,1,Stable,True,STABLE,False,True,True,0.20289697,0.71032226
2018-11-09,EIX,Utilities,1,Stable,True,MIDDLE,False,False,False,0.2477929,0.2676952
2018-11-09,EL,Consumer Staples,2,Middle,False,RISKY,False,False,False,0.2501526,1.0925193
2018-11-09,ELV,Health Care,2,Middle,False,MIDDLE,False,False,False,0.21285434,0.8953011
2018-11-09,EMN,Unknown,2,Middle,False,MIDDLE,False,False,False,0.2395251,1.2276828
2018-11-09,EMR,Industrials,2,Middle,False,STABLE,False,False,False,0.21408466,1.1733536
2018-11-09,EOG,Energy,2,Middle,False,MIDDLE,False,False,False,0.28340584,1.1298265
2018-11-09,EQIX,Real Estate,1,Stable,True,MIDDLE,False,False,False,0.2099225,0.5595741
2018-11-09,EQT,Energy,3,Risky,False,RISKY,False,False,False,0.42404655,0.8703702
2018-11-09,ES,Utilities,1,Stable,True,STABLE,False,True,True,0.16122438,-0.13075984
2018-11-09,ESS,Real Estate,1,Stable,True,STABLE,False,True,True,0.18908845,0.34370458
2018-11-09,ETFC,Unknown,2,Middle,False,MIDDLE,False,False,False,0.24768335,1.2092938
2018-11-09,ETN,Industrials,2,Middle,False,STABLE,False,False,False,0.21205671,1.0649811
2018-11-09,ETR,Utilities,1,Stable,True,STABLE,False,True,True,0.17044242,-0.14152229
2018-11-09,EVRG,Utilities,1,Stable,True,STABLE,False,True,True,0.16226575,-0.20124556
2018-11-09,EW,Health Care,2,Middle,False,RISKY,False,False,False,0.3120992,1.3583983
2018-11-09,EXC,Utilities,1,Stable,True,STABLE,False,True,True,0.15000278,0.00441594
2018-11-09,EXPD,Industrials,2,Middle,False,STABLE,False,False,False,0.2254835,1.0745854
2018-11-09,EXPE,Consumer Discretionary,2,Middle,False,MIDDLE,False,False,False,0.25110638,0.8510921
2018-11-09,EXR,Real Estate,1,Stable,True,STABLE,False,True,True,0.17178269,0.16802663
2018-11-09,F,Consumer Discretionary,2,Middle,False,MIDDLE,False,False,False,0.26459944,0.80874574
2018-11-09,FAST,Industrials,2,Middle,False,STABLE,False,False,False,0.2654856,0.8987867
2018-11-09,FBIN,Unknown,2,Middle,False,MIDDLE,False,False,False,0.30778873,1.2533193
2018-11-09,FCX,Materials,3,Risky,False,RISKY,False,False,False,0.39179477,1.3370547
2018-11-09,FDX,Industrials,2,Middle,False,RISKY,False,False,False,0.23514032,1.2539343
2018-11-09,FE,Utilities,1,Stable,True,STABLE,False,True,True,0.17609856,-0.087009646
2018-11-09,FFIV,Information Technology,2,Middle,False,STABLE,False,False,False,0.24539441,1.2459035
2018-11-09,FI,Financials,2,Middle,False,STABLE,False,False,False,0.1847349,0.87852854
2018-11-09,FIS,Financials,2,Middle,False,STABLE,False,False,False,0.17187034,0.999484
2018-11-09,FITB,Financials,1,Stable,True,MIDDLE,False,False,False,0.22825116,0.72687334
2018-11-09,FL,Unknown,3,Risky,False,STABLE,False,False,False,0.42122787,0.40186659
2018-11-09,FLIR,Unknown,2,Middle,False,STABLE,False,False,False,0.31696254,0.76531804
2018-11-09,FLR,Unknown,3,Risky,False,MIDDLE,False,False,False,0.37522334,1.7152514
2018-11-09,FLS,Unknown,2,Middle,False,MIDDLE,False,False,False,0.29689905,1.319372
2018-11-09,FMC,Unknown,2,Middle,False,STABLE,False,False,False,0.23989001,1.0252622
2018-11-09,FRT,Real Estate,1,Stable,True,STABLE,False,True,True,0.17639773,0.3909445
2018-11-09,FTI,Unknown,2,Middle,False,STABLE,False,False,False,0.29895934,0.7866102
2018-11-09,FTNT,Information Technology,3,Risky,False,RISKY,False,False,False,0.41127184,1.6672856
2018-11-09,FTV,Industrials,2,Middle,False,STABLE,False,False,False,0.2107476,0.97592515
2018-11-09,GAP,Unknown,2,Middle,False,STABLE,False,False,False,0.4093627,0.4080247
2018-11-09,GD,Industrials,2,Middle,False,STABLE,False,False,False,0.21575204,1.0541494
2018-11-09,GE,Industrials,1,Stable,True,MIDDLE,False,False,False,0.37271667,0.30632642
2018-11-09,GILD,Health Care,2,Middle,False,MIDDLE,False,False,False,0.25160626,1.1413713
2018-11-09,GIS,Consumer Staples,1,Stable,True,MIDDLE,False,False,False,0.2562744,0.10165854
2018-11-09,GLW,Information Technology,2,Middle,False,MIDDLE,False,False,False,0.2850939,1.5502837
2018-11-09,GM,Consumer Discretionary,2,Middle,False,MIDDLE,False,False,False,0.3407543,0.75536734
2018-11-09,GOOG,Communication Services,2,Middle,False,MIDDLE,False,False,False,0.25235403,1.51209
2018-11-09,GOOGL,Communication Services,2,Middle,False,MIDDLE,False,False,False,0.25486845,1.5059558
2018-11-09,GPC,Consumer Discretionary,1,Stable,True,STABLE,False,True,True,0.16943517,0.3976043
2018-11-09,GPN,Financials,2,Middle,False,RISKY,False,False,False,0.24896961,1.3692354
2018-11-09,GRMN,Consumer Discretionary,2,Middle,False,STABLE,False,False,False,0.18472031,0.9193587
2018-11-09,GS,Financials,2,Middle,False,MIDDLE,False,False,False,0.2088593,1.1057805
2018-11-09,GT,Unknown,2,Middle,False,STABLE,False,False,False,0.3215164,0.95796496
2018-11-09,GWW,Industrials,1,Stable,True,MIDDLE,False,False,False,0.31551185,0.4751067
2018-11-09,HAL,Energy,2,Middle,False,STABLE,False,False,False,0.27169386,0.7909617
2018-11-09,HAS,Consumer Discretionary,2,Middle,False,MIDDLE,False,False,False,0.26928332,0.7665906
2018-11-09,HBAN,Financials,2,Middle,False,MIDDLE,False,False,False,0.20787233,0.79212725
2018-11-09,HBI,Unknown,3,Risky,False,STABLE,False,False,False,0.42020497,0.78286445
2018-11-09,HCA,Health Care,2,Middle,False,MIDDLE,False,False,False,0.23603676,0.90552604
2018-11-09,HD,Consumer Discretionary,1,Stable,True,STABLE,False,True,True,0.1742255,0.74887514
2018-11-09,HES,Unknown,3,Risky,False,MIDDLE,False,False,False,0.3277077,1.472395
2018-11-09,HIG,Financials,2,Middle,False,STABLE,False,False,False,0.17733298,0.8520404
2018-11-09,HII,Industrials,2,Middle,False,RISKY,False,False,False,0.2707806,1.0005708
2018-11-09,HLT,Consumer Discretionary,2,Middle,False,MIDDLE,False,False,False,0.2369543,1.2550131
2018-11-09,HOG,Unknown,2,Middle,False,STABLE,False,False,False,0.27691197,0.94092363
2018-11-09,HOLX,Unknown,2,Middle,False,STABLE,False,False,False,0.20868546,1.0225779
2018-11-09,HON,Industrials,2,Middle,False,STABLE,False,False,False,0.1724757,0.9188694
2018-11-09,HP,Unknown,2,Middle,False,STABLE,False,False,False,0.29456872,0.9661926
2018-11-09,HPE,Information Technology,2,Middle,False,MIDDLE,False,False,False,0.31604925,1.2068417
2018-11-09,HPQ,Information Technology,2,Middle,False,STABLE,False,False,False,0.2362961,1.3412848
2018-11-09,HRB,Unknown,2,Middle,False,STABLE,False,False,False,0.3605585,0.8012331
2018-11-09,HRL,Consumer Staples,1,Stable,True,STABLE,False,True,True,0.19401142,0.24337302
2018-11-09,HRS,Unknown,2,Middle,False,STABLE,False,False,False,0.30988574,0.8613014
2018-11-09,HSIC,Health Care,2,Middle,False,MIDDLE,False,False,False,0.22938271,0.8793574
2018-11-09,HST,Real Estate,1,Stable,True,MIDDLE,False,False,False,0.20973635,0.73140264
2018-11-09,HSY,Consumer Staples,1,Stable,True,MIDDLE,False,False,False,0.21694703,0.046786763
2018-11-09,HUM,Health Care,1,Stable,True,STABLE,False,True,True,0.19247612,0.79581034
2018-11-09,IBM,Information Technology,2,Middle,False,STABLE,False,False,False,0.22701783,0.8631703
2018-11-09,ICE,Financials,1,Stable,True,STABLE,False,True,True,0.18120119,0.71685064
2018-11-09,IDXX,Health Care,2,Middle,False,RISKY,False,False,False,0.26204258,1.4191723
2018-11-09,IFF,Materials,1,Stable,True,MIDDLE,False,False,False,0.19098708,0.66104805
2018-11-09,ILMN,Unknown,3,Risky,False,MIDDLE,False,False,False,0.3552249,1.8637159
2018-11-09,INCY,Health Care,3,Risky,False,RISKY,False,False,False,0.33828682,1.3705626
2018-11-09,INTC,Information Technology,2,Middle,False,MIDDLE,False,False,False,0.29868764,1.3753304
2018-11-09,INTU,Information Technology,2,Middle,False,MIDDLE,False,False,False,0.26546115,1.4900401
2018-11-09,IP,Materials,2,Middle,False,RISKY,False,False,False,0.292122,1.2355912
2018-11-09,IPG,Unknown,2,Middle,False,STABLE,False,False,False,0.2610189,0.7685265
2018-11-09,IPGP,Unknown,3,Risky,False,RISKY,False,False,False,0.6167626,1.2643218
2018-11-09,IQV,Health Care,2,Middle,False,MIDDLE,False,False,False,0.24878827,1.2717638
2018-11-09,IR,Industrials,3,Risky,False,RISKY,False,False,False,0.37449938,1.2208779
2018-11-09,IRM,Real Estate,1,Stable,True,MIDDLE,False,False,False,0.22799934,0.61656576
2018-11-09,ISRG,Health Care,2,Middle,False,RISKY,False,False,False,0.2846348,1.545467
2018-11-09,IT,Information Technology,2,Middle,False,STABLE,False,False,False,0.20904128,1.0308022
2018-11-09,ITW,Industrials,2,Middle,False,STABLE,False,False,False,0.23432957,0.9602931
2018-11-09,IVZ,Financials,2,Middle,False,MIDDLE,False,False,False,0.27840817,0.7830236
2018-11-09,JBHT,Industrials,2,Middle,False,STABLE,False,False,False,0.21028683,0.8187209
2018-11-09,JCI,Industrials,2,Middle,False,STABLE,False,False,False,0.23138463,0.84223723
2018-11-09,JEC,Unknown,2,Middle,False,MIDDLE,False,False,False,0.24384993,1.1278341
2018-11-09,JEF,Unknown,2,Middle,False,STABLE,False,False,False,0.26023635,0.81912833
2018-11-09,JNJ,Health Care,1,Stable,True,STABLE,False,True,True,0.15045683,0.56801
2018-11-09,JNPR,Unknown,2,Middle,False,STABLE,False,False,False,0.23215143,0.81999326
2018-11-09,JPM,Financials,2,Middle,False,MIDDLE,False,False,False,0.19243865,0.90912527
2018-11-09,JWN,Unknown,2,Middle,False,STABLE,False,False,False,0.35169613,0.5651289
2018-11-09,K,Unknown,1,Stable,True,STABLE,False,True,True,0.23699297,0.038248256
2018-11-09,KEY,Financials,2,Middle,False,MIDDLE,False,False,False,0.2341694,0.92118794
2018-11-09,KEYS,Information Technology,2,Middle,False,STABLE,False,False,False,0.27636078,1.1491069
2018-11-09,KHC,Consumer Staples,2,Middle,False,RISKY,False,False,False,0.28656358,0.71880037
2018-11-09,KIM,Real Estate,1,Stable,True,MIDDLE,False,False,False,0.23466,0.5871764
2018-11-09,KLAC,Information Technology,3,Risky,False,MIDDLE,False,False,False,0.35026237,1.597264
2018-11-09,KMB,Consumer Staples,1,Stable,True,MIDDLE,False,False,False,0.23151135,0.30138424
2018-11-09,KMI,Energy,2,Middle,False,STABLE,False,False,False,0.20680091,0.80946815
2018-11-09,KMX,Unknown,2,Middle,False,STABLE,False,False,False,0.28094956,0.7134947
2018-11-09,KO,Consumer Staples,1,Stable,True,STABLE,False,True,True,0.12366109,0.3155332
2018-11-09,KR,Consumer Staples,1,Stable,True,MIDDLE,False,False,False,0.3312973,0.21045096
2018-11-09,KSS,Unknown,1,Stable,True,STABLE,False,True,True,0.30963668,0.3787551
2018-11-09,KSU,Unknown,2,Middle,False,STABLE,False,False,False,0.23693591,0.94696623
2018-11-09,L,Financials,2,Middle,False,STABLE,False,False,False,0.18104538,0.8718536
2018-11-09,LEG,Unknown,2,Middle,False,STABLE,False,False,False,0.2518585,1.0500951
2018-11-09,LEN,Consumer Discretionary,2,Middle,False,MIDDLE,False,False,False,0.30209225,0.82431585
2018-11-09,LH,Health Care,2,Middle,False,MIDDLE,False,False,False,0.2153068,0.9520339
2018-11-09,LIN,Materials,2,Middle,False,MIDDLE,False,False,False,0.21898942,0.8017361
2018-11-09,LKQ,Unknown,2,Middle,False,MIDDLE,False,False,False,0.22895147,1.1652074
2018-11-09,LLL,Unknown,2,Middle,False,STABLE,False,False,False,0.29198673,0.7124305
2018-11-09,LLY,Health Care,1,Stable,True,STABLE,False,True,True,0.20457277,0.70012957
2018-11-09,LMT,Industrials,2,Middle,False,STABLE,False,False,False,0.20356442,0.8086861
2018-11-09,LNC,Unknown,2,Middle,False,MIDDLE,False,False,False,0.26005664,1.3629586
2018-11-09,LNT,Utilities,1,Stable,True,STABLE,False,True,True,0.16942252,-0.08668639
2018-11-09,LOW,Consumer Discretionary,2,Middle,False,MIDDLE,False,False,False,0.25369784,0.99497837
2018-11-09,LRCX,Information Technology,3,Risky,False,MIDDLE,False,False,False,0.32954887,1.3205566
2018-11-09,LUV,Industrials,1,Stable,True,MIDDLE,False,False,False,0.28469357,0.53851193
2018-11-09,LYB,Materials,2,Middle,False,MIDDLE,False,False,False,0.2306694,1.0498544
2018-11-09,M,Unknown,3,Risky,False,STABLE,False,False,False,0.42434144,0.69787234
2018-11-09,MA,Financials,2,Middle,False,RISKY,False,False,False,0.26545057,1.6353334
2018-11-09,MAA,Real Estate,1,Stable,True,STABLE,False,True,True,0.16202904,0.32382634
2018-11-09,MAC,Unknown,1,Stable,True,STABLE,False,True,True,0.1960655,0.64854026
2018-11-09,MAR,Consumer Discretionary,2,Middle,False,MIDDLE,False,False,False,0.23867579,1.1417481
2018-11-09,MAS,Industrials,2,Middle,False,RISKY,False,False,False,0.26313207,1.0982277
2018-11-09,MAT,Unknown,2,Middle,False,MIDDLE,False,False,False,0.29578733,1.0998439
2018-11-09,MCD,Consumer Discretionary,1,Stable,True,STABLE,False,True,True,0.19455966,0.3995207
2018-11-09,MCHP,Information Technology,3,Risky,False,MIDDLE,False,False,False,0.35162342,1.4217633
2018-11-09,MCK,Health Care,2,Middle,False,MIDDLE,False,False,False,0.2680874,1.0031214
2018-11-09,MCO,Financials,2,Middle,False,RISKY,False,False,False,0.24025245,1.256389
2018-11-09,MDLZ,Consumer Staples,1,Stable,True,STABLE,False,True,True,0.17128442,0.4814946
2018-11-09,MDT,Health Care,1,Stable,True,STABLE,False,True,True,0.15819561,0.67814165
2018-11-09,MET,Financials,2,Middle,False,RISKY,False,False,False,0.24484526,1.2222824
2018-11-09,META,Communication Services,3,Risky,False,RISKY,False,False,False,0.4046395,1.3791437
2018-11-09,MGM,Consumer Discretionary,3,Risky,False,RISKY,False,False,False,0.34694123,1.6060832
2018-11-09,MHK,Unknown,3,Risky,False,RISKY,False,False,False,0.5339849,1.2767775
2018-11-09,MKC,Consumer Staples,1,Stable,True,STABLE,False,True,True,0.19517362,0.43362594
2018-11-09,MLM,Materials,2,Middle,False,MIDDLE,False,False,False,0.27775285,0.92982495
2018-11-09,MMM,Industrials,2,Middle,False,STABLE,False,False,False,0.19935763,1.0363026
2018-11-09,MNST,Consumer Staples,2,Middle,False,RISKY,False,False,False,0.23831977,0.98290956
2018-11-09,MO,Consumer Staples,1,Stable,True,MIDDLE,False,False,False,0.21623048,0.073903136
2018-11-09,MOS,Materials,2,Middle,False,RISKY,False,False,False,0.30587068,1.2022821
2018-11-09,MPC,Energy,2,Middle,False,MIDDLE,False,False,False,0.31058383,1.2287463
2018-11-09,MRK,Health Care,1,Stable,True,STABLE,False,True,True,0.16083314,0.730085
2018-11-09,MRO,Unknown,3,Risky,False,MIDDLE,False,False,False,0.40724775,1.671376
2018-11-09,MS,Financials,2,Middle,False,RISKY,False,False,False,0.2426984,1.2764913
2018-11-09,MSCI,Financials,2,Middle,False,RISKY,False,False,False,0.24353506,1.3394529
2018-11-09,MSFT,Information Technology,2,Middle,False,MIDDLE,False,False,False,0.23955657,1.4812636
2018-11-09,MSI,Information Technology,2,Middle,False,STABLE,False,False,False,0.19843112,0.8473056
2018-11-09,MTB,Financials,1,Stable,True,STABLE,False,True,True,0.18254252,0.58283055
2018-11-09,MTD,Health Care,2,Middle,False,MIDDLE,False,False,False,0.21228446,1.1070154
2018-11-09,MU,Information Technology,3,Risky,False,RISKY,False,False,False,0.42671606,1.8434658
2018-11-09,MYL,Unknown,3,Risky,False,MIDDLE,False,False,False,0.35587537,1.030756
2018-11-09,NBL,Unknown,3,Risky,False,MIDDLE,False,False,False,0.3611871,1.304389
2018-11-09,NCLH,Consumer Discretionary,2,Middle,False,RISKY,False,False,False,0.28419828,1.4128231
2018-11-09,NDAQ,Financials,1,Stable,True,STABLE,False,True,True,0.17411228,0.7491875
2018-11-09,NEE,Utilities,1,Stable,True,STABLE,False,True,True,0.15118647,-0.09018542
2018-11-09,NEM,Materials,1,Stable,True,STABLE,False,True,True,0.26573887,-0.11068592
2018-11-09,NFLX,Communication Services,3,Risky,False,RISKY,False,False,False,0.4621595,2.3521297
2018-11-09,NI,Utilities,1,Stable,True,MIDDLE,False,False,False,0.25422278,-0.2497967
2018-11-09,NKE,Consumer Discretionary,2,Middle,False,MIDDLE,False,False,False,0.26909205,1.1852741
2018-11-09,NKTR,Unknown,3,Risky,False,RISKY,False,False,False,0.98868716,1.7614019
2018-11-09,NLSN,Unknown,3,Risky,False,RISKY,False,False,False,0.5112668,0.70211756
2018-11-09,NOC,Industrials,1,Stable,True,MIDDLE,False,False,False,0.2596452,0.64966017
2018-11-09,NOV,Unknown,2,Middle,False,STABLE,False,False,False,0.29452202,0.9500322
2018-11-09,NRG,Utilities,2,Middle,False,RISKY,False,False,False,0.23777334,0.743937
2018-11-09,NSC,Industrials,2,Middle,False,STABLE,False,False,False,0.23322088,1.0190215
2018-11-09,NTAP,Information Technology,3,Risky,False,MIDDLE,False,False,False,0.30687442,1.6472304
2018-11-09,NTRS,Financials,2,Middle,False,MIDDLE,False,False,False,0.22014806,1.076697
2018-11-09,NUE,Materials,2,Middle,False,RISKY,False,False,False,0.24943992,1.3357469
2018-11-09,NVDA,Information Technology,3,Risky,False,RISKY,False,False,False,0.40686095,2.3270323
2018-11-09,NWL,Unknown,3,Risky,False,MIDDLE,False,False,False,0.44801056,1.1683927
2018-11-09,NWS,Communication Services,2,Middle,False,MIDDLE,False,False,False,0.28575352,0.90215784
2018-11-09,NWSA,Communication Services,2,Middle,False,MIDDLE,False,False,False,0.29637018,0.96314156
2018-11-09,O,Real Estate,1,Stable,True,STABLE,False,True,True,0.1572305,0.26226118
2018-11-09,OKE,Energy,2,Middle,False,STABLE,False,False,False,0.20284648,0.8506418
2018-11-09,OMC,Communication Services,2,Middle,False,STABLE,False,False,False,0.2624146,0.7573327
2018-11-09,ORCL,Information Technology,2,Middle,False,STABLE,False,False,False,0.21724853,0.87237865
2018-11-09,ORLY,Consumer Discretionary,1,Stable,True,STABLE,False,True,True,0.21053281,0.74639064
2018-11-09,OXY,Energy,2,Middle,False,STABLE,False,False,False,0.23558114,1.0652231
2018-11-09,PAYX,Industrials,2,Middle,False,STABLE,False,False,False,0.16709188,0.93294644
2018-11-09,PBCT,Unknown,1,Stable,True,STABLE,False,True,True,0.16985577,0.62550914
2018-11-09,PCAR,Industrials,2,Middle,False,STABLE,False,False,False,0.23463331,1.0847718
2018-11-09,PCG,Utilities,3,Risky,False,RISKY,False,False,False,0.37629014,0.809994
2018-11-09,PEG,Utilities,1,Stable,True,STABLE,False,True,True,0.17172493,-0.23299988
2018-11-09,PEP,Consumer Staples,1,Stable,True,STABLE,False,True,True,0.17383116,0.14444473
2018-11-09,PFE,Health Care,1,Stable,True,STABLE,False,True,True,0.16864361,0.8235476
2018-11-09,PFG,Financials,2,Middle,False,RISKY,False,False,False,0.2655082,1.2920778
2018-11-09,PG,Consumer Staples,1,Stable,True,STABLE,False,True,True,0.19204606,0.24517009
2018-11-09,PGR,Financials,2,Middle,False,MIDDLE,False,False,False,0.20035645,0.93205607
2018-11-09,PH,Industrials,2,Middle,False,RISKY,False,False,False,0.23910321,1.2174927
2018-11-09,PHM,Consumer Discretionary,2,Middle,False,MIDDLE,False,False,False,0.31820607,0.6620836
2018-11-09,PKG,Materials,2,Middle,False,RISKY,False,False,False,0.277562,1.1768227
2018-11-09,PLD,Real Estate,1,Stable,True,STABLE,False,True,True,0.18913928,0.4388562
2018-11-09,PM,Consumer Staples,1,Stable,True,MIDDLE,False,False,False,0.20398007,0.09319168
2018-11-09,PNC,Financials,1,Stable,True,MIDDLE,False,False,False,0.21323411,0.73856795
2018-11-09,PNR,Industrials,1,Stable,True,STABLE,False,True,True,0.21540377,0.74696445
2018-11-09,PNW,Utilities,1,Stable,True,STABLE,False,True,True,0.17400815,-0.11653177
2018-11-09,PPG,Materials,2,Middle,False,MIDDLE,False,False,False,0.24949613,0.8084557
2018-11-09,PPL,Utilities,1,Stable,True,STABLE,False,True,True,0.194518,-0.0568896
2018-11-09,PRGO,Unknown,2,Middle,False,STABLE,False,False,False,0.3764055,0.750912
2018-11-09,PRU,Financials,2,Middle,False,RISKY,False,False,False,0.23591322,1.1897796
2018-11-09,PSA,Real Estate,1,Stable,True,STABLE,False,True,True,0.17837176,0.12514512
2018-11-09,PSX,Energy,2,Middle,False,STABLE,False,False,False,0.26163518,1.012223
2018-11-09,PVH,Unknown,2,Middle,False,MIDDLE,False,False,False,0.30783418,1.1322564
2018-11-09,PWR,Industrials,2,Middle,False,STABLE,False,False,False,0.22245212,0.8742338
2018-11-09,PXD,Unknown,3,Risky,False,MIDDLE,False,False,False,0.32522345,1.3646994
2018-11-09,PYPL,Financials,3,Risky,False,RISKY,False,False,False,0.3224306,1.6608613
2018-11-09,QCOM,Information Technology,2,Middle,False,STABLE,False,False,False,0.28093272,1.207175
2018-11-09,QRVO,Unknown,3,Risky,False,MIDDLE,False,False,False,0.35095015,1.5663145
2018-11-09,RCL,Consumer Discretionary,3,Risky,False,RISKY,False,False,False,0.30023828,1.5878242
2018-11-09,REG,Real Estate,1,Stable,True,STABLE,False,True,True,0.16926138,0.3716769
2018-11-09,REGN,Health Care,2,Middle,False,RISKY,False,False,False,0.2996267,1.2350298
2018-11-09,RF,Financials,2,Middle,False,MIDDLE,False,False,False,0.23280615,0.86106354
2018-11-09,RHI,Unknown,2,Middle,False,MIDDLE,False,False,False,0.30319282,1.4552982
2018-11-09,RHT,Unknown,3,Risky,False,RISKY,False,False,False,0.6513215,0.7643808
2018-11-09,RJF,Financials,2,Middle,False,RISKY,False,False,False,0.24305163,1.3366724
2018-11-09,RL,Consumer Discretionary,3,Risky,False,RISKY,False,False,False,0.38520426,1.1054403
2018-11-09,RMD,Health Care,2,Middle,False,STABLE,False,False,False,0.20009927,0.826225
2018-11-09,ROK,Industrials,2,Middle,False,RISKY,False,False,False,0.25310758,1.2523148
2018-11-09,ROL,Industrials,1,Stable,True,STABLE,False,True,True,0.18879601,0.6383646
2018-11-09,ROP,Information Technology,2,Middle,False,STABLE,False,False,False,0.21888623,0.82043546
2018-11-09,ROST,Consumer Discretionary,1,Stable,True,STABLE,False,True,True,0.20073867,0.58987254
2018-11-09,RSG,Industrials,1,Stable,True,STABLE,False,True,True,0.13707094,0.47141585
2018-11-09,RTN,Unknown,2,Middle,False,STABLE,False,False,False,0.21499594,0.836159
2018-11-09,RVTY,Health Care,2,Middle,False,MIDDLE,False,False,False,0.2577569,1.2389247
2018-11-09,SBAC,Real Estate,1,Stable,True,STABLE,False,True,True,0.18219016,0.58031756
2018-11-09,SBUX,Consumer Discretionary,1,Stable,True,MIDDLE,False,False,False,0.26444805,0.64439636
2018-11-09,SCHW,Financials,2,Middle,False,RISKY,False,False,False,0.2536179,1.324879
2018-11-09,SEE,Unknown,2,Middle,False,STABLE,False,False,False,0.26118463,0.9153712
2018-11-09,SHW,Materials,1,Stable,True,MIDDLE,False,False,False,0.20836776,0.7717242
2018-11-09,SIVB,Unknown,3,Risky,False,MIDDLE,False,False,False,0.32909885,1.7001143
2018-11-09,SJM,Consumer Staples,1,Stable,True,MIDDLE,False,False,False,0.2607228,0.06089664
2018-11-09,SLB,Energy,2,Middle,False,STABLE,False,False,False,0.21661377,0.8623319
2018-11-09,SLG,Unknown,1,Stable,True,STABLE,False,True,True,0.16499677,0.5512163
2018-11-09,SNA,Industrials,2,Middle,False,STABLE,False,False,False,0.26489305,0.90431625
2018-11-09,SNPS,Information Technology,2,Middle,False,STABLE,False,False,False,0.22708222,1.1937475
2018-11-09,SO,Utilities,1,Stable,True,STABLE,False,True,True,0.188393,-0.1259555
2018-11-09,SPG,Real Estate,1,Stable,True,STABLE,False,True,True,0.174356,0.47177655
2018-11-09,SPGI,Financials,2,Middle,False,MIDDLE,False,False,False,0.20047101,1.0975641
2018-11-09,SRCL,Unknown,2,Middle,False,STABLE,False,False,False,0.29027757,0.7090395
2018-11-09,SRE,Utilities,1,Stable,True,MIDDLE,False,False,False,0.26403648,0.15730307
2018-11-09,STT,Financials,2,Middle,False,RISKY,False,False,False,0.27590197,1.2450163
2018-11-09,STX,Information Technology,3,Risky,False,MIDDLE,False,False,False,0.37850246,1.4434782
2018-11-09,STZ,Consumer Staples,1,Stable,True,RISKY,False,False,False,0.2388774,0.6472518
2018-11-09,SWK,Industrials,2,Middle,False,RISKY,False,False,False,0.2766735,1.2156018
2018-11-09,SWKS,Information Technology,2,Middle,False,MIDDLE,False,False,False,0.29402635,1.3515599
2018-11-09,SYF,Financials,2,Middle,False,RISKY,False,False,False,0.32619643,1.1269133
2018-11-09,SYK,Health Care,2,Middle,False,STABLE,False,False,False,0.20045486,0.801965
2018-11-09,SYMC,Unknown,2,Middle,False,MIDDLE,False,False,False,0.3209297,1.0609353
2018-11-09,SYY,Consumer Staples,1,Stable,True,MIDDLE,False,False,False,0.24454091,0.3859553
2018-11-09,T,Communication Services,2,Middle,False,STABLE,False,False,False,0.24235964,0.76769733
2018-11-09,TAP,Consumer Staples,1,Stable,True,MIDDLE,False,False,False,0.28547022,0.44829446
2018-11-09,TDG,Industrials,2,Middle,False,RISKY,False,False,False,0.23826438,1.2858971
2018-11-09,TEL,Information Technology,2,Middle,False,STABLE,False,False,False,0.19969466,0.96707684
2018-11-09,TGT,Consumer Staples,1,Stable,True,STABLE,False,True,True,0.21262321,0.44638768
2018-11-09,TIF,Unknown,3,Risky,False,MIDDLE,False,False,False,0.40990928,1.1659932
2018-11-09,TJX,Consumer Discretionary,1,Stable,True,STABLE,False,True,True,0.15414858,0.43810815
2018-11-09,TMO,Health Care,2,Middle,False,MIDDLE,False,False,False,0.1948851,1.1677086
2018-11-09,TPR,Consumer Discretionary,2,Middle,False,MIDDLE,False,False,False,0.2898859,1.0683931
2018-11-09,TRIP,Unknown,3,Risky,False,MIDDLE,False,False,False,0.42544532,1.3037271
2018-11-09,TROW,Financials,2,Middle,False,RISKY,False,False,False,0.22851859,1.4406155
2018-11-09,TRV,Financials,1,Stable,True,STABLE,False,True,True,0.1696774,0.64493304
2018-11-09,TSCO,Consumer Discretionary,2,Middle,False,MIDDLE,False,False,False,0.24260607,0.7126761
2018-11-09,TSN,Consumer Staples,1,Stable,True,MIDDLE,False,False,False,0.23057117,0.3530991
2018-11-09,TSS,Unknown,2,Middle,False,MIDDLE,False,False,False,0.21709463,1.2178974
2018-11-09,TTWO,Communication Services,3,Risky,False,RISKY,False,False,False,0.4168732,1.8538607
2018-11-09,TWTR,Unknown,3,Risky,False,RISKY,False,False,False,0.58070487,2.138789
2018-11-09,TXN,Information Technology,2,Middle,False,MIDDLE,False,False,False,0.26084808,1.3615551
2018-11-09,TXT,Industrials,2,Middle,False,RISKY,False,False,False,0.2575345,1.2662873
2018-11-09,UA,Unknown,3,Risky,False,RISKY,False,False,False,0.48863006,1.3982999
2018-11-09,UAA,Unknown,3,Risky,False,RISKY,False,False,False,0.5248138,1.5254538
2018-11-09,UAL,Industrials,2,Middle,False,RISKY,False,False,False,0.2732612,1.0151776
2018-11-09,UDR,Real Estate,1,Stable,True,STABLE,False,True,True,0.16839913,0.4158811
2018-11-09,UHS,Health Care,1,Stable,True,STABLE,False,True,True,0.20707044,0.6686035
2018-11-09,ULTA,Consumer Discretionary,1,Stable,True,MIDDLE,False,False,False,0.28128827,0.49468136
2018-11-09,UNH,Health Care,2,Middle,False,MIDDLE,False,False,False,0.18169354,0.9897974
2018-11-09,UNM,Unknown,2,Middle,False,MIDDLE,False,False,False,0.29192114,1.2286445
2018-11-09,UNP,Industrials,2,Middle,False,STABLE,False,False,False,0.20557284,1.0061727
2018-11-09,UPS,Industrials,2,Middle,False,STABLE,False,False,False,0.21012202,1.0372341
2018-11-09,URI,Industrials,3,Risky,False,RISKY,False,False,False,0.41577724,2.0826297
2018-11-09,USB,Financials,1,Stable,True,STABLE,False,True,True,0.15659553,0.56895006
2018-11-09,UTX,Unknown,2,Middle,False,STABLE,False,False,False,0.1979657,1.0784135
2018-11-09,V,Financials,2,Middle,False,RISKY,False,False,False,0.22654963,1.3727057
2018-11-09,VAR,Unknown,2,Middle,False,STABLE,False,False,False,0.23549177,0.7213468
2018-11-09,VFC,Unknown,2,Middle,False,STABLE,False,False,False,0.27684975,0.927986
2018-11-09,VIAB,Unknown,2,Middle,False,STABLE,False,False,False,0.30034238,0.91449386
2018-11-09,VLO,Energy,2,Middle,False,MIDDLE,False,False,False,0.32024655,1.1358007
2018-11-09,VMC,Materials,3,Risky,False,RISKY,False,False,False,0.34473085,1.291778
2018-11-09,VNO,Unknown,1,Stable,True,STABLE,False,True,True,0.17101698,0.47569904
2018-11-09,VRSK,Industrials,2,Middle,False,STABLE,False,False,False,0.1733656,0.86263067
2018-11-09,VRSN,Information Technology,2,Middle,False,STABLE,False,False,False,0.3238249,0.9872032
2018-11-09,VRTX,Health Care,3,Risky,False,RISKY,False,False,False,0.33308256,1.3058193
2018-11-09,VTR,Real Estate,1,Stable,True,STABLE,False,True,True,0.20287174,0.20111395
2018-11-09,VZ,Communication Services,1,Stable,True,STABLE,False,True,True,0.17374307,0.16691229
2018-11-09,WAT,Health Care,2,Middle,False,MIDDLE,False,False,False,0.2027179,0.89256155
2018-11-09,WBA,Unknown,2,Middle,False,STABLE,False,False,False,0.25590602,0.74803096
2018-11-09,WCG,Unknown,2,Middle,False,STABLE,False,False,False,0.27491355,0.8213185
2018-11-09,WDC,Information Technology,3,Risky,False,RISKY,False,False,False,0.42857674,1.6076885
2018-11-09,WEC,Utilities,1,Stable,True,STABLE,False,True,True,0.16318929,-0.107927024
2018-11-09,WELL,Real Estate,1,Stable,True,MIDDLE,False,False,False,0.22296363,0.29266116
2018-11-09,WFC,Financials,1,Stable,True,STABLE,False,True,True,0.19304709,0.7282662
2018-11-09,WHR,Unknown,3,Risky,False,MIDDLE,False,False,False,0.38859904,1.0479656
2018-11-09,WM,Industrials,1,Stable,True,STABLE,False,True,True,0.1725754,0.5011054
2018-11-09,WMB,Energy,1,Stable,True,STABLE,False,True,True,0.21688035,0.74983805
2018-11-09,WMT,Consumer Staples,1,Stable,True,STABLE,False,True,True,0.1976779,0.42184886
2018-11-09,WTW,Financials,1,Stable,True,MIDDLE,False,False,False,0.21901484,0.6761186
2018-11-09,WU,Unknown,1,Stable,True,STABLE,False,True,True,0.1802026,0.6440124
2018-11-09,WY,Real Estate,2,Middle,False,RISKY,False,False,False,0.24252367,0.8667092
2018-11-09,WYNN,Consumer Discretionary,3,Risky,False,RISKY,False,False,False,0.45748636,1.550698
2018-11-09,XEC,Unknown,3,Risky,False,MIDDLE,False,False,False,0.38573325,1.0023928
2018-11-09,XEL,Utilities,1,Stable,True,STABLE,False,True,True,0.17644107,-0.1475049
2018-11-09,XLNX,Unknown,3,Risky,False,MIDDLE,False,False,False,0.36862996,1.694554
2018-11-09,XOM,Energy,1,Stable,True,STABLE,False,True,True,0.17987606,0.7801672
2018-11-09,XRAY,Unknown,2,Middle,False,STABLE,False,False,False,0.37490296,0.64925843
2018-11-09,XRX,Unknown,2,Middle,False,STABLE,False,False,False,0.21511088,0.76467234
2018-11-09,XYL,Industrials,2,Middle,False,RISKY,False,False,False,0.26193392,1.1667798
2018-11-09,YUM,Consumer Discretionary,1,Stable,True,STABLE,False,True,True,0.16005337,0.73644143
2018-11-09,ZBH,Health Care,2,Middle,False,MIDDLE,False,False,False,0.21844982,0.90211546
2018-11-09,ZION,Unknown,1,Stable,True,STABLE,False,True,True,0.21668603,0.7149334
2018-11-09,ZTS,Health Care,2,Middle,False,MIDDLE,False,False,False,0.21173272,1.0427034
2019-05-07,A,Health Care,2,Middle,False,STABLE,False,False,False,0.2750115,1.0709114
2019-05-07,AAL,Unknown,3,Risky,False,MIDDLE,False,False,False,0.41875446,1.3473231
2019-05-07,AAP,Unknown,2,Middle,False,STABLE,False,False,False,0.31708366,0.5852629
2019-05-07,AAPL,Information Technology,3,Risky,False,MIDDLE,False,False,False,0.34952202,1.6027211
2019-05-07,ABBV,Health Care,2,Middle,False,STABLE,False,False,False,0.2686155,0.8362786
2019-05-07,ABMD,Unknown,3,Risky,False,RISKY,False,False,False,0.51897025,1.7378807
2019-05-07,ABT,Health Care,2,Middle,False,STABLE,False,False,False,0.26050922,1.139047
2019-05-07,ACN,Information Technology,2,Middle,False,STABLE,False,False,False,0.22204584,0.99693716
2019-05-07,ADBE,Information Technology,3,Risky,False,MIDDLE,False,False,False,0.3450943,1.6126785
2019-05-07,ADI,Information Technology,2,Middle,False,STABLE,False,False,False,0.30593592,1.1485686
2019-05-07,ADM,Consumer Staples,1,Stable,True,STABLE,False,True,True,0.2142275,0.6369015
2019-05-07,ADP,Industrials,2,Middle,False,MIDDLE,False,False,False,0.22143228,1.0571921
2019-05-07,ADSK,Information Technology,3,Risky,False,MIDDLE,False,False,False,0.36810493,1.66938
2019-05-07,AEE,Utilities,1,Stable,True,STABLE,False,True,True,0.17535639,0.31707162
2019-05-07,AEP,Utilities,1,Stable,True,STABLE,False,True,True,0.15329333,0.22773547
2019-05-07,AES,Utilities,1,Stable,True,MIDDLE,False,False,False,0.21881549,0.71300924
2019-05-07,AFL,Financials,1,Stable,True,STABLE,False,True,True,0.18186301,0.68429387
2019-05-07,AGN,Unknown,2,Middle,False,STABLE,False,False,False,0.3069888,0.9135981
2019-05-07,AIG,Financials,2,Middle,False,RISKY,False,False,False,0.3061305,0.83490545
2019-05-07,AIV,Unknown,1,Stable,True,STABLE,False,True,True,0.19709009,0.4631883
2019-05-07,AIZ,Financials,1,Stable,True,STABLE,False,True,True,0.19737495,0.71345687
2019-05-07,AJG,Financials,1,Stable,True,STABLE,False,True,True,0.17741382,0.70111084
2019-05-07,AKAM,Information Technology,2,Middle,False,STABLE,False,False,False,0.24403705,1.0928327
2019-05-07,ALB,Materials,3,Risky,False,RISKY,False,False,False,0.33977634,1.2743767
2019-05-07,ALGN,Health Care,3,Risky,False,MIDDLE,False,False,False,0.47741532,1.8716309
2019-05-07,ALK,Unknown,2,Middle,False,STABLE,False,False,False,0.295517,0.94810206
2019-05-07,ALL,Financials,1,Stable,True,STABLE,False,True,True,0.180945,0.6947625
2019-05-07,ALLE,Industrials,2,Middle,False,STABLE,False,False,False,0.21485974,0.8844428
2019-05-07,ALXN,Unknown,3,Risky,False,MIDDLE,False,False,False,0.3476066,1.2180799
2019-05-07,AMAT,Information Technology,3,Risky,False,MIDDLE,False,False,False,0.40251368,1.5423625
2019-05-07,AMD,Information Technology,3,Risky,False,RISKY,False,False,False,0.6890213,2.5385613
2019-05-07,AME,Industrials,2,Middle,False,MIDDLE,False,False,False,0.23048612,1.118062
2019-05-07,AMG,Unknown,3,Risky,False,MIDDLE,False,False,False,0.36528572,1.3415076
2019-05-07,AMGN,Health Care,2,Middle,False,STABLE,False,False,False,0.23771651,0.87259394
2019-05-07,AMP,Financials,2,Middle,False,RISKY,False,False,False,0.30344462,1.3631314
2019-05-07,AMT,Real Estate,1,Stable,True,STABLE,False,True,True,0.1640445,0.36861858
2019-05-07,AMZN,Consumer Discretionary,3,Risky,False,RISKY,False,False,False,0.37126175,1.812461
2019-05-07,ANET,Information Technology,3,Risky,False,MIDDLE,False,False,False,0.4431853,1.6925411
2019-05-07,ANSS,Unknown,2,Middle,False,MIDDLE,False,False,False,0.2750466,1.3104146
2019-05-07,AON,Financials,1,Stable,True,MIDDLE,False,False,False,0.23567219,0.6971944
2019-05-07,AOS,Industrials,2,Middle,False,STABLE,False,False,False,0.2406565,0.84185994
2019-05-07,APA,Energy,3,Risky,False,RISKY,False,False,False,0.40040112,1.2954897
2019-05-07,APD,Materials,2,Middle,False,MIDDLE,False,False,False,0.20356163,0.83385634
2019-05-07,APH,Information Technology,2,Middle,False,STABLE,False,False,False,0.24010713,1.0788493
2019-05-07,APTV,Consumer Discretionary,2,Middle,False,MIDDLE,False,False,False,0.31075597,1.084645
2019-05-07,ARE,Real Estate,1,Stable,True,STABLE,False,True,True,0.20238985,0.5803746
2019-05-07,ATO,Utilities,1,Stable,True,STABLE,False,True,True,0.18289918,0.34912392
2019-05-07,ATVI,Unknown,3,Risky,False,MIDDLE,False,False,False,0.44094586,0.9783012
2019-05-07,AVB,Real Estate,1,Stable,True,STABLE,False,True,True,0.17839289,0.42092183
2019-05-07,AVGO,Information Technology,2,Middle,False,STABLE,False,False,False,0.32965901,1.138691
2019-05-07,AVY,Materials,2,Middle,False,MIDDLE,False,False,False,0.21967882,0.9200229
2019-05-07,AWK,Utilities,1,Stable,True,STABLE,False,True,True,0.17589402,0.36731586
2019-05-07,AXP,Financials,2,Middle,False,MIDDLE,False,False,False,0.22085612,1.0698745
2019-05-07,AZO,Consumer Discretionary,1,Stable,True,STABLE,False,True,True,0.231931,0.14352432
2019-05-07,BA,Industrials,3,Risky,False,RISKY,False,False,False,0.34682685,1.3338058
2019-05-07,BAC,Financials,2,Middle,False,RISKY,False,False,False,0.26844716,1.0573475
2019-05-07,BALL,Materials,1,Stable,True,MIDDLE,False,False,False,0.20704192,0.7612638
2019-05-07,BAX,Health Care,2,Middle,False,STABLE,False,False,False,0.21658705,0.9495574
2019-05-07,BBT,Unknown,2,Middle,False,STABLE,False,False,False,0.29333964,0.7504692
2019-05-07,BBY,Consumer Discretionary,3,Risky,False,RISKY,False,False,False,0.36173415,1.1010542
2019-05-07,BDX,Health Care,2,Middle,False,STABLE,False,False,False,0.24795651,0.99700016
2019-05-07,BEN,Financials,2,Middle,False,MIDDLE,False,False,False,0.25032556,0.8556874
2019-05-07,BF-B,Consumer Staples,1,Stable,True,STABLE,False,True,True,0.21723698,0.6637129
2019-05-07,BHGE,Unknown,2,Middle,False,MIDDLE,False,False,False,0.3282033,1.085045
2019-05-07,BIIB,Health Care,3,Risky,False,RISKY,False,False,False,0.5892411,0.73818654
2019-05-07,BKNG,Consumer Discretionary,2,Middle,False,MIDDLE,False,False,False,0.2967467,1.0745178
2019-05-07,BLK,Financials,2,Middle,False,RISKY,False,False,False,0.23954761,1.1240915
2019-05-07,BMY,Health Care,2,Middle,False,STABLE,False,False,False,0.31166154,0.95406544
2019-05-07,BR,Industrials,2,Middle,False,STABLE,False,False,False,0.23105578,0.9211511
2019-05-07,BRK-B,Financials,2,Middle,False,MIDDLE,False,False,False,0.2129787,1.0023264
2019-05-07,BSX,Health Care,2,Middle,False,MIDDLE,False,False,False,0.3166341,1.3696656
2019-05-07,BWA,Unknown,2,Middle,False,MIDDLE,False,False,False,0.32059062,1.2340589
2019-05-07,BXP,Real Estate,1,Stable,True,MIDDLE,False,False,False,0.20295219,0.6675288
2019-05-07,C,Financials,2,Middle,False,RISKY,False,False,False,0.27428368,1.1915224
2019-05-07,CAG,Unknown,3,Risky,False,MIDDLE,False,False,False,0.4408502,0.85693866
2019-05-07,CAH,Health Care,2,Middle,False,STABLE,False,False,False,0.2999774,0.89694655
2019-05-07,CAT,Industrials,3,Risky,False,RISKY,False,False,False,0.34170583,1.5274647
2019-05-07,CB,Financials,1,Stable,True,STABLE,False,True,True,0.18310536,0.6390022
2019-05-07,CBOE,Financials,1,Stable,True,STABLE,False,True,True,0.20887753,0.40549725
2019-05-07,CBRE,Real Estate,2,Middle,False,RISKY,False,False,False,0.26415122,1.1925044
2019-05-07,CCI,Real Estate,1,Stable,True,STABLE,False,True,True,0.17251085,0.46102425
2019-05-07,CCL,Consumer Discretionary,2,Middle,False,MIDDLE,False,False,False,0.31513408,1.0805494
2019-05-07,CDNS,Information Technology,2,Middle,False,STABLE,False,False,False,0.2706945,1.2403257
2019-05-07,CE,Unknown,2,Middle,False,MIDDLE,False,False,False,0.2922731,1.0782411
2019-05-07,CELG,Unknown,2,Middle,False,STABLE,False,False,False,0.4123265,0.72533077
2019-05-07,CERN,Unknown,2,Middle,False,STABLE,False,False,False,0.26551244,0.88763297
2019-05-07,CF,Materials,3,Risky,False,RISKY,False,False,False,0.37199095,1.2994078
2019-05-07,CFG,Financials,2,Middle,False,RISKY,False,False,False,0.27327082,1.0195619
2019-05-07,CHD,Consumer Staples,1,Stable,True,STABLE,False,True,True,0.2224303,0.40670532
2019-05-07,CHRW,Industrials,2,Middle,False,STABLE,False,False,False,0.24196942,0.8105233
2019-05-07,CHTR,Communication Services,2,Middle,False,MIDDLE,False,False,False,0.29624638,0.87379515
2019-05-07,CI,Health Care,2,Middle,False,STABLE,False,False,False,0.33943713,0.88387024
2019-05-07,CINF,Financials,1,Stable,True,STABLE,False,True,True,0.19938816,0.68632317
2019-05-07,CL,Consumer Staples,1,Stable,True,STABLE,False,True,True,0.16784853,0.5473476
2019-05-07,CLX,Consumer Staples,1,Stable,True,STABLE,False,True,True,0.24042797,0.4530596
2019-05-07,CMA,Unknown,2,Middle,False,STABLE,False,False,False,0.26994875,0.8276566
2019-05-07,CMCSA,Communication Services,1,Stable,True,STABLE,False,True,True,0.2168459,0.68660915
2019-05-07,CME,Financials,1,Stable,True,STABLE,False,True,True,0.18882951,0.37826848
2019-05-07,CMG,Consumer Discretionary,2,Middle,False,MIDDLE,False,False,False,0.3131592,0.7257804
2019-05-07,CMI,Industrials,2,Middle,False,STABLE,False,False,False,0.22868134,0.9360429
2019-05-07,CMS,Utilities,1,Stable,True,STABLE,False,True,True,0.16238543,0.27680948
2019-05-07,CNC,Health Care,3,Risky,False,MIDDLE,False,False,False,0.37390557,1.1719155
2019-05-07,CNP,Utilities,1,Stable,True,STABLE,False,True,True,0.15394647,0.3513602
2019-05-07,COF,Financials,2,Middle,False,RISKY,False,False,False,0.27659377,1.1237427
2019-05-07,COO,Health Care,2,Middle,False,STABLE,False,False,False,0.3040787,0.9812538
2019-05-07,COP,Energy,2,Middle,False,MIDDLE,False,False,False,0.28570703,1.1596699
2019-05-07,COR,Health Care,2,Middle,False,STABLE,False,False,False,0.29176253,0.76231366
2019-05-07,COST,Consumer Staples,2,Middle,False,MIDDLE,False,False,False,0.24593377,0.9428496
2019-05-07,COTY,Unknown,3,Risky,False,RISKY,False,False,False,0.59961224,1.1895754
2019-05-07,CPAY,Financials,2,Middle,False,MIDDLE,False,False,False,0.21683143,0.84987915
2019-05-07,CPB,Unknown,1,Stable,True,STABLE,False,True,True,0.3041651,0.25593147
2019-05-07,CPRI,Unknown,3,Risky,False,MIDDLE,False,False,False,0.38544706,1.0866011
2019-05-07,CPRT,Industrials,2,Middle,False,MIDDLE,False,False,False,0.25614783,1.0152584
2019-05-07,CRM,Information Technology,3,Risky,False,MIDDLE,False,False,False,0.36916795,1.721726
2019-05-07,CSCO,Information Technology,2,Middle,False,STABLE,False,False,False,0.24741508,1.2282885
2019-05-07,CSX,Industrials,2,Middle,False,MIDDLE,False,False,False,0.23466615,1.0631588
2019-05-07,CTAS,Industrials,2,Middle,False,MIDDLE,False,False,False,0.23742609,1.1342386
2019-05-07,CTSH,Information Technology,2,Middle,False,STABLE,False,False,False,0.31360877,0.9383233
2019-05-07,CTXS,Unknown,1,Stable,True,STABLE,False,True,True,0.1861667,0.6321784
2019-05-07,CVS,Health Care,2,Middle,False,STABLE,False,False,False,0.30464998,0.83713365
2019-05-07,CVX,Energy,2,Middle,False,STABLE,False,False,False,0.23267186,0.9178762
2019-05-07,CXO,Unknown,3,Risky,False,RISKY,False,False,False,0.45723277,1.5086721
2019-05-07,D,Utilities,1,Stable,True,STABLE,False,True,True,0.17616205,0.24956466
2019-05-07,DAL,Industrials,2,Middle,False,MIDDLE,False,False,False,0.29759908,1.0200186
2019-05-07,DE,Industrials,2,Middle,False,MIDDLE,False,False,False,0.30470833,1.2480772
2019-05-07,DFS,Unknown,2,Middle,False,MIDDLE,False,False,False,0.25592256,1.2075948
2019-05-07,DG,Consumer Staples,2,Middle,False,MIDDLE,False,False,False,0.25984934,0.8676897
2019-05-07,DGX,Health Care,2,Middle,False,STABLE,False,False,False,0.28105763,0.7483214
2019-05-07,DHI,Consumer Discretionary,2,Middle,False,MIDDLE,False,False,False,0.30813053,0.76696116
2019-05-07,DHR,Health Care,2,Middle,False,STABLE,False,False,False,0.24452068,0.94102544
2019-05-07,DIS,Communication Services,2,Middle,False,MIDDLE,False,False,False,0.25363302,0.7989606
2019-05-07,DISCK,Unknown,2,Middle,False,STABLE,False,False,False,0.32852232,0.6131206
2019-05-07,DISH,Unknown,3,Risky,False,MIDDLE,False,False,False,0.4043773,1.2369595
2019-05-07,DLR,Real Estate,1,Stable,True,MIDDLE,False,False,False,0.23633024,0.6098704
2019-05-07,DLTR,Consumer Staples,1,Stable,True,STABLE,False,True,True,0.24470279,0.4588229
2019-05-07,DOV,Industrials,2,Middle,False,MIDDLE,False,False,False,0.25011078,1.0218424
2019-05-07,DRE,Unknown,1,Stable,True,STABLE,False,True,True,0.21110195,0.63123995
2019-05-07,DRI,Consumer Discretionary,1,Stable,True,STABLE,False,True,True,0.24201335,0.65528405
2019-05-07,DTE,Utilities,1,Stable,True,STABLE,False,True,True,0.14311238,0.2392857
2019-05-07,DUK,Utilities,1,Stable,True,STABLE,False,True,True,0.14402603,0.21544786
2019-05-07,DVA,Health Care,2,Middle,False,MIDDLE,False,False,False,0.34183753,1.1938903
2019-05-07,DVN,Energy,3,Risky,False,RISKY,False,False,False,0.43646553,1.4890283
2019-05-07,DXC,Unknown,2,Middle,False,MIDDLE,False,False,False,0.28078952,1.0945628
2019-05-07,EA,Communication Services,3,Risky,False,RISKY,False,False,False,0.46501344,1.0462743
2019-05-07,EBAY,Consumer Discretionary,2,Middle,False,MIDDLE,False,False,False,0.24981646,0.85660625
2019-05-07,ECL,Materials,1,Stable,True,MIDDLE,False,False,False,0.1784207,0.8049555
2019-05-07,ED,Utilities,1,Stable,True,STABLE,False,True,True,0.17944847,0.23447675
2019-05-07,EFX,Industrials,1,Stable,True,STABLE,False,True,True,0.19669256,0.7690904
2019-05-07,EG,Financials,1,Stable,True,STABLE,False,True,True,0.20244986,0.45244974
2019-05-07,EIX,Utilities,3,Risky,False,RISKY,False,False,False,0.4394299,0.66507334
2019-05-07,EL,Consumer Staples,2,Middle,False,MIDDLE,False,False,False,0.30445707,0.97166693
2019-05-07,ELV,Health Care,2,Middle,False,STABLE,False,False,False,0.33577555,0.8159697
2019-05-07,EMN,Unknown,2,Middle,False,MIDDLE,False,False,False,0.26883566,1.1172516
2019-05-07,EMR,Industrials,2,Middle,False,MIDDLE,False,False,False,0.23738776,1.0838637
2019-05-07,EOG,Energy,3,Risky,False,RISKY,False,False,False,0.38311622,1.3211879
2019-05-07,EQIX,Real Estate,1,Stable,True,MIDDLE,False,False,False,0.23409142,0.6321084
2019-05-07,ES,Utilities,1,Stable,True,STABLE,False,True,True,0.15034327,0.27968454
2019-05-07,ESS,Real Estate,1,Stable,True,STABLE,False,True,True,0.17754059,0.36506632
2019-05-07,ETFC,Unknown,2,Middle,False,MIDDLE,False,False,False,0.2829582,1.1121557
2019-05-07,ETN,Industrials,2,Middle,False,STABLE,False,False,False,0.21665332,0.97812706
2019-05-07,ETR,Utilities,1,Stable,True,STABLE,False,True,True,0.15399767,0.26829603
2019-05-07,EVRG,Utilities,1,Stable,True,STABLE,False,True,True,0.17613184,0.17769717
2019-05-07,EW,Health Care,3,Risky,False,MIDDLE,False,False,False,0.33700863,1.3483448
2019-05-07,EXC,Utilities,1,Stable,True,STABLE,False,True,True,0.15292418,0.28881973
2019-05-07,EXPD,Industrials,2,Middle,False,MIDDLE,False,False,False,0.22995977,0.9939711
2019-05-07,EXPE,Consumer Discretionary,2,Middle,False,MIDDLE,False,False,False,0.23155162,0.8767798
2019-05-07,EXR,Real Estate,1,Stable,True,STABLE,False,True,True,0.2024782,0.3030342
2019-05-07,F,Consumer Discretionary,2,Middle,False,MIDDLE,False,False,False,0.32839853,0.8927411
2019-05-07,FANG,Energy,3,Risky,False,RISKY,False,False,False,0.37030792,1.3167821
2019-05-07,FAST,Industrials,2,Middle,False,MIDDLE,False,False,False,0.26689872,1.1082163
2019-05-07,FBIN,Unknown,2,Middle,False,MIDDLE,False,False,False,0.28087837,1.095492
2019-05-07,FCX,Materials,3,Risky,False,RISKY,False,False,False,0.510008,1.6977869
2019-05-07,FDX,Industrials,3,Risky,False,RISKY,False,False,False,0.3471855,1.3290702
2019-05-07,FE,Utilities,1,Stable,True,STABLE,False,True,True,0.18104313,0.3434633
2019-05-07,FFIV,Information Technology,2,Middle,False,STABLE,False,False,False,0.2827592,1.1430714
2019-05-07,FI,Financials,2,Middle,False,RISKY,False,False,False,0.24930046,1.0071266
2019-05-07,FIS,Financials,2,Middle,False,MIDDLE,False,False,False,0.21331678,0.8627242
2019-05-07,FITB,Financials,2,Middle,False,RISKY,False,False,False,0.27306056,0.8651592
2019-05-07,FL,Unknown,2,Middle,False,STABLE,False,False,False,0.3623598,0.8569206
2019-05-07,FLIR,Unknown,2,Middle,False,STABLE,False,False,False,0.24768594,0.93648744
2019-05-07,FLR,Unknown,3,Risky,False,RISKY,False,False,False,0.52740693,1.4686254
2019-05-07,FLS,Unknown,3,Risky,False,MIDDLE,False,False,False,0.34890303,1.5962955
2019-05-07,FMC,Unknown,2,Middle,False,STABLE,False,False,False,0.26801553,1.0137587
2019-05-07,FRT,Real Estate,1,Stable,True,STABLE,False,True,True,0.18436712,0.52274966
2019-05-07,FTI,Unknown,3,Risky,False,MIDDLE,False,False,False,0.4101031,1.399724
2019-05-07,FTNT,Information Technology,3,Risky,False,STABLE,False,False,False,0.36461025,1.1759459
2019-05-07,FTV,Industrials,2,Middle,False,MIDDLE,False,False,False,0.23179047,1.0357053
2019-05-07,GAP,Unknown,2,Middle,False,STABLE,False,False,False,0.37440962,0.8122031
2019-05-07,GD,Industrials,2,Middle,False,STABLE,False,False,False,0.23333512,0.9125848
2019-05-07,GE,Industrials,3,Risky,False,RISKY,False,False,False,0.5064974,1.296231
2019-05-07,GILD,Health Care,2,Middle,False,STABLE,False,False,False,0.23891191,0.77351296
2019-05-07,GIS,Consumer Staples,1,Stable,True,STABLE,False,True,True,0.20412977,0.31725428
2019-05-07,GLW,Information Technology,2,Middle,False,STABLE,False,False,False,0.3122911,1.1854131
2019-05-07,GM,Consumer Discretionary,2,Middle,False,MIDDLE,False,False,False,0.2653606,0.9491959
2019-05-07,GOOG,Communication Services,2,Middle,False,MIDDLE,False,False,False,0.28295052,1.2124997
2019-05-07,GOOGL,Communication Services,2,Middle,False,MIDDLE,False,False,False,0.2799721,1.2130243
2019-05-07,GPC,Consumer Discretionary,1,Stable,True,STABLE,False,True,True,0.18564369,0.64481866
2019-05-07,GPN,Financials,2,Middle,False,RISKY,False,False,False,0.25819638,1.2534437
2019-05-07,GRMN,Consumer Discretionary,2,Middle,False,MIDDLE,False,False,False,0.30283514,0.81618077
2019-05-07,GS,Financials,2,Middle,False,RISKY,False,False,False,0.30495802,1.1533818
2019-05-07,GWW,Industrials,2,Middle,False,MIDDLE,False,False,False,0.2823684,1.0778514
2019-05-07,HAL,Energy,3,Risky,False,RISKY,False,False,False,0.35124832,1.2968591
2019-05-07,HAS,Consumer Discretionary,2,Middle,False,MIDDLE,False,False,False,0.3030819,0.72920984
2019-05-07,HBAN,Financials,2,Middle,False,MIDDLE,False,False,False,0.2511022,0.7536572
2019-05-07,HBI,Unknown,3,Risky,False,MIDDLE,False,False,False,0.43511584,0.97307515
2019-05-07,HCA,Health Care,2,Middle,False,MIDDLE,False,False,False,0.32959247,1.0562592
2019-05-07,HD,Consumer Discretionary,2,Middle,False,MIDDLE,False,False,False,0.22354536,0.9966768
2019-05-07,HES,Unknown,3,Risky,False,RISKY,False,False,False,0.43937764,1.7689699
2019-05-07,HIG,Financials,1,Stable,True,STABLE,False,True,True,0.18460524,0.68530095
2019-05-07,HII,Industrials,2,Middle,False,MIDDLE,False,False,False,0.26617748,1.0117661
2019-05-07,HLT,Consumer Discretionary,2,Middle,False,MIDDLE,False,False,False,0.26398444,0.97337717
2019-05-07,HOG,Unknown,2,Middle,False,MIDDLE,False,False,False,0.31654882,1.1066768
2019-05-07,HOLX,Unknown,2,Middle,False,STABLE,False,False,False,0.26132464,0.954448
2019-05-07,HON,Industrials,2,Middle,False,STABLE,False,False,False,0.18851978,0.91286576
2019-05-07,HP,Unknown,3,Risky,False,MIDDLE,False,False,False,0.37906757,1.2135565
2019-05-07,HPE,Information Technology,2,Middle,False,STABLE,False,False,False,0.31304348,1.273305
2019-05-07,HPQ,Information Technology,3,Risky,False,MIDDLE,False,False,False,0.38958704,1.334367
2019-05-07,HRB,Unknown,2,Middle,False,STABLE,False,False,False,0.27423492,0.70706993
2019-05-07,HRL,Consumer Staples,1,Stable,True,STABLE,False,True,True,0.19813456,0.45806968
2019-05-07,HRS,Unknown,2,Middle,False,STABLE,False,False,False,0.26460147,0.67719847
2019-05-07,HSIC,Health Care,2,Middle,False,STABLE,False,False,False,0.26742482,0.7404211
2019-05-07,HST,Real Estate,2,Middle,False,MIDDLE,False,False,False,0.22922593,0.82590765
2019-05-07,HSY,Consumer Staples,1,Stable,True,STABLE,False,True,True,0.159364,0.28212783
2019-05-07,HUM,Health Care,2,Middle,False,STABLE,False,False,False,0.3198743,0.94279045
2019-05-07,IBM,Information Technology,2,Middle,False,STABLE,False,False,False,0.23767658,1.0084199
2019-05-07,ICE,Financials,1,Stable,True,STABLE,False,True,True,0.17454158,0.6151754
2019-05-07,IDXX,Health Care,2,Middle,False,MIDDLE,False,False,False,0.30325162,1.3515983
2019-05-07,IFF,Materials,2,Middle,False,MIDDLE,False,False,False,0.23003384,0.79441965
2019-05-07,ILMN,Unknown,3,Risky,False,MIDDLE,False,False,False,0.37939677,1.6054997
2019-05-07,INCY,Health Care,2,Middle,False,MIDDLE,False,False,False,0.3563364,1.034682
2019-05-07,INTC,Information Technology,2,Middle,False,STABLE,False,False,False,0.32492262,1.2204368
2019-05-07,INTU,Information Technology,2,Middle,False,STABLE,False,False,False,0.29954728,1.3300797
2019-05-07,IP,Materials,2,Middle,False,MIDDLE,False,False,False,0.27040315,0.9910822
2019-05-07,IPG,Unknown,2,Middle,False,STABLE,False,False,False,0.2654645,0.7772921
2019-05-07,IPGP,Unknown,3,Risky,False,RISKY,False,False,False,0.42529953,1.7868544
2019-05-07,IQV,Health Care,2,Middle,False,MIDDLE,False,False,False,0.27498958,1.1960286
2019-05-07,IR,Industrials,3,Risky,False,RISKY,False,False,False,0.41282207,1.3269341
2019-05-07,IRM,Real Estate,1,Stable,True,MIDDLE,False,False,False,0.24051538,0.607962
2019-05-07,ISRG,Health Care,3,Risky,False,MIDDLE,False,False,False,0.3782479,1.574208
2019-05-07,IT,Information Technology,2,Middle,False,STABLE,False,False,False,0.22577673,0.9994541
2019-05-07,ITW,Industrials,2,Middle,False,MIDDLE,False,False,False,0.24614598,1.0949088
2019-05-07,IVZ,Financials,2,Middle,False,RISKY,False,False,False,0.28376377,1.0650585
2019-05-07,JBHT,Industrials,2,Middle,False,MIDDLE,False,False,False,0.28382745,0.94548404
2019-05-07,JCI,Industrials,2,Middle,False,STABLE,False,False,False,0.2232912,0.826471
2019-05-07,JEC,Unknown,2,Middle,False,MIDDLE,False,False,False,0.29533267,1.1687443
2019-05-07,JEF,Unknown,2,Middle,False,MIDDLE,False,False,False,0.28115433,1.265225
2019-05-07,JKHY,Financials,2,Middle,False,MIDDLE,False,False,False,0.20360142,0.88144505
2019-05-07,JNJ,Health Care,1,Stable,True,STABLE,False,True,True,0.22345975,0.6813137
2019-05-07,JNPR,Unknown,2,Middle,False,STABLE,False,False,False,0.25974426,0.9479463
2019-05-07,JPM,Financials,2,Middle,False,MIDDLE,False,False,False,0.21741918,0.90492123
2019-05-07,JWN,Unknown,2,Middle,False,STABLE,False,False,False,0.3620748,0.8236405
2019-05-07,K,Unknown,1,Stable,True,STABLE,False,True,True,0.20429711,0.45594612
2019-05-07,KEY,Financials,2,Middle,False,RISKY,False,False,False,0.2946005,0.97917163
2019-05-07,KEYS,Information Technology,2,Middle,False,STABLE,False,False,False,0.29392457,1.203092
2019-05-07,KHC,Consumer Staples,3,Risky,False,RISKY,False,False,False,0.5021159,0.45072782
2019-05-07,KIM,Real Estate,1,Stable,True,MIDDLE,False,False,False,0.24842915,0.69420004
2019-05-07,KLAC,Information Technology,3,Risky,False,MIDDLE,False,False,False,0.3442253,1.4922665
2019-05-07,KMB,Consumer Staples,1,Stable,True,STABLE,False,True,True,0.24283695,0.38547197
2019-05-07,KMI,Energy,2,Middle,False,STABLE,False,False,False,0.23402077,0.86888826
2019-05-07,KMX,Unknown,2,Middle,False,STABLE,False,False,False,0.30750313,0.8113673
2019-05-07,KO,Consumer Staples,1,Stable,True,STABLE,False,True,True,0.19707383,0.39197618
2019-05-07,KR,Consumer Staples,2,Middle,False,MIDDLE,False,False,False,0.29330134,0.62151814
2019-05-07,KSS,Unknown,3,Risky,False,MIDDLE,False,False,False,0.41422474,1.188801
2019-05-07,KSU,Unknown,2,Middle,False,STABLE,False,False,False,0.24902649,0.97397316
2019-05-07,L,Financials,2,Middle,False,MIDDLE,False,False,False,0.20499812,0.83724856
2019-05-07,LEG,Unknown,2,Middle,False,STABLE,False,False,False,0.26681253,0.90633184
2019-05-07,LEN,Consumer Discretionary,2,Middle,False,MIDDLE,False,False,False,0.3237448,0.6916358
2019-05-07,LH,Health Care,2,Middle,False,STABLE,False,False,False,0.29219708,0.7841633
2019-05-07,LIN,Materials,2,Middle,False,MIDDLE,False,False,False,0.22948489,0.7728971
2019-05-07,LKQ,Unknown,2,Middle,False,STABLE,False,False,False,0.2678311,0.8655772
2019-05-07,LLY,Health Care,1,Stable,True,STABLE,False,True,True,0.2246879,0.5603737
2019-05-07,LMT,Industrials,2,Middle,False,STABLE,False,False,False,0.23509453,0.88503134
2019-05-07,LNC,Unknown,2,Middle,False,MIDDLE,False,False,False,0.27584863,1.1585432
2019-05-07,LNT,Utilities,1,Stable,True,STABLE,False,True,True,0.16765592,0.32988086
2019-05-07,LOW,Consumer Discretionary,2,Middle,False,MIDDLE,False,False,False,0.2647831,1.0664787
2019-05-07,LRCX,Information Technology,3,Risky,False,MIDDLE,False,False,False,0.40553343,1.5006336
2019-05-07,LUV,Industrials,2,Middle,False,MIDDLE,False,False,False,0.27888477,0.912703
2019-05-07,LW,Unknown,1,Stable,True,STABLE,False,True,True,0.24755415,0.35162148
2019-05-07,LYB,Materials,2,Middle,False,MIDDLE,False,False,False,0.2709467,0.98700666
2019-05-07,M,Unknown,3,Risky,False,MIDDLE,False,False,False,0.4431904,0.98340285
2019-05-07,MA,Financials,2,Middle,False,RISKY,False,False,False,0.2827423,1.3958187
2019-05-07,MAA,Real Estate,1,Stable,True,STABLE,False,True,True,0.1924799,0.43885958
2019-05-07,MAC,Unknown,2,Middle,False,STABLE,False,False,False,0.278122,0.6878057
2019-05-07,MAR,Consumer Discretionary,2,Middle,False,MIDDLE,False,False,False,0.2697025,1.0527172
2019-05-07,MAS,Industrials,2,Middle,False,MIDDLE,False,False,False,0.29111704,0.94005966
2019-05-07,MAT,Unknown,3,Risky,False,RISKY,False,False,False,0.6038126,1.290371
2019-05-07,MCD,Consumer Discretionary,1,Stable,True,STABLE,False,True,True,0.15288346,0.42566374
2019-05-07,MCHP,Information Technology,3,Risky,False,MIDDLE,False,False,False,0.36554712,1.4583817
2019-05-07,MCK,Health Care,2,Middle,False,STABLE,False,False,False,0.26489332,0.68212
2019-05-07,MCO,Financials,2,Middle,False,RISKY,False,False,False,0.24916855,1.2132448
2019-05-07,MDLZ,Consumer Staples,1,Stable,True,STABLE,False,True,True,0.15844798,0.4692503
2019-05-07,MDT,Health Care,1,Stable,True,STABLE,False,True,True,0.21827357,0.75023067
2019-05-07,MET,Financials,2,Middle,False,MIDDLE,False,False,False,0.24161837,0.9385532
2019-05-07,META,Communication Services,3,Risky,False,RISKY,False,False,False,0.3638768,1.2016231
2019-05-07,MGM,Consumer Discretionary,3,Risky,False,RISKY,False,False,False,0.35889828,1.4603281
2019-05-07,MHK,Unknown,2,Middle,False,STABLE,False,False,False,0.2717344,0.8721786
2019-05-07,MKC,Consumer Staples,1,Stable,True,STABLE,False,True,True,0.24414656,0.49517724
2019-05-07,MLM,Materials,1,Stable,True,MIDDLE,False,False,False,0.25149322,0.69118255
2019-05-07,MMM,Industrials,2,Middle,False,MIDDLE,False,False,False,0.30194557,1.1082435
2019-05-07,MNST,Consumer Staples,2,Middle,False,MIDDLE,False,False,False,0.3361681,0.76538247
2019-05-07,MO,Consumer Staples,2,Middle,False,MIDDLE,False,False,False,0.28624985,0.6561707
2019-05-07,MOS,Materials,3,Risky,False,RISKY,False,False,False,0.34019154,1.311666
2019-05-07,MPC,Energy,2,Middle,False,MIDDLE,False,False,False,0.30018607,1.2365451
2019-05-07,MRK,Health Care,1,Stable,True,STABLE,False,True,True,0.19803745,0.70285803
2019-05-07,MRO,Unknown,3,Risky,False,RISKY,False,False,False,0.43532902,1.6078697
2019-05-07,MS,Financials,2,Middle,False,RISKY,False,False,False,0.2827331,1.1946287
2019-05-07,MSCI,Financials,2,Middle,False,RISKY,False,False,False,0.267033,1.2422843
2019-05-07,MSFT,Information Technology,2,Middle,False,STABLE,False,False,False,0.27559167,1.3858823
2019-05-07,MSI,Information Technology,2,Middle,False,STABLE,False,False,False,0.2879757,0.9940397
2019-05-07,MTB,Financials,2,Middle,False,MIDDLE,False,False,False,0.23779567,0.7529733
2019-05-07,MTD,Health Care,2,Middle,False,STABLE,False,False,False,0.2668951,1.1351879
2019-05-07,MU,Information Technology,3,Risky,False,RISKY,False,False,False,0.4910707,1.9783742
2019-05-07,MXIM,Unknown,2,Middle,False,MIDDLE,False,False,False,0.29453605,1.2342758
2019-05-07,MYL,Unknown,3,Risky,False,RISKY,False,False,False,0.55017,1.4554396
2019-05-07,NBL,Unknown,3,Risky,False,RISKY,False,False,False,0.45016998,1.6464049
2019-05-07,NCLH,Consumer Discretionary,2,Middle,False,MIDDLE,False,False,False,0.28824186,1.191029
2019-05-07,NDAQ,Financials,1,Stable,True,MIDDLE,False,False,False,0.20146954,0.80971646
2019-05-07,NEE,Utilities,1,Stable,True,STABLE,False,True,True,0.15888964,0.30356485
2019-05-07,NEM,Materials,1,Stable,True,STABLE,False,True,True,0.30535173,0.10439793
2019-05-07,NFLX,Communication Services,3,Risky,False,RISKY,False,False,False,0.4229695,1.6785412
2019-05-07,NI,Utilities,1,Stable,True,STABLE,False,True,True,0.1709381,0.28902754
2019-05-07,NKE,Consumer Discretionary,2,Middle,False,MIDDLE,False,False,False,0.28403935,1.1026915
2019-05-07,NKTR,Unknown,3,Risky,False,RISKY,False,False,False,0.5257829,1.4781045
2019-05-07,NLSN,Unknown,2,Middle,False,MIDDLE,False,False,False,0.3351657,1.0228201
2019-05-07,NOC,Industrials,2,Middle,False,MIDDLE,False,False,False,0.25797132,0.9168333
2019-05-07,NOV,Unknown,3,Risky,False,MIDDLE,False,False,False,0.3897698,1.2542326
2019-05-07,NRG,Utilities,1,Stable,True,MIDDLE,False,False,False,0.24946609,0.6840792
2019-05-07,NSC,Industrials,2,Middle,False,MIDDLE,False,False,False,0.2577548,1.1253736
2019-05-07,NTAP,Information Technology,3,Risky,False,MIDDLE,False,False,False,0.39160657,1.3246257
2019-05-07,NTRS,Financials,2,Middle,False,RISKY,False,False,False,0.24729572,1.0299608
2019-05-07,NUE,Materials,2,Middle,False,MIDDLE,False,False,False,0.25253427,1.0414363
2019-05-07,NVDA,Information Technology,3,Risky,False,RISKY,False,False,False,0.6168242,2.0174794
2019-05-07,NWL,Unknown,3,Risky,False,RISKY,False,False,False,0.51899874,1.058327
2019-05-07,NWS,Communication Services,2,Middle,False,MIDDLE,False,False,False,0.23269296,0.98018104
2019-05-07,NWSA,Communication Services,2,Middle,False,MIDDLE,False,False,False,0.24064325,0.9839025
2019-05-07,O,Real Estate,1,Stable,True,STABLE,False,True,True,0.2046038,0.45162943
2019-05-07,OKE,Energy,2,Middle,False,STABLE,False,False,False,0.2523168,0.96976435
2019-05-07,OMC,Communication Services,1,Stable,True,STABLE,False,True,True,0.21266596,0.6517279
2019-05-07,ORCL,Information Technology,2,Middle,False,STABLE,False,False,False,0.22059637,0.9331579
2019-05-07,ORLY,Consumer Discretionary,1,Stable,True,STABLE,False,True,True,0.2476772,0.55847734
2019-05-07,OXY,Energy,2,Middle,False,MIDDLE,False,False,False,0.27331978,1.0033871
2019-05-07,PAYX,Industrials,2,Middle,False,STABLE,False,False,False,0.18718322,0.89582384
2019-05-07,PBCT,Unknown,2,Middle,False,STABLE,False,False,False,0.22975953,0.82415855
2019-05-07,PCAR,Industrials,2,Middle,False,STABLE,False,False,False,0.22000925,0.8465975
2019-05-07,PEG,Utilities,1,Stable,True,STABLE,False,True,True,0.1663825,0.36132133
2019-05-07,PEP,Consumer Staples,1,Stable,True,STABLE,False,True,True,0.1721626,0.51983744
2019-05-07,PFE,Health Care,1,Stable,True,STABLE,False,True,True,0.21578717,0.7266073
2019-05-07,PFG,Financials,2,Middle,False,RISKY,False,False,False,0.2695482,0.99119705
2019-05-07,PG,Consumer Staples,1,Stable,True,STABLE,False,True,True,0.17872396,0.51361513
2019-05-07,PGR,Financials,2,Middle,False,RISKY,False,False,False,0.2689541,0.9068711
2019-05-07,PH,Industrials,2,Middle,False,MIDDLE,False,False,False,0.26885983,1.2430667
2019-05-07,PHM,Consumer Discretionary,1,Stable,True,MIDDLE,False,False,False,0.2784715,0.6241728
2019-05-07,PKG,Materials,2,Middle,False,MIDDLE,False,False,False,0.28897935,1.1038132
2019-05-07,PLD,Real Estate,1,Stable,True,MIDDLE,False,False,False,0.2172246,0.75317043
2019-05-07,PM,Consumer Staples,1,Stable,True,MIDDLE,False,False,False,0.25560942,0.6511565
2019-05-07,PNC,Financials,2,Middle,False,MIDDLE,False,False,False,0.22093758,0.818445
2019-05-07,PNR,Industrials,2,Middle,False,MIDDLE,False,False,False,0.30952775,1.0821142
2019-05-07,PNW,Utilities,1,Stable,True,STABLE,False,True,True,0.1695691,0.271155
2019-05-07,PPG,Materials,2,Middle,False,MIDDLE,False,False,False,0.22173364,0.8310029
2019-05-07,PPL,Utilities,1,Stable,True,STABLE,False,True,True,0.20673533,0.26139733
2019-05-07,PRGO,Unknown,3,Risky,False,RISKY,False,False,False,0.61657846,1.670221
2019-05-07,PRU,Financials,2,Middle,False,RISKY,False,False,False,0.24880809,1.0857639
2019-05-07,PSA,Real Estate,1,Stable,True,STABLE,False,True,True,0.18060876,0.13790144
2019-05-07,PSX,Energy,2,Middle,False,MIDDLE,False,False,False,0.26713356,1.0564958
2019-05-07,PVH,Unknown,3,Risky,False,MIDDLE,False,False,False,0.38117355,1.1706396
2019-05-07,PWR,Industrials,2,Middle,False,MIDDLE,False,False,False,0.2642626,1.1747245
2019-05-07,PXD,Unknown,3,Risky,False,MIDDLE,False,False,False,0.38573623,1.3149258
2019-05-07,PYPL,Financials,3,Risky,False,RISKY,False,False,False,0.31000668,1.4510179
2019-05-07,QCOM,Information Technology,3,Risky,False,STABLE,False,False,False,0.42429277,0.8541447
2019-05-07,QRVO,Unknown,3,Risky,False,MIDDLE,False,False,False,0.36355266,1.48946
2019-05-07,RCL,Consumer Discretionary,2,Middle,False,RISKY,False,False,False,0.32608336,1.2928504
2019-05-07,REG,Real Estate,1,Stable,True,STABLE,False,True,True,0.20871748,0.5052484
2019-05-07,REGN,Health Care,2,Middle,False,MIDDLE,False,False,False,0.33523872,1.2136182
2019-05-07,RF,Financials,2,Middle,False,RISKY,False,False,False,0.29098022,1.0260806
2019-05-07,RHI,Unknown,3,Risky,False,MIDDLE,False,False,False,0.32123068,1.3853298
2019-05-07,RJF,Financials,2,Middle,False,RISKY,False,False,False,0.25868422,1.1283045
2019-05-07,RL,Consumer Discretionary,2,Middle,False,MIDDLE,False,False,False,0.310301,1.0814412
2019-05-07,RMD,Health Care,3,Risky,False,MIDDLE,False,False,False,0.40540165,0.8688218
2019-05-07,ROK,Industrials,2,Middle,False,MIDDLE,False,False,False,0.27097687,1.0837448
2019-05-07,ROL,Industrials,2,Middle,False,STABLE,False,False,False,0.27011186,0.8679784
2019-05-07,ROP,Information Technology,2,Middle,False,STABLE,False,False,False,0.22670127,1.1001676
2019-05-07,ROST,Consumer Discretionary,2,Middle,False,MIDDLE,False,False,False,0.2894073,1.1068923
2019-05-07,RSG,Industrials,1,Stable,True,STABLE,False,True,True,0.14129189,0.51576185
2019-05-07,RTN,Unknown,2,Middle,False,STABLE,False,False,False,0.25347698,0.8809269
2019-05-07,RVTY,Health Care,2,Middle,False,MIDDLE,False,False,False,0.29465443,1.390979
2019-05-07,SBAC,Real Estate,1,Stable,True,STABLE,False,True,True,0.17179787,0.44220144
2019-05-07,SBUX,Consumer Discretionary,1,Stable,True,STABLE,False,True,True,0.1801574,0.69184697
2019-05-07,SCHW,Financials,2,Middle,False,RISKY,False,False,False,0.2684654,1.117732
2019-05-07,SEE,Unknown,1,Stable,True,STABLE,False,True,True,0.26051655,0.4884702
2019-05-07,SHW,Materials,2,Middle,False,MIDDLE,False,False,False,0.23751654,0.9051444
2019-05-07,SIVB,Unknown,3,Risky,False,MIDDLE,False,False,False,0.38116127,1.4337978
2019-05-07,SJM,Consumer Staples,1,Stable,True,STABLE,False,True,True,0.24236962,0.1961584
2019-05-07,SLB,Energy,2,Middle,False,MIDDLE,False,False,False,0.3255969,0.983989
2019-05-07,SLG,Unknown,1,Stable,True,STABLE,False,True,True,0.22133584,0.7599135
2019-05-07,SNA,Industrials,2,Middle,False,MIDDLE,False,False,False,0.27036262,0.9792218
2019-05-07,SNPS,Information Technology,2,Middle,False,STABLE,False,False,False,0.2598707,1.2572476
2019-05-07,SO,Utilities,1,Stable,True,STABLE,False,True,True,0.15201268,0.26800987
2019-05-07,SPG,Real Estate,1,Stable,True,STABLE,False,True,True,0.20623888,0.539609
2019-05-07,SPGI,Financials,2,Middle,False,MIDDLE,False,False,False,0.21057193,0.9925794
2019-05-07,SRE,Utilities,1,Stable,True,STABLE,False,True,True,0.17333803,0.38745138
2019-05-07,STT,Financials,2,Middle,False,RISKY,False,False,False,0.2754484,0.9859963
2019-05-07,STX,Information Technology,3,Risky,False,MIDDLE,False,False,False,0.37651864,1.3756156
2019-05-07,STZ,Consumer Staples,2,Middle,False,MIDDLE,False,False,False,0.32969543,0.83212256
2019-05-07,SWK,Industrials,3,Risky,False,RISKY,False,False,False,0.38409626,1.4239076
2019-05-07,SWKS,Information Technology,3,Risky,False,MIDDLE,False,False,False,0.38429144,1.4346449
2019-05-07,SYF,Financials,2,Middle,False,MIDDLE,False,False,False,0.2601306,0.7817665
2019-05-07,SYK,Health Care,2,Middle,False,STABLE,False,False,False,0.2748323,1.0260586
2019-05-07,SYMC,Unknown,2,Middle,False,MIDDLE,False,False,False,0.3150542,1.1870831
2019-05-07,SYY,Consumer Staples,1,Stable,True,STABLE,False,True,True,0.16022703,0.449273
2019-05-07,T,Communication Services,1,Stable,True,STABLE,False,True,True,0.21351324,0.59297985
2019-05-07,TAP,Consumer Staples,1,Stable,True,MIDDLE,False,False,False,0.2782817,0.57591814
2019-05-07,TDG,Industrials,2,Middle,False,MIDDLE,False,False,False,0.28175676,1.2214798
2019-05-07,TEL,Information Technology,2,Middle,False,STABLE,False,False,False,0.26747242,1.0273702
2019-05-07,TFX,Unknown,2,Middle,False,STABLE,False,False,False,0.28582588,1.0464944
2019-05-07,TGT,Consumer Staples,2,Middle,False,MIDDLE,False,False,False,0.31957024,0.96783215
2019-05-07,TIF,Unknown,2,Middle,False,STABLE,False,False,False,0.3311885,0.8828188
2019-05-07,TJX,Consumer Discretionary,2,Middle,False,MIDDLE,False,False,False,0.23631509,0.9348942
2019-05-07,TMO,Health Care,2,Middle,False,STABLE,False,False,False,0.25791928,1.1592964
2019-05-07,TPR,Consumer Discretionary,3,Risky,False,RISKY,False,False,False,0.3949405,1.240758
2019-05-07,TRIP,Unknown,3,Risky,False,MIDDLE,False,False,False,0.3412861,1.3571213
2019-05-07,TROW,Financials,2,Middle,False,RISKY,False,False,False,0.26515588,1.1330653
2019-05-07,TRV,Financials,1,Stable,True,STABLE,False,True,True,0.18519612,0.71404964
2019-05-07,TSCO,Consumer Discretionary,2,Middle,False,MIDDLE,False,False,False,0.26063636,0.976373
2019-05-07,TSN,Consumer Staples,1,Stable,True,STABLE,False,True,True,0.23482293,0.60772794
2019-05-07,TTWO,Communication Services,3,Risky,False,RISKY,False,False,False,0.44820982,1.0741969
2019-05-07,TWTR,Unknown,3,Risky,False,RISKY,False,False,False,0.50701785,1.8496541
2019-05-07,TXN,Information Technology,2,Middle,False,STABLE,False,False,False,0.30877522,1.2785425
2019-05-07,TXT,Industrials,2,Middle,False,MIDDLE,False,False,False,0.25456026,1.0620297
2019-05-07,UA,Unknown,3,Risky,False,MIDDLE,False,False,False,0.38590205,1.2019944
2019-05-07,UAA,Unknown,3,Risky,False,MIDDLE,False,False,False,0.38862634,1.171032
2019-05-07,UAL,Industrials,2,Middle,False,MIDDLE,False,False,False,0.28788507,0.93100494
2019-05-07,UDR,Real Estate,1,Stable,True,STABLE,False,True,True,0.1840892,0.4127907
2019-05-07,UHS,Health Care,2,Middle,False,STABLE,False,False,False,0.27206573,0.83597624
2019-05-07,ULTA,Consumer Discretionary,3,Risky,False,RISKY,False,False,False,0.3541078,1.1530068
2019-05-07,UNH,Health Care,2,Middle,False,STABLE,False,False,False,0.29148126,0.92941594
2019-05-07,UNM,Unknown,2,Middle,False,MIDDLE,False,False,False,0.29071042,1.1203907
2019-05-07,UNP,Industrials,2,Middle,False,MIDDLE,False,False,False,0.2810047,1.1354129
2019-05-07,UPS,Industrials,2,Middle,False,MIDDLE,False,False,False,0.29124925,1.1287616
2019-05-07,URI,Industrials,3,Risky,False,RISKY,False,False,False,0.43203458,1.8202914
2019-05-07,USB,Financials,1,Stable,True,STABLE,False,True,True,0.17786023,0.72759384
2019-05-07,UTX,Unknown,2,Middle,False,STABLE,False,False,False,0.24539292,0.9789432
2019-05-07,V,Financials,2,Middle,False,RISKY,False,False,False,0.24420862,1.2169942
2019-05-07,VAR,Unknown,2,Middle,False,STABLE,False,False,False,0.24167006,1.0543555
2019-05-07,VFC,Unknown,2,Middle,False,STABLE,False,False,False,0.28058967,1.048263
2019-05-07,VIAB,Unknown,2,Middle,False,STABLE,False,False,False,0.30506825,0.74047536
2019-05-07,VLO,Energy,2,Middle,False,MIDDLE,False,False,False,0.29715163,1.0900599
2019-05-07,VMC,Materials,2,Middle,False,MIDDLE,False,False,False,0.2797984,0.8936109
2019-05-07,VNO,Unknown,1,Stable,True,STABLE,False,True,True,0.19720194,0.6372876
2019-05-07,VRSK,Industrials,2,Middle,False,STABLE,False,False,False,0.18983585,0.9205666
2019-05-07,VRSN,Information Technology,2,Middle,False,STABLE,False,False,False,0.2548365,1.1750259
2019-05-07,VRTX,Health Care,2,Middle,False,MIDDLE,False,False,False,0.32943776,1.2755705
2019-05-07,VTR,Real Estate,1,Stable,True,STABLE,False,True,True,0.20968209,0.3053179
2019-05-07,VZ,Communication Services,1,Stable,True,STABLE,False,True,True,0.19191432,0.315527
2019-05-07,WAB,Industrials,3,Risky,False,RISKY,False,False,False,0.3674548,1.1423442
2019-05-07,WAT,Health Care,2,Middle,False,STABLE,False,False,False,0.34227642,0.8547662
2019-05-07,WBA,Unknown,2,Middle,False,STABLE,False,False,False,0.3217861,0.96274436
2019-05-07,WCG,Unknown,2,Middle,False,MIDDLE,False,False,False,0.376698,0.96370673
2019-05-07,WDC,Information Technology,3,Risky,False,MIDDLE,False,False,False,0.49610797,1.6902492
2019-05-07,WEC,Utilities,1,Stable,True,STABLE,False,True,True,0.16326115,0.2371695
2019-05-07,WELL,Real Estate,1,Stable,True,STABLE,False,True,True,0.20515308,0.39743772
2019-05-07,WFC,Financials,1,Stable,True,MIDDLE,False,False,False,0.21170641,0.7631014
2019-05-07,WHR,Unknown,2,Middle,False,STABLE,False,False,False,0.31194663,0.88939303
2019-05-07,WM,Industrials,1,Stable,True,STABLE,False,True,True,0.15673724,0.57182527
2019-05-07,WMB,Energy,2,Middle,False,STABLE,False,False,False,0.2298464,0.85639906
2019-05-07,WMT,Consumer Staples,1,Stable,True,STABLE,False,True,True,0.18385981,0.6346822
2019-05-07,WTW,Financials,1,Stable,True,STABLE,False,True,True,0.20936161,0.6157797
2019-05-07,WU,Unknown,1,Stable,True,STABLE,False,True,True,0.16247042,0.615937
2019-05-07,WY,Real Estate,2,Middle,False,RISKY,False,False,False,0.29044202,0.8246825
2019-05-07,WYNN,Consumer Discretionary,3,Risky,False,RISKY,False,False,False,0.43772462,1.6245816
2019-05-07,XEC,Unknown,3,Risky,False,MIDDLE,False,False,False,0.39098054,1.5042259
2019-05-07,XEL,Utilities,1,Stable,True,STABLE,False,True,True,0.15674217,0.28235674
2019-05-07,XLNX,Unknown,3,Risky,False,RISKY,False,False,False,0.48524097,1.418234
2019-05-07,XOM,Energy,2,Middle,False,STABLE,False,False,False,0.21709442,0.88309515
2019-05-07,XRAY,Unknown,2,Middle,False,STABLE,False,False,False,0.3237918,0.7448786
2019-05-07,XRX,Unknown,3,Risky,False,MIDDLE,False,False,False,0.38597807,1.4336295
2019-05-07,XYL,Industrials,2,Middle,False,MIDDLE,False,False,False,0.26233786,1.1560348
2019-05-07,YUM,Consumer Discretionary,1,Stable,True,STABLE,False,True,True,0.16136578,0.6033492
2019-05-07,ZBH,Health Care,2,Middle,False,STABLE,False,False,False,0.24933396,0.9687623
2019-05-07,ZION,Unknown,2,Middle,False,STABLE,False,False,False,0.25592637,0.9479523
2019-05-07,ZTS,Health Care,2,Middle,False,STABLE,False,False,False,0.23384298,1.0327883
2019-10-25,A,Health Care,2,Middle,False,MIDDLE,False,False,False,0.29509267,1.2112962
2019-10-25,AAL,Unknown,3,Risky,False,RISKY,False,False,False,0.38397497,1.6544231
2019-10-25,AAP,Unknown,2,Middle,False,STABLE,False,False,False,0.25383216,0.84719366
2019-10-25,AAPL,Information Technology,2,Middle,False,MIDDLE,False,False,False,0.2609609,1.5037444
2019-10-25,ABBV,Health Care,2,Middle,False,MIDDLE,False,False,False,0.32957697,0.9242471
2019-10-25,ABMD,Unknown,3,Risky,False,RISKY,False,False,False,0.54917514,1.3257647
2019-10-25,ABT,Health Care,2,Middle,False,MIDDLE,False,False,False,0.19899517,1.0312804
2019-10-25,ACN,Information Technology,2,Middle,False,STABLE,False,False,False,0.1837828,1.0020455
2019-10-25,ADBE,Information Technology,2,Middle,False,MIDDLE,False,False,False,0.26633453,1.361599
2019-10-25,ADI,Information Technology,3,Risky,False,MIDDLE,False,False,False,0.3226054,1.6685165
2019-10-25,ADM,Consumer Staples,2,Middle,False,RISKY,False,False,False,0.21299644,1.0906265
2019-10-25,ADP,Industrials,2,Middle,False,STABLE,False,False,False,0.19695246,1.0172207
2019-10-25,ADSK,Information Technology,3,Risky,False,MIDDLE,False,False,False,0.32485116,1.3933312
2019-10-25,AEE,Utilities,1,Stable,True,STABLE,False,True,True,0.14435388,0.25929403
2019-10-25,AEP,Utilities,1,Stable,True,STABLE,False,True,True,0.14321601,0.17104962
2019-10-25,AES,Utilities,1,Stable,True,RISKY,False,False,False,0.22561176,0.6718581
2019-10-25,AFL,Financials,1,Stable,True,STABLE,False,True,True,0.17727108,0.74343413
2019-10-25,AGN,Unknown,2,Middle,False,STABLE,False,False,False,0.3906957,0.40842843
2019-10-25,AIG,Financials,2,Middle,False,MIDDLE,False,False,False,0.21641923,1.1174927
2019-10-25,AIV,Unknown,1,Stable,True,STABLE,False,True,True,0.14861846,0.43333313
2019-10-25,AIZ,Financials,1,Stable,True,MIDDLE,False,False,False,0.20451248,0.8387181
2019-10-25,AJG,Financials,1,Stable,True,STABLE,False,True,True,0.17931062,0.8995964
2019-10-25,AKAM,Information Technology,2,Middle,False,STABLE,False,False,False,0.2415462,1.1363571
2019-10-25,ALB,Materials,3,Risky,False,RISKY,False,False,False,0.39245534,1.7401317
2019-10-25,ALGN,Health Care,3,Risky,False,RISKY,False,False,False,0.59499663,1.4248658
2019-10-25,ALK,Unknown,2,Middle,False,STABLE,False,False,False,0.24314746,1.0056506
2019-10-25,ALL,Financials,1,Stable,True,STABLE,False,True,True,0.1826472,0.81126094
2019-10-25,ALLE,Industrials,2,Middle,False,STABLE,False,False,False,0.22111884,0.8884179
2019-10-25,ALXN,Unknown,3,Risky,False,RISKY,False,False,False,0.41402993,1.4517173
2019-10-25,AMAT,Information Technology,3,Risky,False,MIDDLE,False,False,False,0.3568096,1.6051171
2019-10-25,AMCR,Materials,1,Stable,True,STABLE,False,True,True,0.25429142,0.677398
2019-10-25,AMD,Information Technology,3,Risky,False,RISKY,False,False,False,0.4975156,2.2456508
2019-10-25,AME,Industrials,2,Middle,False,MIDDLE,False,False,False,0.2087547,1.1298313
2019-10-25,AMG,Unknown,2,Middle,False,MIDDLE,False,False,False,0.28381145,1.3384537
2019-10-25,AMGN,Health Care,1,Stable,True,STABLE,False,True,True,0.22469743,0.5550968
2019-10-25,AMP,Financials,3,Risky,False,RISKY,False,False,False,0.30642787,1.6601154
2019-10-25,AMT,Real Estate,1,Stable,True,MIDDLE,False,False,False,0.19977322,0.11912649
2019-10-25,AMZN,Consumer Discretionary,2,Middle,False,MIDDLE,False,False,False,0.21610038,1.1674222
2019-10-25,ANET,Information Technology,3,Risky,False,MIDDLE,False,False,False,0.3664613,1.5358957
2019-10-25,ANSS,Unknown,2,Middle,False,MIDDLE,False,False,False,0.26994386,1.4769886
2019-10-25,AON,Financials,2,Middle,False,MIDDLE,False,False,False,0.18615235,0.96676534
2019-10-25,AOS,Industrials,2,Middle,False,MIDDLE,False,False,False,0.28453696,1.0121442
2019-10-25,APA,Energy,3,Risky,False,RISKY,False,False,False,0.49987814,1.6239679
2019-10-25,APD,Materials,1,Stable,True,STABLE,False,True,True,0.20863247,0.85630393
2019-10-25,APH,Information Technology,2,Middle,False,STABLE,False,False,False,0.2433792,1.2477882
2019-10-25,APTV,Consumer Discretionary,3,Risky,False,RISKY,False,False,False,0.34111685,1.6092292
2019-10-25,ARE,Real Estate,1,Stable,True,STABLE,False,True,True,0.15678988,0.55160534
2019-10-25,ATO,Utilities,1,Stable,True,STABLE,False,True,True,0.14102353,0.25793052
2019-10-25,ATVI,Unknown,3,Risky,False,MIDDLE,False,False,False,0.33050007,1.5030311
2019-10-25,AVB,Real Estate,1,Stable,True,STABLE,False,True,True,0.14243318,0.4058902
2019-10-25,AVGO,Information Technology,3,Risky,False,MIDDLE,False,False,False,0.32569283,1.5481285
2019-10-25,AVY,Materials,2,Middle,False,STABLE,False,False,False,0.23829606,1.0543652
2019-10-25,AWK,Utilities,1,Stable,True,STABLE,False,True,True,0.15323459,0.111013055
2019-10-25,AXP,Financials,2,Middle,False,MIDDLE,False,False,False,0.19313212,1.1092528
2019-10-25,AZO,Consumer Discretionary,2,Middle,False,STABLE,False,False,False,0.21760917,0.8752926
2019-10-25,BA,Industrials,2,Middle,False,MIDDLE,False,False,False,0.28789985,0.85374516
2019-10-25,BAC,Financials,2,Middle,False,RISKY,False,False,False,0.25394815,1.3640108
2019-10-25,BALL,Materials,1,Stable,True,STABLE,False,True,True,0.2332943,0.61457074
2019-10-25,BAX,Health Care,2,Middle,False,STABLE,False,False,False,0.24092619,0.88565487
2019-10-25,BBT,Unknown,2,Middle,False,MIDDLE,False,False,False,0.273117,1.2033405
2019-10-25,BBY,Consumer Discretionary,3,Risky,False,RISKY,False,False,False,0.37180063,1.5030792
2019-10-25,BDX,Health Care,2,Middle,False,MIDDLE,False,False,False,0.20762698,1.0481958
2019-10-25,BEN,Financials,2,Middle,False,RISKY,False,False,False,0.2620273,1.3871961
2019-10-25,BF-B,Consumer Staples,1,Stable,True,RISKY,False,False,False,0.20029753,0.8711212
2019-10-25,BIIB,Health Care,3,Risky,False,MIDDLE,False,False,False,0.4017571,0.72940415
2019-10-25,BKNG,Consumer Discretionary,2,Middle,False,MIDDLE,False,False,False,0.23399803,1.1931517
2019-10-25,BKR,Energy,2,Middle,False,MIDDLE,False,False,False,0.35463718,1.0072538
2019-10-25,BLK,Financials,2,Middle,False,RISKY,False,False,False,0.23042196,1.3880786
2019-10-25,BMY,Health Care,1,Stable,True,STABLE,False,True,True,0.2323135,0.7026819
2019-10-25,BR,Industrials,2,Middle,False,STABLE,False,False,False,0.19587609,0.93344235
2019-10-25,BRK-B,Financials,1,Stable,True,STABLE,False,True,True,0.14260614,0.79300433
2019-10-25,BSX,Health Care,2,Middle,False,MIDDLE,False,False,False,0.24790072,1.1148881
2019-10-25,BWA,Unknown,3,Risky,False,MIDDLE,False,False,False,0.3320574,1.4870151
2019-10-25,BXP,Real Estate,1,Stable,True,STABLE,False,True,True,0.15384589,0.6563574
2019-10-25,C,Financials,2,Middle,False,RISKY,False,False,False,0.27032915,1.5415865
2019-10-25,CAG,Unknown,2,Middle,False,STABLE,False,False,False,0.35571724,0.7965892
2019-10-25,CAH,Health Care,2,Middle,False,MIDDLE,False,False,False,0.29124856,0.90974844
2019-10-25,CAT,Industrials,2,Middle,False,MIDDLE,False,False,False,0.26404312,1.2033887
2019-10-25,CB,Financials,1,Stable,True,STABLE,False,True,True,0.17406122,0.6897969
2019-10-25,CBOE,Financials,1,Stable,True,STABLE,False,True,True,0.19901225,0.20606454
2019-10-25,CBRE,Real Estate,2,Middle,False,RISKY,False,False,False,0.2423308,1.2831664
2019-10-25,CCI,Real Estate,1,Stable,True,MIDDLE,False,False,False,0.2009979,0.28576112
2019-10-25,CCL,Consumer Discretionary,2,Middle,False,MIDDLE,False,False,False,0.2922601,0.95348984
2019-10-25,CDNS,Information Technology,3,Risky,False,MIDDLE,False,False,False,0.30365705,1.6519994
2019-10-25,CDW,Information Technology,2,Middle,False,MIDDLE,False,False,False,0.28285772,1.2815273
2019-10-25,CE,Unknown,2,Middle,False,MIDDLE,False,False,False,0.24869347,1.3002169
2019-10-25,CERN,Unknown,1,Stable,True,STABLE,False,True,True,0.18131733,0.89694434
2019-10-25,CF,Materials,2,Middle,False,MIDDLE,False,False,False,0.29696575,0.91675717
2019-10-25,CFG,Financials,2,Middle,False,RISKY,False,False,False,0.28933385,1.2678448
2019-10-25,CHD,Consumer Staples,1,Stable,True,STABLE,False,True,True,0.17849249,0.19993737
2019-10-25,CHRW,Industrials,1,Stable,True,STABLE,False,True,True,0.21874128,0.7888614
2019-10-25,CHTR,Communication Services,1,Stable,True,STABLE,False,True,True,0.18333007,0.69342273
2019-10-25,CI,Health Care,2,Middle,False,MIDDLE,False,False,False,0.3083823,0.9120483
2019-10-25,CINF,Financials,1,Stable,True,STABLE,False,True,True,0.1798335,0.8243502
2019-10-25,CL,Consumer Staples,1,Stable,True,STABLE,False,True,True,0.1819634,0.62891465
2019-10-25,CLX,Consumer Staples,1,Stable,True,STABLE,False,True,True,0.1849778,0.38640034
2019-10-25,CMA,Unknown,2,Middle,False,MIDDLE,False,False,False,0.29324555,1.3179976
2019-10-25,CMCSA,Communication Services,2,Middle,False,STABLE,False,False,False,0.18725398,1.0267588
2019-10-25,CME,Financials,1,Stable,True,STABLE,False,True,True,0.21260151,0.4556356
2019-10-25,CMG,Consumer Discretionary,2,Middle,False,MIDDLE,False,False,False,0.27294418,0.89349955
2019-10-25,CMI,Industrials,2,Middle,False,MIDDLE,False,False,False,0.26873058,1.4179137
2019-10-25,CMS,Utilities,1,Stable,True,STABLE,False,True,True,0.14958686,0.14606299
2019-10-25,CNC,Health Care,2,Middle,False,MIDDLE,False,False,False,0.3333543,1.0389862
2019-10-25,CNP,Utilities,1,Stable,True,MIDDLE,False,False,False,0.19065535,0.39724422
2019-10-25,COF,Financials,2,Middle,False,RISKY,False,False,False,0.2609509,1.3341178
2019-10-25,COO,Health Care,1,Stable,True,STABLE,False,True,True,0.2107453,0.7585639
2019-10-25,COP,Energy,2,Middle,False,MIDDLE,False,False,False,0.30907962,1.011725
2019-10-25,COR,Health Care,2,Middle,False,STABLE,False,False,False,0.27831373,0.7583236
2019-10-25,COST,Consumer Staples,1,Stable,True,STABLE,False,True,True,0.17249447,0.7223821
2019-10-25,COTY,Unknown,3,Risky,False,RISKY,False,False,False,0.4512349,1.0238855
2019-10-25,CPAY,Financials,2,Middle,False,RISKY,False,False,False,0.27305686,1.1492743
2019-10-25,CPB,Unknown,1,Stable,True,STABLE,False,True,True,0.23849382,0.50188124
2019-10-25,CPRI,Unknown,3,Risky,False,RISKY,False,False,False,0.4165538,1.7655373
2019-10-25,CPRT,Industrials,2,Middle,False,STABLE,False,False,False,0.22652036,0.83245206
2019-10-25,CRM,Information Technology,2,Middle,False,STABLE,False,False,False,0.28105032,1.1053904
2019-10-25,CSCO,Information Technology,2,Middle,False,MIDDLE,False,False,False,0.29056534,1.4045569
2019-10-25,CSX,Industrials,2,Middle,False,MIDDLE,False,False,False,0.26527932,1.0862212
2019-10-25,CTAS,Industrials,2,Middle,False,STABLE,False,False,False,0.2351656,0.90773183
2019-10-25,CTSH,Information Technology,2,Middle,False,STABLE,False,False,False,0.20551424,0.95773923
2019-10-25,CTXS,Unknown,1,Stable,True,STABLE,False,True,True,0.15612274,0.6235469
2019-10-25,CVS,Health Care,1,Stable,True,STABLE,False,True,True,0.23143685,0.7872535
2019-10-25,CVX,Energy,1,Stable,True,STABLE,False,True,True,0.18156242,0.8420819
2019-10-25,CXO,Unknown,3,Risky,False,RISKY,False,False,False,0.52897614,1.4321132
2019-10-25,D,Utilities,1,Stable,True,STABLE,False,True,True,0.1525002,0.25893813
2019-10-25,DAL,Industrials,2,Middle,False,MIDDLE,False,False,False,0.21789458,1.0670604
2019-10-25,DD,Materials,3,Risky,False,MIDDLE,False,False,False,0.36261076,1.0535818
2019-10-25,DE,Industrials,2,Middle,False,RISKY,False,False,False,0.2949546,1.423208
2019-10-25,DFS,Unknown,2,Middle,False,MIDDLE,False,False,False,0.25600016,1.3644263
2019-10-25,DG,Consumer Staples,1,Stable,True,MIDDLE,False,False,False,0.24144572,0.75899017
2019-10-25,DGX,Health Care,1,Stable,True,STABLE,False,True,True,0.17822513,0.61343145
2019-10-25,DHI,Consumer Discretionary,1,Stable,True,STABLE,False,True,True,0.22229071,0.6060528
2019-10-25,DHR,Health Care,2,Middle,False,STABLE,False,False,False,0.19279714,0.9537653
2019-10-25,DIS,Communication Services,1,Stable,True,STABLE,False,True,True,0.19688252,0.83858323
2019-10-25,DISCK,Unknown,2,Middle,False,MIDDLE,False,False,False,0.26518998,1.1029316
2019-10-25,DISH,Unknown,2,Middle,False,MIDDLE,False,False,False,0.34062538,1.1684875
2019-10-25,DLR,Real Estate,1,Stable,True,STABLE,False,True,True,0.18446861,0.4263253
2019-10-25,DLTR,Consumer Staples,2,Middle,False,RISKY,False,False,False,0.25995636,0.83858836
2019-10-25,DOV,Industrials,2,Middle,False,MIDDLE,False,False,False,0.23893689,1.1744967
2019-10-25,DOW,Materials,3,Risky,False,RISKY,False,False,False,0.3453159,1.4711107
2019-10-25,DRE,Unknown,1,Stable,True,STABLE,False,True,True,0.1510167,0.5451987
2019-10-25,DRI,Consumer Discretionary,1,Stable,True,STABLE,False,True,True,0.21179439,0.7247953
2019-10-25,DTE,Utilities,1,Stable,True,STABLE,False,True,True,0.14262915,0.28713155
2019-10-25,DUK,Utilities,1,Stable,True,STABLE,False,True,True,0.12914975,0.25129008
2019-10-25,DVA,Health Care,2,Middle,False,MIDDLE,False,False,False,0.32498002,0.834021
2019-10-25,DVN,Energy,3,Risky,False,RISKY,False,False,False,0.44311872,1.6958673
2019-10-25,DXC,Unknown,3,Risky,False,RISKY,False,False,False,0.67175126,2.2292914
2019-10-25,EA,Communication Services,2,Middle,False,MIDDLE,False,False,False,0.29375684,1.1044123
2019-10-25,EBAY,Consumer Discretionary,2,Middle,False,MIDDLE,False,False,False,0.26158997,1.2064751
2019-10-25,ECL,Materials,1,Stable,True,STABLE,False,True,True,0.19445993,0.819653
2019-10-25,ED,Utilities,1,Stable,True,STABLE,False,True,True,0.12742122,0.21840565
2019-10-25,EFX,Industrials,2,Middle,False,MIDDLE,False,False,False,0.21976174,1.1056314
2019-10-25,EG,Financials,1,Stable,True,STABLE,False,True,True,0.17894055,0.51764727
2019-10-25,EIX,Utilities,1,Stable,True,MIDDLE,False,False,False,0.26891935,0.25006488
2019-10-25,EL,Consumer Staples,2,Middle,False,RISKY,False,False,False,0.277106,1.1676918
2019-10-25,ELV,Health Care,2,Middle,False,STABLE,False,False,False,0.2575705,0.8117111
2019-10-25,EMN,Unknown,3,Risky,False,MIDDLE,False,False,False,0.3112134,1.5505446
2019-10-25,EMR,Industrials,2,Middle,False,MIDDLE,False,False,False,0.2543447,1.3571002
2019-10-25,EOG,Energy,3,Risky,False,MIDDLE,False,False,False,0.35163337,1.1946592
2019-10-25,EQIX,Real Estate,1,Stable,True,MIDDLE,False,False,False,0.20353796,0.48759878
2019-10-25,ES,Utilities,1,Stable,True,STABLE,False,True,True,0.13032779,0.15154526
2019-10-25,ESS,Real Estate,1,Stable,True,STABLE,False,True,True,0.1528824,0.4451694
2019-10-25,ETFC,Unknown,3,Risky,False,RISKY,False,False,False,0.40023974,1.6785504
2019-10-25,ETN,Industrials,2,Middle,False,MIDDLE,False,False,False,0.25472707,1.4201595
2019-10-25,ETR,Utilities,1,Stable,True,STABLE,False,True,True,0.14176059,0.17190763
2019-10-25,EVRG,Utilities,1,Stable,True,STABLE,False,True,True,0.12553279,0.1904393
2019-10-25,EW,Health Care,2,Middle,False,MIDDLE,False,False,False,0.2633316,1.0219727
2019-10-25,EXC,Utilities,1,Stable,True,MIDDLE,False,False,False,0.17396906,0.3156987
2019-10-25,EXPD,Industrials,2,Middle,False,MIDDLE,False,False,False,0.22963192,1.1477746
2019-10-25,EXPE,Consumer Discretionary,1,Stable,True,STABLE,False,True,True,0.17437704,0.83356357
2019-10-25,EXR,Real Estate,1,Stable,True,STABLE,False,True,True,0.14243771,0.12693067
2019-10-25,F,Consumer Discretionary,2,Middle,False,MIDDLE,False,False,False,0.25516677,0.98049843
2019-10-25,FANG,Energy,3,Risky,False,RISKY,False,False,False,0.38915256,1.3094968
2019-10-25,FAST,Industrials,3,Risky,False,RISKY,False,False,False,0.34764665,1.4795034
2019-10-25,FBIN,Unknown,2,Middle,False,MIDDLE,False,False,False,0.2774266,1.3614901
2019-10-25,FCX,Materials,3,Risky,False,RISKY,False,False,False,0.3633684,1.535208
2019-10-25,FDX,Industrials,3,Risky,False,RISKY,False,False,False,0.35158837,1.4455783
2019-10-25,FE,Utilities,1,Stable,True,STABLE,False,True,True,0.14249058,0.36941972
2019-10-25,FFIV,Information Technology,2,Middle,False,MIDDLE,False,False,False,0.28411108,1.312087
2019-10-25,FI,Financials,2,Middle,False,MIDDLE,False,False,False,0.24844076,1.1148094
2019-10-25,FIS,Financials,2,Middle,False,MIDDLE,False,False,False,0.21290451,0.90793294
2019-10-25,FITB,Financials,2,Middle,False,RISKY,False,False,False,0.25822964,1.2317704
2019-10-25,FLIR,Unknown,2,Middle,False,MIDDLE,False,False,False,0.2366925,1.243044
2019-10-25,FLS,Unknown,3,Risky,False,MIDDLE,False,False,False,0.32477504,1.5788599
2019-10-25,FMC,Unknown,2,Middle,False,MIDDLE,False,False,False,0.26309058,1.3351008
2019-10-25,FOX,Communication Services,1,Stable,True,STABLE,False,True,True,0.22900498,0.6712711
2019-10-25,FOXA,Communication Services,1,Stable,True,STABLE,False,True,True,0.23728915,0.64646024
2019-10-25,FRT,Real Estate,1,Stable,True,STABLE,False,True,True,0.14984873,0.48031774
2019-10-25,FTI,Unknown,3,Risky,False,RISKY,False,False,False,0.37413272,1.3777874
2019-10-25,FTNT,Information Technology,2,Middle,False,MIDDLE,False,False,False,0.31618348,1.2702663
2019-10-25,FTV,Industrials,2,Middle,False,MIDDLE,False,False,False,0.24963282,1.2041575
2019-10-25,GAP,Unknown,3,Risky,False,RISKY,False,False,False,0.42258382,1.581071
2019-10-25,GD,Industrials,2,Middle,False,STABLE,False,False,False,0.19852118,0.9394031
2019-10-25,GE,Industrials,3,Risky,False,RISKY,False,False,False,0.3770665,1.3669008
2019-10-25,GILD,Health Care,2,Middle,False,STABLE,False,False,False,0.21067476,0.8564672
2019-10-25,GIS,Consumer Staples,1,Stable,True,STABLE,False,True,True,0.20930798,0.4460613
2019-10-25,GL,Financials,2,Middle,False,MIDDLE,False,False,False,0.17942087,0.98826414
2019-10-25,GLW,Information Technology,2,Middle,False,MIDDLE,False,False,False,0.29224023,1.4437761
2019-10-25,GM,Consumer Discretionary,2,Middle,False,MIDDLE,False,False,False,0.2587532,1.2458491
2019-10-25,GOOG,Communication Services,2,Middle,False,MIDDLE,False,False,False,0.2615349,1.2600689
2019-10-25,GOOGL,Communication Services,2,Middle,False,MIDDLE,False,False,False,0.2553637,1.2452992
2019-10-25,GPC,Consumer Discretionary,2,Middle,False,STABLE,False,False,False,0.20628028,0.9597185
2019-10-25,GPN,Financials,2,Middle,False,MIDDLE,False,False,False,0.24935535,1.1138451
2019-10-25,GRMN,Consumer Discretionary,1,Stable,True,STABLE,False,True,True,0.17030478,0.7736326
2019-10-25,GS,Financials,2,Middle,False,RISKY,False,False,False,0.23473577,1.300093
2019-10-25,GWW,Industrials,2,Middle,False,MIDDLE,False,False,False,0.2858029,1.0866666
2019-10-25,HAL,Energy,3,Risky,False,RISKY,False,False,False,0.43233573,1.3808917
2019-10-25,HAS,Consumer Discretionary,3,Risky,False,RISKY,False,False,False,0.4044528,1.4891421
2019-10-25,HBAN,Financials,2,Middle,False,RISKY,False,False,False,0.2577586,1.330642
2019-10-25,HBI,Unknown,3,Risky,False,RISKY,False,False,False,0.37630326,1.3731365
2019-10-25,HCA,Health Care,2,Middle,False,MIDDLE,False,False,False,0.2582054,0.8822282
2019-10-25,HD,Consumer Discretionary,1,Stable,True,STABLE,False,True,True,0.18099472,0.8500451
2019-10-25,HES,Unknown,3,Risky,False,RISKY,False,False,False,0.3855004,1.3066976
2019-10-25,HIG,Financials,1,Stable,True,STABLE,False,True,True,0.16653983,0.7610535
2019-10-25,HII,Industrials,2,Middle,False,STABLE,False,False,False,0.22047327,0.9561209
2019-10-25,HLT,Consumer Discretionary,2,Middle,False,MIDDLE,False,False,False,0.21969964,1.0669714
2019-10-25,HOG,Unknown,3,Risky,False,MIDDLE,False,False,False,0.34176457,1.5504735
2019-10-25,HOLX,Unknown,2,Middle,False,STABLE,False,False,False,0.19329767,0.9436809
2019-10-25,HON,Industrials,2,Middle,False,STABLE,False,False,False,0.19701196,1.1041949
2019-10-25,HP,Unknown,3,Risky,False,RISKY,False,False,False,0.4268808,1.1541666
2019-10-25,HPE,Information Technology,3,Risky,False,MIDDLE,False,False,False,0.3055366,1.5242269
2019-10-25,HPQ,Information Technology,2,Middle,False,MIDDLE,False,False,False,0.29947606,1.1615788
2019-10-25,HRB,Unknown,1,Stable,True,STABLE,False,True,True,0.23529263,0.4720158
2019-10-25,HRL,Consumer Staples,1,Stable,True,STABLE,False,True,True,0.19385657,0.5078137
2019-10-25,HSIC,Health Care,1,Stable,True,STABLE,False,True,True,0.2110844,0.68275845
2019-10-25,HST,Real Estate,2,Middle,False,RISKY,False,False,False,0.19896421,0.91364986
2019-10-25,HSY,Consumer Staples,1,Stable,True,STABLE,False,True,True,0.17399968,0.278578
2019-10-25,HUM,Health Care,2,Middle,False,STABLE,False,False,False,0.29386994,0.7013897
2019-10-25,IBM,Information Technology,2,Middle,False,STABLE,False,False,False,0.22478884,1.1264174
2019-10-25,ICE,Financials,1,Stable,True,STABLE,False,True,True,0.17300837,0.6358771
2019-10-25,IDXX,Health Care,2,Middle,False,MIDDLE,False,False,False,0.25492203,1.1220535
2019-10-25,IEX,Industrials,2,Middle,False,STABLE,False,False,False,0.20163812,1.0632845
2019-10-25,IFF,Materials,2,Middle,False,MIDDLE,False,False,False,0.35321754,0.73027813
2019-10-25,ILMN,Unknown,3,Risky,False,RISKY,False,False,False,0.3929566,1.1842791
2019-10-25,INCY,Health Care,2,Middle,False,MIDDLE,False,False,False,0.31825867,0.89481896
2019-10-25,INTC,Information Technology,2,Middle,False,MIDDLE,False,False,False,0.28374392,1.3589736
2019-10-25,INTU,Information Technology,2,Middle,False,STABLE,False,False,False,0.25387767,1.2277958
2019-10-25,IP,Materials,2,Middle,False,MIDDLE,False,False,False,0.28021237,1.293179
2019-10-25,IPG,Unknown,2,Middle,False,STABLE,False,False,False,0.23150064,0.91580373
2019-10-25,IPGP,Unknown,3,Risky,False,RISKY,False,False,False,0.45923877,2.1852782
2019-10-25,IQV,Health Care,2,Middle,False,MIDDLE,False,False,False,0.21617259,1.0062807
2019-10-25,IR,Industrials,2,Middle,False,RISKY,False,False,False,0.32598528,1.1888729
2019-10-25,IRM,Real Estate,1,Stable,True,MIDDLE,False,False,False,0.22636102,0.38068023
2019-10-25,ISRG,Health Care,2,Middle,False,MIDDLE,False,False,False,0.27707604,1.3104383
2019-10-25,IT,Information Technology,3,Risky,False,MIDDLE,False,False,False,0.36023334,1.0591218
2019-10-25,ITW,Industrials,2,Middle,False,MIDDLE,False,False,False,0.25289,1.3275585
2019-10-25,IVZ,Financials,3,Risky,False,RISKY,False,False,False,0.31768146,1.4354695
2019-10-25,JBHT,Industrials,2,Middle,False,MIDDLE,False,False,False,0.27985352,1.0708712
2019-10-25,JCI,Industrials,1,Stable,True,STABLE,False,True,True,0.17973891,0.7907771
2019-10-25,JEC,Unknown,2,Middle,False,STABLE,False,False,False,0.21253695,1.0181601
2019-10-25,JKHY,Financials,1,Stable,True,STABLE,False,True,True,0.17839427,0.7678232
2019-10-25,JNJ,Health Care,1,Stable,True,STABLE,False,True,True,0.19722202,0.47269422
2019-10-25,JNPR,Unknown,2,Middle,False,MIDDLE,False,False,False,0.24659365,1.2658254
2019-10-25,JPM,Financials,2,Middle,False,MIDDLE,False,False,False,0.20449658,1.1196973
2019-10-25,JWN,Unknown,3,Risky,False,RISKY,False,False,False,0.5095229,1.5138998
2019-10-25,K,Unknown,1,Stable,True,STABLE,False,True,True,0.24560864,0.4993073
2019-10-25,KEY,Financials,2,Middle,False,RISKY,False,False,False,0.2779499,1.295299
2019-10-25,KEYS,Information Technology,3,Risky,False,RISKY,False,False,False,0.43544915,2.0273688
2019-10-25,KHC,Consumer Staples,1,Stable,True,MIDDLE,False,False,False,0.29546288,0.47451198
2019-10-25,KIM,Real Estate,1,Stable,True,STABLE,False,True,True,0.18100326,0.58556074
2019-10-25,KLAC,Information Technology,3,Risky,False,MIDDLE,False,False,False,0.3209888,1.5026383
2019-10-25,KMB,Consumer Staples,1,Stable,True,STABLE,False,True,True,0.21529822,0.561833
2019-10-25,KMI,Energy,1,Stable,True,STABLE,False,True,True,0.16574486,0.7816959
2019-10-25,KMX,Unknown,2,Middle,False,STABLE,False,False,False,0.25195462,0.9133956
2019-10-25,KO,Consumer Staples,1,Stable,True,STABLE,False,True,True,0.16925591,0.50616807
2019-10-25,KR,Consumer Staples,1,Stable,True,MIDDLE,False,False,False,0.25909007,0.60442424
2019-10-25,KSS,Unknown,3,Risky,False,RISKY,False,False,False,0.4337194,1.3768559
2019-10-25,KSU,Unknown,2,Middle,False,MIDDLE,False,False,False,0.26348865,1.139614
2019-10-25,L,Financials,2,Middle,False,MIDDLE,False,False,False,0.18281116,1.0101104
2019-10-25,LDOS,Industrials,2,Middle,False,STABLE,False,False,False,0.19653085,0.9946667
2019-10-25,LEG,Unknown,2,Middle,False,MIDDLE,False,False,False,0.25883675,1.3123821
2019-10-25,LEN,Consumer Discretionary,1,Stable,True,STABLE,False,True,True,0.23240705,0.6211293
2019-10-25,LH,Health Care,1,Stable,True,STABLE,False,True,True,0.18158689,0.74596685
2019-10-25,LHX,Industrials,1,Stable,True,STABLE,False,True,True,0.22925897,0.42421666
2019-10-25,LIN,Materials,1,Stable,True,STABLE,False,True,True,0.21077989,0.77701414
2019-10-25,LKQ,Unknown,2,Middle,False,MIDDLE,False,False,False,0.29023257,1.101012
2019-10-25,LLY,Health Care,1,Stable,True,STABLE,False,True,True,0.22018422,0.7421315
2019-10-25,LMT,Industrials,1,Stable,True,STABLE,False,True,True,0.15619954,0.5708804
2019-10-25,LNC,Unknown,3,Risky,False,MIDDLE,False,False,False,0.33108616,1.7473903
2019-10-25,LNT,Utilities,1,Stable,True,STABLE,False,True,True,0.14074993,0.16722503
2019-10-25,LOW,Consumer Discretionary,2,Middle,False,MIDDLE,False,False,False,0.31464902,1.0946455
2019-10-25,LRCX,Information Technology,3,Risky,False,RISKY,False,False,False,0.37991178,1.6957833
2019-10-25,LUV,Industrials,2,Middle,False,MIDDLE,False,False,False,0.22516751,1.0262302
2019-10-25,LVS,Consumer Discretionary,3,Risky,False,MIDDLE,False,False,False,0.31502375,1.5037737
2019-10-25,LW,Unknown,1,Stable,True,STABLE,False,True,True,0.24440962,0.27973238
2019-10-25,LYB,Materials,3,Risky,False,RISKY,False,False,False,0.33049917,1.3674827
2019-10-25,M,Unknown,3,Risky,False,RISKY,False,False,False,0.41377488,1.5144626
2019-10-25,MA,Financials,2,Middle,False,RISKY,False,False,False,0.25011766,1.3133721
2019-10-25,MAA,Real Estate,1,Stable,True,STABLE,False,True,True,0.1402975,0.40069896
2019-10-25,MAC,Unknown,2,Middle,False,STABLE,False,False,False,0.30501273,0.7725613
2019-10-25,MAR,Consumer Discretionary,2,Middle,False,MIDDLE,False,False,False,0.24066685,1.2201637
2019-10-25,MAS,Industrials,2,Middle,False,MIDDLE,False,False,False,0.28175187,1.202942
2019-10-25,MCD,Consumer Discretionary,1,Stable,True,STABLE,False,True,True,0.16733319,0.49433962
2019-10-25,MCHP,Information Technology,3,Risky,False,RISKY,False,False,False,0.34702998,1.8235167
2019-10-25,MCK,Health Care,2,Middle,False,STABLE,False,False,False,0.29651403,0.74353594
2019-10-25,MCO,Financials,2,Middle,False,RISKY,False,False,False,0.24445848,1.2006965
2019-10-25,MDLZ,Consumer Staples,1,Stable,True,STABLE,False,True,True,0.16725683,0.7004172
2019-10-25,MDT,Health Care,1,Stable,True,STABLE,False,True,True,0.15334606,0.5778382
2019-10-25,MET,Financials,2,Middle,False,MIDDLE,False,False,False,0.20861223,1.2208999
2019-10-25,META,Communication Services,2,Middle,False,MIDDLE,False,False,False,0.28048876,1.3510796
2019-10-25,MGM,Consumer Discretionary,2,Middle,False,MIDDLE,False,False,False,0.26548788,1.2675523
2019-10-25,MHK,Unknown,3,Risky,False,RISKY,False,False,False,0.4185197,1.1055247
2019-10-25,MKC,Consumer Staples,1,Stable,True,STABLE,False,True,True,0.20500228,0.28404367
2019-10-25,MKTX,Unknown,2,Middle,False,STABLE,False,False,False,0.38949493,0.50753456
2019-10-25,MLM,Materials,1,Stable,True,STABLE,False,True,True,0.23236224,0.5065305
2019-10-25,MMM,Industrials,2,Middle,False,MIDDLE,False,False,False,0.2282705,1.0397241
2019-10-25,MNST,Consumer Staples,2,Middle,False,RISKY,False,False,False,0.24903885,1.0397885
2019-10-25,MO,Consumer Staples,1,Stable,True,MIDDLE,False,False,False,0.23597898,0.55276483
2019-10-25,MOS,Materials,3,Risky,False,RISKY,False,False,False,0.40602866,1.264872
2019-10-25,MPC,Energy,3,Risky,False,RISKY,False,False,False,0.37079468,1.5262141
2019-10-25,MRK,Health Care,1,Stable,True,STABLE,False,True,True,0.19708799,0.6684922
2019-10-25,MRO,Unknown,3,Risky,False,RISKY,False,False,False,0.42489928,1.5398555
2019-10-25,MS,Financials,2,Middle,False,RISKY,False,False,False,0.24335401,1.3584149
2019-10-25,MSCI,Financials,2,Middle,False,RISKY,False,False,False,0.2992935,1.4174225
2019-10-25,MSFT,Information Technology,2,Middle,False,STABLE,False,False,False,0.21127135,1.2652559
2019-10-25,MSI,Information Technology,1,Stable,True,STABLE,False,True,True,0.22758159,0.76529497
2019-10-25,MTB,Financials,2,Middle,False,MIDDLE,False,False,False,0.24749106,1.0233644
2019-10-25,MTD,Health Care,2,Middle,False,MIDDLE,False,False,False,0.264314,1.3285333
2019-10-25,MU,Information Technology,3,Risky,False,RISKY,False,False,False,0.4678578,1.96646
2019-10-25,MXIM,Unknown,3,Risky,False,MIDDLE,False,False,False,0.30275777,1.6334696
2019-10-25,MYL,Unknown,3,Risky,False,RISKY,False,False,False,0.43945125,1.7152444
2019-10-25,NBL,Unknown,3,Risky,False,RISKY,False,False,False,0.3992199,1.3166432
2019-10-25,NCLH,Consumer Discretionary,2,Middle,False,MIDDLE,False,False,False,0.25883508,0.98694426
2019-10-25,NDAQ,Financials,2,Middle,False,MIDDLE,False,False,False,0.22188511,0.90400296
2019-10-25,NEE,Utilities,1,Stable,True,STABLE,False,True,True,0.14188127,0.13052681
2019-10-25,NEM,Materials,1,Stable,True,STABLE,False,True,True,0.22762862,-0.25669327
2019-10-25,NFLX,Communication Services,3,Risky,False,RISKY,False,False,False,0.35436615,1.311292
2019-10-25,NI,Utilities,1,Stable,True,MIDDLE,False,False,False,0.17846717,0.4691547
2019-10-25,NKE,Consumer Discretionary,2,Middle,False,MIDDLE,False,False,False,0.23374277,1.1705697
2019-10-25,NLSN,Unknown,2,Middle,False,STABLE,False,False,False,0.24483864,0.9452255
2019-10-25,NOC,Industrials,1,Stable,True,STABLE,False,True,True,0.23422135,0.6084062
2019-10-25,NOV,Unknown,3,Risky,False,RISKY,False,False,False,0.43336073,1.3662057
2019-10-25,NRG,Utilities,1,Stable,True,RISKY,False,False,False,0.22902371,0.7879635
2019-10-25,NSC,Industrials,2,Middle,False,MIDDLE,False,False,False,0.27168012,1.1357346
2019-10-25,NTAP,Information Technology,3,Risky,False,RISKY,False,False,False,0.4559762,1.7088817
2019-10-25,NTRS,Financials,2,Middle,False,RISKY,False,False,False,0.2663192,1.369662
2019-10-25,NUE,Materials,2,Middle,False,MIDDLE,False,False,False,0.2868213,1.3346138
2019-10-25,NVDA,Information Technology,3,Risky,False,RISKY,False,False,False,0.40121153,2.1966968
2019-10-25,NVR,Consumer Discretionary,1,Stable,True,STABLE,False,True,True,0.23707147,0.5525586
2019-10-25,NWL,Unknown,3,Risky,False,MIDDLE,False,False,False,0.37213922,1.0901783
2019-10-25,NWS,Communication Services,2,Middle,False,MIDDLE,False,False,False,0.24525367,1.0061134
2019-10-25,NWSA,Communication Services,2,Middle,False,MIDDLE,False,False,False,0.25691652,1.0217764
2019-10-25,O,Real Estate,1,Stable,True,STABLE,False,True,True,0.166573,0.215699
2019-10-25,OKE,Energy,2,Middle,False,STABLE,False,False,False,0.21372607,0.9148967
2019-10-25,OMC,Communication Services,1,Stable,True,STABLE,False,True,True,0.1824807,0.7836956
2019-10-25,ORCL,Information Technology,2,Middle,False,STABLE,False,False,False,0.2398788,1.1821388
2019-10-25,ORLY,Consumer Discretionary,1,Stable,True,STABLE,False,True,True,0.23520067,0.72151834
2019-10-25,OXY,Energy,2,Middle,False,MIDDLE,False,False,False,0.31913468,0.82984066
2019-10-25,PAYX,Industrials,2,Middle,False,STABLE,False,False,False,0.18614583,0.94409263
2019-10-25,PBCT,Unknown,2,Middle,False,MIDDLE,False,False,False,0.24489728,1.1179492
2019-10-25,PCAR,Industrials,2,Middle,False,MIDDLE,False,False,False,0.2588723,1.3242257
2019-10-25,PEG,Utilities,1,Stable,True,STABLE,False,True,True,0.1384447,0.39544743
2019-10-25,PEP,Consumer Staples,1,Stable,True,STABLE,False,True,True,0.1499378,0.58714694
2019-10-25,PFE,Health Care,1,Stable,True,STABLE,False,True,True,0.19411935,0.6788135
2019-10-25,PFG,Financials,2,Middle,False,RISKY,False,False,False,0.26830488,1.421892
2019-10-25,PG,Consumer Staples,1,Stable,True,STABLE,False,True,True,0.18023776,0.6048657
2019-10-25,PGR,Financials,2,Middle,False,MIDDLE,False,False,False,0.23383039,0.9797153
2019-10-25,PH,Industrials,2,Middle,False,RISKY,False,False,False,0.29615873,1.5348701
2019-10-25,PHM,Consumer Discretionary,1,Stable,True,STABLE,False,True,True,0.24895982,0.6054088
2019-10-25,PKG,Materials,2,Middle,False,STABLE,False,False,False,0.23421279,0.9862386
2019-10-25,PLD,Real Estate,1,Stable,True,STABLE,False,True,True,0.18157424,0.6853437
2019-10-25,PM,Consumer Staples,1,Stable,True,MIDDLE,False,False,False,0.2890991,0.5854865
2019-10-25,PNC,Financials,2,Middle,False,MIDDLE,False,False,False,0.21924584,1.097624
2019-10-25,PNR,Industrials,2,Middle,False,MIDDLE,False,False,False,0.26243567,1.3558474
2019-10-25,PNW,Utilities,1,Stable,True,STABLE,False,True,True,0.14759886,0.21567416
2019-10-25,PPG,Materials,2,Middle,False,STABLE,False,False,False,0.21434551,1.0296915
2019-10-25,PPL,Utilities,1,Stable,True,MIDDLE,False,False,False,0.1754157,0.46950498
2019-10-25,PRGO,Unknown,2,Middle,False,STABLE,False,False,False,0.3245657,0.8770379
2019-10-25,PRU,Financials,2,Middle,False,RISKY,False,False,False,0.28265914,1.4464278
2019-10-25,PSA,Real Estate,1,Stable,True,STABLE,False,True,True,0.15958817,0.09283984
2019-10-25,PSX,Energy,2,Middle,False,STABLE,False,False,False,0.22476557,1.0909493
2019-10-25,PVH,Unknown,3,Risky,False,RISKY,False,False,False,0.45787495,1.8396628
2019-10-25,PWR,Industrials,2,Middle,False,MIDDLE,False,False,False,0.2820776,1.180927
2019-10-25,PXD,Unknown,3,Risky,False,MIDDLE,False,False,False,0.3533076,1.2908659
2019-10-25,PYPL,Financials,2,Middle,False,RISKY,False,False,False,0.2934078,1.3381032
2019-10-25,QCOM,Information Technology,3,Risky,False,MIDDLE,False,False,False,0.34325466,1.3500266
2019-10-25,QRVO,Unknown,3,Risky,False,MIDDLE,False,False,False,0.34933037,1.4741921
2019-10-25,RCL,Consumer Discretionary,2,Middle,False,MIDDLE,False,False,False,0.2592764,1.0520697
2019-10-25,REG,Real Estate,1,Stable,True,STABLE,False,True,True,0.15094647,0.50850517
2019-10-25,REGN,Health Care,2,Middle,False,MIDDLE,False,False,False,0.26807076,0.90463185
2019-10-25,RF,Financials,2,Middle,False,RISKY,False,False,False,0.28369716,1.3687345
2019-10-25,RHI,Unknown,2,Middle,False,MIDDLE,False,False,False,0.26705825,1.1775147
2019-10-25,RJF,Financials,2,Middle,False,RISKY,False,False,False,0.26596504,1.3527693
2019-10-25,RL,Consumer Discretionary,3,Risky,False,MIDDLE,False,False,False,0.32539114,1.3658034
2019-10-25,RMD,Health Care,2,Middle,False,MIDDLE,False,False,False,0.26193184,0.92798644
2019-10-25,ROK,Industrials,2,Middle,False,RISKY,False,False,False,0.29276145,1.4777404
2019-10-25,ROL,Industrials,2,Middle,False,STABLE,False,False,False,0.262197,0.77390546
2019-10-25,ROP,Information Technology,2,Middle,False,STABLE,False,False,False,0.20380941,1.0696467
2019-10-25,ROST,Consumer Discretionary,2,Middle,False,MIDDLE,False,False,False,0.23839279,1.1354469
2019-10-25,RSG,Industrials,1,Stable,True,STABLE,False,True,True,0.1414951,0.4219607
2019-10-25,RVTY,Health Care,2,Middle,False,MIDDLE,False,False,False,0.25955683,1.2430967
2019-10-25,SBAC,Real Estate,1,Stable,True,MIDDLE,False,False,False,0.23408413,0.3961709
2019-10-25,SBUX,Consumer Discretionary,2,Middle,False,STABLE,False,False,False,0.22449213,0.8965859
2019-10-25,SCHW,Financials,3,Risky,False,RISKY,False,False,False,0.33891383,1.3895726
2019-10-25,SEE,Unknown,1,Stable,True,STABLE,False,True,True,0.26350054,0.6882625
2019-10-25,SHW,Materials,2,Middle,False,STABLE,False,False,False,0.22899932,0.830888
2019-10-25,SIVB,Unknown,3,Risky,False,RISKY,False,False,False,0.39444596,1.8424474
2019-10-25,SJM,Consumer Staples,1,Stable,True,STABLE,False,True,True,0.21795201,0.36939526
2019-10-25,SLB,Energy,3,Risky,False,RISKY,False,False,False,0.35265326,1.4528654
2019-10-25,SLG,Unknown,1,Stable,True,STABLE,False,True,True,0.18238875,0.55683774
2019-10-25,SNA,Industrials,2,Middle,False,MIDDLE,False,False,False,0.23951703,1.1303107
2019-10-25,SNPS,Information Technology,2,Middle,False,MIDDLE,False,False,False,0.2897709,1.4607943
2019-10-25,SO,Utilities,1,Stable,True,STABLE,False,True,True,0.14117599,0.17353587
2019-10-25,SPG,Real Estate,1,Stable,True,STABLE,False,True,True,0.18613504,0.5668893
2019-10-25,SPGI,Financials,2,Middle,False,MIDDLE,False,False,False,0.22845706,1.0611801
2019-10-25,SRE,Utilities,1,Stable,True,STABLE,False,True,True,0.14967103,0.308334
2019-10-25,STT,Financials,2,Middle,False,RISKY,False,False,False,0.3216525,1.1247512
2019-10-25,STX,Information Technology,2,Middle,False,MIDDLE,False,False,False,0.30547652,1.381722
2019-10-25,STZ,Consumer Staples,2,Middle,False,MIDDLE,False,False,False,0.25819775,0.7378176
2019-10-25,SWK,Industrials,3,Risky,False,RISKY,False,False,False,0.3182296,1.7195847
2019-10-25,SWKS,Information Technology,3,Risky,False,RISKY,False,False,False,0.356912,1.7468418
2019-10-25,SYF,Financials,2,Middle,False,RISKY,False,False,False,0.2351625,1.3243566
2019-10-25,SYK,Health Care,1,Stable,True,STABLE,False,True,True,0.1792686,0.92403334
2019-10-25,SYMC,Unknown,3,Risky,False,RISKY,False,False,False,0.44449574,1.3062602
2019-10-25,SYY,Consumer Staples,1,Stable,True,STABLE,False,True,True,0.1800587,0.5568248
2019-10-25,T,Communication Services,1,Stable,True,STABLE,False,True,True,0.17351179,0.63052446
2019-10-25,TAP,Consumer Staples,1,Stable,True,MIDDLE,False,False,False,0.24522409,0.7233646
2019-10-25,TDG,Industrials,2,Middle,False,MIDDLE,False,False,False,0.29382598,1.1471819
2019-10-25,TEL,Information Technology,2,Middle,False,STABLE,False,False,False,0.22352661,1.231206
2019-10-25,TFX,Unknown,2,Middle,False,STABLE,False,False,False,0.23717682,0.8689831
2019-10-25,TGT,Consumer Staples,2,Middle,False,RISKY,False,False,False,0.35723966,0.94703656
2019-10-25,TIF,Unknown,3,Risky,False,MIDDLE,False,False,False,0.31451035,1.4906851
2019-10-25,TJX,Consumer Discretionary,2,Middle,False,MIDDLE,False,False,False,0.23425323,1.1090149
2019-10-25,TMO,Health Care,2,Middle,False,MIDDLE,False,False,False,0.24587719,1.1765155
2019-10-25,TMUS,Communication Services,2,Middle,False,STABLE,False,False,False,0.22436349,0.877456
2019-10-25,TPR,Consumer Discretionary,3,Risky,False,RISKY,False,False,False,0.5420117,1.6992044
2019-10-25,TRIP,Unknown,3,Risky,False,RISKY,False,False,False,0.3935728,1.6291071
2019-10-25,TROW,Financials,2,Middle,False,RISKY,False,False,False,0.24269682,1.4195684
2019-10-25,TRV,Financials,1,Stable,True,STABLE,False,True,True,0.20309934,0.72011006
2019-10-25,TSCO,Consumer Discretionary,2,Middle,False,MIDDLE,False,False,False,0.26011145,1.0778902
2019-10-25,TSN,Consumer Staples,1,Stable,True,MIDDLE,False,False,False,0.27149314,0.34306553
2019-10-25,TTWO,Communication Services,2,Middle,False,MIDDLE,False,False,False,0.28099468,1.1118027
2019-10-25,TWTR,Unknown,3,Risky,False,RISKY,False,False,False,0.4799687,1.4258512
2019-10-25,TXN,Information Technology,2,Middle,False,MIDDLE,False,False,False,0.29446325,1.4350685
2019-10-25,TXT,Industrials,3,Risky,False,RISKY,False,False,False,0.3410845,1.6051236
2019-10-25,UA,Unknown,3,Risky,False,RISKY,False,False,False,0.40551612,1.5030736
2019-10-25,UAA,Unknown,3,Risky,False,RISKY,False,False,False,0.4031187,1.4565471
2019-10-25,UAL,Industrials,2,Middle,False,MIDDLE,False,False,False,0.23443185,1.1721771
2019-10-25,UDR,Real Estate,1,Stable,True,STABLE,False,True,True,0.14976855,0.3736905
2019-10-25,UHS,Health Care,1,Stable,True,STABLE,False,True,True,0.23998818,0.62776464
2019-10-25,ULTA,Consumer Discretionary,3,Risky,False,RISKY,False,False,False,0.5935857,0.8548272
2019-10-25,UNH,Health Care,1,Stable,True,STABLE,False,True,True,0.24612638,0.6380307
2019-10-25,UNM,Unknown,3,Risky,False,MIDDLE,False,False,False,0.31976452,1.5116765
2019-10-25,UNP,Industrials,2,Middle,False,MIDDLE,False,False,False,0.2575121,1.2309374
2019-10-25,UPS,Industrials,2,Middle,False,MIDDLE,False,False,False,0.25367343,1.0813754
2019-10-25,URI,Industrials,3,Risky,False,RISKY,False,False,False,0.40496075,2.0709736
2019-10-25,USB,Financials,2,Middle,False,MIDDLE,False,False,False,0.18887855,0.9937774
2019-10-25,UTX,Unknown,2,Middle,False,MIDDLE,False,False,False,0.22709997,1.2255763
2019-10-25,V,Financials,2,Middle,False,MIDDLE,False,False,False,0.20542604,1.0989369
2019-10-25,VAR,Unknown,2,Middle,False,MIDDLE,False,False,False,0.29274133,1.0582061
2019-10-25,VFC,Unknown,2,Middle,False,MIDDLE,False,False,False,0.26232964,1.1838707
2019-10-25,VLO,Energy,3,Risky,False,RISKY,False,False,False,0.31626666,1.4901251
2019-10-25,VMC,Materials,1,Stable,True,STABLE,False,True,True,0.18495923,0.58905363
2019-10-25,VNO,Unknown,1,Stable,True,STABLE,False,True,True,0.15965559,0.6726958
2019-10-25,VRSK,Industrials,1,Stable,True,STABLE,False,True,True,0.16284783,0.7372651
2019-10-25,VRSN,Information Technology,2,Middle,False,STABLE,False,False,False,0.22459246,1.19463
2019-10-25,VRTX,Health Care,2,Middle,False,MIDDLE,False,False,False,0.2750134,0.89979815
2019-10-25,VTR,Real Estate,1,Stable,True,MIDDLE,False,False,False,0.23241289,0.17069627
2019-10-25,VZ,Communication Services,1,Stable,True,STABLE,False,True,True,0.16629496,0.43348476
2019-10-25,WAB,Industrials,3,Risky,False,RISKY,False,False,False,0.3643082,1.2578572
2019-10-25,WAT,Health Care,2,Middle,False,MIDDLE,False,False,False,0.23293316,1.0972466
2019-10-25,WBA,Unknown,2,Middle,False,MIDDLE,False,False,False,0.24946848,1.0968164
2019-10-25,WDC,Information Technology,3,Risky,False,RISKY,False,False,False,0.4383915,1.8686618
2019-10-25,WEC,Utilities,1,Stable,True,STABLE,False,True,True,0.15099552,0.11521142
2019-10-25,WELL,Real Estate,1,Stable,True,STABLE,False,True,True,0.17489076,0.14590065
2019-10-25,WFC,Financials,2,Middle,False,MIDDLE,False,False,False,0.2259755,1.081811
2019-10-25,WHR,Unknown,2,Middle,False,MIDDLE,False,False,False,0.30814368,1.437894
2019-10-25,WM,Industrials,1,Stable,True,STABLE,False,True,True,0.16031495,0.491493
2019-10-25,WMB,Energy,2,Middle,False,STABLE,False,False,False,0.22233887,0.9038569
2019-10-25,WMT,Consumer Staples,1,Stable,True,STABLE,False,True,True,0.15799493,0.62767583
2019-10-25,WTW,Financials,2,Middle,False,MIDDLE,False,False,False,0.19238707,0.9966357
2019-10-25,WU,Unknown,1,Stable,True,STABLE,False,True,True,0.19407113,0.81888086
2019-10-25,WY,Real Estate,2,Middle,False,RISKY,False,False,False,0.2174869,0.9449628
2019-10-25,WYNN,Consumer Discretionary,3,Risky,False,RISKY,False,False,False,0.41964304,1.953062
2019-10-25,XEC,Unknown,3,Risky,False,RISKY,False,False,False,0.5153382,1.7368041
2019-10-25,XEL,Utilities,1,Stable,True,STABLE,False,True,True,0.14868127,0.26941568
2019-10-25,XLNX,Unknown,3,Risky,False,RISKY,False,False,False,0.38335666,1.6038444
2019-10-25,XOM,Energy,2,Middle,False,STABLE,False,False,False,0.18652804,0.9985541
2019-10-25,XRAY,Unknown,1,Stable,True,STABLE,False,True,True,0.18281732,0.6792854
2019-10-25,XRX,Unknown,2,Middle,False,MIDDLE,False,False,False,0.29172188,1.3714554
2019-10-25,XYL,Industrials,2,Middle,False,MIDDLE,False,False,False,0.2131825,1.10852
2019-10-25,YUM,Consumer Discretionary,1,Stable,True,STABLE,False,True,True,0.15774521,0.42788938
2019-10-25,ZBH,Health Care,2,Middle,False,STABLE,False,False,False,0.22797413,0.879588
2019-10-25,ZION,Unknown,2,Middle,False,MIDDLE,False,False,False,0.28596547,1.1386404
2019-10-25,ZTS,Health Care,2,Middle,False,STABLE,False,False,False,0.21594837,0.87405926
2020-04-20,A,Health Care,1,Stable,True,MIDDLE,False,False,False,0.44796842,0.88607216
2020-04-20,AAL,Unknown,3,Risky,False,RISKY,False,False,False,1.0039293,1.1476603
2020-04-20,AAP,Unknown,2,Middle,False,MIDDLE,False,False,False,0.61502963,1.0123588
2020-04-20,AAPL,Information Technology,2,Middle,False,MIDDLE,False,False,False,0.52098054,1.0902739
2020-04-20,ABBV,Health Care,1,Stable,True,STABLE,False,True,True,0.42003164,0.77730584
2020-04-20,ABMD,Unknown,1,Stable,True,STABLE,False,True,True,0.61956245,0.52317244
2020-04-20,ABT,Health Care,1,Stable,True,MIDDLE,False,False,False,0.4642287,0.87199783
2020-04-20,ACN,Information Technology,1,Stable,True,MIDDLE,False,False,False,0.49171278,1.0127473
2020-04-20,ADBE,Information Technology,2,Middle,False,MIDDLE,False,False,False,0.5552999,1.0916084
2020-04-20,ADI,Information Technology,2,Middle,False,RISKY,False,False,False,0.6238889,1.1806548
2020-04-20,ADM,Consumer Staples,1,Stable,True,MIDDLE,False,False,False,0.46858835,0.9300024
2020-04-20,ADP,Industrials,2,Middle,False,MIDDLE,False,False,False,0.5437551,1.1552948
2020-04-20,ADSK,Information Technology,2,Middle,False,MIDDLE,False,False,False,0.60380197,1.0965991
2020-04-20,AEE,Utilities,1,Stable,True,MIDDLE,False,False,False,0.5640978,1.0105816
2020-04-20,AEP,Utilities,1,Stable,True,STABLE,False,True,True,0.4824103,0.78753984
2020-04-20,AES,Utilities,2,Middle,False,RISKY,False,False,False,0.70316905,1.2076912
2020-04-20,AFL,Financials,2,Middle,False,MIDDLE,False,False,False,0.70939666,1.2427521
2020-04-20,AIG,Financials,3,Risky,False,RISKY,False,False,False,0.8145403,1.5074339
2020-04-20,AIV,Unknown,2,Middle,False,MIDDLE,False,False,False,0.72594726,1.2153511
2020-04-20,AIZ,Financials,2,Middle,False,MIDDLE,False,False,False,0.588623,1.0574082
2020-04-20,AJG,Financials,1,Stable,True,STABLE,False,True,True,0.51925457,0.97350806
2020-04-20,AKAM,Information Technology,1,Stable,True,STABLE,False,True,True,0.43664104,0.5865798
2020-04-20,ALB,Materials,2,Middle,False,MIDDLE,False,False,False,0.6825722,1.0839196
2020-04-20,ALGN,Health Care,2,Middle,False,RISKY,False,False,False,0.71858037,1.338065
2020-04-20,ALK,Unknown,2,Middle,False,MIDDLE,False,False,False,0.82439697,1.3818084
2020-04-20,ALL,Financials,1,Stable,True,STABLE,False,True,True,0.53802335,1.0578382
2020-04-20,ALLE,Industrials,1,Stable,True,MIDDLE,False,False,False,0.5221461,1.0320966
2020-04-20,ALXN,Unknown,1,Stable,True,STABLE,False,True,True,0.43288866,0.69221354
2020-04-20,AMAT,Information Technology,2,Middle,False,RISKY,False,False,False,0.73930514,1.4804579
2020-04-20,AMCR,Materials,2,Middle,False,MIDDLE,False,False,False,0.59529346,1.0019044
2020-04-20,AMD,Information Technology,2,Middle,False,RISKY,False,False,False,0.6523816,1.1755013
2020-04-20,AME,Industrials,2,Middle,False,MIDDLE,False,False,False,0.5917842,1.2174306
2020-04-20,AMGN,Health Care,1,Stable,True,MIDDLE,False,False,False,0.44282976,0.8366071
2020-04-20,AMP,Financials,3,Risky,False,RISKY,False,False,False,0.8759724,1.8753313
2020-04-20,AMT,Real Estate,2,Middle,False,STABLE,False,False,False,0.558736,1.0460317
2020-04-20,AMZN,Consumer Discretionary,1,Stable,True,STABLE,False,True,True,0.3720753,0.5878979
2020-04-20,ANET,Information Technology,2,Middle,False,MIDDLE,False,False,False,0.6672598,0.96248335
2020-04-20,ANSS,Unknown,2,Middle,False,MIDDLE,False,False,False,0.5544015,1.0950634
2020-04-20,AON,Financials,1,Stable,True,STABLE,False,True,True,0.49638766,0.8156276
2020-04-20,AOS,Industrials,1,Stable,True,STABLE,False,True,True,0.39086708,0.6127845
2020-04-20,APA,Energy,3,Risky,False,RISKY,False,False,False,1.6752634,2.0014746
2020-04-20,APD,Materials,2,Middle,False,MIDDLE,False,False,False,0.5388525,1.068689
2020-04-20,APH,Information Technology,1,Stable,True,MIDDLE,False,False,False,0.47856024,0.9919821
2020-04-20,APTV,Consumer Discretionary,3,Risky,False,RISKY,False,False,False,0.9446487,1.4437402
2020-04-20,ARE,Real Estate,2,Middle,False,STABLE,False,False,False,0.5473625,1.0732107
2020-04-20,ATO,Utilities,1,Stable,True,STABLE,False,True,True,0.52673924,0.92395675
2020-04-20,ATVI,Unknown,1,Stable,True,STABLE,False,True,True,0.44322827,0.63974315
2020-04-20,AVB,Real Estate,2,Middle,False,MIDDLE,False,False,False,0.6176162,1.0801036
2020-04-20,AVGO,Information Technology,2,Middle,False,RISKY,False,False,False,0.674212,1.2768614
2020-04-20,AVY,Materials,2,Middle,False,MIDDLE,False,False,False,0.5870435,1.0184269
2020-04-20,AWK,Utilities,1,Stable,True,STABLE,False,True,True,0.56617785,0.94526726
2020-04-20,AXP,Financials,2,Middle,False,RISKY,False,False,False,0.725675,1.4492363
2020-04-20,AZO,Consumer Discretionary,1,Stable,True,STABLE,False,True,True,0.56128997,0.9670761
2020-04-20,BA,Industrials,3,Risky,False,RISKY,False,False,False,1.0102327,1.6705391
2020-04-20,BAC,Financials,2,Middle,False,MIDDLE,False,False,False,0.66955554,1.3958544
2020-04-20,BALL,Materials,1,Stable,True,STABLE,False,True,True,0.4979664,0.7819119
2020-04-20,BAX,Health Care,1,Stable,True,MIDDLE,False,False,False,0.46121392,0.8046297
2020-04-20,BBY,Consumer Discretionary,2,Middle,False,MIDDLE,False,False,False,0.61838925,1.1557689
2020-04-20,BDX,Health Care,1,Stable,True,STABLE,False,True,True,0.4368717,0.614407
2020-04-20,BEN,Financials,1,Stable,True,MIDDLE,False,False,False,0.5834761,0.9972593
2020-04-20,BF-B,Consumer Staples,1,Stable,True,MIDDLE,False,False,False,0.50182325,0.85367376
2020-04-20,BIIB,Health Care,1,Stable,True,MIDDLE,False,False,False,0.5212391,0.8847572
2020-04-20,BKNG,Consumer Discretionary,1,Stable,True,STABLE,False,True,True,0.54434794,0.9927894
2020-04-20,BKR,Energy,2,Middle,False,STABLE,False,False,False,0.8022766,1.4449474
2020-04-20,BLK,Financials,2,Middle,False,MIDDLE,False,False,False,0.60880256,1.2517726
2020-04-20,BMY,Health Care,1,Stable,True,STABLE,False,True,True,0.34031865,0.6258431
2020-04-20,BR,Industrials,1,Stable,True,STABLE,False,True,True,0.46339777,0.7833818
2020-04-20,BRK-B,Financials,1,Stable,True,STABLE,False,True,True,0.4263774,0.9112582
2020-04-20,BSX,Health Care,1,Stable,True,MIDDLE,False,False,False,0.5042887,0.9888429
2020-04-20,BWA,Unknown,1,Stable,True,STABLE,False,True,True,0.56788945,0.915165
2020-04-20,BXP,Real Estate,2,Middle,False,MIDDLE,False,False,False,0.61034805,1.1277956
2020-04-20,C,Financials,3,Risky,False,RISKY,False,False,False,0.77303106,1.5764711
2020-04-20,CAG,Unknown,1,Stable,True,STABLE,False,True,True,0.47941646,0.37408647
2020-04-20,CAH,Health Care,1,Stable,True,MIDDLE,False,False,False,0.50890785,0.9052947
2020-04-20,CAT,Industrials,1,Stable,True,STABLE,False,True,True,0.50844085,0.9480889
2020-04-20,CB,Financials,2,Middle,False,MIDDLE,False,False,False,0.55587363,1.086202
2020-04-20,CBOE,Financials,1,Stable,True,STABLE,False,True,True,0.5282392,0.84524983
2020-04-20,CBRE,Real Estate,2,Middle,False,MIDDLE,False,False,False,0.6840994,1.2201271
2020-04-20,CCI,Real Estate,1,Stable,True,STABLE,False,True,True,0.53919244,0.9906116
2020-04-20,CCL,Consumer Discretionary,3,Risky,False,RISKY,False,False,False,1.3366472,1.9491334
2020-04-20,CDNS,Information Technology,2,Middle,False,MIDDLE,False,False,False,0.5432168,1.088731
2020-04-20,CDW,Information Technology,2,Middle,False,MIDDLE,False,False,False,0.5880609,1.1394153
2020-04-20,CE,Unknown,2,Middle,False,MIDDLE,False,False,False,0.64763397,1.218299
2020-04-20,CERN,Unknown,1,Stable,True,STABLE,False,True,True,0.34087327,0.57889104
2020-04-20,CF,Materials,2,Middle,False,MIDDLE,False,False,False,0.67237705,1.2131361
2020-04-20,CFG,Financials,3,Risky,False,RISKY,False,False,False,0.87253785,1.603808
2020-04-20,CHD,Consumer Staples,1,Stable,True,STABLE,False,True,True,0.40486807,0.57018906
2020-04-20,CHRW,Industrials,1,Stable,True,STABLE,False,True,True,0.40687484,0.45926523
2020-04-20,CHTR,Communication Services,1,Stable,True,MIDDLE,False,False,False,0.4262041,0.79589695
2020-04-20,CI,Health Care,2,Middle,False,RISKY,False,False,False,0.6378939,1.2592069
2020-04-20,CINF,Financials,2,Middle,False,MIDDLE,False,False,False,0.604749,1.19642
2020-04-20,CL,Consumer Staples,1,Stable,True,MIDDLE,False,False,False,0.419186,0.7287205
2020-04-20,CLX,Consumer Staples,1,Stable,True,STABLE,False,True,True,0.35419002,0.33667964
2020-04-20,CMA,Unknown,2,Middle,False,MIDDLE,False,False,False,0.81101215,1.4077942
2020-04-20,CMCSA,Communication Services,1,Stable,True,MIDDLE,False,False,False,0.46070105,0.8664285
2020-04-20,CME,Financials,2,Middle,False,MIDDLE,False,False,False,0.6193881,1.0668808
2020-04-20,CMG,Consumer Discretionary,1,Stable,True,STABLE,False,True,True,0.5923693,0.86423534
2020-04-20,CMI,Industrials,1,Stable,True,STABLE,False,True,True,0.5062681,0.89738566
2020-04-20,CMS,Utilities,1,Stable,True,STABLE,False,True,True,0.50231135,0.8634034
2020-04-20,CNC,Health Care,2,Middle,False,RISKY,False,False,False,0.6722864,1.1713718
2020-04-20,CNP,Utilities,2,Middle,False,RISKY,False,False,False,0.7617745,1.3986026
2020-04-20,COF,Financials,3,Risky,False,RISKY,False,False,False,0.82420886,1.6018591
2020-04-20,COO,Health Care,1,Stable,True,MIDDLE,False,False,False,0.46622035,0.8855663
2020-04-20,COP,Energy,3,Risky,False,STABLE,False,False,False,0.8573172,1.4352788
2020-04-20,COR,Health Care,1,Stable,True,MIDDLE,False,False,False,0.5217757,0.942942
2020-04-20,COST,Consumer Staples,1,Stable,True,STABLE,False,True,True,0.36013505,0.6196176
2020-04-20,COTY,Unknown,3,Risky,False,RISKY,False,False,False,1.0866005,1.4278535
2020-04-20,CPAY,Financials,2,Middle,False,MIDDLE,False,False,False,0.5942026,1.0882391
2020-04-20,CPB,Unknown,1,Stable,True,STABLE,False,True,True,0.3683217,0.3873971
2020-04-20,CPRI,Unknown,3,Risky,False,RISKY,False,False,False,1.1966845,1.6710453
2020-04-20,CPRT,Industrials,1,Stable,True,MIDDLE,False,False,False,0.54082984,0.9802223
2020-04-20,CRM,Information Technology,1,Stable,True,MIDDLE,False,False,False,0.51173085,1.0116417
2020-04-20,CSCO,Information Technology,1,Stable,True,MIDDLE,False,False,False,0.5093181,0.9775305
2020-04-20,CSX,Industrials,2,Middle,False,MIDDLE,False,False,False,0.57610315,1.1855189
2020-04-20,CTAS,Industrials,2,Middle,False,MIDDLE,False,False,False,0.623001,1.2018467
2020-04-20,CTSH,Information Technology,2,Middle,False,MIDDLE,False,False,False,0.59257,1.179342
2020-04-20,CTVA,Materials,2,Middle,False,MIDDLE,False,False,False,0.6083094,1.10352
2020-04-20,CTXS,Unknown,1,Stable,True,STABLE,False,True,True,0.41266406,0.51535237
2020-04-20,CVS,Health Care,1,Stable,True,MIDDLE,False,False,False,0.47427925,0.84571445
2020-04-20,CVX,Energy,2,Middle,False,STABLE,False,False,False,0.758354,1.3767673
2020-04-20,CXO,Unknown,2,Middle,False,MIDDLE,False,False,False,0.77790564,1.2568711
2020-04-20,D,Utilities,2,Middle,False,MIDDLE,False,False,False,0.5835394,1.068414
2020-04-20,DAL,Industrials,2,Middle,False,RISKY,False,False,False,0.8554356,1.1892366
2020-04-20,DD,Materials,2,Middle,False,MIDDLE,False,False,False,0.6339444,1.1476054
2020-04-20,DE,Industrials,2,Middle,False,MIDDLE,False,False,False,0.5480528,1.0735524
2020-04-20,DFS,Unknown,3,Risky,False,RISKY,False,False,False,1.0171001,1.8960427
2020-04-20,DG,Consumer Staples,1,Stable,True,STABLE,False,True,True,0.37798178,0.54432434
2020-04-20,DGX,Health Care,1,Stable,True,MIDDLE,False,False,False,0.47740546,0.8230643
2020-04-20,DHI,Consumer Discretionary,2,Middle,False,MIDDLE,False,False,False,0.6849138,1.176367
2020-04-20,DHR,Health Care,1,Stable,True,STABLE,False,True,True,0.41076875,0.8008223
2020-04-20,DIS,Communication Services,1,Stable,True,MIDDLE,False,False,False,0.54561424,1.0144532
2020-04-20,DISCK,Unknown,1,Stable,True,STABLE,False,True,True,0.5249394,0.8364053
2020-04-20,DISH,Unknown,2,Middle,False,MIDDLE,False,False,False,0.74564964,1.4411029
2020-04-20,DLR,Real Estate,1,Stable,True,STABLE,False,True,True,0.52916694,0.90116906
2020-04-20,DLTR,Consumer Staples,1,Stable,True,MIDDLE,False,False,False,0.61228734,0.7818104
2020-04-20,DOV,Industrials,2,Middle,False,MIDDLE,False,False,False,0.5916673,1.2190429
2020-04-20,DOW,Materials,2,Middle,False,RISKY,False,False,False,0.75235415,1.3414782
2020-04-20,DRE,Unknown,2,Middle,False,MIDDLE,False,False,False,0.60062385,1.1969526
2020-04-20,DRI,Consumer Discretionary,3,Risky,False,RISKY,False,False,False,1.0280687,1.6714789
2020-04-20,DTE,Utilities,2,Middle,False,MIDDLE,False,False,False,0.6158503,1.2002565
2020-04-20,DUK,Utilities,1,Stable,True,MIDDLE,False,False,False,0.5315167,1.035887
2020-04-20,DVA,Health Care,1,Stable,True,MIDDLE,False,False,False,0.49178877,0.780608
2020-04-20,DVN,Energy,3,Risky,False,MIDDLE,False,False,False,1.1567844,1.5919443
2020-04-20,DXC,Unknown,3,Risky,False,RISKY,False,False,False,1.1500671,1.9060651
2020-04-20,EA,Communication Services,1,Stable,True,STABLE,False,True,True,0.41616336,0.61753654
2020-04-20,EBAY,Consumer Discretionary,1,Stable,True,STABLE,False,True,True,0.39346275,0.63134724
2020-04-20,ECL,Materials,2,Middle,False,MIDDLE,False,False,False,0.5845735,1.1099179
2020-04-20,ED,Utilities,1,Stable,True,STABLE,False,True,True,0.5276713,0.75650203
2020-04-20,EFX,Industrials,1,Stable,True,STABLE,False,True,True,0.4816589,0.8996934
2020-04-20,EG,Financials,2,Middle,False,MIDDLE,False,False,False,0.5681361,1.0683904
2020-04-20,EIX,Utilities,2,Middle,False,MIDDLE,False,False,False,0.5572106,1.0682874
2020-04-20,EL,Consumer Staples,1,Stable,True,MIDDLE,False,False,False,0.49949804,0.939223
2020-04-20,ELV,Health Care,2,Middle,False,RISKY,False,False,False,0.6840741,1.2608165
2020-04-20,EMN,Unknown,2,Middle,False,MIDDLE,False,False,False,0.61205703,1.127599
2020-04-20,EMR,Industrials,2,Middle,False,MIDDLE,False,False,False,0.6662705,1.1846507
2020-04-20,EOG,Energy,2,Middle,False,STABLE,False,False,False,0.8916295,1.2406982
2020-04-20,EQIX,Real Estate,1,Stable,True,STABLE,False,True,True,0.50816697,0.9640551
2020-04-20,ES,Utilities,2,Middle,False,MIDDLE,False,False,False,0.59255016,1.0139172
2020-04-20,ESS,Real Estate,2,Middle,False,MIDDLE,False,False,False,0.59358,1.0590377
2020-04-20,ETN,Industrials,2,Middle,False,MIDDLE,False,False,False,0.6381463,1.2644637
2020-04-20,ETR,Utilities,2,Middle,False,MIDDLE,False,False,False,0.6002041,1.1452241
2020-04-20,EVRG,Utilities,2,Middle,False,MIDDLE,False,False,False,0.63076,1.2176251
2020-04-20,EW,Health Care,1,Stable,True,MIDDLE,False,False,False,0.5135889,0.8918113
2020-04-20,EXC,Utilities,2,Middle,False,MIDDLE,False,False,False,0.6141552,1.2364237
2020-04-20,EXPD,Industrials,1,Stable,True,STABLE,False,True,True,0.39511946,0.71144694
2020-04-20,EXPE,Consumer Discretionary,2,Middle,False,MIDDLE,False,False,False,0.8896381,1.1703216
2020-04-20,EXR,Real Estate,1,Stable,True,STABLE,False,True,True,0.4733744,0.6838922
2020-04-20,F,Consumer Discretionary,2,Middle,False,MIDDLE,False,False,False,0.60954237,1.0423913
2020-04-20,FANG,Energy,3,Risky,False,MIDDLE,False,False,False,1.2743623,1.4418736
2020-04-20,FAST,Industrials,1,Stable,True,STABLE,False,True,True,0.48180175,0.913962
2020-04-20,FBIN,Unknown,2,Middle,False,MIDDLE,False,False,False,0.6725818,1.262462
2020-04-20,FCX,Materials,3,Risky,False,RISKY,False,False,False,0.861159,1.5248073
2020-04-20,FDX,Industrials,2,Middle,False,MIDDLE,False,False,False,0.61529225,1.0664946
2020-04-20,FE,Utilities,2,Middle,False,MIDDLE,False,False,False,0.56573325,1.153767
2020-04-20,FFIV,Information Technology,1,Stable,True,STABLE,False,True,True,0.4415607,0.73417556
2020-04-20,FI,Financials,2,Middle,False,MIDDLE,False,False,False,0.5652098,1.1572194
2020-04-20,FIS,Financials,2,Middle,False,MIDDLE,False,False,False,0.5634345,1.174705
2020-04-20,FITB,Financials,3,Risky,False,RISKY,False,False,False,0.85027426,1.6236892
2020-04-20,FLIR,Unknown,1,Stable,True,STABLE,False,True,True,0.68536055,0.83189505
2020-04-20,FLS,Unknown,2,Middle,False,MIDDLE,False,False,False,0.6372646,1.1195006
2020-04-20,FMC,Unknown,2,Middle,False,MIDDLE,False,False,False,0.6832829,1.2537236
2020-04-20,FOX,Communication Services,1,Stable,True,MIDDLE,False,False,False,0.52546483,0.91873914
2020-04-20,FOXA,Communication Services,1,Stable,True,MIDDLE,False,False,False,0.52397996,0.90971863
2020-04-20,FRT,Real Estate,2,Middle,False,MIDDLE,False,False,False,0.6715384,1.1573737
2020-04-20,FTI,Unknown,3,Risky,False,RISKY,False,False,False,0.9483288,1.515708
2020-04-20,FTNT,Information Technology,1,Stable,True,MIDDLE,False,False,False,0.5740021,0.9856693
2020-04-20,FTV,Industrials,1,Stable,True,MIDDLE,False,False,False,0.5466239,0.99599665
2020-04-20,GAP,Unknown,3,Risky,False,RISKY,False,False,False,0.94632626,1.5332445
2020-04-20,GD,Industrials,1,Stable,True,STABLE,False,True,True,0.45638376,0.921237
2020-04-20,GE,Industrials,2,Middle,False,RISKY,False,False,False,0.70775366,1.2922643
2020-04-20,GEN,Information Technology,1,Stable,True,STABLE,False,True,True,0.34455726,0.41211027
2020-04-20,GILD,Health Care,1,Stable,True,STABLE,False,True,True,0.44675785,0.45567423
2020-04-20,GIS,Consumer Staples,1,Stable,True,STABLE,False,True,True,0.38051492,0.4330892
2020-04-20,GL,Financials,2,Middle,False,MIDDLE,False,False,False,0.61752945,1.2925107
2020-04-20,GLW,Information Technology,2,Middle,False,RISKY,False,False,False,0.61632574,1.2627175
2020-04-20,GM,Consumer Discretionary,2,Middle,False,MIDDLE,False,False,False,0.69769454,1.2414197
2020-04-20,GOOG,Communication Services,1,Stable,True,MIDDLE,False,False,False,0.4322508,0.89532566
2020-04-20,GOOGL,Communication Services,1,Stable,True,MIDDLE,False,False,False,0.4369812,0.90855545
2020-04-20,GPC,Consumer Discretionary,2,Middle,False,MIDDLE,False,False,False,0.63016045,1.114225
2020-04-20,GPN,Financials,2,Middle,False,MIDDLE,False,False,False,0.67727876,1.3865292
2020-04-20,GRMN,Consumer Discretionary,1,Stable,True,STABLE,False,True,True,0.4671011,0.90200365
2020-04-20,GS,Financials,2,Middle,False,MIDDLE,False,False,False,0.6140642,1.27026
2020-04-20,GWW,Industrials,1,Stable,True,MIDDLE,False,False,False,0.52500373,1.0663997
2020-04-20,HAL,Energy,3,Risky,False,MIDDLE,False,False,False,1.1322821,1.7980676
2020-04-20,HAS,Consumer Discretionary,2,Middle,False,MIDDLE,False,False,False,0.6414506,1.0896819
2020-04-20,HBAN,Financials,2,Middle,False,MIDDLE,False,False,False,0.6437351,1.1568265
2020-04-20,HBI,Unknown,1,Stable,True,STABLE,False,True,True,0.6103269,0.9611729
2020-04-20,HCA,Health Care,2,Middle,False,RISKY,False,False,False,0.72146523,1.1762887
2020-04-20,HD,Consumer Discretionary,2,Middle,False,MIDDLE,False,False,False,0.5928507,1.1919302
2020-04-20,HES,Unknown,3,Risky,False,RISKY,False,False,False,0.933286,1.3697169
2020-04-20,HIG,Financials,2,Middle,False,RISKY,False,False,False,0.7747118,1.24058
2020-04-20,HII,Industrials,1,Stable,True,STABLE,False,True,True,0.5022787,0.83823484
2020-04-20,HLT,Consumer Discretionary,1,Stable,True,STABLE,False,True,True,0.5646399,0.8239519
2020-04-20,HOG,Unknown,3,Risky,False,MIDDLE,False,False,False,0.8271477,1.5036501
2020-04-20,HOLX,Unknown,1,Stable,True,STABLE,False,True,True,0.5480242,1.0119363
2020-04-20,HON,Industrials,1,Stable,True,MIDDLE,False,False,False,0.5249392,1.0242474
2020-04-20,HP,Unknown,3,Risky,False,RISKY,False,False,False,1.0956386,1.8704487
2020-04-20,HPE,Information Technology,2,Middle,False,MIDDLE,False,False,False,0.60723954,1.0714878
2020-04-20,HPQ,Information Technology,2,Middle,False,MIDDLE,False,False,False,0.63556796,1.0887828
2020-04-20,HRB,Unknown,2,Middle,False,MIDDLE,False,False,False,0.684339,1.1730489
2020-04-20,HRL,Consumer Staples,1,Stable,True,STABLE,False,True,True,0.3699142,0.47306883
2020-04-20,HSIC,Health Care,1,Stable,True,MIDDLE,False,False,False,0.4573951,0.7987164
2020-04-20,HST,Real Estate,2,Middle,False,MIDDLE,False,False,False,0.6262336,1.0779567
2020-04-20,HSY,Consumer Staples,1,Stable,True,MIDDLE,False,False,False,0.5008513,0.8557871
2020-04-20,HUM,Health Care,2,Middle,False,RISKY,False,False,False,0.6662849,1.2247384
2020-04-20,HWM,Industrials,2,Middle,False,RISKY,False,False,False,0.7419576,1.2075875
2020-04-20,IBM,Information Technology,1,Stable,True,MIDDLE,False,False,False,0.48579377,0.9781384
2020-04-20,ICE,Financials,1,Stable,True,STABLE,False,True,True,0.4910114,0.88462204
2020-04-20,IDXX,Health Care,1,Stable,True,MIDDLE,False,False,False,0.46044073,0.77417547
2020-04-20,IEX,Industrials,1,Stable,True,STABLE,False,True,True,0.4716668,0.902138
2020-04-20,IFF,Materials,1,Stable,True,STABLE,False,True,True,0.54152,0.9144498
2020-04-20,ILMN,Unknown,1,Stable,True,STABLE,False,True,True,0.49529016,0.8486085
2020-04-20,INCY,Health Care,1,Stable,True,STABLE,False,True,True,0.43950367,0.64251107
2020-04-20,INTC,Information Technology,2,Middle,False,RISKY,False,False,False,0.6357489,1.2115318
2020-04-20,INTU,Information Technology,2,Middle,False,MIDDLE,False,False,False,0.57680756,1.1761522
2020-04-20,IP,Materials,2,Middle,False,MIDDLE,False,False,False,0.5824624,1.1371241
2020-04-20,IPG,Unknown,2,Middle,False,MIDDLE,False,False,False,0.6272795,1.219004
2020-04-20,IPGP,Unknown,1,Stable,True,STABLE,False,True,True,0.6259588,0.848451
2020-04-20,IQV,Health Care,2,Middle,False,RISKY,False,False,False,0.64158946,1.2473106
2020-04-20,IR,Industrials,1,Stable,True,MIDDLE,False,False,False,0.59374243,0.9807192
2020-04-20,IRM,Real Estate,1,Stable,True,STABLE,False,True,True,0.5452327,1.0072175
2020-04-20,ISRG,Health Care,2,Middle,False,MIDDLE,False,False,False,0.53752476,1.0935574
2020-04-20,IT,Information Technology,1,Stable,True,MIDDLE,False,False,False,0.5583318,0.90829843
2020-04-20,ITW,Industrials,1,Stable,True,MIDDLE,False,False,False,0.52915174,1.0488307
2020-04-20,IVZ,Financials,3,Risky,False,RISKY,False,False,False,0.79327935,1.640637
2020-04-20,J,Industrials,1,Stable,True,STABLE,False,True,True,0.5035171,0.927245
2020-04-20,JBHT,Industrials,1,Stable,True,STABLE,False,True,True,0.4910415,0.9072672
2020-04-20,JCI,Industrials,1,Stable,True,STABLE,False,True,True,0.5038185,0.93998843
2020-04-20,JKHY,Financials,1,Stable,True,STABLE,False,True,True,0.4268899,0.76070994
2020-04-20,JNJ,Health Care,1,Stable,True,STABLE,False,True,True,0.39176288,0.71374214
2020-04-20,JNPR,Unknown,1,Stable,True,STABLE,False,True,True,0.40917683,0.71904624
2020-04-20,JPM,Financials,2,Middle,False,MIDDLE,False,False,False,0.6406322,1.3045919
2020-04-20,JWN,Unknown,3,Risky,False,RISKY,False,False,False,0.9275672,1.5295614
2020-04-20,K,Unknown,1,Stable,True,STABLE,False,True,True,0.40018687,0.4713855
2020-04-20,KEY,Financials,3,Risky,False,RISKY,False,False,False,0.87491155,1.664701
2020-04-20,KEYS,Information Technology,1,Stable,True,MIDDLE,False,False,False,0.5310974,0.97010654
2020-04-20,KHC,Consumer Staples,1,Stable,True,MIDDLE,False,False,False,0.5729618,0.94775975
2020-04-20,KIM,Real Estate,2,Middle,False,MIDDLE,False,False,False,0.7272328,1.1825682
2020-04-20,KLAC,Information Technology,2,Middle,False,RISKY,False,False,False,0.72535235,1.4107741
2020-04-20,KMB,Consumer Staples,1,Stable,True,STABLE,False,True,True,0.3932211,0.6334484
2020-04-20,KMI,Energy,2,Middle,False,STABLE,False,False,False,0.7171817,1.1417243
2020-04-20,KMX,Unknown,2,Middle,False,MIDDLE,False,False,False,0.7122044,1.1540745
2020-04-20,KO,Consumer Staples,1,Stable,True,MIDDLE,False,False,False,0.41846234,0.79135966
2020-04-20,KR,Consumer Staples,1,Stable,True,STABLE,False,True,True,0.39740467,0.27992454
2020-04-20,KSS,Unknown,3,Risky,False,RISKY,False,False,False,1.0127928,1.3890834
2020-04-20,KSU,Unknown,2,Middle,False,MIDDLE,False,False,False,0.61772543,1.1989387
2020-04-20,L,Financials,2,Middle,False,MIDDLE,False,False,False,0.6782867,1.3589348
2020-04-20,LDOS,Industrials,1,Stable,True,MIDDLE,False,False,False,0.54898876,1.0406233
2020-04-20,LEG,Unknown,2,Middle,False,MIDDLE,False,False,False,0.7309926,1.4074291
2020-04-20,LEN,Consumer Discretionary,2,Middle,False,MIDDLE,False,False,False,0.8000152,1.288415
2020-04-20,LH,Health Care,2,Middle,False,RISKY,False,False,False,0.6636122,1.2748686
2020-04-20,LHX,Industrials,1,Stable,True,STABLE,False,True,True,0.5082776,0.9658655
2020-04-20,LIN,Materials,1,Stable,True,STABLE,False,True,True,0.46360582,0.96779925
2020-04-20,LKQ,Unknown,2,Middle,False,MIDDLE,False,False,False,0.7990658,1.3487833
2020-04-20,LLY,Health Care,1,Stable,True,STABLE,False,True,True,0.43854877,0.7711498
2020-04-20,LMT,Industrials,1,Stable,True,STABLE,False,True,True,0.51875466,0.92132425
2020-04-20,LNC,Unknown,3,Risky,False,RISKY,False,False,False,1.0972818,2.2578597
2020-04-20,LNT,Utilities,1,Stable,True,STABLE,False,True,True,0.48867518,0.8763378
2020-04-20,LOW,Consumer Discretionary,2,Middle,False,MIDDLE,False,False,False,0.6771483,1.3229599
2020-04-20,LRCX,Information Technology,2,Middle,False,RISKY,False,False,False,0.74394846,1.4940323
2020-04-20,LUV,Industrials,2,Middle,False,MIDDLE,False,False,False,0.6207987,0.9725759
2020-04-20,LVS,Consumer Discretionary,2,Middle,False,MIDDLE,False,False,False,0.6358388,1.0949217
2020-04-20,LW,Unknown,2,Middle,False,MIDDLE,False,False,False,0.6236009,1.0138755
2020-04-20,LYB,Materials,3,Risky,False,RISKY,False,False,False,0.82350045,1.5082452
2020-04-20,LYV,Communication Services,2,Middle,False,RISKY,False,False,False,0.8453511,1.1612034
2020-04-20,MA,Financials,2,Middle,False,MIDDLE,False,False,False,0.5825737,1.1896459
2020-04-20,MAA,Real Estate,2,Middle,False,MIDDLE,False,False,False,0.59748673,1.0886934
2020-04-20,MAR,Consumer Discretionary,1,Stable,True,STABLE,False,True,True,0.70244485,0.8496392
2020-04-20,MAS,Industrials,1,Stable,True,STABLE,False,True,True,0.51252455,0.97633624
2020-04-20,MCD,Consumer Discretionary,1,Stable,True,STABLE,False,True,True,0.53267366,1.0136024
2020-04-20,MCHP,Information Technology,2,Middle,False,RISKY,False,False,False,0.7509189,1.4592993
2020-04-20,MCK,Health Care,1,Stable,True,MIDDLE,False,False,False,0.55785024,0.95603645
2020-04-20,MCO,Financials,2,Middle,False,MIDDLE,False,False,False,0.64367604,1.3069603
2020-04-20,MDLZ,Consumer Staples,1,Stable,True,MIDDLE,False,False,False,0.43930843,0.85476345
2020-04-20,MDT,Health Care,1,Stable,True,MIDDLE,False,False,False,0.48983535,0.9746488
2020-04-20,MET,Financials,2,Middle,False,RISKY,False,False,False,0.7109991,1.473247
2020-04-20,META,Communication Services,1,Stable,True,MIDDLE,False,False,False,0.4739587,0.9276777
2020-04-20,MGM,Consumer Discretionary,3,Risky,False,RISKY,False,False,False,1.1292009,1.8053782
2020-04-20,MHK,Unknown,2,Middle,False,MIDDLE,False,False,False,0.78260446,1.1637214
2020-04-20,MKC,Consumer Staples,1,Stable,True,MIDDLE,False,False,False,0.4927919,0.76949066
2020-04-20,MKTX,Unknown,1,Stable,True,STABLE,False,True,True,0.5417679,0.8165205
2020-04-20,MLM,Materials,2,Middle,False,MIDDLE,False,False,False,0.63588685,1.0720125
2020-04-20,MMM,Industrials,1,Stable,True,STABLE,False,True,True,0.44874367,0.81143564
2020-04-20,MNST,Consumer Staples,1,Stable,True,MIDDLE,False,False,False,0.42604086,0.8688576
2020-04-20,MO,Consumer Staples,1,Stable,True,MIDDLE,False,False,False,0.43806845,0.72231805
2020-04-20,MOS,Materials,3,Risky,False,RISKY,False,False,False,0.9422667,1.2998035
2020-04-20,MPC,Energy,3,Risky,False,MIDDLE,False,False,False,0.9690914,1.6147281
2020-04-20,MRK,Health Care,1,Stable,True,STABLE,False,True,True,0.38372004,0.70175177
2020-04-20,MRO,Unknown,3,Risky,False,RISKY,False,False,False,1.1735775,1.4010746
2020-04-20,MS,Financials,2,Middle,False,RISKY,False,False,False,0.68687564,1.452977
2020-04-20,MSCI,Financials,2,Middle,False,MIDDLE,False,False,False,0.6219966,1.1611298
2020-04-20,MSFT,Information Technology,2,Middle,False,MIDDLE,False,False,False,0.52753305,1.1164005
2020-04-20,MSI,Information Technology,1,Stable,True,MIDDLE,False,False,False,0.51055187,0.9384429
2020-04-20,MTB,Financials,2,Middle,False,MIDDLE,False,False,False,0.62810254,1.2139449
2020-04-20,MTD,Health Care,1,Stable,True,MIDDLE,False,False,False,0.4810699,0.8329454
2020-04-20,MU,Information Technology,2,Middle,False,RISKY,False,False,False,0.68420094,1.3041474
2020-04-20,MXIM,Unknown,1,Stable,True,STABLE,False,True,True,0.52208424,1.0319988
2020-04-20,MYL,Unknown,1,Stable,True,STABLE,False,True,True,0.52050376,0.6511556
2020-04-20,NCLH,Consumer Discretionary,3,Risky,False,RISKY,False,False,False,1.4266635,1.928091
2020-04-20,NDAQ,Financials,1,Stable,True,STABLE,False,True,True,0.53507644,1.0286471
2020-04-20,NEE,Utilities,1,Stable,True,STABLE,False,True,True,0.52703947,1.0013092
2020-04-20,NEM,Materials,1,Stable,True,STABLE,False,True,True,0.50916046,0.37999406
2020-04-20,NFLX,Communication Services,1,Stable,True,STABLE,False,True,True,0.4784859,0.6750859
2020-04-20,NI,Utilities,2,Middle,False,MIDDLE,False,False,False,0.56833714,1.0853926
2020-04-20,NKE,Consumer Discretionary,1,Stable,True,STABLE,False,True,True,0.4902867,0.96368706
2020-04-20,NLSN,Unknown,2,Middle,False,MIDDLE,False,False,False,0.6317216,1.0710912
2020-04-20,NOC,Industrials,1,Stable,True,STABLE,False,True,True,0.48258492,0.8354212
2020-04-20,NOV,Unknown,3,Risky,False,RISKY,False,False,False,0.97126305,1.5797591
2020-04-20,NOW,Information Technology,1,Stable,True,MIDDLE,False,False,False,0.54940325,1.0094625
2020-04-20,NRG,Utilities,2,Middle,False,MIDDLE,False,False,False,0.5939049,1.0417229
2020-04-20,NSC,Industrials,2,Middle,False,MIDDLE,False,False,False,0.58808935,1.2185663
2020-04-20,NTAP,Information Technology,1,Stable,True,MIDDLE,False,False,False,0.5681824,0.9424584
2020-04-20,NTRS,Financials,2,Middle,False,MIDDLE,False,False,False,0.5957396,1.2000166
2020-04-20,NUE,Materials,2,Middle,False,MIDDLE,False,False,False,0.56079763,1.0966798
2020-04-20,NVDA,Information Technology,2,Middle,False,RISKY,False,False,False,0.68464655,1.3374667
2020-04-20,NVR,Consumer Discretionary,2,Middle,False,MIDDLE,False,False,False,0.7519047,1.1481609
2020-04-20,NWL,Unknown,2,Middle,False,MIDDLE,False,False,False,0.6624836,1.1821737
2020-04-20,NWS,Communication Services,1,Stable,True,MIDDLE,False,False,False,0.5518481,0.9526799
2020-04-20,NWSA,Communication Services,1,Stable,True,MIDDLE,False,False,False,0.53776294,0.93418825
2020-04-20,O,Real Estate,2,Middle,False,MIDDLE,False,False,False,0.7900701,1.303588
2020-04-20,ODFL,Industrials,1,Stable,True,STABLE,False,True,True,0.5022414,0.8786397
2020-04-20,OKE,Energy,3,Risky,False,MIDDLE,False,False,False,1.2200565,1.7383506
2020-04-20,OMC,Communication Services,1,Stable,True,MIDDLE,False,False,False,0.48393428,0.9650083
2020-04-20,ORCL,Information Technology,1,Stable,True,MIDDLE,False,False,False,0.5157159,0.9593464
2020-04-20,ORLY,Consumer Discretionary,1,Stable,True,STABLE,False,True,True,0.55511445,1.0387132
2020-04-20,OXY,Energy,3,Risky,False,MIDDLE,False,False,False,1.3637125,1.7769041
2020-04-20,PAYC,Unknown,2,Middle,False,MIDDLE,False,False,False,0.7493199,1.3619789
2020-04-20,PAYX,Industrials,2,Middle,False,MIDDLE,False,False,False,0.6216809,1.219581
2020-04-20,PBCT,Unknown,2,Middle,False,MIDDLE,False,False,False,0.6361016,1.1478981
2020-04-20,PCAR,Industrials,1,Stable,True,STABLE,False,True,True,0.42488703,0.82782364
2020-04-20,PEG,Utilities,1,Stable,True,STABLE,False,True,True,0.47087583,0.8676157
2020-04-20,PEP,Consumer Staples,1,Stable,True,MIDDLE,False,False,False,0.4891037,0.96518946
2020-04-20,PFE,Health Care,1,Stable,True,STABLE,False,True,True,0.39381245,0.7034099
2020-04-20,PFG,Financials,2,Middle,False,RISKY,False,False,False,0.7324636,1.4477187
2020-04-20,PG,Consumer Staples,1,Stable,True,MIDDLE,False,False,False,0.43456912,0.76350254
2020-04-20,PGR,Financials,1,Stable,True,STABLE,False,True,True,0.4475449,0.764828
2020-04-20,PH,Industrials,2,Middle,False,RISKY,False,False,False,0.7486213,1.4764303
2020-04-20,PHM,Consumer Discretionary,2,Middle,False,MIDDLE,False,False,False,0.78409153,1.3192073
2020-04-20,PKG,Materials,1,Stable,True,STABLE,False,True,True,0.510751,0.88821816
2020-04-20,PLD,Real Estate,2,Middle,False,MIDDLE,False,False,False,0.5938292,1.1510378
2020-04-20,PM,Consumer Staples,1,Stable,True,MIDDLE,False,False,False,0.48552492,0.9679959
2020-04-20,PNC,Financials,2,Middle,False,MIDDLE,False,False,False,0.6827286,1.3788106
2020-04-20,PNR,Industrials,2,Middle,False,MIDDLE,False,False,False,0.5768675,1.096437
2020-04-20,PNW,Utilities,2,Middle,False,MIDDLE,False,False,False,0.57018375,1.0916866
2020-04-20,PPG,Materials,1,Stable,True,STABLE,False,True,True,0.5034269,0.90652734
2020-04-20,PPL,Utilities,2,Middle,False,MIDDLE,False,False,False,0.57182,1.0801218
2020-04-20,PRGO,Unknown,1,Stable,True,STABLE,False,True,True,0.5739861,0.8891111
2020-04-20,PRU,Financials,3,Risky,False,RISKY,False,False,False,0.7811761,1.6000656
2020-04-20,PSA,Real Estate,1,Stable,True,STABLE,False,True,True,0.4404638,0.7530646
2020-04-20,PSX,Energy,2,Middle,False,STABLE,False,False,False,0.70756406,1.2225977
2020-04-20,PVH,Unknown,3,Risky,False,RISKY,False,False,False,0.9471148,1.6650492
2020-04-20,PWR,Industrials,1,Stable,True,MIDDLE,False,False,False,0.55760705,1.0188497
2020-04-20,PXD,Unknown,3,Risky,False,RISKY,False,False,False,1.0042357,1.5213027
2020-04-20,PYPL,Financials,2,Middle,False,MIDDLE,False,False,False,0.5622205,1.175524
2020-04-20,QCOM,Information Technology,2,Middle,False,MIDDLE,False,False,False,0.5935025,1.127555
2020-04-20,QRVO,Unknown,2,Middle,False,MIDDLE,False,False,False,0.6945121,1.2544957
2020-04-20,RCL,Consumer Discretionary,3,Risky,False,RISKY,False,False,False,1.2707852,1.7371922
2020-04-20,REG,Real Estate,2,Middle,False,MIDDLE,False,False,False,0.67755866,1.1592518
2020-04-20,REGN,Health Care,1,Stable,True,STABLE,False,True,True,0.46201363,0.55408126
2020-04-20,RF,Financials,2,Middle,False,RISKY,False,False,False,0.7804601,1.4586698
2020-04-20,RHI,Unknown,1,Stable,True,STABLE,False,True,True,0.523634,0.88813996
2020-04-20,RJF,Financials,2,Middle,False,MIDDLE,False,False,False,0.6563759,1.2650421
2020-04-20,RL,Consumer Discretionary,2,Middle,False,MIDDLE,False,False,False,0.6481301,1.0839167
2020-04-20,RMD,Health Care,2,Middle,False,RISKY,False,False,False,0.6034066,1.0650809
2020-04-20,ROK,Industrials,2,Middle,False,MIDDLE,False,False,False,0.64162993,1.1676356
2020-04-20,ROL,Industrials,1,Stable,True,STABLE,False,True,True,0.42035267,0.7250976
2020-04-20,ROP,Information Technology,1,Stable,True,MIDDLE,False,False,False,0.509051,1.0270423
2020-04-20,ROST,Consumer Discretionary,2,Middle,False,MIDDLE,False,False,False,0.660012,1.1216103
2020-04-20,RSG,Industrials,1,Stable,True,STABLE,False,True,True,0.44406873,0.87715995
2020-04-20,RTX,Industrials,2,Middle,False,MIDDLE,False,False,False,0.6536272,1.1830391
2020-04-20,RVTY,Health Care,1,Stable,True,STABLE,False,True,True,0.40559903,0.69890565
2020-04-20,SBAC,Real Estate,1,Stable,True,STABLE,False,True,True,0.5231029,0.93098676
2020-04-20,SBUX,Consumer Discretionary,2,Middle,False,MIDDLE,False,False,False,0.55868065,1.1401082
2020-04-20,SCHW,Financials,2,Middle,False,MIDDLE,False,False,False,0.6192542,1.0974709
2020-04-20,SEE,Unknown,1,Stable,True,STABLE,False,True,True,0.6767728,0.87434894
2020-04-20,SHW,Materials,2,Middle,False,MIDDLE,False,False,False,0.5559473,1.0489216
2020-04-20,SIVB,Unknown,2,Middle,False,MIDDLE,False,False,False,0.7658762,1.462172
2020-04-20,SJM,Consumer Staples,1,Stable,True,STABLE,False,True,True,0.38792005,0.40334207
2020-04-20,SLB,Energy,3,Risky,False,STABLE,False,False,False,0.8676974,1.4070903
2020-04-20,SLG,Unknown,2,Middle,False,MIDDLE,False,False,False,0.7211201,1.3884945
2020-04-20,SNA,Industrials,1,Stable,True,MIDDLE,False,False,False,0.53709155,1.0193413
2020-04-20,SNPS,Information Technology,1,Stable,True,MIDDLE,False,False,False,0.49256343,1.003402
2020-04-20,SO,Utilities,2,Middle,False,MIDDLE,False,False,False,0.6044605,1.0890461
2020-04-20,SPG,Real Estate,3,Risky,False,RISKY,False,False,False,1.015202,1.5194097
2020-04-20,SPGI,Financials,2,Middle,False,MIDDLE,False,False,False,0.59941155,1.1592755
2020-04-20,SRE,Utilities,2,Middle,False,MIDDLE,False,False,False,0.6020299,1.1073242
2020-04-20,STE,Health Care,1,Stable,True,MIDDLE,False,False,False,0.46445137,0.9015861
2020-04-20,STT,Financials,2,Middle,False,MIDDLE,False,False,False,0.6653359,1.3083518
2020-04-20,STX,Information Technology,1,Stable,True,MIDDLE,False,False,False,0.5080328,0.95921224
2020-04-20,STZ,Consumer Staples,1,Stable,True,MIDDLE,False,False,False,0.56682193,0.934259
2020-04-20,SWK,Industrials,2,Middle,False,RISKY,False,False,False,0.77878076,1.5291135
2020-04-20,SWKS,Information Technology,2,Middle,False,RISKY,False,False,False,0.67555016,1.318174
2020-04-20,SYF,Financials,3,Risky,False,RISKY,False,False,False,0.87710434,1.6527497
2020-04-20,SYK,Health Care,2,Middle,False,RISKY,False,False,False,0.6021208,1.1167606
2020-04-20,SYY,Consumer Staples,2,Middle,False,RISKY,False,False,False,0.81712,1.327899
2020-04-20,T,Communication Services,1,Stable,True,MIDDLE,False,False,False,0.4443944,0.8614254
2020-04-20,TAP,Consumer Staples,1,Stable,True,MIDDLE,False,False,False,0.46872863,0.8116313
2020-04-20,TDG,Industrials,2,Middle,False,RISKY,False,False,False,0.8686437,1.320653
2020-04-20,TEL,Information Technology,2,Middle,False,MIDDLE,False,False,False,0.5662441,1.0602878
2020-04-20,TFC,Financials,2,Middle,False,RISKY,False,False,False,0.75808644,1.4410645
2020-04-20,TFX,Unknown,1,Stable,True,STABLE,False,True,True,0.5399351,0.9516131
2020-04-20,TGT,Consumer Staples,1,Stable,True,MIDDLE,False,False,False,0.48855913,0.72033536
2020-04-20,TIF,Unknown,1,Stable,True,STABLE,False,True,True,0.49537057,0.34123832
2020-04-20,TJX,Consumer Discretionary,2,Middle,False,MIDDLE,False,False,False,0.60406405,1.1501465
2020-04-20,TMO,Health Care,1,Stable,True,STABLE,False,True,True,0.42262992,0.72044486
2020-04-20,TMUS,Communication Services,1,Stable,True,MIDDLE,False,False,False,0.48092845,0.83440536
2020-04-20,TPR,Consumer Discretionary,3,Risky,False,RISKY,False,False,False,0.9720237,1.8151159
2020-04-20,TROW,Financials,2,Middle,False,MIDDLE,False,False,False,0.59545255,1.1768881
2020-04-20,TRV,Financials,2,Middle,False,MIDDLE,False,False,False,0.60039365,1.0968118
2020-04-20,TSCO,Consumer Discretionary,1,Stable,True,STABLE,False,True,True,0.45750237,0.71799886
2020-04-20,TSN,Consumer Staples,1,Stable,True,MIDDLE,False,False,False,0.57308996,0.776046
2020-04-20,TT,Industrials,1,Stable,True,STABLE,False,True,True,0.5194019,0.91630405
2020-04-20,TTWO,Communication Services,1,Stable,True,STABLE,False,True,True,0.4705688,0.64576745
2020-04-20,TWTR,Unknown,2,Middle,False,MIDDLE,False,False,False,0.6243431,1.0682528
2020-04-20,TXN,Information Technology,1,Stable,True,MIDDLE,False,False,False,0.5272537,1.054205
2020-04-20,TXT,Industrials,2,Middle,False,RISKY,False,False,False,0.74580663,1.3792032
2020-04-20,UA,Unknown,2,Middle,False,MIDDLE,False,False,False,0.7940895,1.165291
2020-04-20,UAA,Unknown,2,Middle,False,MIDDLE,False,False,False,0.8239957,1.2858586
2020-04-20,UAL,Industrials,3,Risky,False,RISKY,False,False,False,1.0967029,1.4439071
2020-04-20,UDR,Real Estate,2,Middle,False,STABLE,False,False,False,0.58208233,1.0262654
2020-04-20,UHS,Health Care,2,Middle,False,RISKY,False,False,False,0.8045506,1.3931558
2020-04-20,ULTA,Consumer Discretionary,2,Middle,False,MIDDLE,False,False,False,0.7905503,1.3167741
2020-04-20,UNH,Health Care,2,Middle,False,RISKY,False,False,False,0.62549734,1.2092972
2020-04-20,UNM,Unknown,3,Risky,False,RISKY,False,False,False,0.90366215,1.7760696
2020-04-20,UNP,Industrials,1,Stable,True,MIDDLE,False,False,False,0.52322245,1.0394442
2020-04-20,UPS,Industrials,1,Stable,True,STABLE,False,True,True,0.4315301,0.74206436
2020-04-20,URI,Industrials,2,Middle,False,RISKY,False,False,False,0.7955794,1.4092479
2020-04-20,USB,Financials,2,Middle,False,MIDDLE,False,False,False,0.6397568,1.2510203
2020-04-20,V,Financials,2,Middle,False,MIDDLE,False,False,False,0.53564334,1.1252346
2020-04-20,VAR,Unknown,1,Stable,True,STABLE,False,True,True,0.5187915,1.0147017
2020-04-20,VFC,Unknown,2,Middle,False,MIDDLE,False,False,False,0.6360965,1.1734744
2020-04-20,VLO,Energy,2,Middle,False,STABLE,False,False,False,0.81012076,1.3908631
2020-04-20,VMC,Materials,1,Stable,True,MIDDLE,False,False,False,0.6095659,0.8822406
2020-04-20,VNO,Unknown,2,Middle,False,MIDDLE,False,False,False,0.7091219,1.2592351
2020-04-20,VRSK,Industrials,1,Stable,True,STABLE,False,True,True,0.4884359,0.96183306
2020-04-20,VRSN,Information Technology,1,Stable,True,MIDDLE,False,False,False,0.50254685,1.0230069
2020-04-20,VRTX,Health Care,1,Stable,True,MIDDLE,False,False,False,0.46742898,0.8788081
2020-04-20,VTR,Real Estate,3,Risky,False,RISKY,False,False,False,1.0619168,1.6225106
2020-04-20,VZ,Communication Services,1,Stable,True,STABLE,False,True,True,0.3063676,0.54200035
2020-04-20,WAB,Industrials,2,Middle,False,MIDDLE,False,False,False,0.62246394,1.0871338
2020-04-20,WAT,Health Care,1,Stable,True,MIDDLE,False,False,False,0.4315214,0.8278916
2020-04-20,WBA,Unknown,1,Stable,True,STABLE,False,True,True,0.5283723,0.73693424
2020-04-20,WDC,Information Technology,3,Risky,False,RISKY,False,False,False,0.82791764,1.480294
2020-04-20,WEC,Utilities,1,Stable,True,STABLE,False,True,True,0.57763165,0.8639925
2020-04-20,WELL,Real Estate,3,Risky,False,RISKY,False,False,False,0.8749729,1.4128515
2020-04-20,WFC,Financials,2,Middle,False,MIDDLE,False,False,False,0.666883,1.3505933
2020-04-20,WHR,Unknown,2,Middle,False,MIDDLE,False,False,False,0.75410366,1.3982601
2020-04-20,WM,Industrials,1,Stable,True,STABLE,False,True,True,0.43297344,0.79213715
2020-04-20,WMB,Energy,2,Middle,False,STABLE,False,False,False,0.8296433,1.2332803
2020-04-20,WMT,Consumer Staples,1,Stable,True,STABLE,False,True,True,0.3786888,0.5684673
2020-04-20,WRB,Financials,2,Middle,False,MIDDLE,False,False,False,0.5716442,1.156464
2020-04-20,WTW,Financials,1,Stable,True,STABLE,False,True,True,0.4906774,0.9002837
2020-04-20,WU,Unknown,1,Stable,True,STABLE,False,True,True,0.4815039,0.7905275
2020-04-20,WY,Real Estate,3,Risky,False,RISKY,False,False,False,0.8342743,1.7049226
2020-04-20,WYNN,Consumer Discretionary,3,Risky,False,RISKY,False,False,False,0.9683951,1.541282
2020-04-20,XEL,Utilities,1,Stable,True,STABLE,False,True,True,0.5109887,0.924319
2020-04-20,XLNX,Unknown,1,Stable,True,STABLE,False,True,True,0.51270837,0.89694935
2020-04-20,XOM,Energy,1,Stable,True,STABLE,False,True,True,0.5549555,1.0230274
2020-04-20,XRAY,Unknown,1,Stable,True,STABLE,False,True,True,0.47364548,0.83608204
2020-04-20,XRX,Unknown,2,Middle,False,MIDDLE,False,False,False,0.73740655,1.2400703
2020-04-20,XYL,Industrials,2,Middle,False,MIDDLE,False,False,False,0.56136024,1.1123672
2020-04-20,YUM,Consumer Discretionary,1,Stable,True,STABLE,False,True,True,0.56594455,0.9156307
2020-04-20,ZBH,Health Care,1,Stable,True,MIDDLE,False,False,False,0.5636233,0.87102246
2020-04-20,ZBRA,Information Technology,2,Middle,False,MIDDLE,False,False,False,0.5717291,1.0669128
2020-04-20,ZION,Unknown,1,Stable,True,STABLE,False,True,True,0.49862173,0.9190869
2020-04-20,ZTS,Health Care,1,Stable,True,MIDDLE,False,False,False,0.49346128,0.96323675
2020-10-08,A,Health Care,1,Stable,True,STABLE,False,True,True,0.25517628,0.86291814
2020-10-08,AAL,Unknown,3,Risky,False,RISKY,False,False,False,0.98881626,1.9261931
2020-10-08,AAP,Unknown,1,Stable,True,STABLE,False,True,True,0.30609354,0.8919321
2020-10-08,AAPL,Information Technology,2,Middle,False,MIDDLE,False,False,False,0.37983677,1.1939378
2020-10-08,ABBV,Health Care,1,Stable,True,STABLE,False,True,True,0.2433862,0.5341469
2020-10-08,ABMD,Unknown,2,Middle,False,STABLE,False,False,False,0.41825628,0.9670304
2020-10-08,ABT,Health Care,1,Stable,True,STABLE,False,True,True,0.30123866,0.8176905
2020-10-08,ACN,Information Technology,2,Middle,False,MIDDLE,False,False,False,0.3075136,1.1019748
2020-10-08,ADBE,Information Technology,2,Middle,False,MIDDLE,False,False,False,0.37513074,1.1089814
2020-10-08,ADI,Information Technology,2,Middle,False,MIDDLE,False,False,False,0.3644555,1.3351246
2020-10-08,ADM,Consumer Staples,1,Stable,True,MIDDLE,False,False,False,0.29874852,1.0018151
2020-10-08,ADP,Industrials,2,Middle,False,STABLE,False,False,False,0.33199194,1.1434773
2020-10-08,ADSK,Information Technology,2,Middle,False,RISKY,False,False,False,0.38445157,1.3794011
2020-10-08,AEE,Utilities,1,Stable,True,STABLE,False,True,True,0.24846905,0.5727148
2020-10-08,AEP,Utilities,1,Stable,True,STABLE,False,True,True,0.2634451,0.47779414
2020-10-08,AES,Utilities,2,Middle,False,RISKY,False,False,False,0.4561602,1.1623665
2020-10-08,AFL,Financials,2,Middle,False,MIDDLE,False,False,False,0.37290338,1.1988145
2020-10-08,AIG,Financials,3,Risky,False,RISKY,False,False,False,0.5930828,1.7851689
2020-10-08,AIV,Unknown,2,Middle,False,MIDDLE,False,False,False,0.40634695,1.0954663
2020-10-08,AIZ,Financials,2,Middle,False,MIDDLE,False,False,False,0.38660997,1.106193
2020-10-08,AJG,Financials,1,Stable,True,STABLE,False,True,True,0.26063788,0.7961183
2020-10-08,AKAM,Information Technology,1,Stable,True,STABLE,False,True,True,0.29794475,0.5919416
2020-10-08,ALB,Materials,3,Risky,False,RISKY,False,False,False,0.54435873,1.5801574
2020-10-08,ALGN,Health Care,3,Risky,False,RISKY,False,False,False,0.51041466,1.6265942
2020-10-08,ALK,Unknown,3,Risky,False,RISKY,False,False,False,0.7322147,1.7964394
2020-10-08,ALL,Financials,1,Stable,True,STABLE,False,True,True,0.31174663,0.9614005
2020-10-08,ALLE,Industrials,2,Middle,False,MIDDLE,False,False,False,0.36445963,1.2056142
2020-10-08,ALXN,Unknown,1,Stable,True,STABLE,False,True,True,0.37945288,0.79176885
2020-10-08,AMAT,Information Technology,2,Middle,False,RISKY,False,False,False,0.4452055,1.4221898
2020-10-08,AMCR,Materials,2,Middle,False,STABLE,False,False,False,0.32876393,1.0132594
2020-10-08,AMD,Information Technology,2,Middle,False,RISKY,False,False,False,0.57228506,1.2344524
2020-10-08,AME,Industrials,1,Stable,True,STABLE,False,True,True,0.28929397,1.0739547
2020-10-08,AMGN,Health Care,1,Stable,True,STABLE,False,True,True,0.3100377,0.6069497
2020-10-08,AMP,Financials,2,Middle,False,MIDDLE,False,False,False,0.45192486,1.5090823
2020-10-08,AMT,Real Estate,1,Stable,True,STABLE,False,True,True,0.2987313,0.8102049
2020-10-08,AMZN,Consumer Discretionary,2,Middle,False,STABLE,False,False,False,0.36306986,0.98846203
2020-10-08,ANET,Information Technology,2,Middle,False,MIDDLE,False,False,False,0.39903694,1.0369788
2020-10-08,ANSS,Unknown,2,Middle,False,STABLE,False,False,False,0.33109108,1.1510363
2020-10-08,AON,Financials,1,Stable,True,STABLE,False,True,True,0.2598135,0.6279784
2020-10-08,AOS,Industrials,2,Middle,False,STABLE,False,False,False,0.3698499,1.0156211
2020-10-08,APA,Energy,3,Risky,False,RISKY,False,False,False,0.92272353,2.3855252
2020-10-08,APD,Materials,1,Stable,True,STABLE,False,True,True,0.27543294,0.89265364
2020-10-08,APH,Information Technology,2,Middle,False,MIDDLE,False,False,False,0.33580646,1.2230502
2020-10-08,APTV,Consumer Discretionary,3,Risky,False,MIDDLE,False,False,False,0.5160665,1.6142085
2020-10-08,ARE,Real Estate,1,Stable,True,STABLE,False,True,True,0.2592081,0.7963847
2020-10-08,ATO,Utilities,1,Stable,True,STABLE,False,True,True,0.22184277,0.4651778
2020-10-08,ATVI,Unknown,1,Stable,True,STABLE,False,True,True,0.332992,0.5561515
2020-10-08,AVB,Real Estate,1,Stable,True,STABLE,False,True,True,0.32716912,0.9337044
2020-10-08,AVGO,Information Technology,2,Middle,False,MIDDLE,False,False,False,0.32730633,1.2563562
2020-10-08,AVY,Materials,2,Middle,False,STABLE,False,False,False,0.34129485,1.078793
2020-10-08,AWK,Utilities,1,Stable,True,STABLE,False,True,True,0.2356309,0.53717947
2020-10-08,AXP,Financials,2,Middle,False,MIDDLE,False,False,False,0.4414702,1.4006274
2020-10-08,AZO,Consumer Discretionary,1,Stable,True,STABLE,False,True,True,0.22497809,0.5955528
2020-10-08,BA,Industrials,3,Risky,False,RISKY,False,False,False,0.7029564,2.077889
2020-10-08,BAC,Financials,2,Middle,False,MIDDLE,False,False,False,0.44253188,1.4055508
2020-10-08,BALL,Materials,1,Stable,True,STABLE,False,True,True,0.2835116,0.86792946
2020-10-08,BAX,Health Care,1,Stable,True,STABLE,False,True,True,0.2556956,0.55892515
2020-10-08,BBY,Consumer Discretionary,2,Middle,False,MIDDLE,False,False,False,0.38610184,1.1984409
2020-10-08,BDX,Health Care,1,Stable,True,STABLE,False,True,True,0.30298492,0.33585742
2020-10-08,BEN,Financials,2,Middle,False,MIDDLE,False,False,False,0.44691274,1.3295836
2020-10-08,BF-B,Consumer Staples,1,Stable,True,MIDDLE,False,False,False,0.2744779,0.61297256
2020-10-08,BIIB,Health Care,1,Stable,True,STABLE,False,True,True,0.36124477,0.6250652
2020-10-08,BIO,Unknown,1,Stable,True,STABLE,False,True,True,0.30543625,0.7633628
2020-10-08,BKNG,Consumer Discretionary,2,Middle,False,MIDDLE,False,False,False,0.4056291,1.2737548
2020-10-08,BKR,Energy,3,Risky,False,MIDDLE,False,False,False,0.5554762,1.5436134
2020-10-08,BLK,Financials,1,Stable,True,STABLE,False,True,True,0.30159864,0.8748694
2020-10-08,BMY,Health Care,1,Stable,True,STABLE,False,True,True,0.22717504,0.51805085
2020-10-08,BR,Industrials,1,Stable,True,STABLE,False,True,True,0.23057747,0.7366716
2020-10-08,BRK-B,Financials,1,Stable,True,STABLE,False,True,True,0.24212311,0.8525862
2020-10-08,BSX,Health Care,2,Middle,False,MIDDLE,False,False,False,0.35323703,1.1763352
2020-10-08,BWA,Unknown,2,Middle,False,MIDDLE,False,False,False,0.42989445,1.2729083
2020-10-08,BXP,Real Estate,2,Middle,False,MIDDLE,False,False,False,0.45829222,1.2717401
2020-10-08,C,Financials,3,Risky,False,RISKY,False,False,False,0.5503578,1.6866963
2020-10-08,CAG,Unknown,1,Stable,True,STABLE,False,True,True,0.2414478,0.59521496
2020-10-08,CAH,Health Care,2,Middle,False,MIDDLE,False,False,False,0.38330868,1.0187023
2020-10-08,CARR,Industrials,2,Middle,False,MIDDLE,False,False,False,0.44788626,1.2262837
2020-10-08,CAT,Industrials,2,Middle,False,MIDDLE,False,False,False,0.36283293,1.1884191
2020-10-08,CB,Financials,2,Middle,False,STABLE,False,False,False,0.38124168,0.94488
2020-10-08,CBOE,Financials,1,Stable,True,STABLE,False,True,True,0.31570822,0.56447685
2020-10-08,CBRE,Real Estate,3,Risky,False,MIDDLE,False,False,False,0.50931174,1.665307
2020-10-08,CCI,Real Estate,1,Stable,True,STABLE,False,True,True,0.29732078,0.8162983
2020-10-08,CCL,Consumer Discretionary,3,Risky,False,RISKY,False,False,False,0.96404386,2.143645
2020-10-08,CDNS,Information Technology,2,Middle,False,MIDDLE,False,False,False,0.34731737,1.1307793
2020-10-08,CDW,Information Technology,2,Middle,False,RISKY,False,False,False,0.3960968,1.4264194
2020-10-08,CE,Unknown,2,Middle,False,MIDDLE,False,False,False,0.40956375,1.4008514
2020-10-08,CERN,Unknown,1,Stable,True,STABLE,False,True,True,0.29360366,0.9323652
2020-10-08,CF,Materials,2,Middle,False,MIDDLE,False,False,False,0.46616113,1.2701147
2020-10-08,CFG,Financials,3,Risky,False,RISKY,False,False,False,0.591447,1.7647789
2020-10-08,CHD,Consumer Staples,1,Stable,True,STABLE,False,True,True,0.23643705,0.3770216
2020-10-08,CHRW,Industrials,1,Stable,True,STABLE,False,True,True,0.26937267,0.67747706
2020-10-08,CHTR,Communication Services,1,Stable,True,STABLE,False,True,True,0.21446748,0.54862016
2020-10-08,CI,Health Care,2,Middle,False,MIDDLE,False,False,False,0.33649418,0.98858964
2020-10-08,CINF,Financials,2,Middle,False,MIDDLE,False,False,False,0.5181885,1.3806775
2020-10-08,CL,Consumer Staples,1,Stable,True,STABLE,False,True,True,0.17199385,0.4628785
2020-10-08,CLX,Consumer Staples,1,Stable,True,STABLE,False,True,True,0.23638843,0.12023986
2020-10-08,CMA,Unknown,3,Risky,False,RISKY,False,False,False,0.6306309,1.7512895
2020-10-08,CMCSA,Communication Services,1,Stable,True,STABLE,False,True,True,0.2628197,0.86804897
2020-10-08,CME,Financials,1,Stable,True,STABLE,False,True,True,0.27822873,0.8179509
2020-10-08,CMG,Consumer Discretionary,1,Stable,True,STABLE,False,True,True,0.3508846,0.76345056
2020-10-08,CMI,Industrials,2,Middle,False,STABLE,False,False,False,0.3406579,1.0235723
2020-10-08,CMS,Utilities,1,Stable,True,STABLE,False,True,True,0.22868109,0.4661136
2020-10-08,CNC,Health Care,1,Stable,True,MIDDLE,False,False,False,0.37636074,0.84723574
2020-10-08,CNP,Utilities,1,Stable,True,MIDDLE,False,False,False,0.36675292,0.7913458
2020-10-08,COF,Financials,3,Risky,False,RISKY,False,False,False,0.6035217,1.698183
2020-10-08,COO,Health Care,1,Stable,True,MIDDLE,False,False,False,0.31983012,0.906082
2020-10-08,COP,Energy,2,Middle,False,MIDDLE,False,False,False,0.49709386,1.5921577
2020-10-08,COR,Health Care,1,Stable,True,STABLE,False,True,True,0.29076347,0.7653526
2020-10-08,COST,Consumer Staples,1,Stable,True,STABLE,False,True,True,0.17903866,0.47827032
2020-10-08,CPAY,Financials,2,Middle,False,MIDDLE,False,False,False,0.40527838,1.2469549
2020-10-08,CPB,Unknown,1,Stable,True,STABLE,False,True,True,0.27260488,0.34594804
2020-10-08,CPRT,Industrials,1,Stable,True,STABLE,False,True,True,0.30291,0.9850338
2020-10-08,CRM,Information Technology,2,Middle,False,RISKY,False,False,False,0.5025135,1.2220911
2020-10-08,CSCO,Information Technology,1,Stable,True,MIDDLE,False,False,False,0.3269228,0.9796094
2020-10-08,CSX,Industrials,2,Middle,False,STABLE,False,False,False,0.31195363,1.0723336
2020-10-08,CTAS,Industrials,2,Middle,False,MIDDLE,False,False,False,0.39470923,1.236912
2020-10-08,CTLT,Unknown,2,Middle,False,STABLE,False,False,False,0.39535916,0.8663746
2020-10-08,CTSH,Information Technology,2,Middle,False,MIDDLE,False,False,False,0.35071933,1.1389388
2020-10-08,CTVA,Materials,2,Middle,False,MIDDLE,False,False,False,0.4322065,0.9496472
2020-10-08,CTXS,Unknown,1,Stable,True,STABLE,False,True,True,0.38023305,0.63914156
2020-10-08,CVS,Health Care,1,Stable,True,STABLE,False,True,True,0.2549402,0.71012706
2020-10-08,CVX,Energy,2,Middle,False,STABLE,False,False,False,0.38421988,1.2767353
2020-10-08,D,Utilities,1,Stable,True,STABLE,False,True,True,0.26985002,0.33961943
2020-10-08,DAL,Industrials,3,Risky,False,RISKY,False,False,False,0.7308423,1.8416727
2020-10-08,DD,Materials,2,Middle,False,MIDDLE,False,False,False,0.37195486,1.1988845
2020-10-08,DE,Industrials,2,Middle,False,STABLE,False,False,False,0.3435774,1.0844145
2020-10-08,DFS,Unknown,3,Risky,False,RISKY,False,False,False,0.6428405,1.8271846
2020-10-08,DG,Consumer Staples,1,Stable,True,STABLE,False,True,True,0.2158801,0.32304764
2020-10-08,DGX,Health Care,1,Stable,True,STABLE,False,True,True,0.33489913,0.56137085
2020-10-08,DHI,Consumer Discretionary,2,Middle,False,MIDDLE,False,False,False,0.45712107,1.2894485
2020-10-08,DHR,Health Care,1,Stable,True,STABLE,False,True,True,0.22696656,0.67188823
2020-10-08,DIS,Communication Services,2,Middle,False,MIDDLE,False,False,False,0.349785,1.0856135
2020-10-08,DISCK,Unknown,2,Middle,False,MIDDLE,False,False,False,0.48809046,1.0914483
2020-10-08,DISH,Unknown,2,Middle,False,MIDDLE,False,False,False,0.4679214,1.4428364
2020-10-08,DLR,Real Estate,1,Stable,True,STABLE,False,True,True,0.308996,0.62618315
2020-10-08,DLTR,Consumer Staples,1,Stable,True,MIDDLE,False,False,False,0.33551532,0.54130495
2020-10-08,DOV,Industrials,1,Stable,True,STABLE,False,True,True,0.30982545,1.0173528
2020-10-08,DOW,Materials,2,Middle,False,MIDDLE,False,False,False,0.4680672,1.4809923
2020-10-08,DPZ,Consumer Discretionary,1,Stable,True,STABLE,False,True,True,0.28665188,0.1994875
2020-10-08,DRE,Unknown,1,Stable,True,STABLE,False,True,True,0.2874365,0.84829736
2020-10-08,DRI,Consumer Discretionary,2,Middle,False,MIDDLE,False,False,False,0.52006257,1.2704473
2020-10-08,DTE,Utilities,1,Stable,True,MIDDLE,False,False,False,0.29353517,0.81862175
2020-10-08,DUK,Utilities,1,Stable,True,STABLE,False,True,True,0.26191974,0.50306606
2020-10-08,DVA,Health Care,1,Stable,True,MIDDLE,False,False,False,0.34524965,0.8826483
2020-10-08,DVN,Energy,3,Risky,False,RISKY,False,False,False,0.75504595,2.221574
2020-10-08,DXC,Unknown,3,Risky,False,RISKY,False,False,False,0.72039205,2.1272283
2020-10-08,DXCM,Health Care,2,Middle,False,RISKY,False,False,False,0.5035903,1.1937242
2020-10-08,EA,Communication Services,1,Stable,True,STABLE,False,True,True,0.28380534,0.5495712
2020-10-08,EBAY,Consumer Discretionary,1,Stable,True,STABLE,False,True,True,0.2949665,0.50605285
2020-10-08,ECL,Materials,2,Middle,False,STABLE,False,False,False,0.33247864,1.0433838
2020-10-08,ED,Utilities,1,Stable,True,STABLE,False,True,True,0.25024167,0.3774297
2020-10-08,EFX,Industrials,1,Stable,True,STABLE,False,True,True,0.3025541,0.70224273
2020-10-08,EG,Financials,2,Middle,False,STABLE,False,False,False,0.38074383,1.0275987
2020-10-08,EIX,Utilities,1,Stable,True,MIDDLE,False,False,False,0.3454798,0.68167275
2020-10-08,EL,Consumer Staples,1,Stable,True,MIDDLE,False,False,False,0.30268955,0.9453365
2020-10-08,ELV,Health Care,1,Stable,True,MIDDLE,False,False,False,0.33787543,0.962535
2020-10-08,EMN,Unknown,2,Middle,False,MIDDLE,False,False,False,0.39657867,1.2020062
2020-10-08,EMR,Industrials,2,Middle,False,MIDDLE,False,False,False,0.36088005,1.2389975
2020-10-08,EOG,Energy,3,Risky,False,MIDDLE,False,False,False,0.5428262,1.6478566
2020-10-08,EQIX,Real Estate,1,Stable,True,STABLE,False,True,True,0.2557236,0.57989615
2020-10-08,ES,Utilities,1,Stable,True,STABLE,False,True,True,0.2606193,0.4187488
2020-10-08,ESS,Real Estate,1,Stable,True,STABLE,False,True,True,0.35199845,0.9315193
2020-10-08,ETN,Industrials,2,Middle,False,STABLE,False,False,False,0.3430459,1.1014577
2020-10-08,ETR,Utilities,1,Stable,True,MIDDLE,False,False,False,0.2950068,0.7327016
2020-10-08,ETSY,Unknown,2,Middle,False,STABLE,False,False,False,0.5466421,0.70917934
2020-10-08,EVRG,Utilities,1,Stable,True,STABLE,False,True,True,0.32094634,0.58523077
2020-10-08,EW,Health Care,2,Middle,False,MIDDLE,False,False,False,0.328696,1.0339513
2020-10-08,EXC,Utilities,2,Middle,False,MIDDLE,False,False,False,0.3286715,1.0370115
2020-10-08,EXPD,Industrials,1,Stable,True,STABLE,False,True,True,0.23332424,0.6917471
2020-10-08,EXPE,Consumer Discretionary,3,Risky,False,MIDDLE,False,False,False,0.5645609,1.8457669
2020-10-08,EXR,Real Estate,1,Stable,True,STABLE,False,True,True,0.3353321,0.82127774
2020-10-08,F,Consumer Discretionary,2,Middle,False,MIDDLE,False,False,False,0.47642666,1.2362671
2020-10-08,FANG,Energy,3,Risky,False,RISKY,False,False,False,0.7579215,2.1107764
2020-10-08,FAST,Industrials,1,Stable,True,STABLE,False,True,True,0.25865504,0.87898046
2020-10-08,FBIN,Unknown,2,Middle,False,MIDDLE,False,False,False,0.4381148,1.3316954
2020-10-08,FCX,Materials,3,Risky,False,RISKY,False,False,False,0.5558827,1.912564
2020-10-08,FDX,Industrials,2,Middle,False,MIDDLE,False,False,False,0.4451089,1.2799773
2020-10-08,FE,Utilities,1,Stable,True,RISKY,False,False,False,0.51866823,0.5446136
2020-10-08,FFIV,Information Technology,1,Stable,True,MIDDLE,False,False,False,0.35568747,0.8521679
2020-10-08,FI,Financials,2,Middle,False,STABLE,False,False,False,0.3547839,1.1296687
2020-10-08,FIS,Financials,1,Stable,True,STABLE,False,True,True,0.26675287,0.9315344
2020-10-08,FITB,Financials,3,Risky,False,RISKY,False,False,False,0.58286875,1.8117893
2020-10-08,FLIR,Unknown,1,Stable,True,STABLE,False,True,True,0.42465132,0.65634996
2020-10-08,FLS,Unknown,3,Risky,False,RISKY,False,False,False,0.5812408,1.8033845
2020-10-08,FMC,Unknown,1,Stable,True,STABLE,False,True,True,0.3058383,1.0235648
2020-10-08,FOX,Communication Services,2,Middle,False,MIDDLE,False,False,False,0.412232,1.0528321
2020-10-08,FOXA,Communication Services,2,Middle,False,MIDDLE,False,False,False,0.42516807,1.0177809
2020-10-08,FRT,Real Estate,2,Middle,False,MIDDLE,False,False,False,0.48995852,1.2488528
2020-10-08,FTI,Unknown,3,Risky,False,RISKY,False,False,False,0.7725721,2.2030516
2020-10-08,FTNT,Information Technology,2,Middle,False,RISKY,False,False,False,0.51076907,1.0551835
2020-10-08,FTV,Industrials,2,Middle,False,MIDDLE,False,False,False,0.36157274,1.1362419
2020-10-08,GAP,Unknown,3,Risky,False,RISKY,False,False,False,0.854278,1.5267446
2020-10-08,GD,Industrials,1,Stable,True,STABLE,False,True,True,0.33643073,0.9606334
2020-10-08,GE,Industrials,2,Middle,False,MIDDLE,False,False,False,0.56404567,1.2812977
2020-10-08,GEN,Information Technology,2,Middle,False,MIDDLE,False,False,False,0.37750053,0.9068005
2020-10-08,GILD,Health Care,1,Stable,True,STABLE,False,True,True,0.30442134,0.6249385
2020-10-08,GIS,Consumer Staples,1,Stable,True,STABLE,False,True,True,0.22489327,0.41407153
2020-10-08,GL,Financials,2,Middle,False,MIDDLE,False,False,False,0.41711804,1.3170047
2020-10-08,GLW,Information Technology,2,Middle,False,RISKY,False,False,False,0.38108537,1.4074522
2020-10-08,GM,Consumer Discretionary,2,Middle,False,MIDDLE,False,False,False,0.5031061,1.3398675
2020-10-08,GOOG,Communication Services,2,Middle,False,MIDDLE,False,False,False,0.30936074,1.0925622
2020-10-08,GOOGL,Communication Services,2,Middle,False,MIDDLE,False,False,False,0.30576387,1.0849985
2020-10-08,GPC,Consumer Discretionary,2,Middle,False,STABLE,False,False,False,0.34453806,1.1418927
2020-10-08,GPN,Financials,2,Middle,False,MIDDLE,False,False,False,0.3526058,1.2739775
2020-10-08,GRMN,Consumer Discretionary,1,Stable,True,STABLE,False,True,True,0.27699944,0.90969855
2020-10-08,GS,Financials,2,Middle,False,MIDDLE,False,False,False,0.40440053,1.3207936
2020-10-08,GWW,Industrials,1,Stable,True,STABLE,False,True,True,0.29983532,0.90177035
2020-10-08,HAL,Energy,3,Risky,False,RISKY,False,False,False,0.74682236,2.415999
2020-10-08,HAS,Consumer Discretionary,2,Middle,False,MIDDLE,False,False,False,0.4268064,1.0562742
2020-10-08,HBAN,Financials,3,Risky,False,RISKY,False,False,False,0.58346426,1.7350086
2020-10-08,HBI,Unknown,3,Risky,False,RISKY,False,False,False,0.61870724,1.5837859
2020-10-08,HCA,Health Care,2,Middle,False,RISKY,False,False,False,0.46144527,1.3155849
2020-10-08,HD,Consumer Discretionary,1,Stable,True,STABLE,False,True,True,0.24648973,0.8947131
2020-10-08,HES,Unknown,3,Risky,False,RISKY,False,False,False,0.61180055,1.8668395
2020-10-08,HIG,Financials,2,Middle,False,MIDDLE,False,False,False,0.47325933,1.3403004
2020-10-08,HII,Industrials,2,Middle,False,STABLE,False,False,False,0.3983274,0.9574389
2020-10-08,HLT,Consumer Discretionary,2,Middle,False,STABLE,False,False,False,0.40633163,1.0131583
2020-10-08,HOLX,Unknown,1,Stable,True,STABLE,False,True,True,0.35785565,0.60181403
2020-10-08,HON,Industrials,2,Middle,False,MIDDLE,False,False,False,0.34686166,1.2310908
2020-10-08,HPE,Information Technology,2,Middle,False,RISKY,False,False,False,0.46589833,1.4002779
2020-10-08,HPQ,Information Technology,2,Middle,False,RISKY,False,False,False,0.4710259,1.4203707
2020-10-08,HRL,Consumer Staples,1,Stable,True,STABLE,False,True,True,0.19207281,0.29407817
2020-10-08,HSIC,Health Care,2,Middle,False,MIDDLE,False,False,False,0.39247966,1.1584066
2020-10-08,HST,Real Estate,3,Risky,False,MIDDLE,False,False,False,0.5852385,1.5244063
2020-10-08,HSY,Consumer Staples,1,Stable,True,STABLE,False,True,True,0.22296487,0.52640176
2020-10-08,HUM,Health Care,1,Stable,True,STABLE,False,True,True,0.26415733,0.63824546
2020-10-08,HWM,Industrials,3,Risky,False,RISKY,False,False,False,0.7080441,2.197348
2020-10-08,IBM,Information Technology,2,Middle,False,MIDDLE,False,False,False,0.2959869,1.0849409
2020-10-08,ICE,Financials,1,Stable,True,STABLE,False,True,True,0.24528565,0.7496548
2020-10-08,IDXX,Health Care,1,Stable,True,MIDDLE,False,False,False,0.33333763,0.9636957
2020-10-08,IEX,Industrials,1,Stable,True,STABLE,False,True,True,0.25715,0.81800854
2020-10-08,IFF,Materials,1,Stable,True,STABLE,False,True,True,0.26399347,0.7635082
2020-10-08,ILMN,Unknown,2,Middle,False,STABLE,False,False,False,0.41484988,0.8897875
2020-10-08,INCY,Health Care,1,Stable,True,MIDDLE,False,False,False,0.3857885,0.72924393
2020-10-08,INTC,Information Technology,2,Middle,False,MIDDLE,False,False,False,0.3909047,1.0741881
2020-10-08,INTU,Information Technology,2,Middle,False,MIDDLE,False,False,False,0.32770455,1.142623
2020-10-08,IP,Materials,2,Middle,False,MIDDLE,False,False,False,0.43335375,1.2023817
2020-10-08,IPG,Unknown,2,Middle,False,MIDDLE,False,False,False,0.4791265,1.3812566
2020-10-08,IPGP,Unknown,2,Middle,False,MIDDLE,False,False,False,0.47221342,1.1975935
2020-10-08,IQV,Health Care,1,Stable,True,MIDDLE,False,False,False,0.30193055,1.0620599
2020-10-08,IR,Industrials,2,Middle,False,MIDDLE,False,False,False,0.42007095,1.2732633
2020-10-08,IRM,Real Estate,1,Stable,True,STABLE,False,True,True,0.34548563,0.8147773
2020-10-08,ISRG,Health Care,2,Middle,False,MIDDLE,False,False,False,0.34514213,1.2383533
2020-10-08,IT,Information Technology,2,Middle,False,MIDDLE,False,False,False,0.3665094,1.3048733
2020-10-08,ITW,Industrials,1,Stable,True,STABLE,False,True,True,0.27815408,0.944206
2020-10-08,IVZ,Financials,3,Risky,False,RISKY,False,False,False,0.71370953,1.5523249
2020-10-08,J,Industrials,1,Stable,True,STABLE,False,True,True,0.32926923,0.9537254
2020-10-08,JBHT,Industrials,1,Stable,True,STABLE,False,True,True,0.27579147,0.66466814
2020-10-08,JCI,Industrials,1,Stable,True,STABLE,False,True,True,0.33372867,0.9624527
2020-10-08,JKHY,Financials,1,Stable,True,STABLE,False,True,True,0.3593403,0.7502397
2020-10-08,JNJ,Health Care,1,Stable,True,STABLE,False,True,True,0.17041762,0.48477206
2020-10-08,JNPR,Unknown,1,Stable,True,STABLE,False,True,True,0.32152572,0.92005
2020-10-08,JPM,Financials,2,Middle,False,MIDDLE,False,False,False,0.38047126,1.1829665
2020-10-08,K,Unknown,1,Stable,True,STABLE,False,True,True,0.21667565,0.43424952
2020-10-08,KEY,Financials,3,Risky,False,RISKY,False,False,False,0.5693848,1.6577317
2020-10-08,KEYS,Information Technology,1,Stable,True,MIDDLE,False,False,False,0.35082215,0.8573179
2020-10-08,KHC,Consumer Staples,1,Stable,True,MIDDLE,False,False,False,0.2842997,0.8381332
2020-10-08,KIM,Real Estate,3,Risky,False,RISKY,False,False,False,0.6419691,1.6865888
2020-10-08,KLAC,Information Technology,2,Middle,False,RISKY,False,False,False,0.45751357,1.4853166
2020-10-08,KMB,Consumer Staples,1,Stable,True,STABLE,False,True,True,0.17730884,0.3358458
2020-10-08,KMI,Energy,2,Middle,False,STABLE,False,False,False,0.35232484,1.1781957
2020-10-08,KMX,Unknown,2,Middle,False,MIDDLE,False,False,False,0.41993484,1.1509224
2020-10-08,KO,Consumer Staples,1,Stable,True,MIDDLE,False,False,False,0.2512152,0.83782244
2020-10-08,KR,Consumer Staples,1,Stable,True,STABLE,False,True,True,0.25598475,0.110832766
2020-10-08,KSU,Unknown,1,Stable,True,STABLE,False,True,True,0.335969,0.84145725
2020-10-08,L,Financials,2,Middle,False,MIDDLE,False,False,False,0.4522986,1.3924551
2020-10-08,LDOS,Industrials,1,Stable,True,STABLE,False,True,True,0.30729476,0.7608914
2020-10-08,LEG,Unknown,3,Risky,False,RISKY,False,False,False,0.6208534,1.6359649
2020-10-08,LEN,Consumer Discretionary,2,Middle,False,MIDDLE,False,False,False,0.5039411,1.3710175
2020-10-08,LH,Health Care,1,Stable,True,STABLE,False,True,True,0.33273238,0.77780384
2020-10-08,LHX,Industrials,1,Stable,True,STABLE,False,True,True,0.2987151,0.6382834
2020-10-08,LIN,Materials,1,Stable,True,STABLE,False,True,True,0.28008693,0.9921965
2020-10-08,LKQ,Unknown,2,Middle,False,MIDDLE,False,False,False,0.48493168,1.3023545
2020-10-08,LLY,Health Care,1,Stable,True,STABLE,False,True,True,0.32575274,0.49870637
2020-10-08,LMT,Industrials,1,Stable,True,STABLE,False,True,True,0.28114858,0.76806384
2020-10-08,LNC,Unknown,3,Risky,False,RISKY,False,False,False,0.732606,2.2498267
2020-10-08,LNT,Utilities,1,Stable,True,STABLE,False,True,True,0.24548866,0.6080318
2020-10-08,LOW,Consumer Discretionary,1,Stable,True,STABLE,False,True,True,0.2721583,0.9204689
2020-10-08,LRCX,Information Technology,3,Risky,False,RISKY,False,False,False,0.5266999,1.6676097
2020-10-08,LUMN,Unknown,2,Middle,False,MIDDLE,False,False,False,0.39516357,1.137063
2020-10-08,LUV,Industrials,3,Risky,False,MIDDLE,False,False,False,0.60312915,1.5076305
2020-10-08,LVS,Consumer Discretionary,2,Middle,False,MIDDLE,False,False,False,0.521669,1.08456
2020-10-08,LW,Unknown,2,Middle,False,MIDDLE,False,False,False,0.5222695,1.434467
2020-10-08,LYB,Materials,3,Risky,False,RISKY,False,False,False,0.5601522,1.6832142
2020-10-08,LYV,Communication Services,3,Risky,False,RISKY,False,False,False,0.5937736,1.6214508
2020-10-08,MA,Financials,2,Middle,False,STABLE,False,False,False,0.3201395,1.2295604
2020-10-08,MAA,Real Estate,1,Stable,True,STABLE,False,True,True,0.300738,0.81101125
2020-10-08,MAR,Consumer Discretionary,3,Risky,False,MIDDLE,False,False,False,0.5821298,1.7131288
2020-10-08,MAS,Industrials,1,Stable,True,STABLE,False,True,True,0.28438917,0.9503063
2020-10-08,MCD,Consumer Discretionary,1,Stable,True,STABLE,False,True,True,0.21743979,0.68754345
2020-10-08,MCHP,Information Technology,2,Middle,False,RISKY,False,False,False,0.4599373,1.4913987
2020-10-08,MCK,Health Care,1,Stable,True,MIDDLE,False,False,False,0.33711395,0.946558
2020-10-08,MCO,Financials,2,Middle,False,STABLE,False,False,False,0.3087057,1.0943654
2020-10-08,MDLZ,Consumer Staples,1,Stable,True,MIDDLE,False,False,False,0.20853436,0.7148053
2020-10-08,MDT,Health Care,1,Stable,True,MIDDLE,False,False,False,0.29455358,0.96717155
2020-10-08,MET,Financials,2,Middle,False,MIDDLE,False,False,False,0.4514417,1.3908242
2020-10-08,META,Communication Services,2,Middle,False,MIDDLE,False,False,False,0.40233585,1.131466
2020-10-08,MGM,Consumer Discretionary,3,Risky,False,RISKY,False,False,False,0.74234027,2.0740054
2020-10-08,MHK,Unknown,3,Risky,False,RISKY,False,False,False,0.6889096,1.5995581
2020-10-08,MKC,Consumer Staples,1,Stable,True,STABLE,False,True,True,0.22301564,0.6142861
2020-10-08,MKTX,Unknown,1,Stable,True,STABLE,False,True,True,0.34185472,0.7858432
2020-10-08,MLM,Materials,2,Middle,False,MIDDLE,False,False,False,0.44180095,1.196369
2020-10-08,MMM,Industrials,1,Stable,True,STABLE,False,True,True,0.3037167,0.9525314
2020-10-08,MNST,Consumer Staples,1,Stable,True,MIDDLE,False,False,False,0.26828915,0.89292794
2020-10-08,MO,Consumer Staples,1,Stable,True,MIDDLE,False,False,False,0.27156106,0.7505823
2020-10-08,MOS,Materials,3,Risky,False,RISKY,False,False,False,0.6176634,1.6418747
2020-10-08,MPC,Energy,3,Risky,False,MIDDLE,False,False,False,0.64434516,1.9353178
2020-10-08,MRK,Health Care,1,Stable,True,STABLE,False,True,True,0.24481815,0.6679291
2020-10-08,MRO,Unknown,3,Risky,False,RISKY,False,False,False,0.7609404,1.9446688
2020-10-08,MS,Financials,2,Middle,False,MIDDLE,False,False,False,0.40511832,1.3290906
2020-10-08,MSCI,Financials,2,Middle,False,STABLE,False,False,False,0.3770144,1.0832669
2020-10-08,MSFT,Information Technology,2,Middle,False,MIDDLE,False,False,False,0.32271683,1.1347657
2020-10-08,MSI,Information Technology,2,Middle,False,MIDDLE,False,False,False,0.36036116,1.0249503
2020-10-08,MTB,Financials,2,Middle,False,MIDDLE,False,False,False,0.5020915,1.3898442
2020-10-08,MTD,Health Care,1,Stable,True,MIDDLE,False,False,False,0.30495474,1.0053542
2020-10-08,MU,Information Technology,2,Middle,False,RISKY,False,False,False,0.4754101,1.4168907
2020-10-08,MXIM,Unknown,2,Middle,False,STABLE,False,False,False,0.33306137,1.0729666
2020-10-08,NCLH,Consumer Discretionary,3,Risky,False,RISKY,False,False,False,1.1765474,2.481396
2020-10-08,NDAQ,Financials,1,Stable,True,STABLE,False,True,True,0.26173574,0.92006814
2020-10-08,NEE,Utilities,1,Stable,True,STABLE,False,True,True,0.27852792,0.62697613
2020-10-08,NEM,Materials,1,Stable,True,STABLE,False,True,True,0.37818885,0.44021422
2020-10-08,NFLX,Communication Services,1,Stable,True,MIDDLE,False,False,False,0.42363548,0.71765596
2020-10-08,NI,Utilities,1,Stable,True,STABLE,False,True,True,0.28065214,0.5271498
2020-10-08,NKE,Consumer Discretionary,1,Stable,True,STABLE,False,True,True,0.3274504,0.8735284
2020-10-08,NLSN,Unknown,2,Middle,False,MIDDLE,False,False,False,0.4742128,1.2664137
2020-10-08,NOC,Industrials,1,Stable,True,STABLE,False,True,True,0.2918564,0.6170885
2020-10-08,NOV,Unknown,3,Risky,False,RISKY,False,False,False,0.7036117,1.9842043
2020-10-08,NOW,Information Technology,2,Middle,False,RISKY,False,False,False,0.42601195,1.152103
2020-10-08,NRG,Utilities,1,Stable,True,MIDDLE,False,False,False,0.3257904,0.97866166
2020-10-08,NSC,Industrials,2,Middle,False,STABLE,False,False,False,0.3395613,1.0771105
2020-10-08,NTAP,Information Technology,2,Middle,False,RISKY,False,False,False,0.45237774,1.3970374
2020-10-08,NTRS,Financials,2,Middle,False,MIDDLE,False,False,False,0.40762234,1.1509728
2020-10-08,NUE,Materials,2,Middle,False,MIDDLE,False,False,False,0.39927316,1.2625247
2020-10-08,NVDA,Information Technology,2,Middle,False,RISKY,False,False,False,0.4478546,1.3848425
2020-10-08,NVR,Consumer Discretionary,2,Middle,False,MIDDLE,False,False,False,0.44860575,1.3695228
2020-10-08,NWL,Unknown,2,Middle,False,MIDDLE,False,False,False,0.48043713,1.0492307
2020-10-08,NWS,Communication Services,2,Middle,False,MIDDLE,False,False,False,0.4279792,1.2410876
2020-10-08,NWSA,Communication Services,2,Middle,False,MIDDLE,False,False,False,0.4162125,1.1645789
2020-10-08,O,Real Estate,2,Middle,False,STABLE,False,False,False,0.34883285,1.006023
2020-10-08,ODFL,Industrials,1,Stable,True,STABLE,False,True,True,0.30609024,0.73712933
2020-10-08,OKE,Energy,3,Risky,False,MIDDLE,False,False,False,0.66261387,1.7177923
2020-10-08,OMC,Communication Services,2,Middle,False,MIDDLE,False,False,False,0.41196164,0.98559564
2020-10-08,ORCL,Information Technology,1,Stable,True,STABLE,False,True,True,0.2536518,0.7823543
2020-10-08,ORLY,Consumer Discretionary,1,Stable,True,STABLE,False,True,True,0.24405697,0.65356606
2020-10-08,OTIS,Industrials,1,Stable,True,STABLE,False,True,True,0.32715604,0.9225984
2020-10-08,OXY,Energy,3,Risky,False,RISKY,False,False,False,0.9081144,2.5558445
2020-10-08,PAYC,Unknown,3,Risky,False,RISKY,False,False,False,0.5375867,1.786053
2020-10-08,PAYX,Industrials,2,Middle,False,STABLE,False,False,False,0.3078361,1.1853124
2020-10-08,PBCT,Unknown,2,Middle,False,MIDDLE,False,False,False,0.51719385,1.419291
2020-10-08,PCAR,Industrials,1,Stable,True,STABLE,False,True,True,0.2679653,0.89597374
2020-10-08,PEG,Utilities,1,Stable,True,MIDDLE,False,False,False,0.3314046,0.8736598
2020-10-08,PEP,Consumer Staples,1,Stable,True,STABLE,False,True,True,0.1936234,0.582021
2020-10-08,PFE,Health Care,1,Stable,True,STABLE,False,True,True,0.26427257,0.5902806
2020-10-08,PFG,Financials,3,Risky,False,RISKY,False,False,False,0.5171503,1.6116791
2020-10-08,PG,Consumer Staples,1,Stable,True,STABLE,False,True,True,0.16444151,0.4373386
2020-10-08,PGR,Financials,1,Stable,True,STABLE,False,True,True,0.25945237,0.6657343
2020-10-08,PH,Industrials,2,Middle,False,MIDDLE,False,False,False,0.3993358,1.3429492
2020-10-08,PHM,Consumer Discretionary,2,Middle,False,MIDDLE,False,False,False,0.48585767,1.436946
2020-10-08,PKG,Materials,2,Middle,False,STABLE,False,False,False,0.37116846,0.93391496
2020-10-08,PLD,Real Estate,1,Stable,True,STABLE,False,True,True,0.3033599,0.97306556
2020-10-08,PM,Consumer Staples,1,Stable,True,MIDDLE,False,False,False,0.27036828,0.6681412
2020-10-08,PNC,Financials,2,Middle,False,MIDDLE,False,False,False,0.4113428,1.297463
2020-10-08,PNR,Industrials,2,Middle,False,MIDDLE,False,False,False,0.36495683,1.2248569
2020-10-08,PNW,Utilities,1,Stable,True,STABLE,False,True,True,0.27449635,0.6290173
2020-10-08,POOL,Unknown,1,Stable,True,STABLE,False,True,True,0.32607737,0.7763726
2020-10-08,PPG,Materials,2,Middle,False,MIDDLE,False,False,False,0.3590088,1.2007993
2020-10-08,PPL,Utilities,1,Stable,True,MIDDLE,False,False,False,0.33266577,0.83764386
2020-10-08,PRGO,Unknown,1,Stable,True,STABLE,False,True,True,0.28919053,0.70265514
2020-10-08,PRU,Financials,3,Risky,False,RISKY,False,False,False,0.51996994,1.7154421
2020-10-08,PSA,Real Estate,1,Stable,True,STABLE,False,True,True,0.2793588,0.5713214
2020-10-08,PSX,Energy,3,Risky,False,MIDDLE,False,False,False,0.5563065,1.6711012
2020-10-08,PVH,Unknown,3,Risky,False,RISKY,False,False,False,0.7708201,1.8072817
2020-10-08,PWR,Industrials,2,Middle,False,MIDDLE,False,False,False,0.3898658,1.0913185
2020-10-08,PXD,Unknown,3,Risky,False,MIDDLE,False,False,False,0.5285068,1.6164094
2020-10-08,PYPL,Financials,2,Middle,False,MIDDLE,False,False,False,0.41680714,1.0392789
2020-10-08,QCOM,Information Technology,2,Middle,False,RISKY,False,False,False,0.42977232,1.2729077
2020-10-08,QRVO,Unknown,2,Middle,False,MIDDLE,False,False,False,0.46685567,1.50773
2020-10-08,RCL,Consumer Discretionary,3,Risky,False,RISKY,False,False,False,0.9258644,2.306565
2020-10-08,REG,Real Estate,2,Middle,False,MIDDLE,False,False,False,0.5354619,1.4301379
2020-10-08,REGN,Health Care,1,Stable,True,STABLE,False,True,True,0.4002009,0.5528648
2020-10-08,RF,Financials,3,Risky,False,RISKY,False,False,False,0.57570916,1.7730024
2020-10-08,RHI,Unknown,2,Middle,False,MIDDLE,False,False,False,0.38195646,1.2166955
2020-10-08,RJF,Financials,2,Middle,False,MIDDLE,False,False,False,0.45559737,1.4162134
2020-10-08,RL,Consumer Discretionary,2,Middle,False,MIDDLE,False,False,False,0.5404645,1.1655385
2020-10-08,RMD,Health Care,1,Stable,True,STABLE,False,True,True,0.34202135,0.6055407
2020-10-08,ROK,Industrials,1,Stable,True,STABLE,False,True,True,0.31207043,0.9402681
2020-10-08,ROL,Industrials,1,Stable,True,STABLE,False,True,True,0.26983947,0.6160037
2020-10-08,ROP,Information Technology,1,Stable,True,STABLE,False,True,True,0.25982922,0.6785601
2020-10-08,ROST,Consumer Discretionary,2,Middle,False,MIDDLE,False,False,False,0.41481024,1.076462
2020-10-08,RSG,Industrials,1,Stable,True,STABLE,False,True,True,0.22215693,0.71650964
2020-10-08,RTX,Industrials,2,Middle,False,MIDDLE,False,False,False,0.4348879,1.2974474
2020-10-08,RVTY,Health Care,1,Stable,True,MIDDLE,False,False,False,0.3043619,0.9314087
2020-10-08,SBAC,Real Estate,1,Stable,True,STABLE,False,True,True,0.31083542,0.56767
2020-10-08,SBUX,Consumer Discretionary,2,Middle,False,STABLE,False,False,False,0.325955,1.0864073
2020-10-08,SCHW,Financials,2,Middle,False,MIDDLE,False,False,False,0.40992036,1.0766934
2020-10-08,SEE,Unknown,2,Middle,False,STABLE,False,False,False,0.38260618,0.9309029
2020-10-08,SHW,Materials,1,Stable,True,STABLE,False,True,True,0.26043478,0.8286593
2020-10-08,SIVB,Unknown,2,Middle,False,MIDDLE,False,False,False,0.5014495,1.5279678
2020-10-08,SJM,Consumer Staples,1,Stable,True,STABLE,False,True,True,0.25614998,0.41719562
2020-10-08,SLB,Energy,3,Risky,False,MIDDLE,False,False,False,0.64001167,1.9753866
2020-10-08,SLG,Unknown,3,Risky,False,RISKY,False,False,False,0.69465435,1.9278201
2020-10-08,SNA,Industrials,2,Middle,False,MIDDLE,False,False,False,0.41410768,1.3149618
2020-10-08,SNPS,Information Technology,2,Middle,False,MIDDLE,False,False,False,0.33729053,1.0249497
2020-10-08,SO,Utilities,1,Stable,True,STABLE,False,True,True,0.25400388,0.5883388
2020-10-08,SPG,Real Estate,3,Risky,False,RISKY,False,False,False,0.73178583,1.8038964
2020-10-08,SPGI,Financials,1,Stable,True,STABLE,False,True,True,0.28699228,1.0424415
2020-10-08,SRE,Utilities,1,Stable,True,MIDDLE,False,False,False,0.31210673,0.80880046
2020-10-08,STE,Health Care,1,Stable,True,STABLE,False,True,True,0.27879032,0.82201856
2020-10-08,STT,Financials,2,Middle,False,MIDDLE,False,False,False,0.46710828,1.4471785
2020-10-08,STX,Information Technology,1,Stable,True,MIDDLE,False,False,False,0.3474463,0.8450858
2020-10-08,STZ,Consumer Staples,1,Stable,True,MIDDLE,False,False,False,0.30092418,0.8579975
2020-10-08,SWK,Industrials,2,Middle,False,MIDDLE,False,False,False,0.44854945,1.3868127
2020-10-08,SWKS,Information Technology,2,Middle,False,RISKY,False,False,False,0.41750592,1.5211883
2020-10-08,SYF,Financials,3,Risky,False,RISKY,False,False,False,0.6014127,1.7606004
2020-10-08,SYK,Health Care,2,Middle,False,MIDDLE,False,False,False,0.34865722,1.1576793
2020-10-08,SYY,Consumer Staples,2,Middle,False,RISKY,False,False,False,0.48958933,1.3997769
2020-10-08,T,Communication Services,1,Stable,True,STABLE,False,True,True,0.2373257,0.7675329
2020-10-08,TAP,Consumer Staples,2,Middle,False,RISKY,False,False,False,0.42265856,1.065889
2020-10-08,TDG,Industrials,2,Middle,False,MIDDLE,False,False,False,0.5006897,1.4289056
2020-10-08,TDY,Information Technology,1,Stable,True,MIDDLE,False,False,False,0.3235787,0.96300435
2020-10-08,TEL,Information Technology,2,Middle,False,RISKY,False,False,False,0.38793945,1.3817753
2020-10-08,TER,Information Technology,2,Middle,False,RISKY,False,False,False,0.4614697,1.5153062
2020-10-08,TFC,Financials,3,Risky,False,RISKY,False,False,False,0.53900915,1.6055658
2020-10-08,TFX,Unknown,1,Stable,True,STABLE,False,True,True,0.32065445,0.9373583
2020-10-08,TGT,Consumer Staples,1,Stable,True,STABLE,False,True,True,0.2846439,0.4765694
2020-10-08,TJX,Consumer Discretionary,2,Middle,False,STABLE,False,False,False,0.38441807,0.98890114
2020-10-08,TMO,Health Care,1,Stable,True,STABLE,False,True,True,0.27044743,0.77606976
2020-10-08,TMUS,Communication Services,1,Stable,True,MIDDLE,False,False,False,0.32104236,0.925743
2020-10-08,TPR,Consumer Discretionary,3,Risky,False,MIDDLE,False,False,False,0.68398076,1.3896449
2020-10-08,TROW,Financials,2,Middle,False,STABLE,False,False,False,0.3224531,1.1169254
2020-10-08,TRV,Financials,2,Middle,False,STABLE,False,False,False,0.34448946,1.0906603
2020-10-08,TSCO,Consumer Discretionary,1,Stable,True,STABLE,False,True,True,0.2826247,0.5158524
2020-10-08,TSN,Consumer Staples,2,Middle,False,RISKY,False,False,False,0.4008405,0.9455375
2020-10-08,TT,Industrials,2,Middle,False,STABLE,False,False,False,0.3573377,1.0772091
2020-10-08,TTWO,Communication Services,1,Stable,True,STABLE,False,True,True,0.34534582,0.50211024
2020-10-08,TWTR,Unknown,2,Middle,False,MIDDLE,False,False,False,0.5021412,1.4317294
2020-10-08,TXN,Information Technology,2,Middle,False,MIDDLE,False,False,False,0.30735216,1.1876281
2020-10-08,TXT,Industrials,3,Risky,False,MIDDLE,False,False,False,0.5684901,1.6159428
2020-10-08,TYL,Information Technology,1,Stable,True,STABLE,False,True,True,0.30162844,0.5628945
2020-10-08,UA,Unknown,3,Risky,False,MIDDLE,False,False,False,0.6281897,1.3543555
2020-10-08,UAA,Unknown,3,Risky,False,RISKY,False,False,False,0.6573912,1.3744559
2020-10-08,UAL,Industrials,3,Risky,False,RISKY,False,False,False,0.95454365,2.250852
2020-10-08,UDR,Real Estate,2,Middle,False,STABLE,False,False,False,0.36435327,1.0432045
2020-10-08,UHS,Health Care,2,Middle,False,RISKY,False,False,False,0.46747297,1.3555709
2020-10-08,ULTA,Consumer Discretionary,2,Middle,False,MIDDLE,False,False,False,0.44474983,1.1949304
2020-10-08,UNH,Health Care,1,Stable,True,STABLE,False,True,True,0.2728278,0.8524699
2020-10-08,UNM,Unknown,3,Risky,False,RISKY,False,False,False,0.64286995,1.7823607
2020-10-08,UNP,Industrials,1,Stable,True,STABLE,False,True,True,0.28465867,0.9511402
2020-10-08,UPS,Industrials,1,Stable,True,STABLE,False,True,True,0.35762036,0.821102
2020-10-08,URI,Industrials,3,Risky,False,MIDDLE,False,False,False,0.5079417,1.74754
2020-10-08,USB,Financials,2,Middle,False,MIDDLE,False,False,False,0.48591772,1.4813755
2020-10-08,V,Financials,1,Stable,True,STABLE,False,True,True,0.26199278,1.0245796
2020-10-08,VAR,Unknown,2,Middle,False,MIDDLE,False,False,False,0.42974922,1.0378184
2020-10-08,VFC,Unknown,2,Middle,False,MIDDLE,False,False,False,0.489038,1.3628422
2020-10-08,VLO,Energy,3,Risky,False,MIDDLE,False,False,False,0.60892266,1.8566915
2020-10-08,VMC,Materials,2,Middle,False,MIDDLE,False,False,False,0.42793489,1.0889465
2020-10-08,VNO,Unknown,3,Risky,False,MIDDLE,False,False,False,0.5809773,1.5165304
2020-10-08,VRSK,Industrials,1,Stable,True,STABLE,False,True,True,0.24112992,0.8358524
2020-10-08,VRSN,Information Technology,1,Stable,True,STABLE,False,True,True,0.24795407,0.6703457
2020-10-08,VRTX,Health Care,1,Stable,True,STABLE,False,True,True,0.3483534,0.6189174
2020-10-08,VTR,Real Estate,3,Risky,False,RISKY,False,False,False,0.5964897,1.6505811
2020-10-08,VZ,Communication Services,1,Stable,True,STABLE,False,True,True,0.16647185,0.46103626
2020-10-08,WAB,Industrials,2,Middle,False,MIDDLE,False,False,False,0.44849828,1.3057274
2020-10-08,WAT,Health Care,2,Middle,False,MIDDLE,False,False,False,0.3518108,1.0468417
2020-10-08,WBA,Unknown,2,Middle,False,STABLE,False,False,False,0.36828956,1.0057493
2020-10-08,WDC,Information Technology,3,Risky,False,RISKY,False,False,False,0.5948279,1.4884626
2020-10-08,WEC,Utilities,1,Stable,True,STABLE,False,True,True,0.2345532,0.4320028
2020-10-08,WELL,Real Estate,3,Risky,False,MIDDLE,False,False,False,0.55426294,1.5280598
2020-10-08,WFC,Financials,2,Middle,False,MIDDLE,False,False,False,0.51674354,1.4164103
2020-10-08,WHR,Unknown,2,Middle,False,MIDDLE,False,False,False,0.4317761,1.2042809
2020-10-08,WM,Industrials,1,Stable,True,STABLE,False,True,True,0.23476504,0.756427
2020-10-08,WMB,Energy,2,Middle,False,STABLE,False,False,False,0.38302258,1.0725787
2020-10-08,WMT,Consumer Staples,1,Stable,True,STABLE,False,True,True,0.2339846,0.24247901
2020-10-08,WRB,Financials,2,Middle,False,STABLE,False,False,False,0.354552,1.0951073
2020-10-08,WST,Health Care,1,Stable,True,STABLE,False,True,True,0.3502763,0.6450774
2020-10-08,WTW,Financials,1,Stable,True,STABLE,False,True,True,0.28059918,0.6964527
2020-10-08,WU,Unknown,2,Middle,False,STABLE,False,False,False,0.3565078,0.9774271
2020-10-08,WY,Real Estate,3,Risky,False,RISKY,False,False,False,0.5484051,1.8348787
2020-10-08,WYNN,Consumer Discretionary,3,Risky,False,MIDDLE,False,False,False,0.6689002,1.6234641
2020-10-08,XEL,Utilities,1,Stable,True,STABLE,False,True,True,0.23571017,0.5210454
2020-10-08,XLNX,Unknown,2,Middle,False,MIDDLE,False,False,False,0.38516092,1.2909542
2020-10-08,XOM,Energy,2,Middle,False,STABLE,False,False,False,0.42714345,1.3057859
2020-10-08,XRAY,Unknown,2,Middle,False,MIDDLE,False,False,False,0.42871928,1.243996
2020-10-08,XRX,Unknown,3,Risky,False,RISKY,False,False,False,0.5753076,1.694274
2020-10-08,XYL,Industrials,2,Middle,False,STABLE,False,False,False,0.35888252,0.9677872
2020-10-08,YUM,Consumer Discretionary,1,Stable,True,STABLE,False,True,True,0.25529426,0.7244329
2020-10-08,ZBH,Health Care,2,Middle,False,MIDDLE,False,False,False,0.3927711,1.2203726
2020-10-08,ZBRA,Information Technology,2,Middle,False,RISKY,False,False,False,0.40550086,1.4129142
2020-10-08,ZION,Unknown,2,Middle,False,MIDDLE,False,False,False,0.5301067,1.4181876
2020-10-08,ZTS,Health Care,1,Stable,True,STABLE,False,True,True,0.2585191,0.8056215
2021-04-01,A,Health Care,2,Middle,False,MIDDLE,False,False,False,0.23607893,0.9826041
2021-04-01,AAL,Unknown,3,Risky,False,MIDDLE,False,False,False,0.5901985,0.9408199
2021-04-01,AAP,Unknown,1,Stable,True,STABLE,False,True,True,0.29310015,0.70206964
2021-04-01,AAPL,Information Technology,2,Middle,False,MIDDLE,False,False,False,0.33435625,1.378626
2021-04-01,ABBV,Health Care,1,Stable,True,STABLE,False,True,True,0.26497915,0.7388708
2021-04-01,ABMD,Unknown,2,Middle,False,STABLE,False,False,False,0.36991408,0.8315372
2021-04-01,ABT,Health Care,1,Stable,True,STABLE,False,True,True,0.22828764,0.50764745
2021-04-01,ACN,Information Technology,2,Middle,False,STABLE,False,False,False,0.24279103,1.130377
2021-04-01,ADBE,Information Technology,2,Middle,False,MIDDLE,False,False,False,0.3127532,1.2639074
2021-04-01,ADI,Information Technology,2,Middle,False,MIDDLE,False,False,False,0.30675146,1.4166002
2021-04-01,ADM,Consumer Staples,2,Middle,False,RISKY,False,False,False,0.26661798,0.93039817
2021-04-01,ADP,Industrials,1,Stable,True,STABLE,False,True,True,0.23315951,0.5357781
2021-04-01,ADSK,Information Technology,2,Middle,False,MIDDLE,False,False,False,0.3476729,1.3807122
2021-04-01,AEE,Utilities,1,Stable,True,STABLE,False,True,True,0.21409853,0.3759628
2021-04-01,AEP,Utilities,1,Stable,True,STABLE,False,True,True,0.19652896,0.33047763
2021-04-01,AES,Utilities,2,Middle,False,RISKY,False,False,False,0.3675796,1.265449
2021-04-01,AFL,Financials,2,Middle,False,MIDDLE,False,False,False,0.30829915,1.0394948
2021-04-01,AIG,Financials,2,Middle,False,MIDDLE,False,False,False,0.3697703,1.0888193
2021-04-01,AIZ,Financials,1,Stable,True,STABLE,False,True,True,0.26115614,0.4059246
2021-04-01,AJG,Financials,1,Stable,True,STABLE,False,True,True,0.20685382,0.68542373
2021-04-01,AKAM,Information Technology,2,Middle,False,STABLE,False,False,False,0.3443915,0.754851
2021-04-01,ALB,Materials,3,Risky,False,RISKY,False,False,False,0.49967352,1.3279383
2021-04-01,ALGN,Health Care,3,Risky,False,RISKY,False,False,False,0.6070491,1.6612173
2021-04-01,ALK,Unknown,3,Risky,False,RISKY,False,False,False,0.4974667,1.3180115
2021-04-01,ALL,Financials,1,Stable,True,STABLE,False,True,True,0.20280193,0.4425768
2021-04-01,ALLE,Industrials,2,Middle,False,MIDDLE,False,False,False,0.29834253,0.9099865
2021-04-01,AMAT,Information Technology,3,Risky,False,RISKY,False,False,False,0.4933379,2.01373
2021-04-01,AMCR,Materials,2,Middle,False,MIDDLE,False,False,False,0.25548187,0.9316935
2021-04-01,AMD,Information Technology,2,Middle,False,MIDDLE,False,False,False,0.4106062,1.3715708
2021-04-01,AME,Industrials,2,Middle,False,MIDDLE,False,False,False,0.24743715,0.99590456
2021-04-01,AMGN,Health Care,1,Stable,True,STABLE,False,True,True,0.20410836,0.72435784
2021-04-01,AMP,Financials,2,Middle,False,MIDDLE,False,False,False,0.30952987,1.2753916
2021-04-01,AMT,Real Estate,1,Stable,True,STABLE,False,True,True,0.2477507,0.6847845
2021-04-01,AMZN,Consumer Discretionary,2,Middle,False,MIDDLE,False,False,False,0.29554886,1.1126543
2021-04-01,ANET,Information Technology,2,Middle,False,MIDDLE,False,False,False,0.35150185,1.1735638
2021-04-01,ANSS,Unknown,3,Risky,False,RISKY,False,False,False,0.3894662,1.6711544
2021-04-01,AON,Financials,1,Stable,True,STABLE,False,True,True,0.24798517,0.7878529
2021-04-01,AOS,Industrials,2,Middle,False,MIDDLE,False,False,False,0.29937494,0.8407277
2021-04-01,APA,Energy,3,Risky,False,RISKY,False,False,False,0.7317675,1.7377089
2021-04-01,APD,Materials,2,Middle,False,MIDDLE,False,False,False,0.315977,0.8508365
2021-04-01,APH,Information Technology,2,Middle,False,STABLE,False,False,False,0.24575686,1.2008777
2021-04-01,APTV,Consumer Discretionary,2,Middle,False,MIDDLE,False,False,False,0.36875752,1.2811198
2021-04-01,ARE,Real Estate,1,Stable,True,STABLE,False,True,True,0.21469502,0.5699142
2021-04-01,ATO,Utilities,1,Stable,True,MIDDLE,False,False,False,0.27344498,0.39663902
2021-04-01,ATVI,Unknown,2,Middle,False,STABLE,False,False,False,0.2988436,0.8687558
2021-04-01,AVB,Real Estate,2,Middle,False,MIDDLE,False,False,False,0.30797455,0.8935011
2021-04-01,AVGO,Information Technology,2,Middle,False,MIDDLE,False,False,False,0.33484432,1.4773647
2021-04-01,AVY,Materials,2,Middle,False,MIDDLE,False,False,False,0.2935123,0.93279576
2021-04-01,AWK,Utilities,1,Stable,True,MIDDLE,False,False,False,0.23419654,0.6374791
2021-04-01,AXP,Financials,2,Middle,False,RISKY,False,False,False,0.41441116,1.1674907
2021-04-01,AZO,Consumer Discretionary,1,Stable,True,STABLE,False,True,True,0.26032892,0.58253086
2021-04-01,BA,Industrials,3,Risky,False,RISKY,False,False,False,0.47694373,1.5180281
2021-04-01,BAC,Financials,2,Middle,False,MIDDLE,False,False,False,0.36009133,0.935479
2021-04-01,BALL,Materials,1,Stable,True,STABLE,False,True,True,0.246589,0.65445113
2021-04-01,BAX,Health Care,1,Stable,True,STABLE,False,True,True,0.18763755,0.36912248
2021-04-01,BBY,Consumer Discretionary,2,Middle,False,STABLE,False,False,False,0.3678878,0.71525246
2021-04-01,BDX,Health Care,1,Stable,True,STABLE,False,True,True,0.19790794,0.42257288
2021-04-01,BEN,Financials,3,Risky,False,RISKY,False,False,False,0.43475458,1.3437386
2021-04-01,BF-B,Consumer Staples,1,Stable,True,MIDDLE,False,False,False,0.22686316,0.9511593
2021-04-01,BIIB,Health Care,3,Risky,False,RISKY,False,False,False,0.7747167,0.71142364
2021-04-01,BIO,Unknown,2,Middle,False,STABLE,False,False,False,0.37097475,0.82580084
2021-04-01,BKNG,Consumer Discretionary,3,Risky,False,RISKY,False,False,False,0.45405242,1.7372905
2021-04-01,BKR,Energy,2,Middle,False,STABLE,False,False,False,0.4386581,1.0837653
2021-04-01,BLK,Financials,2,Middle,False,MIDDLE,False,False,False,0.2595226,1.1928927
2021-04-01,BMY,Health Care,1,Stable,True,STABLE,False,True,True,0.22619556,0.6876209
2021-04-01,BR,Industrials,1,Stable,True,MIDDLE,False,False,False,0.23034255,0.9675192
2021-04-01,BRK-B,Financials,1,Stable,True,STABLE,False,True,True,0.19731538,0.77247703
2021-04-01,BSX,Health Care,2,Middle,False,MIDDLE,False,False,False,0.2980851,0.9426083
2021-04-01,BWA,Unknown,2,Middle,False,STABLE,False,False,False,0.3876382,0.791311
2021-04-01,BXP,Real Estate,2,Middle,False,MIDDLE,False,False,False,0.4470804,1.0064701
2021-04-01,C,Financials,2,Middle,False,MIDDLE,False,False,False,0.371002,1.0242941
2021-04-01,CAG,Unknown,1,Stable,True,STABLE,False,True,True,0.2304554,0.2361342
2021-04-01,CAH,Health Care,2,Middle,False,MIDDLE,False,False,False,0.29820102,0.8995361
2021-04-01,CARR,Industrials,2,Middle,False,MIDDLE,False,False,False,0.3316196,1.0259279
2021-04-01,CAT,Industrials,2,Middle,False,MIDDLE,False,False,False,0.3181433,0.7902258
2021-04-01,CB,Financials,2,Middle,False,MIDDLE,False,False,False,0.31877902,0.84913397
2021-04-01,CBOE,Financials,1,Stable,True,STABLE,False,True,True,0.33225062,0.67012906
2021-04-01,CBRE,Real Estate,2,Middle,False,MIDDLE,False,False,False,0.411415,1.2639539
2021-04-01,CCI,Real Estate,1,Stable,True,STABLE,False,True,True,0.23080632,0.43684217
2021-04-01,CCL,Consumer Discretionary,3,Risky,False,RISKY,False,False,False,0.8229117,1.8708606
2021-04-01,CDNS,Information Technology,2,Middle,False,MIDDLE,False,False,False,0.38767806,1.3562608
2021-04-01,CDW,Information Technology,2,Middle,False,MIDDLE,False,False,False,0.30171624,1.3875157
2021-04-01,CE,Unknown,2,Middle,False,STABLE,False,False,False,0.3025438,0.88719225
2021-04-01,CERN,Unknown,1,Stable,True,STABLE,False,True,True,0.1927347,0.5042619
2021-04-01,CF,Materials,2,Middle,False,MIDDLE,False,False,False,0.41726428,0.87120044
2021-04-01,CFG,Financials,3,Risky,False,RISKY,False,False,False,0.48130694,1.2414302
2021-04-01,CHD,Consumer Staples,1,Stable,True,STABLE,False,True,True,0.20574772,0.18671687
2021-04-01,CHRW,Industrials,2,Middle,False,MIDDLE,False,False,False,0.30690128,1.0100121
2021-04-01,CHTR,Communication Services,1,Stable,True,MIDDLE,False,False,False,0.30613512,0.7289918
2021-04-01,CI,Health Care,2,Middle,False,MIDDLE,False,False,False,0.3791116,1.0390701
2021-04-01,CINF,Financials,2,Middle,False,MIDDLE,False,False,False,0.4017982,0.86855525
2021-04-01,CL,Consumer Staples,1,Stable,True,MIDDLE,False,False,False,0.16087888,0.33916816
2021-04-01,CLX,Consumer Staples,1,Stable,True,STABLE,False,True,True,0.29676312,-0.17659566
2021-04-01,CMA,Unknown,3,Risky,False,RISKY,False,False,False,0.52969927,1.1732872
2021-04-01,CMCSA,Communication Services,2,Middle,False,RISKY,False,False,False,0.27290833,1.1155517
2021-04-01,CME,Financials,2,Middle,False,MIDDLE,False,False,False,0.29749373,0.89187574
2021-04-01,CMG,Consumer Discretionary,2,Middle,False,MIDDLE,False,False,False,0.33122137,1.0426666
2021-04-01,CMI,Industrials,1,Stable,True,STABLE,False,True,True,0.2690905,0.6241972
2021-04-01,CMS,Utilities,1,Stable,True,STABLE,False,True,True,0.21400402,0.42527342
2021-04-01,CNC,Health Care,1,Stable,True,STABLE,False,True,True,0.333667,0.5718014
2021-04-01,CNP,Utilities,2,Middle,False,RISKY,False,False,False,0.3142257,0.9584771
2021-04-01,COF,Financials,2,Middle,False,MIDDLE,False,False,False,0.38685355,1.1086911
2021-04-01,COO,Health Care,1,Stable,True,STABLE,False,True,True,0.25213206,0.7856299
2021-04-01,COP,Energy,3,Risky,False,MIDDLE,False,False,False,0.5166506,1.4361666
2021-04-01,COR,Health Care,1,Stable,True,STABLE,False,True,True,0.2849169,0.69743764
2021-04-01,COST,Consumer Staples,1,Stable,True,MIDDLE,False,False,False,0.20010288,0.57539177
2021-04-01,CPAY,Financials,2,Middle,False,RISKY,False,False,False,0.39132425,1.341298
2021-04-01,CPB,Unknown,1,Stable,True,STABLE,False,True,True,0.24970832,0.046512146
2021-04-01,CPRT,Industrials,2,Middle,False,MIDDLE,False,False,False,0.28252614,1.0392406
2021-04-01,CRM,Information Technology,2,Middle,False,MIDDLE,False,False,False,0.33083257,1.1086543
2021-04-01,CSCO,Information Technology,1,Stable,True,STABLE,False,True,True,0.22486821,0.8625129
2021-04-01,CSX,Industrials,2,Middle,False,MIDDLE,False,False,False,0.2548743,0.987104
2021-04-01,CTAS,Industrials,2,Middle,False,RISKY,False,False,False,0.29456264,1.378681
2021-04-01,CTLT,Unknown,2,Middle,False,STABLE,False,False,False,0.35201633,1.1415707
2021-04-01,CTSH,Information Technology,2,Middle,False,STABLE,False,False,False,0.24489138,1.0031226
2021-04-01,CTVA,Materials,2,Middle,False,MIDDLE,False,False,False,0.2935655,0.856588
2021-04-01,CTXS,Unknown,1,Stable,True,STABLE,False,True,True,0.31839257,0.57879466
2021-04-01,CVS,Health Care,1,Stable,True,STABLE,False,True,True,0.29754132,0.66306454
2021-04-01,CVX,Energy,2,Middle,False,STABLE,False,False,False,0.37265882,1.1032532
2021-04-01,CZR,Unknown,3,Risky,False,RISKY,False,False,False,0.57340056,2.1393359
2021-04-01,D,Utilities,1,Stable,True,STABLE,False,True,True,0.20193234,0.45644346
2021-04-01,DAL,Industrials,3,Risky,False,RISKY,False,False,False,0.45993623,1.2792939
2021-04-01,DD,Materials,2,Middle,False,MIDDLE,False,False,False,0.34384626,0.9418251
2021-04-01,DE,Industrials,2,Middle,False,MIDDLE,False,False,False,0.32121015,0.9086795
2021-04-01,DFS,Unknown,3,Risky,False,RISKY,False,False,False,0.4187926,1.4414835
2021-04-01,DG,Consumer Staples,1,Stable,True,MIDDLE,False,False,False,0.24653202,0.59980077
2021-04-01,DGX,Health Care,1,Stable,True,STABLE,False,True,True,0.24467206,0.15375012
2021-04-01,DHI,Consumer Discretionary,2,Middle,False,MIDDLE,False,False,False,0.4302229,0.9476627
2021-04-01,DHR,Health Care,1,Stable,True,STABLE,False,True,True,0.26884577,0.6352794
2021-04-01,DIS,Communication Services,2,Middle,False,RISKY,False,False,False,0.38774425,1.0903376
2021-04-01,DISCK,Unknown,3,Risky,False,MIDDLE,False,False,False,0.7109009,0.3517441
2021-04-01,DISH,Unknown,2,Middle,False,STABLE,False,False,False,0.41209167,1.2456384
2021-04-01,DLR,Real Estate,1,Stable,True,STABLE,False,True,True,0.26472244,0.2159908
2021-04-01,DLTR,Consumer Staples,2,Middle,False,RISKY,False,False,False,0.31498012,0.9123718
2021-04-01,DOV,Industrials,1,Stable,True,MIDDLE,False,False,False,0.21889809,0.8311624
2021-04-01,DOW,Materials,2,Middle,False,MIDDLE,False,False,False,0.36150572,1.0721432
2021-04-01,DPZ,Consumer Discretionary,1,Stable,True,STABLE,False,True,True,0.25475866,0.5472013
2021-04-01,DRE,Unknown,1,Stable,True,STABLE,False,True,True,0.22854708,0.65664524
2021-04-01,DRI,Consumer Discretionary,3,Risky,False,MIDDLE,False,False,False,0.43376446,1.3331685
2021-04-01,DTE,Utilities,1,Stable,True,MIDDLE,False,False,False,0.22478046,0.5153888
2021-04-01,DUK,Utilities,1,Stable,True,STABLE,False,True,True,0.18884109,0.3194096
2021-04-01,DVA,Health Care,1,Stable,True,STABLE,False,True,True,0.29107478,0.54286224
2021-04-01,DVN,Energy,3,Risky,False,MIDDLE,False,False,False,0.6421607,1.6536831
2021-04-01,DXC,Unknown,3,Risky,False,RISKY,False,False,False,0.49408543,1.2296475
2021-04-01,DXCM,Health Care,3,Risky,False,MIDDLE,False,False,False,0.42690083,1.3931334
2021-04-01,EA,Communication Services,1,Stable,True,MIDDLE,False,False,False,0.2852044,0.61472154
2021-04-01,EBAY,Consumer Discretionary,2,Middle,False,STABLE,False,False,False,0.37124977,0.825597
2021-04-01,ECL,Materials,2,Middle,False,MIDDLE,False,False,False,0.27792966,0.98876846
2021-04-01,ED,Utilities,1,Stable,True,STABLE,False,True,True,0.20478752,0.29649848
2021-04-01,EFX,Industrials,2,Middle,False,MIDDLE,False,False,False,0.30223304,0.86433727
2021-04-01,EG,Financials,2,Middle,False,MIDDLE,False,False,False,0.31738946,1.0077908
2021-04-01,EIX,Utilities,1,Stable,True,MIDDLE,False,False,False,0.24130137,0.67416775
2021-04-01,EL,Consumer Staples,2,Middle,False,RISKY,False,False,False,0.2892387,1.1845214
2021-04-01,ELV,Health Care,2,Middle,False,MIDDLE,False,False,False,0.33934295,0.87445337
2021-04-01,EMN,Unknown,2,Middle,False,STABLE,False,False,False,0.31647736,0.9781562
2021-04-01,EMR,Industrials,2,Middle,False,MIDDLE,False,False,False,0.299297,0.960895
2021-04-01,ENPH,Unknown,3,Risky,False,RISKY,False,False,False,0.77852243,1.9580039
2021-04-01,EOG,Energy,3,Risky,False,MIDDLE,False,False,False,0.62066245,1.4616286
2021-04-01,EQIX,Real Estate,1,Stable,True,STABLE,False,True,True,0.28971902,0.6022016
2021-04-01,ES,Utilities,1,Stable,True,MIDDLE,False,False,False,0.22102846,0.61282825
2021-04-01,ESS,Real Estate,2,Middle,False,MIDDLE,False,False,False,0.34451494,1.0472734
2021-04-01,ETN,Industrials,1,Stable,True,MIDDLE,False,False,False,0.26696563,0.82491904
2021-04-01,ETR,Utilities,1,Stable,True,MIDDLE,False,False,False,0.24074909,0.60512537
2021-04-01,ETSY,Unknown,3,Risky,False,RISKY,False,False,False,0.7203984,1.5904818
2021-04-01,EVRG,Utilities,1,Stable,True,STABLE,False,True,True,0.23158589,0.40626952
2021-04-01,EW,Health Care,2,Middle,False,MIDDLE,False,False,False,0.27545044,0.93375
2021-04-01,EXC,Utilities,1,Stable,True,MIDDLE,False,False,False,0.23140343,0.8630132
2021-04-01,EXPD,Industrials,1,Stable,True,STABLE,False,True,True,0.21447405,0.680552
2021-04-01,EXPE,Consumer Discretionary,3,Risky,False,MIDDLE,False,False,False,0.50519794,1.4518195
2021-04-01,EXR,Real Estate,1,Stable,True,STABLE,False,True,True,0.27512273,0.24545681
2021-04-01,F,Consumer Discretionary,2,Middle,False,MIDDLE,False,False,False,0.39972684,1.1865406
2021-04-01,FANG,Energy,3,Risky,False,RISKY,False,False,False,0.77213913,1.9619921
2021-04-01,FAST,Industrials,1,Stable,True,MIDDLE,False,False,False,0.25989604,0.86789125
2021-04-01,FBIN,Unknown,2,Middle,False,STABLE,False,False,False,0.33284688,0.8991429
2021-04-01,FCX,Materials,3,Risky,False,RISKY,False,False,False,0.528801,1.5941497
2021-04-01,FDX,Industrials,2,Middle,False,MIDDLE,False,False,False,0.31315082,1.0048511
2021-04-01,FE,Utilities,1,Stable,True,MIDDLE,False,False,False,0.28603503,0.53529453
2021-04-01,FFIV,Information Technology,2,Middle,False,STABLE,False,False,False,0.29960012,0.9051703
2021-04-01,FI,Financials,2,Middle,False,MIDDLE,False,False,False,0.26262623,1.1114845
2021-04-01,FIS,Financials,2,Middle,False,MIDDLE,False,False,False,0.30367097,1.0057552
2021-04-01,FITB,Financials,2,Middle,False,RISKY,False,False,False,0.4229869,1.1622193
2021-04-01,FMC,Unknown,2,Middle,False,STABLE,False,False,False,0.28172052,0.98439574
2021-04-01,FOX,Communication Services,2,Middle,False,MIDDLE,False,False,False,0.45861334,0.6594668
2021-04-01,FOXA,Communication Services,2,Middle,False,MIDDLE,False,False,False,0.4837123,0.4974848
2021-04-01,FRT,Real Estate,3,Risky,False,RISKY,False,False,False,0.5476827,1.1379002
2021-04-01,FTNT,Information Technology,2,Middle,False,MIDDLE,False,False,False,0.37741688,1.410379
2021-04-01,FTV,Industrials,1,Stable,True,MIDDLE,False,False,False,0.25769028,0.79859924
2021-04-01,GAP,Unknown,3,Risky,False,RISKY,False,False,False,0.62477815,1.6665142
2021-04-01,GD,Industrials,1,Stable,True,STABLE,False,True,True,0.23217444,0.5905206
2021-04-01,GE,Industrials,2,Middle,False,MIDDLE,False,False,False,0.4029005,0.5885935
2021-04-01,GEN,Information Technology,1,Stable,True,STABLE,False,True,True,0.29516765,0.4845609
2021-04-01,GILD,Health Care,1,Stable,True,STABLE,False,True,True,0.22037421,0.48355454
2021-04-01,GIS,Consumer Staples,1,Stable,True,STABLE,False,True,True,0.21072827,0.18808112
2021-04-01,GL,Financials,2,Middle,False,MIDDLE,False,False,False,0.28157464,0.9989148
2021-04-01,GLW,Information Technology,2,Middle,False,MIDDLE,False,False,False,0.3036073,1.1592417
2021-04-01,GM,Consumer Discretionary,2,Middle,False,MIDDLE,False,False,False,0.41995797,1.1227144
2021-04-01,GNRC,Industrials,2,Middle,False,RISKY,False,False,False,0.5008,0.9718177
2021-04-01,GOOG,Communication Services,2,Middle,False,RISKY,False,False,False,0.2950311,1.2655098
2021-04-01,GOOGL,Communication Services,2,Middle,False,RISKY,False,False,False,0.30086026,1.2979263
2021-04-01,GPC,Consumer Discretionary,1,Stable,True,STABLE,False,True,True,0.30734825,0.74028987
2021-04-01,GPN,Financials,2,Middle,False,MIDDLE,False,False,False,0.32397005,1.3476825
2021-04-01,GRMN,Consumer Discretionary,1,Stable,True,STABLE,False,True,True,0.22455254,0.94326836
2021-04-01,GS,Financials,2,Middle,False,STABLE,False,False,False,0.29315424,0.82780266
2021-04-01,GWW,Industrials,1,Stable,True,STABLE,False,True,True,0.25456616,0.68686247
2021-04-01,HAL,Energy,3,Risky,False,MIDDLE,False,False,False,0.57799786,1.6490117
2021-04-01,HAS,Consumer Discretionary,1,Stable,True,STABLE,False,True,True,0.28989717,0.5511533
2021-04-01,HBAN,Financials,2,Middle,False,RISKY,False,False,False,0.468285,0.9729877
2021-04-01,HBI,Unknown,2,Middle,False,MIDDLE,False,False,False,0.5765893,0.25832587
2021-04-01,HCA,Health Care,2,Middle,False,MIDDLE,False,False,False,0.317899,0.7870839
2021-04-01,HD,Consumer Discretionary,1,Stable,True,STABLE,False,True,True,0.2169104,0.55474585
2021-04-01,HES,Unknown,3,Risky,False,RISKY,False,False,False,0.56826687,1.3547845
2021-04-01,HIG,Financials,2,Middle,False,MIDDLE,False,False,False,0.43419588,0.6140694
2021-04-01,HII,Industrials,1,Stable,True,STABLE,False,True,True,0.29846853,0.51882625
2021-04-01,HLT,Consumer Discretionary,2,Middle,False,MIDDLE,False,False,False,0.36977482,1.3419968
2021-04-01,HOLX,Unknown,2,Middle,False,STABLE,False,False,False,0.36952692,0.81373966
2021-04-01,HON,Industrials,2,Middle,False,MIDDLE,False,False,False,0.25050706,0.992485
2021-04-01,HPE,Information Technology,2,Middle,False,MIDDLE,False,False,False,0.37328961,0.95827436
2021-04-01,HPQ,Information Technology,2,Middle,False,STABLE,False,False,False,0.2957801,1.070758
2021-04-01,HRL,Consumer Staples,1,Stable,True,STABLE,False,True,True,0.23272261,0.107167445
2021-04-01,HSIC,Health Care,2,Middle,False,MIDDLE,False,False,False,0.346959,0.7957741
2021-04-01,HST,Real Estate,3,Risky,False,RISKY,False,False,False,0.5635347,1.3313881
2021-04-01,HSY,Consumer Staples,1,Stable,True,MIDDLE,False,False,False,0.16523477,0.5272408
2021-04-01,HUM,Health Care,1,Stable,True,STABLE,False,True,True,0.27832717,0.61850995
2021-04-01,HWM,Industrials,3,Risky,False,RISKY,False,False,False,0.46551505,1.3860018
2021-04-01,IBM,Information Technology,1,Stable,True,STABLE,False,True,True,0.29047015,0.6077941
2021-04-01,ICE,Financials,1,Stable,True,STABLE,False,True,True,0.20970504,0.9226255
2021-04-01,IDXX,Health Care,2,Middle,False,MIDDLE,False,False,False,0.35621285,1.1902729
2021-04-01,IEX,Industrials,1,Stable,True,MIDDLE,False,False,False,0.26472843,0.7578737
2021-04-01,IFF,Materials,2,Middle,False,MIDDLE,False,False,False,0.37861967,1.0521425
2021-04-01,ILMN,Unknown,2,Middle,False,STABLE,False,False,False,0.40868425,1.2558072
2021-04-01,INCY,Health Care,2,Middle,False,MIDDLE,False,False,False,0.37457228,0.9470383
2021-04-01,INTC,Information Technology,2,Middle,False,MIDDLE,False,False,False,0.41075763,1.2789543
2021-04-01,INTU,Information Technology,2,Middle,False,MIDDLE,False,False,False,0.32749903,1.5073785
2021-04-01,IP,Materials,1,Stable,True,STABLE,False,True,True,0.31241187,0.7194447
2021-04-01,IPG,Unknown,2,Middle,False,STABLE,False,False,False,0.35862586,1.0557643
2021-04-01,IPGP,Unknown,2,Middle,False,STABLE,False,False,False,0.37448964,1.2874593
2021-04-01,IQV,Health Care,2,Middle,False,MIDDLE,False,False,False,0.27022827,1.0821805
2021-04-01,IR,Industrials,2,Middle,False,RISKY,False,False,False,0.3383437,1.1482975
2021-04-01,IRM,Real Estate,1,Stable,True,STABLE,False,True,True,0.36204344,0.13590236
2021-04-01,ISRG,Health Care,2,Middle,False,MIDDLE,False,False,False,0.30132663,1.2621266
2021-04-01,IT,Information Technology,2,Middle,False,MIDDLE,False,False,False,0.34163544,1.2472447
2021-04-01,ITW,Industrials,1,Stable,True,STABLE,False,True,True,0.21766296,0.7266457
2021-04-01,IVZ,Financials,3,Risky,False,RISKY,False,False,False,0.41456527,1.5638777
2021-04-01,J,Industrials,2,Middle,False,MIDDLE,False,False,False,0.28722504,0.87482935
2021-04-01,JBHT,Industrials,1,Stable,True,MIDDLE,False,False,False,0.3100565,0.7663238
2021-04-01,JCI,Industrials,1,Stable,True,STABLE,False,True,True,0.25545406,0.6617364
2021-04-01,JKHY,Financials,1,Stable,True,STABLE,False,True,True,0.27023122,0.7263784
2021-04-01,JNJ,Health Care,1,Stable,True,STABLE,False,True,True,0.18012914,0.5733468
2021-04-01,JNPR,Unknown,1,Stable,True,STABLE,False,True,True,0.28339872,0.6905793
2021-04-01,JPM,Financials,2,Middle,False,MIDDLE,False,False,False,0.31699002,0.8685476
2021-04-01,K,Unknown,1,Stable,True,STABLE,False,True,True,0.200124,0.11027335
2021-04-01,KEY,Financials,3,Risky,False,RISKY,False,False,False,0.48835218,1.2053632
2021-04-01,KEYS,Information Technology,1,Stable,True,STABLE,False,True,True,0.26722673,0.8411754
2021-04-01,KHC,Consumer Staples,1,Stable,True,MIDDLE,False,False,False,0.26393062,0.5555682
2021-04-01,KIM,Real Estate,3,Risky,False,RISKY,False,False,False,0.5560611,1.3039764
2021-04-01,KLAC,Information Technology,3,Risky,False,RISKY,False,False,False,0.46421817,1.9178957
2021-04-01,KMB,Consumer Staples,1,Stable,True,STABLE,False,True,True,0.19994985,0.15327115
2021-04-01,KMI,Energy,1,Stable,True,STABLE,False,True,True,0.32592785,0.7214253
2021-04-01,KMX,Unknown,2,Middle,False,STABLE,False,False,False,0.37379637,0.84482193
2021-04-01,KO,Consumer Staples,1,Stable,True,MIDDLE,False,False,False,0.2086884,0.67542934
2021-04-01,KR,Consumer Staples,1,Stable,True,STABLE,False,True,True,0.31437764,-0.19969733
2021-04-01,KSU,Unknown,2,Middle,False,STABLE,False,False,False,0.29384658,0.9025503
2021-04-01,L,Financials,2,Middle,False,MIDDLE,False,False,False,0.3404269,1.027609
2021-04-01,LDOS,Industrials,2,Middle,False,MIDDLE,False,False,False,0.30129465,0.85059595
2021-04-01,LEG,Unknown,2,Middle,False,STABLE,False,False,False,0.34825963,0.949418
2021-04-01,LEN,Consumer Discretionary,2,Middle,False,MIDDLE,False,False,False,0.4845922,0.9516651
2021-04-01,LH,Health Care,1,Stable,True,STABLE,False,True,True,0.27523306,0.30427602
2021-04-01,LHX,Industrials,1,Stable,True,STABLE,False,True,True,0.2544533,0.72958785
2021-04-01,LIN,Materials,2,Middle,False,MIDDLE,False,False,False,0.2570909,1.073635
2021-04-01,LKQ,Unknown,2,Middle,False,STABLE,False,False,False,0.33508545,1.1417083
2021-04-01,LLY,Health Care,2,Middle,False,STABLE,False,False,False,0.39855525,0.5872542
2021-04-01,LMT,Industrials,1,Stable,True,STABLE,False,True,True,0.20407231,0.43572173
2021-04-01,LNC,Unknown,3,Risky,False,RISKY,False,False,False,0.5598693,1.5387824
2021-04-01,LNT,Utilities,1,Stable,True,STABLE,False,True,True,0.21682899,0.39642394
2021-04-01,LOW,Consumer Discretionary,1,Stable,True,STABLE,False,True,True,0.3128795,0.7271825
2021-04-01,LRCX,Information Technology,3,Risky,False,RISKY,False,False,False,0.49382618,1.8764813
2021-04-01,LUMN,Unknown,2,Middle,False,MIDDLE,False,False,False,0.6567722,-0.045811493
2021-04-01,LUV,Industrials,2,Middle,False,RISKY,False,False,False,0.3853012,1.132771
2021-04-01,LVS,Consumer Discretionary,2,Middle,False,MIDDLE,False,False,False,0.40337786,1.2739099
2021-04-01,LW,Unknown,2,Middle,False,STABLE,False,False,False,0.35980478,1.1073886
2021-04-01,LYB,Materials,2,Middle,False,MIDDLE,False,False,False,0.39917776,1.2040181
2021-04-01,LYV,Communication Services,3,Risky,False,RISKY,False,False,False,0.43125218,1.4136766
2021-04-01,MA,Financials,2,Middle,False,RISKY,False,False,False,0.34140205,1.5249958
2021-04-01,MAA,Real Estate,1,Stable,True,STABLE,False,True,True,0.22901198,0.61640364
2021-04-01,MAR,Consumer Discretionary,3,Risky,False,MIDDLE,False,False,False,0.40973735,1.4718634
2021-04-01,MAS,Industrials,1,Stable,True,STABLE,False,True,True,0.25935593,0.5474734
2021-04-01,MCD,Consumer Discretionary,1,Stable,True,STABLE,False,True,True,0.18097831,0.59533167
2021-04-01,MCHP,Information Technology,3,Risky,False,RISKY,False,False,False,0.43844596,1.9642766
2021-04-01,MCK,Health Care,2,Middle,False,MIDDLE,False,False,False,0.2758235,1.0030769
2021-04-01,MCO,Financials,1,Stable,True,STABLE,False,True,True,0.24099655,0.72442585
2021-04-01,MDLZ,Consumer Staples,1,Stable,True,MIDDLE,False,False,False,0.17776023,0.66655296
2021-04-01,MDT,Health Care,1,Stable,True,MIDDLE,False,False,False,0.26078478,0.8600456
2021-04-01,MET,Financials,2,Middle,False,MIDDLE,False,False,False,0.343353,1.1061226
2021-04-01,META,Communication Services,2,Middle,False,RISKY,False,False,False,0.35879183,1.3670888
2021-04-01,MGM,Consumer Discretionary,3,Risky,False,RISKY,False,False,False,0.5028854,1.6815294
2021-04-01,MHK,Unknown,2,Middle,False,STABLE,False,False,False,0.42157015,1.2471443
2021-04-01,MKC,Consumer Staples,1,Stable,True,MIDDLE,False,False,False,0.20914587,0.49485153
2021-04-01,MKTX,Unknown,2,Middle,False,STABLE,False,False,False,0.4157871,0.74238783
2021-04-01,MLM,Materials,2,Middle,False,MIDDLE,False,False,False,0.34914848,0.88541
2021-04-01,MMM,Industrials,1,Stable,True,STABLE,False,True,True,0.22055426,0.2066754
2021-04-01,MNST,Consumer Staples,1,Stable,True,MIDDLE,False,False,False,0.23653002,0.95788735
2021-04-01,MO,Consumer Staples,1,Stable,True,MIDDLE,False,False,False,0.23331869,0.6780214
2021-04-01,MOS,Materials,3,Risky,False,RISKY,False,False,False,0.52777696,1.0553569
2021-04-01,MPC,Energy,3,Risky,False,MIDDLE,False,False,False,0.49762416,1.5079502
2021-04-01,MPWR,Information Technology,3,Risky,False,RISKY,False,False,False,0.52354497,1.8097718
2021-04-01,MRK,Health Care,1,Stable,True,STABLE,False,True,True,0.18584818,0.48613822
2021-04-01,MRO,Unknown,3,Risky,False,RISKY,False,False,False,0.73028386,1.7948607
2021-04-01,MS,Financials,2,Middle,False,MIDDLE,False,False,False,0.32068464,1.0701935
2021-04-01,MSCI,Financials,2,Middle,False,MIDDLE,False,False,False,0.3348239,1.0183171
2021-04-01,MSFT,Information Technology,2,Middle,False,STABLE,False,False,False,0.25583518,1.1238177
2021-04-01,MSI,Information Technology,1,Stable,True,STABLE,False,True,True,0.24268852,0.8411323
2021-04-01,MTB,Financials,3,Risky,False,RISKY,False,False,False,0.5328233,1.1013684
2021-04-01,MTD,Health Care,2,Middle,False,MIDDLE,False,False,False,0.29115984,0.9625385
2021-04-01,MU,Information Technology,3,Risky,False,RISKY,False,False,False,0.43715096,1.6763967
2021-04-01,NCLH,Consumer Discretionary,3,Risky,False,RISKY,False,False,False,0.73484194,1.6823593
2021-04-01,NDAQ,Financials,1,Stable,True,STABLE,False,True,True,0.23053448,0.81458277
2021-04-01,NEE,Utilities,1,Stable,True,MIDDLE,False,False,False,0.26769888,0.8148675
2021-04-01,NEM,Materials,1,Stable,True,STABLE,False,True,True,0.3181889,0.6269325
2021-04-01,NFLX,Communication Services,2,Middle,False,RISKY,False,False,False,0.4251416,1.0945557
2021-04-01,NI,Utilities,1,Stable,True,MIDDLE,False,False,False,0.26608536,0.51568985
2021-04-01,NKE,Consumer Discretionary,1,Stable,True,STABLE,False,True,True,0.24573722,0.8856304
2021-04-01,NLSN,Unknown,2,Middle,False,STABLE,False,False,False,0.4249655,0.98348653
2021-04-01,NOC,Industrials,1,Stable,True,STABLE,False,True,True,0.22023377,0.371561
2021-04-01,NOV,Unknown,3,Risky,False,RISKY,False,False,False,0.67698085,1.6847619
2021-04-01,NOW,Information Technology,2,Middle,False,MIDDLE,False,False,False,0.40645683,1.3164265
2021-04-01,NRG,Utilities,2,Middle,False,RISKY,False,False,False,0.4745103,1.0721285
2021-04-01,NSC,Industrials,2,Middle,False,MIDDLE,False,False,False,0.260619,0.9455045
2021-04-01,NTAP,Information Technology,2,Middle,False,MIDDLE,False,False,False,0.41678274,1.2363384
2021-04-01,NTRS,Financials,2,Middle,False,MIDDLE,False,False,False,0.33324084,1.0895557
2021-04-01,NUE,Materials,2,Middle,False,MIDDLE,False,False,False,0.3735923,1.0532043
2021-04-01,NVDA,Information Technology,3,Risky,False,RISKY,False,False,False,0.43970433,1.5694447
2021-04-01,NVR,Consumer Discretionary,1,Stable,True,STABLE,False,True,True,0.30214795,0.79182637
2021-04-01,NWL,Unknown,2,Middle,False,STABLE,False,False,False,0.34360713,0.92097783
2021-04-01,NWS,Communication Services,2,Middle,False,MIDDLE,False,False,False,0.32131046,0.7708524
2021-04-01,NWSA,Communication Services,2,Middle,False,MIDDLE,False,False,False,0.32854518,0.75634366
2021-04-01,NXPI,Information Technology,3,Risky,False,RISKY,False,False,False,0.42903408,1.7433066
2021-04-01,O,Real Estate,1,Stable,True,STABLE,False,True,True,0.24205545,0.64679766
2021-04-01,ODFL,Industrials,2,Middle,False,MIDDLE,False,False,False,0.29288995,1.0176268
2021-04-01,OKE,Energy,3,Risky,False,MIDDLE,False,False,False,0.4606068,1.2832594
2021-04-01,OMC,Communication Services,2,Middle,False,MIDDLE,False,False,False,0.39215323,0.8590388
2021-04-01,ORCL,Information Technology,1,Stable,True,STABLE,False,True,True,0.24032849,0.4829002
2021-04-01,ORLY,Consumer Discretionary,1,Stable,True,STABLE,False,True,True,0.23867305,0.6309495
2021-04-01,OTIS,Industrials,1,Stable,True,STABLE,False,True,True,0.22895329,0.5507946
2021-04-01,OXY,Energy,3,Risky,False,RISKY,False,False,False,0.7712337,1.8348867
2021-04-01,PAYC,Unknown,3,Risky,False,RISKY,False,False,False,0.43163508,1.5254636
2021-04-01,PAYX,Industrials,1,Stable,True,MIDDLE,False,False,False,0.21352558,0.86362106
2021-04-01,PBCT,Unknown,2,Middle,False,MIDDLE,False,False,False,0.5228059,0.8435839
2021-04-01,PCAR,Industrials,1,Stable,True,MIDDLE,False,False,False,0.2812668,0.71303207
2021-04-01,PEG,Utilities,1,Stable,True,MIDDLE,False,False,False,0.2261769,0.59414244
2021-04-01,PENN,Unknown,3,Risky,False,RISKY,False,False,False,0.69794375,2.0338764
2021-04-01,PEP,Consumer Staples,1,Stable,True,MIDDLE,False,False,False,0.17189153,0.65816164
2021-04-01,PFE,Health Care,1,Stable,True,STABLE,False,True,True,0.25744715,0.43765348
2021-04-01,PFG,Financials,2,Middle,False,RISKY,False,False,False,0.4076607,1.2753365
2021-04-01,PG,Consumer Staples,1,Stable,True,MIDDLE,False,False,False,0.16838941,0.4862949
2021-04-01,PGR,Financials,1,Stable,True,STABLE,False,True,True,0.2535678,0.43149817
2021-04-01,PH,Industrials,2,Middle,False,RISKY,False,False,False,0.33947152,1.1664925
2021-04-01,PHM,Consumer Discretionary,2,Middle,False,MIDDLE,False,False,False,0.42977887,0.887842
2021-04-01,PKG,Materials,1,Stable,True,STABLE,False,True,True,0.25907436,0.6445277
2021-04-01,PLD,Real Estate,1,Stable,True,STABLE,False,True,True,0.24243246,0.76495427
2021-04-01,PM,Consumer Staples,1,Stable,True,MIDDLE,False,False,False,0.22185704,0.58298767
2021-04-01,PNC,Financials,2,Middle,False,MIDDLE,False,False,False,0.35109603,0.8855731
2021-04-01,PNR,Industrials,1,Stable,True,MIDDLE,False,False,False,0.27330196,0.7696186
2021-04-01,PNW,Utilities,1,Stable,True,MIDDLE,False,False,False,0.25377065,0.49754208
2021-04-01,POOL,Unknown,2,Middle,False,STABLE,False,False,False,0.4016538,0.6630425
2021-04-01,PPG,Materials,1,Stable,True,STABLE,False,True,True,0.24252583,0.72931194
2021-04-01,PPL,Utilities,1,Stable,True,MIDDLE,False,False,False,0.2541718,0.5475611
2021-04-01,PRGO,Unknown,1,Stable,True,STABLE,False,True,True,0.33900115,0.68053406
2021-04-01,PRU,Financials,2,Middle,False,MIDDLE,False,False,False,0.38910848,1.0043947
2021-04-01,PSA,Real Estate,1,Stable,True,STABLE,False,True,True,0.23416689,0.26021287
2021-04-01,PSX,Energy,3,Risky,False,MIDDLE,False,False,False,0.533733,1.4546292
2021-04-01,PVH,Unknown,3,Risky,False,RISKY,False,False,False,0.57968843,1.4579353
2021-04-01,PWR,Industrials,2,Middle,False,MIDDLE,False,False,False,0.34303638,0.9371946
2021-04-01,PXD,Unknown,3,Risky,False,RISKY,False,False,False,0.52659243,1.2110492
2021-04-01,PYPL,Financials,3,Risky,False,RISKY,False,False,False,0.46869776,1.5906432
2021-04-01,QCOM,Information Technology,3,Risky,False,RISKY,False,False,False,0.41055363,1.539192
2021-04-01,QRVO,Unknown,3,Risky,False,RISKY,False,False,False,0.4570881,1.821108
2021-04-01,RCL,Consumer Discretionary,3,Risky,False,RISKY,False,False,False,0.67581826,1.6059762
2021-04-01,REG,Real Estate,3,Risky,False,RISKY,False,False,False,0.5453042,1.0612568
2021-04-01,REGN,Health Care,1,Stable,True,MIDDLE,False,False,False,0.28294536,0.78407747
2021-04-01,RF,Financials,3,Risky,False,RISKY,False,False,False,0.4503631,1.2580507
2021-04-01,RHI,Unknown,2,Middle,False,STABLE,False,False,False,0.42005292,0.8612143
2021-04-01,RJF,Financials,2,Middle,False,MIDDLE,False,False,False,0.30888,1.0556853
2021-04-01,RL,Consumer Discretionary,2,Middle,False,MIDDLE,False,False,False,0.4869125,0.94261235
2021-04-01,RMD,Health Care,2,Middle,False,MIDDLE,False,False,False,0.28039804,0.9319899
2021-04-01,ROK,Industrials,1,Stable,True,MIDDLE,False,False,False,0.2737224,0.7165526
2021-04-01,ROL,Industrials,2,Middle,False,MIDDLE,False,False,False,0.34010315,0.7644356
2021-04-01,ROP,Information Technology,1,Stable,True,STABLE,False,True,True,0.27700698,0.8561597
2021-04-01,ROST,Consumer Discretionary,3,Risky,False,MIDDLE,False,False,False,0.4151959,1.5723127
2021-04-01,RSG,Industrials,1,Stable,True,STABLE,False,True,True,0.19813691,0.6939785
2021-04-01,RTX,Industrials,2,Middle,False,RISKY,False,False,False,0.365221,1.2640647
2021-04-01,RVTY,Health Care,2,Middle,False,MIDDLE,False,False,False,0.35992417,0.81108105
2021-04-01,SBAC,Real Estate,1,Stable,True,STABLE,False,True,True,0.260622,0.49714714
2021-04-01,SBUX,Consumer Discretionary,2,Middle,False,STABLE,False,False,False,0.2596994,0.97062635
2021-04-01,SCHW,Financials,2,Middle,False,MIDDLE,False,False,False,0.3537829,0.964653
2021-04-01,SEE,Unknown,1,Stable,True,STABLE,False,True,True,0.2673669,0.6348955
2021-04-01,SHW,Materials,1,Stable,True,STABLE,False,True,True,0.228458,0.54704416
2021-04-01,SIVB,Unknown,2,Middle,False,STABLE,False,False,False,0.40758458,1.1473515
2021-04-01,SJM,Consumer Staples,1,Stable,True,STABLE,False,True,True,0.25666144,0.0793526
2021-04-01,SLB,Energy,3,Risky,False,MIDDLE,False,False,False,0.54105085,1.4060763
2021-04-01,SNA,Industrials,1,Stable,True,STABLE,False,True,True,0.3149554,0.57626826
2021-04-01,SNPS,Information Technology,2,Middle,False,MIDDLE,False,False,False,0.35962695,1.4563448
2021-04-01,SO,Utilities,1,Stable,True,MIDDLE,False,False,False,0.203337,0.603522
2021-04-01,SPG,Real Estate,3,Risky,False,RISKY,False,False,False,0.5552173,1.3858045
2021-04-01,SPGI,Financials,1,Stable,True,STABLE,False,True,True,0.2501461,0.70941067
2021-04-01,SRE,Utilities,1,Stable,True,MIDDLE,False,False,False,0.24601728,0.6532892
2021-04-01,STE,Health Care,1,Stable,True,STABLE,False,True,True,0.2514724,0.76909447
2021-04-01,STT,Financials,2,Middle,False,RISKY,False,False,False,0.38050824,1.289818
2021-04-01,STX,Information Technology,1,Stable,True,STABLE,False,True,True,0.35661012,0.62953246
2021-04-01,STZ,Consumer Staples,2,Middle,False,RISKY,False,False,False,0.29717684,1.1488992
2021-04-01,SWK,Industrials,1,Stable,True,MIDDLE,False,False,False,0.25075567,0.8864703
2021-04-01,SWKS,Information Technology,3,Risky,False,RISKY,False,False,False,0.45439434,1.7347454
2021-04-01,SYF,Financials,3,Risky,False,RISKY,False,False,False,0.41126668,1.4855118
2021-04-01,SYK,Health Care,2,Middle,False,MIDDLE,False,False,False,0.264057,1.0741293
2021-04-01,SYY,Consumer Staples,2,Middle,False,RISKY,False,False,False,0.4196333,1.3189584
2021-04-01,T,Communication Services,1,Stable,True,STABLE,False,True,True,0.21088323,0.3516042
2021-04-01,TAP,Consumer Staples,1,Stable,True,RISKY,False,False,False,0.3791554,0.4727238
2021-04-01,TDG,Industrials,2,Middle,False,RISKY,False,False,False,0.3592113,1.2340654
2021-04-01,TDY,Information Technology,2,Middle,False,MIDDLE,False,False,False,0.33736137,1.0816156
2021-04-01,TEL,Information Technology,2,Middle,False,STABLE,False,False,False,0.26321664,1.0983301
2021-04-01,TER,Information Technology,3,Risky,False,RISKY,False,False,False,0.49815378,1.8885802
2021-04-01,TFC,Financials,2,Middle,False,MIDDLE,False,False,False,0.3723192,1.0994769
2021-04-01,TFX,Unknown,2,Middle,False,STABLE,False,False,False,0.27878737,1.020952
2021-04-01,TGT,Consumer Staples,1,Stable,True,MIDDLE,False,False,False,0.25993523,0.6144754
2021-04-01,TJX,Consumer Discretionary,2,Middle,False,MIDDLE,False,False,False,0.32971352,1.0809261
2021-04-01,TMO,Health Care,1,Stable,True,STABLE,False,True,True,0.30855793,0.7237578
2021-04-01,TMUS,Communication Services,1,Stable,True,MIDDLE,False,False,False,0.27239382,0.8692609
2021-04-01,TPR,Consumer Discretionary,2,Middle,False,STABLE,False,False,False,0.41212565,0.75733536
2021-04-01,TRMB,Information Technology,2,Middle,False,MIDDLE,False,False,False,0.33471364,1.5224565
2021-04-01,TROW,Financials,2,Middle,False,MIDDLE,False,False,False,0.27708822,1.2388377
2021-04-01,TRV,Financials,1,Stable,True,STABLE,False,True,True,0.2823006,0.76800454
2021-04-01,TSCO,Consumer Discretionary,1,Stable,True,STABLE,False,True,True,0.32789212,0.4682316
2021-04-01,TSLA,Consumer Discretionary,3,Risky,False,RISKY,False,False,False,0.6522884,1.8066916
2021-04-01,TSN,Consumer Staples,1,Stable,True,STABLE,False,True,True,0.28159425,0.49215674
2021-04-01,TT,Industrials,1,Stable,True,MIDDLE,False,False,False,0.2741014,0.7946251
2021-04-01,TTWO,Communication Services,2,Middle,False,MIDDLE,False,False,False,0.34752327,0.7868558
2021-04-01,TWTR,Unknown,3,Risky,False,RISKY,False,False,False,0.59744686,1.3825386
2021-04-01,TXN,Information Technology,2,Middle,False,MIDDLE,False,False,False,0.30884102,1.4847462
2021-04-01,TXT,Industrials,2,Middle,False,RISKY,False,False,False,0.402749,1.3346423
2021-04-01,TYL,Information Technology,2,Middle,False,MIDDLE,False,False,False,0.34250575,1.0974481
2021-04-01,UA,Unknown,2,Middle,False,STABLE,False,False,False,0.36812305,0.867795
2021-04-01,UAA,Unknown,2,Middle,False,STABLE,False,False,False,0.38125336,0.8717461
2021-04-01,UAL,Industrials,3,Risky,False,RISKY,False,False,False,0.5817509,1.3887566
2021-04-01,UDR,Real Estate,2,Middle,False,MIDDLE,False,False,False,0.35897967,0.97213227
2021-04-01,UHS,Health Care,2,Middle,False,MIDDLE,False,False,False,0.3442187,0.8328596
2021-04-01,ULTA,Consumer Discretionary,2,Middle,False,MIDDLE,False,False,False,0.4234482,1.1808968
2021-04-01,UNH,Health Care,1,Stable,True,STABLE,False,True,True,0.25335324,0.75093055
2021-04-01,UNM,Unknown,3,Risky,False,RISKY,False,False,False,0.49510232,1.3927417
2021-04-01,UNP,Industrials,2,Middle,False,MIDDLE,False,False,False,0.27432734,0.934404
2021-04-01,UPS,Industrials,2,Middle,False,MIDDLE,False,False,False,0.27197513,0.9450584
2021-04-01,URI,Industrials,3,Risky,False,RISKY,False,False,False,0.4660359,1.280414
2021-04-01,USB,Financials,2,Middle,False,MIDDLE,False,False,False,0.3587447,0.89939386
2021-04-01,V,Financials,2,Middle,False,MIDDLE,False,False,False,0.27416527,1.1576958
2021-04-01,VFC,Unknown,2,Middle,False,STABLE,False,False,False,0.35522774,1.2584436
2021-04-01,VLO,Energy,3,Risky,False,MIDDLE,False,False,False,0.6225134,1.4629601
2021-04-01,VMC,Materials,2,Middle,False,STABLE,False,False,False,0.34091204,0.7263235
2021-04-01,VNO,Unknown,3,Risky,False,MIDDLE,False,False,False,0.5624321,0.9037197
2021-04-01,VRSK,Industrials,1,Stable,True,MIDDLE,False,False,False,0.272354,0.8133962
2021-04-01,VRSN,Information Technology,1,Stable,True,STABLE,False,True,True,0.24905157,0.86691874
2021-04-01,VRTX,Health Care,2,Middle,False,MIDDLE,False,False,False,0.42890862,0.6955515
2021-04-01,VTR,Real Estate,2,Middle,False,MIDDLE,False,False,False,0.40395668,1.0635779
2021-04-01,VTRS,Health Care,2,Middle,False,MIDDLE,False,False,False,0.41446665,0.99504304
2021-04-01,VZ,Communication Services,1,Stable,True,STABLE,False,True,True,0.16725802,0.33560717
2021-04-01,WAB,Industrials,2,Middle,False,RISKY,False,False,False,0.38941556,1.030374
2021-04-01,WAT,Health Care,1,Stable,True,STABLE,False,True,True,0.26112324,0.5326894
2021-04-01,WBA,Unknown,2,Middle,False,STABLE,False,False,False,0.39380404,0.5963503
2021-04-01,WDC,Information Technology,3,Risky,False,RISKY,False,False,False,0.5028234,1.3428613
2021-04-01,WEC,Utilities,1,Stable,True,STABLE,False,True,True,0.2144233,0.22861196
2021-04-01,WELL,Real Estate,2,Middle,False,MIDDLE,False,False,False,0.4456027,1.1605214
2021-04-01,WFC,Financials,2,Middle,False,RISKY,False,False,False,0.4159767,1.1817478
2021-04-01,WHR,Unknown,1,Stable,True,STABLE,False,True,True,0.3728077,0.59279203
2021-04-01,WM,Industrials,1,Stable,True,STABLE,False,True,True,0.2028024,0.66244364
2021-04-01,WMB,Energy,2,Middle,False,STABLE,False,False,False,0.33982882,0.7461273
2021-04-01,WMT,Consumer Staples,1,Stable,True,MIDDLE,False,False,False,0.18943487,0.502876
2021-04-01,WRB,Financials,2,Middle,False,MIDDLE,False,False,False,0.30300337,0.9226868
2021-04-01,WST,Health Care,1,Stable,True,STABLE,False,True,True,0.26747194,0.7049973
2021-04-01,WTW,Financials,2,Middle,False,STABLE,False,False,False,0.26561737,0.89449537
2021-04-01,WU,Unknown,2,Middle,False,STABLE,False,False,False,0.30195054,0.8595783
2021-04-01,WY,Real Estate,2,Middle,False,MIDDLE,False,False,False,0.32019204,1.2176424
2021-04-01,WYNN,Consumer Discretionary,3,Risky,False,RISKY,False,False,False,0.5659937,1.6376549
2021-04-01,XEL,Utilities,1,Stable,True,MIDDLE,False,False,False,0.22008596,0.5301086
2021-04-01,XLNX,Unknown,3,Risky,False,RISKY,False,False,False,0.48761848,1.6819425
2021-04-01,XOM,Energy,2,Middle,False,STABLE,False,False,False,0.42242312,1.1684841
2021-04-01,XRAY,Unknown,2,Middle,False,STABLE,False,False,False,0.4047301,0.986141
2021-04-01,XYL,Industrials,1,Stable,True,MIDDLE,False,False,False,0.2511288,0.8394711
2021-04-01,YUM,Consumer Discretionary,1,Stable,True,STABLE,False,True,True,0.2115476,0.7573637
2021-04-01,ZBH,Health Care,2,Middle,False,MIDDLE,False,False,False,0.29322305,0.95862
2021-04-01,ZBRA,Information Technology,2,Middle,False,MIDDLE,False,False,False,0.3344588,1.1845471
2021-04-01,ZION,Unknown,3,Risky,False,RISKY,False,False,False,0.5536251,1.2346855
2021-04-01,ZTS,Health Care,1,Stable,True,MIDDLE,False,False,False,0.25023693,0.8989452
2021-09-22,A,Health Care,1,Stable,True,MIDDLE,False,False,False,0.155454,0.7390569
2021-09-22,AAL,Unknown,3,Risky,False,RISKY,False,False,False,0.41568953,1.5587407
2021-09-22,AAP,Unknown,1,Stable,True,STABLE,False,True,True,0.20974602,0.65303636
2021-09-22,AAPL,Information Technology,2,Middle,False,MIDDLE,False,False,False,0.20909257,1.452348
2021-09-22,ABBV,Health Care,1,Stable,True,STABLE,False,True,True,0.18805629,0.53931606
2021-09-22,ABMD,Unknown,2,Middle,False,STABLE,False,False,False,0.30020848,0.65563977
2021-09-22,ABT,Health Care,1,Stable,True,STABLE,False,True,True,0.20871885,0.52814186
2021-09-22,ACN,Information Technology,1,Stable,True,STABLE,False,True,True,0.132356,0.8782823
2021-09-22,ADBE,Information Technology,1,Stable,True,STABLE,False,True,True,0.19491333,0.8924155
2021-09-22,ADI,Information Technology,2,Middle,False,MIDDLE,False,False,False,0.23520267,1.1562093
2021-09-22,ADM,Consumer Staples,1,Stable,True,MIDDLE,False,False,False,0.19041634,0.7602521
2021-09-22,ADP,Industrials,1,Stable,True,STABLE,False,True,True,0.17046286,0.8932542
2021-09-22,ADSK,Information Technology,2,Middle,False,MIDDLE,False,False,False,0.27636877,1.4561566
2021-09-22,AEE,Utilities,1,Stable,True,STABLE,False,True,True,0.15861133,0.33999693
2021-09-22,AEP,Utilities,1,Stable,True,STABLE,False,True,True,0.15028994,0.5195652
2021-09-22,AES,Utilities,2,Middle,False,RISKY,False,False,False,0.23804183,1.1922802
2021-09-22,AFL,Financials,2,Middle,False,MIDDLE,False,False,False,0.186112,1.1381509
2021-09-22,AIG,Financials,2,Middle,False,RISKY,False,False,False,0.28125617,1.3703296
2021-09-22,AIZ,Financials,1,Stable,True,STABLE,False,True,True,0.17370851,0.91537595
2021-09-22,AJG,Financials,1,Stable,True,STABLE,False,True,True,0.1733331,0.9432184
2021-09-22,AKAM,Information Technology,1,Stable,True,STABLE,False,True,True,0.18049762,0.65870696
2021-09-22,ALB,Materials,3,Risky,False,RISKY,False,False,False,0.4162357,1.5725969
2021-09-22,ALGN,Health Care,3,Risky,False,MIDDLE,False,False,False,0.3064816,1.5147758
2021-09-22,ALK,Unknown,3,Risky,False,MIDDLE,False,False,False,0.3148762,1.4552488
2021-09-22,ALL,Financials,2,Middle,False,STABLE,False,False,False,0.18692264,0.95453393
2021-09-22,ALLE,Industrials,2,Middle,False,MIDDLE,False,False,False,0.2017732,1.0045606
2021-09-22,AMAT,Information Technology,3,Risky,False,RISKY,False,False,False,0.3341713,1.9846977
2021-09-22,AMCR,Materials,1,Stable,True,STABLE,False,True,True,0.18993793,0.78111833
2021-09-22,AMD,Information Technology,3,Risky,False,RISKY,False,False,False,0.3603105,1.1115125
2021-09-22,AME,Industrials,2,Middle,False,MIDDLE,False,False,False,0.15801553,1.095488
2021-09-22,AMGN,Health Care,1,Stable,True,STABLE,False,True,True,0.21435396,0.6048708
2021-09-22,AMP,Financials,2,Middle,False,RISKY,False,False,False,0.23490055,1.5728569
2021-09-22,AMT,Real Estate,1,Stable,True,STABLE,False,True,True,0.1542407,0.5260838
2021-09-22,AMZN,Consumer Discretionary,2,Middle,False,STABLE,False,False,False,0.22640184,0.96826196
2021-09-22,ANET,Information Technology,2,Middle,False,MIDDLE,False,False,False,0.20842236,1.0963016
2021-09-22,ANSS,Unknown,2,Middle,False,STABLE,False,False,False,0.22783466,1.067944
2021-09-22,AON,Financials,1,Stable,True,STABLE,False,True,True,0.22308049,0.6994871
2021-09-22,AOS,Industrials,2,Middle,False,MIDDLE,False,False,False,0.22020173,1.0991427
2021-09-22,APA,Energy,3,Risky,False,RISKY,False,False,False,0.5305974,1.6798729
2021-09-22,APD,Materials,1,Stable,True,STABLE,False,True,True,0.16917065,0.83583236
2021-09-22,APH,Information Technology,2,Middle,False,STABLE,False,False,False,0.16181949,1.2269398
2021-09-22,APTV,Consumer Discretionary,3,Risky,False,MIDDLE,False,False,False,0.29845595,1.6138556
2021-09-22,ARE,Real Estate,1,Stable,True,STABLE,False,True,True,0.17095113,0.524868
2021-09-22,ATO,Utilities,1,Stable,True,STABLE,False,True,True,0.16012874,0.510477
2021-09-22,ATVI,Unknown,2,Middle,False,STABLE,False,False,False,0.2596611,0.79981935
2021-09-22,AVB,Real Estate,1,Stable,True,STABLE,False,True,True,0.15859139,0.68256366
2021-09-22,AVGO,Information Technology,2,Middle,False,MIDDLE,False,False,False,0.20960411,1.3336586
2021-09-22,AVY,Materials,1,Stable,True,STABLE,False,True,True,0.18157169,0.91489387
2021-09-22,AWK,Utilities,1,Stable,True,STABLE,False,True,True,0.18262474,0.38836372
2021-09-22,AXP,Financials,2,Middle,False,MIDDLE,False,False,False,0.2245507,1.1911951
2021-09-22,AZO,Consumer Discretionary,1,Stable,True,STABLE,False,True,True,0.18176627,0.51262623
2021-09-22,BA,Industrials,3,Risky,False,RISKY,False,False,False,0.29529145,1.5594751
2021-09-22,BAC,Financials,2,Middle,False,MIDDLE,False,False,False,0.23364028,1.1227902
2021-09-22,BALL,Materials,1,Stable,True,STABLE,False,True,True,0.20920214,0.45977673
2021-09-22,BAX,Health Care,1,Stable,True,STABLE,False,True,True,0.1852842,0.34438387
2021-09-22,BBWI,Unknown,3,Risky,False,RISKY,False,False,False,0.37051487,1.6861371
2021-09-22,BBY,Consumer Discretionary,2,Middle,False,MIDDLE,False,False,False,0.2884357,1.3649639
2021-09-22,BDX,Health Care,1,Stable,True,STABLE,False,True,True,0.1742758,0.15837246
2021-09-22,BEN,Financials,3,Risky,False,RISKY,False,False,False,0.31835252,1.6689417
2021-09-22,BF-B,Consumer Staples,1,Stable,True,MIDDLE,False,False,False,0.18793924,0.665576
2021-09-22,BIIB,Health Care,3,Risky,False,RISKY,False,False,False,0.55738336,0.21064052
2021-09-22,BIO,Unknown,1,Stable,True,STABLE,False,True,True,0.20185977,0.3920215
2021-09-22,BKNG,Consumer Discretionary,2,Middle,False,MIDDLE,False,False,False,0.26484206,1.2675169
2021-09-22,BKR,Energy,3,Risky,False,MIDDLE,False,False,False,0.39137083,1.5931778
2021-09-22,BLK,Financials,2,Middle,False,MIDDLE,False,False,False,0.20432597,1.4940892
2021-09-22,BMY,Health Care,1,Stable,True,STABLE,False,True,True,0.16184399,0.3932259
2021-09-22,BR,Industrials,1,Stable,True,STABLE,False,True,True,0.14717521,0.8191551
2021-09-22,BRK-B,Financials,1,Stable,True,STABLE,False,True,True,0.13910763,0.8394356
2021-09-22,BRO,Financials,1,Stable,True,STABLE,False,True,True,0.15738092,0.8483931
2021-09-22,BSX,Health Care,1,Stable,True,MIDDLE,False,False,False,0.2063913,0.8657456
2021-09-22,BWA,Unknown,3,Risky,False,MIDDLE,False,False,False,0.29651442,1.5422535
2021-09-22,BXP,Real Estate,2,Middle,False,MIDDLE,False,False,False,0.22444642,1.1676993
2021-09-22,C,Financials,2,Middle,False,MIDDLE,False,False,False,0.22720593,1.1272923
2021-09-22,CAG,Unknown,1,Stable,True,STABLE,False,True,True,0.18119138,0.18892746
2021-09-22,CAH,Health Care,1,Stable,True,STABLE,False,True,True,0.3107664,0.5812785
2021-09-22,CARR,Industrials,2,Middle,False,MIDDLE,False,False,False,0.23505555,1.2812213
2021-09-22,CAT,Industrials,2,Middle,False,MIDDLE,False,False,False,0.22640273,1.0558958
2021-09-22,CB,Financials,2,Middle,False,MIDDLE,False,False,False,0.20805967,0.9892153
2021-09-22,CBOE,Financials,1,Stable,True,STABLE,False,True,True,0.21586487,0.4497513
2021-09-22,CBRE,Real Estate,2,Middle,False,MIDDLE,False,False,False,0.22332677,1.1655818
2021-09-22,CCI,Real Estate,1,Stable,True,STABLE,False,True,True,0.16863334,0.5055077
2021-09-22,CCL,Consumer Discretionary,3,Risky,False,RISKY,False,False,False,0.47304544,1.8633492
2021-09-22,CDNS,Information Technology,2,Middle,False,MIDDLE,False,False,False,0.24256268,1.2375442
2021-09-22,CDW,Information Technology,2,Middle,False,STABLE,False,False,False,0.17673044,1.1674918
2021-09-22,CE,Unknown,2,Middle,False,MIDDLE,False,False,False,0.23310633,1.2299638
2021-09-22,CERN,Unknown,1,Stable,True,STABLE,False,True,True,0.1449877,0.38175365
2021-09-22,CF,Materials,3,Risky,False,MIDDLE,False,False,False,0.3271961,1.1742882
2021-09-22,CFG,Financials,3,Risky,False,RISKY,False,False,False,0.29794207,1.518351
2021-09-22,CHD,Consumer Staples,1,Stable,True,STABLE,False,True,True,0.15509939,0.12347879
2021-09-22,CHRW,Industrials,1,Stable,True,STABLE,False,True,True,0.210491,0.8650786
2021-09-22,CHTR,Communication Services,1,Stable,True,MIDDLE,False,False,False,0.18631971,0.66838384
2021-09-22,CI,Health Care,1,Stable,True,STABLE,False,True,True,0.26057348,0.6684031
2021-09-22,CINF,Financials,2,Middle,False,MIDDLE,False,False,False,0.22004797,1.201982
2021-09-22,CL,Consumer Staples,1,Stable,True,STABLE,False,True,True,0.14144246,0.37357375
2021-09-22,CLX,Consumer Staples,1,Stable,True,STABLE,False,True,True,0.22671336,-0.18510357
2021-09-22,CMA,Unknown,3,Risky,False,MIDDLE,False,False,False,0.3003663,1.4455143
2021-09-22,CMCSA,Communication Services,2,Middle,False,MIDDLE,False,False,False,0.21393543,0.98616016
2021-09-22,CME,Financials,1,Stable,True,STABLE,False,True,True,0.16725585,0.5368474
2021-09-22,CMG,Consumer Discretionary,2,Middle,False,STABLE,False,False,False,0.250108,1.0486528
2021-09-22,CMI,Industrials,2,Middle,False,MIDDLE,False,False,False,0.1964818,1.0396538
2021-09-22,CMS,Utilities,1,Stable,True,STABLE,False,True,True,0.1617336,0.36438736
2021-09-22,CNC,Health Care,1,Stable,True,STABLE,False,True,True,0.29905564,0.4938061
2021-09-22,CNP,Utilities,1,Stable,True,MIDDLE,False,False,False,0.1812078,0.6836765
2021-09-22,COF,Financials,2,Middle,False,RISKY,False,False,False,0.28529832,1.2648652
2021-09-22,COO,Health Care,1,Stable,True,MIDDLE,False,False,False,0.193919,0.73739827
2021-09-22,COP,Energy,3,Risky,False,MIDDLE,False,False,False,0.3433504,1.3051815
2021-09-22,COR,Health Care,1,Stable,True,STABLE,False,True,True,0.20702653,0.54595506
2021-09-22,COST,Consumer Staples,1,Stable,True,MIDDLE,False,False,False,0.14211203,0.73505604
2021-09-22,CPAY,Financials,2,Middle,False,MIDDLE,False,False,False,0.21015768,1.1326649
2021-09-22,CPB,Unknown,1,Stable,True,STABLE,False,True,True,0.18951556,0.33097926
2021-09-22,CPRT,Industrials,2,Middle,False,MIDDLE,False,False,False,0.2095485,1.2233067
2021-09-22,CRL,Health Care,1,Stable,True,MIDDLE,False,False,False,0.2011219,0.8815483
2021-09-22,CRM,Information Technology,1,Stable,True,STABLE,False,True,True,0.21607926,0.76953024
2021-09-22,CSCO,Information Technology,1,Stable,True,STABLE,False,True,True,0.15535142,0.9871336
2021-09-22,CSX,Industrials,2,Middle,False,MIDDLE,False,False,False,0.20058209,1.0976453
2021-09-22,CTAS,Industrials,2,Middle,False,MIDDLE,False,False,False,0.20108493,1.0829931
2021-09-22,CTLT,Unknown,2,Middle,False,STABLE,False,False,False,0.24576114,0.8391416
2021-09-22,CTSH,Information Technology,1,Stable,True,STABLE,False,True,True,0.20936668,0.8381276
2021-09-22,CTVA,Materials,2,Middle,False,MIDDLE,False,False,False,0.23966503,1.0828782
2021-09-22,CTXS,Unknown,1,Stable,True,STABLE,False,True,True,0.3042093,0.53099394
2021-09-22,CVS,Health Care,1,Stable,True,STABLE,False,True,True,0.1880822,0.5275844
2021-09-22,CVX,Energy,2,Middle,False,STABLE,False,False,False,0.2425993,1.1450071
2021-09-22,CZR,Unknown,3,Risky,False,RISKY,False,False,False,0.4249219,2.114232
2021-09-22,D,Utilities,1,Stable,True,STABLE,False,True,True,0.15964608,0.37927845
2021-09-22,DAL,Industrials,3,Risky,False,RISKY,False,False,False,0.327173,1.4226499
2021-09-22,DAY,Unknown,2,Middle,False,MIDDLE,False,False,False,0.27922022,1.1000589
2021-09-22,DD,Materials,2,Middle,False,MIDDLE,False,False,False,0.22564718,1.2374723
2021-09-22,DE,Industrials,2,Middle,False,MIDDLE,False,False,False,0.24132127,1.2679778
2021-09-22,DFS,Unknown,3,Risky,False,MIDDLE,False,False,False,0.29856563,1.5559572
2021-09-22,DG,Consumer Staples,1,Stable,True,STABLE,False,True,True,0.16820459,0.5102841
2021-09-22,DGX,Health Care,1,Stable,True,STABLE,False,True,True,0.16055557,0.19310917
2021-09-22,DHI,Consumer Discretionary,3,Risky,False,MIDDLE,False,False,False,0.30347732,1.5729012
2021-09-22,DHR,Health Care,1,Stable,True,STABLE,False,True,True,0.1997135,0.56036586
2021-09-22,DIS,Communication Services,1,Stable,True,MIDDLE,False,False,False,0.19445182,0.85107577
2021-09-22,DISCK,Unknown,2,Middle,False,MIDDLE,False,False,False,0.3323463,0.94346946
2021-09-22,DISH,Unknown,3,Risky,False,MIDDLE,False,False,False,0.34549597,1.5864578
2021-09-22,DLR,Real Estate,1,Stable,True,STABLE,False,True,True,0.19457833,0.33331475
2021-09-22,DLTR,Consumer Staples,2,Middle,False,RISKY,False,False,False,0.2881584,0.87767285
2021-09-22,DOV,Industrials,2,Middle,False,MIDDLE,False,False,False,0.19418365,1.0659071
2021-09-22,DOW,Materials,2,Middle,False,MIDDLE,False,False,False,0.2599682,1.3509903
2021-09-22,DPZ,Consumer Discretionary,1,Stable,True,STABLE,False,True,True,0.25637943,0.11129133
2021-09-22,DRE,Unknown,1,Stable,True,STABLE,False,True,True,0.16805178,0.7033995
2021-09-22,DRI,Consumer Discretionary,2,Middle,False,MIDDLE,False,False,False,0.27312565,1.2918177
2021-09-22,DTE,Utilities,1,Stable,True,MIDDLE,False,False,False,0.1531285,0.628043
2021-09-22,DUK,Utilities,1,Stable,True,STABLE,False,True,True,0.15085489,0.42231292
2021-09-22,DVA,Health Care,1,Stable,True,MIDDLE,False,False,False,0.2367552,0.7347184
2021-09-22,DVN,Energy,3,Risky,False,RISKY,False,False,False,0.5035299,1.7844777
2021-09-22,DXC,Unknown,3,Risky,False,RISKY,False,False,False,0.41515216,1.6265281
2021-09-22,DXCM,Health Care,2,Middle,False,MIDDLE,False,False,False,0.33797243,0.85909426
2021-09-22,EA,Communication Services,1,Stable,True,MIDDLE,False,False,False,0.20390216,0.5499785
2021-09-22,EBAY,Consumer Discretionary,2,Middle,False,MIDDLE,False,False,False,0.32831243,1.0952004
2021-09-22,ECL,Materials,2,Middle,False,STABLE,False,False,False,0.17098497,1.0391023
2021-09-22,ED,Utilities,1,Stable,True,STABLE,False,True,True,0.15189835,0.32451674
2021-09-22,EFX,Industrials,2,Middle,False,STABLE,False,False,False,0.28775862,0.7104336
2021-09-22,EG,Financials,2,Middle,False,MIDDLE,False,False,False,0.22327115,0.92526877
2021-09-22,EIX,Utilities,1,Stable,True,MIDDLE,False,False,False,0.2039469,0.7208897
2021-09-22,EL,Consumer Staples,2,Middle,False,RISKY,False,False,False,0.21932934,0.9352246
2021-09-22,ELV,Health Care,1,Stable,True,STABLE,False,True,True,0.20298533,0.62317026
2021-09-22,EMN,Unknown,2,Middle,False,MIDDLE,False,False,False,0.2606324,1.3849647
2021-09-22,EMR,Industrials,2,Middle,False,MIDDLE,False,False,False,0.19915283,1.2554679
2021-09-22,ENPH,Unknown,3,Risky,False,RISKY,False,False,False,0.54470813,0.792939
2021-09-22,EOG,Energy,3,Risky,False,MIDDLE,False,False,False,0.4028081,1.4592886
2021-09-22,EQIX,Real Estate,1,Stable,True,STABLE,False,True,True,0.23223603,0.24938022
2021-09-22,ES,Utilities,1,Stable,True,STABLE,False,True,True,0.18824999,0.38073394
2021-09-22,ESS,Real Estate,1,Stable,True,STABLE,False,True,True,0.1872489,0.83263725
2021-09-22,ETN,Industrials,2,Middle,False,MIDDLE,False,False,False,0.17996332,1.170232
2021-09-22,ETR,Utilities,1,Stable,True,MIDDLE,False,False,False,0.18658777,0.6804483
2021-09-22,ETSY,Unknown,3,Risky,False,RISKY,False,False,False,0.50672257,0.38403213
2021-09-22,EVRG,Utilities,1,Stable,True,STABLE,False,True,True,0.16283755,0.295202
2021-09-22,EW,Health Care,2,Middle,False,MIDDLE,False,False,False,0.20788738,0.92104566
2021-09-22,EXC,Utilities,1,Stable,True,MIDDLE,False,False,False,0.16467135,0.76967186
2021-09-22,EXPD,Industrials,2,Middle,False,MIDDLE,False,False,False,0.18186471,1.0058867
2021-09-22,EXPE,Consumer Discretionary,3,Risky,False,MIDDLE,False,False,False,0.32506686,1.3695544
2021-09-22,EXR,Real Estate,1,Stable,True,STABLE,False,True,True,0.16496459,0.5847953
2021-09-22,F,Consumer Discretionary,3,Risky,False,MIDDLE,False,False,False,0.399259,1.3323697
2021-09-22,FANG,Energy,3,Risky,False,RISKY,False,False,False,0.5009783,1.5573
2021-09-22,FAST,Industrials,1,Stable,True,STABLE,False,True,True,0.16712713,0.7749957
2021-09-22,FBIN,Unknown,2,Middle,False,MIDDLE,False,False,False,0.2307016,1.3188149
2021-09-22,FCX,Materials,3,Risky,False,RISKY,False,False,False,0.48048648,2.1880832
2021-09-22,FDX,Industrials,2,Middle,False,MIDDLE,False,False,False,0.26788783,0.8712453
2021-09-22,FE,Utilities,1,Stable,True,MIDDLE,False,False,False,0.165952,0.66280705
2021-09-22,FFIV,Information Technology,2,Middle,False,MIDDLE,False,False,False,0.26557112,1.1676769
2021-09-22,FI,Financials,1,Stable,True,STABLE,False,True,True,0.20605397,0.86726964
2021-09-22,FIS,Financials,2,Middle,False,MIDDLE,False,False,False,0.2390543,0.9357032
2021-09-22,FITB,Financials,2,Middle,False,RISKY,False,False,False,0.27675453,1.4623564
2021-09-22,FMC,Unknown,2,Middle,False,STABLE,False,False,False,0.24489664,0.9284012
2021-09-22,FOX,Communication Services,2,Middle,False,MIDDLE,False,False,False,0.22228341,0.8755247
2021-09-22,FOXA,Communication Services,1,Stable,True,MIDDLE,False,False,False,0.24099678,0.7708174
2021-09-22,FRT,Real Estate,2,Middle,False,MIDDLE,False,False,False,0.22996631,1.2465056
2021-09-22,FTNT,Information Technology,2,Middle,False,MIDDLE,False,False,False,0.26661694,1.1036284
2021-09-22,FTV,Industrials,2,Middle,False,MIDDLE,False,False,False,0.20253962,0.97087455
2021-09-22,GAP,Unknown,3,Risky,False,RISKY,False,False,False,0.42968136,2.0114684
2021-09-22,GD,Industrials,2,Middle,False,MIDDLE,False,False,False,0.16266038,1.003678
2021-09-22,GE,Industrials,2,Middle,False,RISKY,False,False,False,0.28420556,1.3171525
2021-09-22,GEN,Information Technology,1,Stable,True,STABLE,False,True,True,0.29215583,0.19652933
2021-09-22,GILD,Health Care,1,Stable,True,STABLE,False,True,True,0.1571858,0.39723247
2021-09-22,GIS,Consumer Staples,1,Stable,True,STABLE,False,True,True,0.17519721,0.26696867
2021-09-22,GL,Financials,2,Middle,False,MIDDLE,False,False,False,0.22623986,1.2935867
2021-09-22,GLW,Information Technology,2,Middle,False,MIDDLE,False,False,False,0.2141072,1.2539879
2021-09-22,GM,Consumer Discretionary,3,Risky,False,MIDDLE,False,False,False,0.34105778,1.4833995
2021-09-22,GNRC,Industrials,3,Risky,False,RISKY,False,False,False,0.3550512,1.5550592
2021-09-22,GOOG,Communication Services,2,Middle,False,RISKY,False,False,False,0.18229115,1.3026339
2021-09-22,GOOGL,Communication Services,2,Middle,False,RISKY,False,False,False,0.18918142,1.3579296
2021-09-22,GPC,Consumer Discretionary,2,Middle,False,STABLE,False,False,False,0.19315355,1.1048008
2021-09-22,GPN,Financials,2,Middle,False,RISKY,False,False,False,0.29522997,1.0936702
2021-09-22,GRMN,Consumer Discretionary,2,Middle,False,STABLE,False,False,False,0.16533335,1.0726533
2021-09-22,GS,Financials,2,Middle,False,MIDDLE,False,False,False,0.23539318,1.3409014
2021-09-22,GWW,Industrials,1,Stable,True,STABLE,False,True,True,0.18981999,0.8327938
2021-09-22,HAL,Energy,3,Risky,False,MIDDLE,False,False,False,0.4172339,1.3025885
2021-09-22,HAS,Consumer Discretionary,2,Middle,False,STABLE,False,False,False,0.24728331,0.86674935
2021-09-22,HBAN,Financials,3,Risky,False,RISKY,False,False,False,0.29729322,1.5793089
2021-09-22,HBI,Unknown,3,Risky,False,MIDDLE,False,False,False,0.33626023,1.4985783
2021-09-22,HCA,Health Care,2,Middle,False,MIDDLE,False,False,False,0.2688104,1.2538961
2021-09-22,HD,Consumer Discretionary,2,Middle,False,STABLE,False,False,False,0.17685662,1.0261198
2021-09-22,HES,Unknown,3,Risky,False,RISKY,False,False,False,0.40233892,1.4921333
2021-09-22,HIG,Financials,2,Middle,False,MIDDLE,False,False,False,0.2076488,1.0102358
2021-09-22,HII,Industrials,2,Middle,False,MIDDLE,False,False,False,0.19366595,1.081545
2021-09-22,HLT,Consumer Discretionary,2,Middle,False,MIDDLE,False,False,False,0.2520052,1.28959
2021-09-22,HOLX,Unknown,1,Stable,True,STABLE,False,True,True,0.2253665,0.30604243
2021-09-22,HON,Industrials,2,Middle,False,MIDDLE,False,False,False,0.19072004,1.0696343
2021-09-22,HPE,Information Technology,2,Middle,False,MIDDLE,False,False,False,0.24359567,1.3372256
2021-09-22,HPQ,Information Technology,2,Middle,False,RISKY,False,False,False,0.28480068,1.5049281
2021-09-22,HRL,Consumer Staples,1,Stable,True,STABLE,False,True,True,0.18686065,0.16972508
2021-09-22,HSIC,Health Care,2,Middle,False,MIDDLE,False,False,False,0.23262098,0.86608624
2021-09-22,HST,Real Estate,2,Middle,False,RISKY,False,False,False,0.28904614,1.4163707
2021-09-22,HSY,Consumer Staples,1,Stable,True,STABLE,False,True,True,0.13336797,0.42210796
2021-09-22,HUM,Health Care,1,Stable,True,STABLE,False,True,True,0.20740792,0.39073414
2021-09-22,HWM,Industrials,2,Middle,False,RISKY,False,False,False,0.2883144,1.4249653
2021-09-22,IBM,Information Technology,1,Stable,True,STABLE,False,True,True,0.1811616,0.7750716
2021-09-22,ICE,Financials,1,Stable,True,STABLE,False,True,True,0.13307764,0.6048607
2021-09-22,IDXX,Health Care,1,Stable,True,MIDDLE,False,False,False,0.21388265,0.8335626
2021-09-22,IEX,Industrials,1,Stable,True,STABLE,False,True,True,0.16697122,0.8951073
2021-09-22,IFF,Materials,2,Middle,False,STABLE,False,False,False,0.19096619,1.0447603
2021-09-22,ILMN,Unknown,2,Middle,False,STABLE,False,False,False,0.29011935,0.7573454
2021-09-22,INCY,Health Care,1,Stable,True,STABLE,False,True,True,0.2454121,0.229113
2021-09-22,INTC,Information Technology,2,Middle,False,MIDDLE,False,False,False,0.22825292,1.1045611
2021-09-22,INTU,Information Technology,1,Stable,True,STABLE,False,True,True,0.18400697,0.896308
2021-09-22,IP,Materials,2,Middle,False,STABLE,False,False,False,0.19404745,0.9279251
2021-09-22,IPG,Unknown,2,Middle,False,MIDDLE,False,False,False,0.28403994,1.4605393
2021-09-22,IPGP,Unknown,3,Risky,False,RISKY,False,False,False,0.45789325,1.5216331
2021-09-22,IQV,Health Care,1,Stable,True,MIDDLE,False,False,False,0.17784876,0.8152746
2021-09-22,IR,Industrials,2,Middle,False,MIDDLE,False,False,False,0.24315104,1.1974704
2021-09-22,IRM,Real Estate,2,Middle,False,MIDDLE,False,False,False,0.22847857,0.95163345
2021-09-22,ISRG,Health Care,2,Middle,False,MIDDLE,False,False,False,0.24665423,1.209179
2021-09-22,IT,Information Technology,2,Middle,False,MIDDLE,False,False,False,0.29284096,0.80908966
2021-09-22,ITW,Industrials,1,Stable,True,STABLE,False,True,True,0.14870344,0.8134026
2021-09-22,IVZ,Financials,3,Risky,False,RISKY,False,False,False,0.35507205,1.8844706
2021-09-22,J,Industrials,2,Middle,False,MIDDLE,False,False,False,0.2275776,1.2527641
2021-09-22,JBHT,Industrials,2,Middle,False,MIDDLE,False,False,False,0.23071213,0.9987494
2021-09-22,JCI,Industrials,2,Middle,False,MIDDLE,False,False,False,0.18531601,1.2040708
2021-09-22,JKHY,Financials,1,Stable,True,STABLE,False,True,True,0.17299074,0.62097406
2021-09-22,JNJ,Health Care,1,Stable,True,STABLE,False,True,True,0.12403393,0.41384578
2021-09-22,JNPR,Unknown,2,Middle,False,MIDDLE,False,False,False,0.21622552,1.2043068
2021-09-22,JPM,Financials,2,Middle,False,MIDDLE,False,False,False,0.19999532,1.187752
2021-09-22,K,Unknown,1,Stable,True,STABLE,False,True,True,0.17867966,0.2846602
2021-09-22,KEY,Financials,3,Risky,False,RISKY,False,False,False,0.28709707,1.5106477
2021-09-22,KEYS,Information Technology,2,Middle,False,STABLE,False,False,False,0.16722675,1.0220612
2021-09-22,KHC,Consumer Staples,1,Stable,True,MIDDLE,False,False,False,0.18175332,0.66954184
2021-09-22,KIM,Real Estate,2,Middle,False,RISKY,False,False,False,0.27538007,1.4638741
2021-09-22,KLAC,Information Technology,3,Risky,False,RISKY,False,False,False,0.33755353,1.7452953
2021-09-22,KMB,Consumer Staples,1,Stable,True,STABLE,False,True,True,0.16171771,0.11518025
2021-09-22,KMI,Energy,2,Middle,False,STABLE,False,False,False,0.22112027,1.0080808
2021-09-22,KMX,Unknown,2,Middle,False,MIDDLE,False,False,False,0.28614447,1.3590176
2021-09-22,KO,Consumer Staples,1,Stable,True,STABLE,False,True,True,0.113817886,0.5620715
2021-09-22,KR,Consumer Staples,1,Stable,True,RISKY,False,False,False,0.26643056,0.5904887
2021-09-22,L,Financials,2,Middle,False,MIDDLE,False,False,False,0.20011571,1.2412193
2021-09-22,LDOS,Industrials,1,Stable,True,STABLE,False,True,True,0.2451913,0.6433118
2021-09-22,LEG,Unknown,2,Middle,False,MIDDLE,False,False,False,0.25070408,1.2812928
2021-09-22,LEN,Consumer Discretionary,2,Middle,False,MIDDLE,False,False,False,0.29415587,1.3672855
2021-09-22,LH,Health Care,1,Stable,True,STABLE,False,True,True,0.16108881,0.56095207
2021-09-22,LHX,Industrials,1,Stable,True,STABLE,False,True,True,0.1641897,0.76262623
2021-09-22,LIN,Materials,2,Middle,False,STABLE,False,False,False,0.16615671,1.0228437
2021-09-22,LKQ,Unknown,2,Middle,False,MIDDLE,False,False,False,0.22607975,1.3084425
2021-09-22,LLY,Health Care,1,Stable,True,STABLE,False,True,True,0.27385443,0.5660819
2021-09-22,LMT,Industrials,1,Stable,True,STABLE,False,True,True,0.14790235,0.71745664
2021-09-22,LNC,Unknown,3,Risky,False,RISKY,False,False,False,0.35143197,1.864422
2021-09-22,LNT,Utilities,1,Stable,True,STABLE,False,True,True,0.16430172,0.35790554
2021-09-22,LOW,Consumer Discretionary,2,Middle,False,STABLE,False,False,False,0.25052515,0.86314726
2021-09-22,LRCX,Information Technology,3,Risky,False,RISKY,False,False,False,0.33838195,1.9740142
2021-09-22,LUMN,Unknown,2,Middle,False,MIDDLE,False,False,False,0.30816963,0.9584921
2021-09-22,LUV,Industrials,3,Risky,False,RISKY,False,False,False,0.2928045,1.4650278
2021-09-22,LVS,Consumer Discretionary,3,Risky,False,MIDDLE,False,False,False,0.3771284,1.3010767
2021-09-22,LW,Unknown,2,Middle,False,MIDDLE,False,False,False,0.30487567,1.1753267
2021-09-22,LYB,Materials,3,Risky,False,MIDDLE,False,False,False,0.30107334,1.5035125
2021-09-22,LYV,Communication Services,3,Risky,False,RISKY,False,False,False,0.34992677,1.2842804
2021-09-22,MA,Financials,2,Middle,False,MIDDLE,False,False,False,0.21006545,1.1117957
2021-09-22,MAA,Real Estate,1,Stable,True,STABLE,False,True,True,0.16640835,0.5660761
2021-09-22,MAR,Consumer Discretionary,2,Middle,False,MIDDLE,False,False,False,0.26693934,1.4415431
2021-09-22,MAS,Industrials,2,Middle,False,MIDDLE,False,False,False,0.20793948,1.024405
2021-09-22,MCD,Consumer Discretionary,1,Stable,True,STABLE,False,True,True,0.13267884,0.74417114
2021-09-22,MCHP,Information Technology,3,Risky,False,RISKY,False,False,False,0.28717992,1.8286504
2021-09-22,MCK,Health Care,1,Stable,True,MIDDLE,False,False,False,0.21355751,0.72098297
2021-09-22,MCO,Financials,1,Stable,True,STABLE,False,True,True,0.15665537,0.905813
2021-09-22,MDLZ,Consumer Staples,1,Stable,True,STABLE,False,True,True,0.13332306,0.4318745
2021-09-22,MDT,Health Care,1,Stable,True,MIDDLE,False,False,False,0.15922162,0.7827922
2021-09-22,MET,Financials,2,Middle,False,RISKY,False,False,False,0.24859697,1.4228661
2021-09-22,META,Communication Services,2,Middle,False,RISKY,False,False,False,0.26078904,1.2823433
2021-09-22,MGM,Consumer Discretionary,3,Risky,False,MIDDLE,False,False,False,0.3708453,1.4639055
2021-09-22,MHK,Unknown,3,Risky,False,MIDDLE,False,False,False,0.3198671,1.8599787
2021-09-22,MKC,Consumer Staples,1,Stable,True,STABLE,False,True,True,0.13599738,0.23967804
2021-09-22,MKTX,Unknown,1,Stable,True,STABLE,False,True,True,0.25217506,0.53419083
2021-09-22,MLM,Materials,2,Middle,False,STABLE,False,False,False,0.22898637,0.88091975
2021-09-22,MMM,Industrials,1,Stable,True,STABLE,False,True,True,0.16510612,0.8896896
2021-09-22,MNST,Consumer Staples,1,Stable,True,MIDDLE,False,False,False,0.18691538,0.8358384
2021-09-22,MO,Consumer Staples,1,Stable,True,MIDDLE,False,False,False,0.1919703,0.8802344
2021-09-22,MOS,Materials,3,Risky,False,RISKY,False,False,False,0.36670938,1.537291
2021-09-22,MPC,Energy,2,Middle,False,MIDDLE,False,False,False,0.30116713,1.3661039
2021-09-22,MPWR,Information Technology,3,Risky,False,RISKY,False,False,False,0.2986413,1.4705138
2021-09-22,MRK,Health Care,1,Stable,True,STABLE,False,True,True,0.16150482,0.18674321
2021-09-22,MRNA,Health Care,3,Risky,False,RISKY,False,False,False,0.7045137,0.73292804
2021-09-22,MRO,Unknown,3,Risky,False,RISKY,False,False,False,0.5128391,1.8254126
2021-09-22,MS,Financials,2,Middle,False,MIDDLE,False,False,False,0.24145491,1.3709226
2021-09-22,MSCI,Financials,2,Middle,False,STABLE,False,False,False,0.18311867,0.9991247
2021-09-22,MSFT,Information Technology,2,Middle,False,STABLE,False,False,False,0.16781218,1.1603355
2021-09-22,MSI,Information Technology,2,Middle,False,STABLE,False,False,False,0.17280672,1.0298932
2021-09-22,MTB,Financials,2,Middle,False,RISKY,False,False,False,0.27153847,1.3592029
2021-09-22,MTCH,Unknown,3,Risky,False,MIDDLE,False,False,False,0.37172863,1.1072608
2021-09-22,MTD,Health Care,1,Stable,True,MIDDLE,False,False,False,0.18748896,0.8249662
2021-09-22,MU,Information Technology,3,Risky,False,RISKY,False,False,False,0.33400163,1.5414321
2021-09-22,NCLH,Consumer Discretionary,3,Risky,False,RISKY,False,False,False,0.511837,2.1901507
2021-09-22,NDAQ,Financials,1,Stable,True,STABLE,False,True,True,0.15402368,0.89273727
2021-09-22,NEE,Utilities,1,Stable,True,STABLE,False,True,True,0.17007546,0.47828326
2021-09-22,NEM,Materials,2,Middle,False,STABLE,False,False,False,0.2539838,0.8766112
2021-09-22,NFLX,Communication Services,1,Stable,True,MIDDLE,False,False,False,0.22711284,0.44794405
2021-09-22,NI,Utilities,1,Stable,True,MIDDLE,False,False,False,0.16294916,0.5549075
2021-09-22,NKE,Consumer Discretionary,2,Middle,False,STABLE,False,False,False,0.2799113,1.0184264
2021-09-22,NLSN,Unknown,2,Middle,False,MIDDLE,False,False,False,0.23872486,1.2693784
2021-09-22,NOC,Industrials,1,Stable,True,STABLE,False,True,True,0.16392516,0.7041767
2021-09-22,NOW,Information Technology,1,Stable,True,STABLE,False,True,True,0.2697033,0.6724258
2021-09-22,NRG,Utilities,2,Middle,False,RISKY,False,False,False,0.2718478,1.0289733
2021-09-22,NSC,Industrials,2,Middle,False,MIDDLE,False,False,False,0.20522492,1.0242078
2021-09-22,NTAP,Information Technology,2,Middle,False,MIDDLE,False,False,False,0.22490217,1.1610528
2021-09-22,NTRS,Financials,2,Middle,False,MIDDLE,False,False,False,0.24102649,1.2559494
2021-09-22,NUE,Materials,3,Risky,False,RISKY,False,False,False,0.42792144,1.8340052
2021-09-22,NVDA,Information Technology,3,Risky,False,RISKY,False,False,False,0.34955883,1.6343127
2021-09-22,NVR,Consumer Discretionary,2,Middle,False,STABLE,False,False,False,0.24407864,0.91800225
2021-09-22,NWL,Unknown,2,Middle,False,MIDDLE,False,False,False,0.26530915,1.4139178
2021-09-22,NWS,Communication Services,2,Middle,False,RISKY,False,False,False,0.258613,1.3710731
2021-09-22,NWSA,Communication Services,2,Middle,False,RISKY,False,False,False,0.25701237,1.367611
2021-09-22,NXPI,Information Technology,3,Risky,False,RISKY,False,False,False,0.30071768,1.7558988
2021-09-22,O,Real Estate,1,Stable,True,STABLE,False,True,True,0.16010271,0.76814926
2021-09-22,ODFL,Industrials,2,Middle,False,MIDDLE,False,False,False,0.19698271,0.97051376
2021-09-22,OKE,Energy,3,Risky,False,MIDDLE,False,False,False,0.2834895,1.6007198
2021-09-22,OMC,Communication Services,2,Middle,False,MIDDLE,False,False,False,0.2077701,0.9352377
2021-09-22,ORCL,Information Technology,2,Middle,False,STABLE,False,False,False,0.21722074,0.87812775
2021-09-22,ORLY,Consumer Discretionary,1,Stable,True,STABLE,False,True,True,0.15751931,0.5198357
2021-09-22,OTIS,Industrials,1,Stable,True,STABLE,False,True,True,0.19205724,0.8937945
2021-09-22,OXY,Energy,3,Risky,False,RISKY,False,False,False,0.5535824,1.5955825
2021-09-22,PAYC,Unknown,3,Risky,False,MIDDLE,False,False,False,0.3285777,1.2865008
2021-09-22,PAYX,Industrials,1,Stable,True,STABLE,False,True,True,0.16396694,0.9231126
2021-09-22,PBCT,Unknown,2,Middle,False,MIDDLE,False,False,False,0.28201824,1.4273068
2021-09-22,PCAR,Industrials,2,Middle,False,MIDDLE,False,False,False,0.20261669,1.0623046
2021-09-22,PEG,Utilities,1,Stable,True,MIDDLE,False,False,False,0.16311972,0.71693784
2021-09-22,PENN,Unknown,3,Risky,False,RISKY,False,False,False,0.4777223,1.8940057
2021-09-22,PEP,Consumer Staples,1,Stable,True,STABLE,False,True,True,0.1187496,0.42966193
2021-09-22,PFE,Health Care,1,Stable,True,STABLE,False,True,True,0.2129698,0.42917192
2021-09-22,PFG,Financials,2,Middle,False,RISKY,False,False,False,0.24644724,1.5517828
2021-09-22,PG,Consumer Staples,1,Stable,True,STABLE,False,True,True,0.12627272,0.30027142
2021-09-22,PGR,Financials,1,Stable,True,STABLE,False,True,True,0.186176,0.6840997
2021-09-22,PH,Industrials,2,Middle,False,MIDDLE,False,False,False,0.21095338,1.2172964
2021-09-22,PHM,Consumer Discretionary,3,Risky,False,MIDDLE,False,False,False,0.30875593,1.5200307
2021-09-22,PKG,Materials,1,Stable,True,STABLE,False,True,True,0.18625781,0.7593034
2021-09-22,PLD,Real Estate,1,Stable,True,STABLE,False,True,True,0.16558789,0.72841233
2021-09-22,PM,Consumer Staples,1,Stable,True,STABLE,False,True,True,0.14817047,0.51700896
2021-09-22,PNC,Financials,2,Middle,False,MIDDLE,False,False,False,0.23745735,1.296568
2021-09-22,PNR,Industrials,2,Middle,False,MIDDLE,False,False,False,0.2148323,1.0094122
2021-09-22,PNW,Utilities,1,Stable,True,MIDDLE,False,False,False,0.19534,0.61276495
2021-09-22,POOL,Unknown,1,Stable,True,STABLE,False,True,True,0.2232232,0.7712313
2021-09-22,PPG,Materials,2,Middle,False,STABLE,False,False,False,0.23622434,0.8731491
2021-09-22,PPL,Utilities,1,Stable,True,MIDDLE,False,False,False,0.14890873,0.6527023
2021-09-22,PRU,Financials,2,Middle,False,MIDDLE,False,False,False,0.2371479,1.3961763
2021-09-22,PSA,Real Estate,1,Stable,True,STABLE,False,True,True,0.1418917,0.41558585
2021-09-22,PSX,Energy,3,Risky,False,MIDDLE,False,False,False,0.33720762,1.5198396
2021-09-22,PTC,Information Technology,2,Middle,False,MIDDLE,False,False,False,0.31083322,1.2184734
2021-09-22,PVH,Unknown,3,Risky,False,RISKY,False,False,False,0.44879767,2.0911033
2021-09-22,PWR,Industrials,2,Middle,False,RISKY,False,False,False,0.29810944,1.3629202
2021-09-22,PXD,Unknown,3,Risky,False,MIDDLE,False,False,False,0.37851405,1.0977436
2021-09-22,PYPL,Financials,2,Middle,False,MIDDLE,False,False,False,0.2579069,1.2123951
2021-09-22,QCOM,Information Technology,2,Middle,False,MIDDLE,False,False,False,0.25257665,1.5109578
2021-09-22,QRVO,Unknown,3,Risky,False,MIDDLE,False,False,False,0.27904952,1.6985812
2021-09-22,RCL,Consumer Discretionary,3,Risky,False,RISKY,False,False,False,0.41144413,1.7219867
2021-09-22,REG,Real Estate,2,Middle,False,MIDDLE,False,False,False,0.22225598,1.2079456
2021-09-22,REGN,Health Care,1,Stable,True,STABLE,False,True,True,0.21574394,0.53150475
2021-09-22,RF,Financials,3,Risky,False,RISKY,False,False,False,0.2985452,1.5672674
2021-09-22,RHI,Unknown,2,Middle,False,STABLE,False,False,False,0.21310754,1.0595338
2021-09-22,RJF,Financials,2,Middle,False,MIDDLE,False,False,False,0.22362582,1.3447629
2021-09-22,RL,Consumer Discretionary,3,Risky,False,MIDDLE,False,False,False,0.33090323,1.509683
2021-09-22,RMD,Health Care,1,Stable,True,STABLE,False,True,True,0.24212706,0.55240405
2021-09-22,ROK,Industrials,2,Middle,False,MIDDLE,False,False,False,0.18369016,1.0522974
2021-09-22,ROL,Industrials,1,Stable,True,STABLE,False,True,True,0.1972148,0.691574
2021-09-22,ROP,Information Technology,1,Stable,True,STABLE,False,True,True,0.1416451,0.8021087
2021-09-22,ROST,Consumer Discretionary,2,Middle,False,MIDDLE,False,False,False,0.25639507,1.351201
2021-09-22,RSG,Industrials,1,Stable,True,STABLE,False,True,True,0.13543724,0.661475
2021-09-22,RTX,Industrials,2,Middle,False,MIDDLE,False,False,False,0.19008648,1.1205473
2021-09-22,RVTY,Health Care,1,Stable,True,STABLE,False,True,True,0.23098466,0.6669467
2021-09-22,SBAC,Real Estate,1,Stable,True,STABLE,False,True,True,0.15602729,0.37454897
2021-09-22,SBUX,Consumer Discretionary,1,Stable,True,STABLE,False,True,True,0.17943603,0.94920474
2021-09-22,SCHW,Financials,2,Middle,False,RISKY,False,False,False,0.28276506,1.4460481
2021-09-22,SEE,Unknown,1,Stable,True,STABLE,False,True,True,0.22252637,0.63650346
2021-09-22,SHW,Materials,1,Stable,True,STABLE,False,True,True,0.15755604,0.6559703
2021-09-22,SIVB,Unknown,3,Risky,False,RISKY,False,False,False,0.34443033,1.9819398
2021-09-22,SJM,Consumer Staples,1,Stable,True,STABLE,False,True,True,0.164514,0.31683376
2021-09-22,SLB,Energy,3,Risky,False,MIDDLE,False,False,False,0.4100415,1.4048367
2021-09-22,SNA,Industrials,2,Middle,False,MIDDLE,False,False,False,0.20990162,1.1206583
2021-09-22,SNPS,Information Technology,2,Middle,False,MIDDLE,False,False,False,0.2403885,1.1904532
2021-09-22,SO,Utilities,1,Stable,True,STABLE,False,True,True,0.14147243,0.47366145
2021-09-22,SPG,Real Estate,3,Risky,False,RISKY,False,False,False,0.28424385,1.620828
2021-09-22,SPGI,Financials,1,Stable,True,STABLE,False,True,True,0.16856706,0.845988
2021-09-22,SRE,Utilities,1,Stable,True,MIDDLE,False,False,False,0.16577192,0.70170075
2021-09-22,STE,Health Care,1,Stable,True,MIDDLE,False,False,False,0.17914501,0.82641166
2021-09-22,STT,Financials,3,Risky,False,RISKY,False,False,False,0.29939628,1.4569331
2021-09-22,STX,Information Technology,3,Risky,False,RISKY,False,False,False,0.38409454,1.7701807
2021-09-22,STZ,Consumer Staples,1,Stable,True,MIDDLE,False,False,False,0.17789465,0.72621655
2021-09-22,SWK,Industrials,2,Middle,False,MIDDLE,False,False,False,0.20587459,1.1620518
2021-09-22,SWKS,Information Technology,3,Risky,False,RISKY,False,False,False,0.2901946,1.6003727
2021-09-22,SYF,Financials,3,Risky,False,RISKY,False,False,False,0.30598667,1.4467493
2021-09-22,SYK,Health Care,2,Middle,False,MIDDLE,False,False,False,0.17896532,1.0260946
2021-09-22,SYY,Consumer Staples,2,Middle,False,RISKY,False,False,False,0.22282876,1.0371662
2021-09-22,T,Communication Services,1,Stable,True,STABLE,False,True,True,0.16668049,0.53121823
2021-09-22,TAP,Consumer Staples,2,Middle,False,RISKY,False,False,False,0.27050796,1.1313814
2021-09-22,TDG,Industrials,2,Middle,False,MIDDLE,False,False,False,0.22644591,1.0843637
2021-09-22,TDY,Information Technology,2,Middle,False,MIDDLE,False,False,False,0.20340832,1.1151416
2021-09-22,TECH,Health Care,2,Middle,False,MIDDLE,False,False,False,0.2510178,0.8145734
2021-09-22,TEL,Information Technology,2,Middle,False,MIDDLE,False,False,False,0.20884372,1.4808377
2021-09-22,TER,Information Technology,3,Risky,False,RISKY,False,False,False,0.3217374,1.9835422
2021-09-22,TFC,Financials,2,Middle,False,RISKY,False,False,False,0.26633066,1.3248829
2021-09-22,TFX,Unknown,2,Middle,False,MIDDLE,False,False,False,0.2839669,0.9440478
2021-09-22,TGT,Consumer Staples,1,Stable,True,MIDDLE,False,False,False,0.18116443,0.90898544
2021-09-22,TJX,Consumer Discretionary,2,Middle,False,STABLE,False,False,False,0.23489049,1.1911598
2021-09-22,TMO,Health Care,1,Stable,True,STABLE,False,True,True,0.22062728,0.3621638
2021-09-22,TMUS,Communication Services,1,Stable,True,MIDDLE,False,False,False,0.19176228,0.9011424
2021-09-22,TPR,Consumer Discretionary,3,Risky,False,RISKY,False,False,False,0.35534668,1.9268063
2021-09-22,TRMB,Information Technology,2,Middle,False,MIDDLE,False,False,False,0.23727943,1.3124691
2021-09-22,TROW,Financials,2,Middle,False,MIDDLE,False,False,False,0.20895097,1.2853029
2021-09-22,TRV,Financials,2,Middle,False,STABLE,False,False,False,0.18950175,0.9674815
2021-09-22,TSCO,Consumer Discretionary,2,Middle,False,STABLE,False,False,False,0.22904877,1.0068066
2021-09-22,TSLA,Consumer Discretionary,3,Risky,False,MIDDLE,False,False,False,0.39372543,1.3287252
2021-09-22,TSN,Consumer Staples,1,Stable,True,STABLE,False,True,True,0.1878967,0.41496792
2021-09-22,TT,Industrials,2,Middle,False,MIDDLE,False,False,False,0.21253894,1.1695747
2021-09-22,TTWO,Communication Services,1,Stable,True,MIDDLE,False,False,False,0.26011145,0.55220497
2021-09-22,TWTR,Unknown,3,Risky,False,RISKY,False,False,False,0.40071926,1.8227117
2021-09-22,TXN,Information Technology,2,Middle,False,MIDDLE,False,False,False,0.22622615,1.3095642
2021-09-22,TXT,Industrials,2,Middle,False,RISKY,False,False,False,0.2539838,1.5224757
2021-09-22,TYL,Information Technology,1,Stable,True,STABLE,False,True,True,0.1844168,0.66057837
2021-09-22,UA,Unknown,3,Risky,False,RISKY,False,False,False,0.37257838,1.5770383
2021-09-22,UAA,Unknown,3,Risky,False,RISKY,False,False,False,0.39000678,1.6583332
2021-09-22,UAL,Industrials,3,Risky,False,RISKY,False,False,False,0.36668158,1.6471347
2021-09-22,UDR,Real Estate,1,Stable,True,STABLE,False,True,True,0.16693254,0.80310875
2021-09-22,UHS,Health Care,2,Middle,False,MIDDLE,False,False,False,0.22670735,1.1224881
2021-09-22,ULTA,Consumer Discretionary,2,Middle,False,MIDDLE,False,False,False,0.2604016,1.3086392
2021-09-22,UNH,Health Care,1,Stable,True,STABLE,False,True,True,0.17176534,0.67803776
2021-09-22,UNP,Industrials,2,Middle,False,MIDDLE,False,False,False,0.16535838,1.0202427
2021-09-22,UPS,Industrials,1,Stable,True,STABLE,False,True,True,0.25581473,0.6984997
2021-09-22,URI,Industrials,3,Risky,False,RISKY,False,False,False,0.325625,1.7867223
2021-09-22,USB,Financials,2,Middle,False,MIDDLE,False,False,False,0.24641092,1.2228336
2021-09-22,V,Financials,1,Stable,True,STABLE,False,True,True,0.16305305,0.9521378
2021-09-22,VFC,Unknown,2,Middle,False,MIDDLE,False,False,False,0.3014643,1.3663785
2021-09-22,VLO,Energy,3,Risky,False,MIDDLE,False,False,False,0.3678063,1.5370659
2021-09-22,VMC,Materials,1,Stable,True,STABLE,False,True,True,0.21514904,0.6777573
2021-09-22,VNO,Unknown,2,Middle,False,MIDDLE,False,False,False,0.2669454,1.1835811
2021-09-22,VRSK,Industrials,1,Stable,True,STABLE,False,True,True,0.19602598,0.63392967
2021-09-22,VRSN,Information Technology,1,Stable,True,STABLE,False,True,True,0.16263969,0.6194835
2021-09-22,VRTX,Health Care,1,Stable,True,STABLE,False,True,True,0.24737231,0.38622212
2021-09-22,VTR,Real Estate,2,Middle,False,MIDDLE,False,False,False,0.2049252,0.93670756
2021-09-22,VTRS,Health Care,1,Stable,True,STABLE,False,True,True,0.27361184,0.63431674
2021-09-22,VZ,Communication Services,1,Stable,True,STABLE,False,True,True,0.0960602,0.3139191
2021-09-22,WAB,Industrials,2,Middle,False,MIDDLE,False,False,False,0.22982264,1.236989
2021-09-22,WAT,Health Care,2,Middle,False,MIDDLE,False,False,False,0.207369,0.9139321
2021-09-22,WBA,Unknown,2,Middle,False,STABLE,False,False,False,0.2519589,0.9477568
2021-09-22,WDC,Information Technology,3,Risky,False,RISKY,False,False,False,0.38750318,1.9949747
2021-09-22,WEC,Utilities,1,Stable,True,STABLE,False,True,True,0.17189057,0.30618152
2021-09-22,WELL,Real Estate,2,Middle,False,MIDDLE,False,False,False,0.21339954,1.0246133
2021-09-22,WFC,Financials,2,Middle,False,RISKY,False,False,False,0.31326008,1.2452712
2021-09-22,WHR,Unknown,2,Middle,False,MIDDLE,False,False,False,0.2326568,1.2140588
2021-09-22,WM,Industrials,1,Stable,True,STABLE,False,True,True,0.120996825,0.6175123
2021-09-22,WMB,Energy,2,Middle,False,STABLE,False,False,False,0.19639061,0.9691381
2021-09-22,WMT,Consumer Staples,1,Stable,True,STABLE,False,True,True,0.13384105,0.59658295
2021-09-22,WRB,Financials,1,Stable,True,STABLE,False,True,True,0.17788057,0.92227787
2021-09-22,WST,Health Care,1,Stable,True,STABLE,False,True,True,0.1926894,0.66272795
2021-09-22,WTW,Financials,2,Middle,False,MIDDLE,False,False,False,0.2821239,0.9570504
2021-09-22,WU,Unknown,1,Stable,True,STABLE,False,True,True,0.20317416,0.86137414
2021-09-22,WY,Real Estate,2,Middle,False,MIDDLE,False,False,False,0.2401135,1.2404631
2021-09-22,WYNN,Consumer Discretionary,3,Risky,False,MIDDLE,False,False,False,0.40234137,1.1216644
2021-09-22,XEL,Utilities,1,Stable,True,STABLE,False,True,True,0.15925622,0.45545754
2021-09-22,XOM,Energy,2,Middle,False,STABLE,False,False,False,0.2733992,1.1733445
2021-09-22,XRAY,Unknown,1,Stable,True,STABLE,False,True,True,0.22737667,0.8106207
2021-09-22,XYL,Industrials,2,Middle,False,MIDDLE,False,False,False,0.1808872,1.1387315
2021-09-22,YUM,Consumer Discretionary,1,Stable,True,STABLE,False,True,True,0.17466451,0.6767137
2021-09-22,ZBH,Health Care,2,Middle,False,MIDDLE,False,False,False,0.23024696,0.86919665
2021-09-22,ZBRA,Information Technology,2,Middle,False,MIDDLE,False,False,False,0.2261198,1.3815259
2021-09-22,ZION,Unknown,3,Risky,False,MIDDLE,False,False,False,0.32784194,1.695863
2021-09-22,ZTS,Health Care,1,Stable,True,STABLE,False,True,True,0.16489035,0.605154
2022-03-15,A,Health Care,2,Middle,False,MIDDLE,False,False,False,0.2799844,1.0926403
2022-03-15,AAL,Unknown,3,Risky,False,MIDDLE,False,False,False,0.54256785,1.7088082
2022-03-15,AAP,Unknown,2,Middle,False,STABLE,False,False,False,0.27866733,0.956321
2022-03-15,AAPL,Information Technology,2,Middle,False,STABLE,False,False,False,0.27130595,1.1949999
2022-03-15,ABBV,Health Care,1,Stable,True,STABLE,False,True,True,0.1690747,0.32893735
2022-03-15,ABMD,Unknown,3,Risky,False,MIDDLE,False,False,False,0.4616603,1.6911561
2022-03-15,ABT,Health Care,1,Stable,True,STABLE,False,True,True,0.23029129,0.70095265
2022-03-15,ACN,Information Technology,2,Middle,False,STABLE,False,False,False,0.28882927,1.1812459
2022-03-15,ADBE,Information Technology,3,Risky,False,MIDDLE,False,False,False,0.42138124,1.6783804
2022-03-15,ADI,Information Technology,2,Middle,False,MIDDLE,False,False,False,0.32995403,1.4729369
2022-03-15,ADM,Consumer Staples,1,Stable,True,STABLE,False,True,True,0.2182655,0.44658512
2022-03-15,ADP,Industrials,1,Stable,True,STABLE,False,True,True,0.24344596,0.8718638
2022-03-15,ADSK,Information Technology,3,Risky,False,MIDDLE,False,False,False,0.43741873,1.6038309
2022-03-15,AEE,Utilities,1,Stable,True,MIDDLE,False,False,False,0.17595871,0.30375534
2022-03-15,AEP,Utilities,1,Stable,True,STABLE,False,True,True,0.17206757,0.21423003
2022-03-15,AES,Utilities,1,Stable,True,RISKY,False,False,False,0.25731456,0.83650196
2022-03-15,AFL,Financials,1,Stable,True,STABLE,False,True,True,0.22584812,0.71244484
2022-03-15,AIG,Financials,2,Middle,False,MIDDLE,False,False,False,0.32447276,0.97089636
2022-03-15,AIZ,Financials,1,Stable,True,STABLE,False,True,True,0.21150465,0.7586905
2022-03-15,AJG,Financials,1,Stable,True,STABLE,False,True,True,0.22567974,0.9244506
2022-03-15,AKAM,Information Technology,1,Stable,True,STABLE,False,True,True,0.25293934,0.7702432
2022-03-15,ALB,Materials,3,Risky,False,RISKY,False,False,False,0.5292793,1.8988407
2022-03-15,ALGN,Health Care,3,Risky,False,MIDDLE,False,False,False,0.45925608,1.7795789
2022-03-15,ALK,Unknown,2,Middle,False,MIDDLE,False,False,False,0.4318279,1.3238586
2022-03-15,ALL,Financials,1,Stable,True,STABLE,False,True,True,0.2441843,0.34635165
2022-03-15,ALLE,Industrials,2,Middle,False,STABLE,False,False,False,0.25492823,0.9111905
2022-03-15,AMAT,Information Technology,3,Risky,False,MIDDLE,False,False,False,0.4682345,1.8751773
2022-03-15,AMCR,Materials,1,Stable,True,STABLE,False,True,True,0.19569126,0.5939656
2022-03-15,AMD,Information Technology,3,Risky,False,RISKY,False,False,False,0.59300154,2.3817766
2022-03-15,AME,Industrials,1,Stable,True,STABLE,False,True,True,0.21402879,0.85930216
2022-03-15,AMGN,Health Care,1,Stable,True,STABLE,False,True,True,0.21324481,0.47028977
2022-03-15,AMP,Financials,2,Middle,False,MIDDLE,False,False,False,0.31411335,1.3526152
2022-03-15,AMT,Real Estate,1,Stable,True,MIDDLE,False,False,False,0.24324451,0.6678362
2022-03-15,AMZN,Consumer Discretionary,2,Middle,False,MIDDLE,False,False,False,0.3792276,1.3945256
2022-03-15,ANET,Information Technology,3,Risky,False,MIDDLE,False,False,False,0.45699802,1.611688
2022-03-15,ANSS,Unknown,2,Middle,False,MIDDLE,False,False,False,0.3555388,1.6006123
2022-03-15,AON,Financials,1,Stable,True,STABLE,False,True,True,0.25540078,0.8536422
2022-03-15,AOS,Industrials,2,Middle,False,MIDDLE,False,False,False,0.29572314,0.9608504
2022-03-15,APA,Energy,3,Risky,False,RISKY,False,False,False,0.5201052,1.2746757
2022-03-15,APD,Materials,1,Stable,True,STABLE,False,True,True,0.23782186,0.758755
2022-03-15,APH,Information Technology,2,Middle,False,STABLE,False,False,False,0.2528639,1.2126036
2022-03-15,APTV,Consumer Discretionary,3,Risky,False,MIDDLE,False,False,False,0.41597542,1.498474
2022-03-15,ARE,Real Estate,1,Stable,True,STABLE,False,True,True,0.22444163,0.81069803
2022-03-15,ATO,Utilities,1,Stable,True,STABLE,False,True,True,0.19996801,0.26671168
2022-03-15,ATVI,Unknown,1,Stable,True,STABLE,False,True,True,0.45781878,0.025499273
2022-03-15,AVB,Real Estate,1,Stable,True,STABLE,False,True,True,0.21229495,0.68850696
2022-03-15,AVGO,Information Technology,2,Middle,False,MIDDLE,False,False,False,0.3361833,1.4626311
2022-03-15,AVY,Materials,2,Middle,False,MIDDLE,False,False,False,0.29185963,1.1617392
2022-03-15,AWK,Utilities,1,Stable,True,MIDDLE,False,False,False,0.21764782,0.4005976
2022-03-15,AXP,Financials,2,Middle,False,MIDDLE,False,False,False,0.38107327,1.2131851
2022-03-15,AZO,Consumer Discretionary,2,Middle,False,STABLE,False,False,False,0.2645905,0.8970017
2022-03-15,BA,Industrials,2,Middle,False,MIDDLE,False,False,False,0.39527875,1.2080133
2022-03-15,BAC,Financials,2,Middle,False,MIDDLE,False,False,False,0.30063725,0.97388583
2022-03-15,BALL,Materials,1,Stable,True,STABLE,False,True,True,0.271046,0.37072274
2022-03-15,BAX,Health Care,1,Stable,True,STABLE,False,True,True,0.20393781,0.3389113
2022-03-15,BBWI,Unknown,3,Risky,False,MIDDLE,False,False,False,0.438589,1.6829027
2022-03-15,BBY,Consumer Discretionary,2,Middle,False,MIDDLE,False,False,False,0.41138148,0.92884123
2022-03-15,BDX,Health Care,1,Stable,True,STABLE,False,True,True,0.21230106,0.14169
2022-03-15,BEN,Financials,2,Middle,False,MIDDLE,False,False,False,0.37352532,1.3475804
2022-03-15,BF-B,Consumer Staples,1,Stable,True,STABLE,False,True,True,0.23862466,0.4339578
2022-03-15,BIIB,Health Care,1,Stable,True,STABLE,False,True,True,0.32126492,0.5901468
2022-03-15,BIO,Unknown,2,Middle,False,STABLE,False,False,False,0.34610096,1.016132
2022-03-15,BKNG,Consumer Discretionary,2,Middle,False,MIDDLE,False,False,False,0.42035016,1.2918895
2022-03-15,BKR,Energy,1,Stable,True,MIDDLE,False,False,False,0.4001717,0.23313382
2022-03-15,BLK,Financials,2,Middle,False,MIDDLE,False,False,False,0.26689005,1.1254535
2022-03-15,BMY,Health Care,1,Stable,True,STABLE,False,True,True,0.19576296,0.1972894
2022-03-15,BR,Industrials,2,Middle,False,STABLE,False,False,False,0.2595198,0.8938144
2022-03-15,BRK-B,Financials,1,Stable,True,STABLE,False,True,True,0.16573723,0.5422612
2022-03-15,BRO,Financials,2,Middle,False,MIDDLE,False,False,False,0.27928665,1.1007428
2022-03-15,BSX,Health Care,1,Stable,True,STABLE,False,True,True,0.26703376,0.79625756
2022-03-15,BWA,Unknown,2,Middle,False,STABLE,False,False,False,0.35837635,0.95602936
2022-03-15,BXP,Real Estate,1,Stable,True,MIDDLE,False,False,False,0.26868892,0.7769377
2022-03-15,C,Financials,1,Stable,True,STABLE,False,True,True,0.24624601,0.64491874
2022-03-15,CAG,Unknown,1,Stable,True,STABLE,False,True,True,0.24870549,0.11200732
2022-03-15,CAH,Health Care,1,Stable,True,STABLE,False,True,True,0.24273461,0.5601796
2022-03-15,CARR,Industrials,2,Middle,False,MIDDLE,False,False,False,0.29490912,1.0785601
2022-03-15,CAT,Industrials,1,Stable,True,STABLE,False,True,True,0.2850772,0.5345875
2022-03-15,CB,Financials,1,Stable,True,STABLE,False,True,True,0.23268916,0.7527169
2022-03-15,CBOE,Financials,1,Stable,True,STABLE,False,True,True,0.22802988,0.68735135
2022-03-15,CBRE,Real Estate,2,Middle,False,RISKY,False,False,False,0.3226142,1.1974691
2022-03-15,CCI,Real Estate,1,Stable,True,MIDDLE,False,False,False,0.25982606,0.6336101
2022-03-15,CCL,Consumer Discretionary,3,Risky,False,RISKY,False,False,False,0.5829545,1.886848
2022-03-15,CDNS,Information Technology,3,Risky,False,MIDDLE,False,False,False,0.41031343,1.745607
2022-03-15,CDW,Information Technology,2,Middle,False,STABLE,False,False,False,0.30710897,1.2693661
2022-03-15,CE,Unknown,2,Middle,False,STABLE,False,False,False,0.30590475,0.9688428
2022-03-15,CF,Materials,2,Middle,False,RISKY,False,False,False,0.43243435,0.5812902
2022-03-15,CFG,Financials,2,Middle,False,MIDDLE,False,False,False,0.35835835,1.1356784
2022-03-15,CHD,Consumer Staples,1,Stable,True,STABLE,False,True,True,0.22475679,0.26328576
2022-03-15,CHRW,Industrials,1,Stable,True,STABLE,False,True,True,0.31086093,0.2437463
2022-03-15,CHTR,Communication Services,1,Stable,True,STABLE,False,True,True,0.27230966,0.42160282
2022-03-15,CI,Health Care,1,Stable,True,STABLE,False,True,True,0.25849825,0.75191087
2022-03-15,CINF,Financials,2,Middle,False,STABLE,False,False,False,0.27901715,0.8622164
2022-03-15,CL,Consumer Staples,1,Stable,True,STABLE,False,True,True,0.17583983,0.21616244
2022-03-15,CLX,Consumer Staples,1,Stable,True,MIDDLE,False,False,False,0.3382858,-0.050044812
2022-03-15,CMA,Unknown,2,Middle,False,MIDDLE,False,False,False,0.3761538,1.2091999
2022-03-15,CMCSA,Communication Services,1,Stable,True,STABLE,False,True,True,0.2506422,0.65613276
2022-03-15,CME,Financials,1,Stable,True,STABLE,False,True,True,0.22395812,0.742633
2022-03-15,CMG,Consumer Discretionary,2,Middle,False,MIDDLE,False,False,False,0.36684498,1.4202542
2022-03-15,CMI,Industrials,1,Stable,True,STABLE,False,True,True,0.26830596,0.7767766
2022-03-15,CMS,Utilities,1,Stable,True,STABLE,False,True,True,0.18125634,0.14601327
2022-03-15,CNC,Health Care,1,Stable,True,STABLE,False,True,True,0.29992262,0.7219523
2022-03-15,CNP,Utilities,1,Stable,True,MIDDLE,False,False,False,0.1955117,0.4846057
2022-03-15,COF,Financials,2,Middle,False,MIDDLE,False,False,False,0.36107314,1.1630179
2022-03-15,COO,Health Care,2,Middle,False,STABLE,False,False,False,0.26257083,0.9072248
2022-03-15,COP,Energy,1,Stable,True,STABLE,False,True,True,0.32172784,0.42668343
2022-03-15,COR,Health Care,1,Stable,True,STABLE,False,True,True,0.20546682,0.47335577
2022-03-15,COST,Consumer Staples,1,Stable,True,RISKY,False,False,False,0.24530207,0.806197
2022-03-15,CPAY,Financials,2,Middle,False,MIDDLE,False,False,False,0.3217146,1.0711414
2022-03-15,CPB,Unknown,1,Stable,True,STABLE,False,True,True,0.22907692,0.102392875
2022-03-15,CPRT,Industrials,2,Middle,False,MIDDLE,False,False,False,0.3200988,1.4643883
2022-03-15,CRL,Health Care,2,Middle,False,MIDDLE,False,False,False,0.37486333,1.1669344
2022-03-15,CRM,Information Technology,3,Risky,False,MIDDLE,False,False,False,0.4148941,1.6827228
2022-03-15,CSCO,Information Technology,1,Stable,True,STABLE,False,True,True,0.24240676,0.8239189
2022-03-15,CSX,Industrials,1,Stable,True,STABLE,False,True,True,0.25639245,0.77760375
2022-03-15,CTAS,Industrials,2,Middle,False,STABLE,False,False,False,0.23905236,1.003367
2022-03-15,CTLT,Unknown,2,Middle,False,STABLE,False,False,False,0.34254107,1.1042777
2022-03-15,CTRA,Unknown,2,Middle,False,STABLE,False,False,False,0.44506943,0.422746
2022-03-15,CTSH,Information Technology,2,Middle,False,STABLE,False,False,False,0.229623,0.9985633
2022-03-15,CTVA,Materials,1,Stable,True,STABLE,False,True,True,0.26819897,0.7631519
2022-03-15,CTXS,Unknown,1,Stable,True,STABLE,False,True,True,0.3635664,0.53790396
2022-03-15,CVS,Health Care,1,Stable,True,STABLE,False,True,True,0.23153464,0.40502062
2022-03-15,CVX,Energy,1,Stable,True,STABLE,False,True,True,0.25445002,0.09118506
2022-03-15,CZR,Unknown,3,Risky,False,MIDDLE,False,False,False,0.55561036,1.8460172
2022-03-15,D,Utilities,1,Stable,True,STABLE,False,True,True,0.19890499,0.23835714
2022-03-15,DAL,Industrials,3,Risky,False,RISKY,False,False,False,0.48753074,1.5553942
2022-03-15,DAY,Unknown,3,Risky,False,MIDDLE,False,False,False,0.4374425,1.7923523
2022-03-15,DD,Materials,2,Middle,False,MIDDLE,False,False,False,0.3206341,1.1195968
2022-03-15,DE,Industrials,1,Stable,True,STABLE,False,True,True,0.3252537,0.68141204
2022-03-15,DFS,Unknown,2,Middle,False,MIDDLE,False,False,False,0.3803229,1.2123135
2022-03-15,DG,Consumer Staples,1,Stable,True,STABLE,False,True,True,0.24650928,0.5100853
2022-03-15,DGX,Health Care,1,Stable,True,STABLE,False,True,True,0.258981,0.3658401
2022-03-15,DHI,Consumer Discretionary,2,Middle,False,MIDDLE,False,False,False,0.36244166,1.3679645
2022-03-15,DHR,Health Care,1,Stable,True,STABLE,False,True,True,0.2724195,0.7571366
2022-03-15,DIS,Communication Services,2,Middle,False,MIDDLE,False,False,False,0.2932528,0.99449396
2022-03-15,DISH,Unknown,2,Middle,False,MIDDLE,False,False,False,0.43961442,1.1156394
2022-03-15,DLR,Real Estate,1,Stable,True,MIDDLE,False,False,False,0.24918284,0.6265377
2022-03-15,DLTR,Consumer Staples,2,Middle,False,MIDDLE,False,False,False,0.42673177,0.69871986
2022-03-15,DOV,Industrials,2,Middle,False,STABLE,False,False,False,0.23424505,0.95951694
2022-03-15,DOW,Materials,1,Stable,True,STABLE,False,True,True,0.27246386,0.63607085
2022-03-15,DPZ,Consumer Discretionary,2,Middle,False,STABLE,False,False,False,0.3028698,0.7838995
2022-03-15,DRE,Unknown,1,Stable,True,STABLE,False,True,True,0.20462906,0.61238325
2022-03-15,DRI,Consumer Discretionary,2,Middle,False,MIDDLE,False,False,False,0.36448678,1.2458661
2022-03-15,DTE,Utilities,1,Stable,True,MIDDLE,False,False,False,0.16842954,0.27869877
2022-03-15,DUK,Utilities,1,Stable,True,STABLE,False,True,True,0.17225413,0.17509949
2022-03-15,DVA,Health Care,1,Stable,True,STABLE,False,True,True,0.29576176,0.6625485
2022-03-15,DVN,Energy,2,Middle,False,RISKY,False,False,False,0.48342147,0.8289218
2022-03-15,DXC,Unknown,2,Middle,False,STABLE,False,False,False,0.4278692,0.949739
2022-03-15,DXCM,Health Care,3,Risky,False,MIDDLE,False,False,False,0.47155353,1.572033
2022-03-15,EA,Communication Services,1,Stable,True,STABLE,False,True,True,0.2800355,0.36995828
2022-03-15,EBAY,Consumer Discretionary,2,Middle,False,STABLE,False,False,False,0.32868123,0.7454528
2022-03-15,ECL,Materials,2,Middle,False,MIDDLE,False,False,False,0.28996542,1.087774
2022-03-15,ED,Utilities,1,Stable,True,STABLE,False,True,True,0.18864168,0.1700465
2022-03-15,EFX,Industrials,2,Middle,False,MIDDLE,False,False,False,0.33367264,1.3047458
2022-03-15,EG,Financials,1,Stable,True,STABLE,False,True,True,0.2629446,0.7753165
2022-03-15,EIX,Utilities,1,Stable,True,MIDDLE,False,False,False,0.18360288,0.3321621
2022-03-15,EL,Consumer Staples,2,Middle,False,RISKY,False,False,False,0.35281587,1.4687994
2022-03-15,ELV,Health Care,1,Stable,True,STABLE,False,True,True,0.27265847,0.82084155
2022-03-15,EMN,Unknown,2,Middle,False,STABLE,False,False,False,0.31454524,0.92619
2022-03-15,EMR,Industrials,1,Stable,True,STABLE,False,True,True,0.25721452,0.8357059
2022-03-15,ENPH,Unknown,3,Risky,False,RISKY,False,False,False,0.7511992,2.0641792
2022-03-15,EOG,Energy,1,Stable,True,MIDDLE,False,False,False,0.3585012,0.3279173
2022-03-15,EPAM,Unknown,3,Risky,False,RISKY,False,False,False,1.1131455,2.1477933
2022-03-15,EQIX,Real Estate,1,Stable,True,MIDDLE,False,False,False,0.27161524,0.6931463
2022-03-15,ES,Utilities,1,Stable,True,STABLE,False,True,True,0.20041074,0.20123008
2022-03-15,ESS,Real Estate,1,Stable,True,STABLE,False,True,True,0.23460728,0.7370099
2022-03-15,ETN,Industrials,2,Middle,False,MIDDLE,False,False,False,0.26285723,1.0285006
2022-03-15,ETR,Utilities,1,Stable,True,STABLE,False,True,True,0.2168006,0.2645856
2022-03-15,ETSY,Unknown,3,Risky,False,RISKY,False,False,False,0.69729877,2.2916386
2022-03-15,EVRG,Utilities,1,Stable,True,MIDDLE,False,False,False,0.17663747,0.37401938
2022-03-15,EW,Health Care,2,Middle,False,MIDDLE,False,False,False,0.32920444,1.2805433
2022-03-15,EXC,Utilities,1,Stable,True,MIDDLE,False,False,False,0.17773484,0.36373377
2022-03-15,EXPD,Industrials,1,Stable,True,STABLE,False,True,True,0.26162064,0.7535459
2022-03-15,EXPE,Consumer Discretionary,3,Risky,False,RISKY,False,False,False,0.50360715,1.4877859
2022-03-15,EXR,Real Estate,1,Stable,True,MIDDLE,False,False,False,0.25763926,0.6301378
2022-03-15,F,Consumer Discretionary,3,Risky,False,RISKY,False,False,False,0.5023339,1.436219
2022-03-15,FANG,Energy,2,Middle,False,RISKY,False,False,False,0.43757197,0.74338156
2022-03-15,FAST,Industrials,1,Stable,True,STABLE,False,True,True,0.22385353,0.78580934
2022-03-15,FBIN,Unknown,2,Middle,False,MIDDLE,False,False,False,0.30994374,1.2860167
2022-03-15,FCX,Materials,2,Middle,False,RISKY,False,False,False,0.433849,1.1643047
2022-03-15,FDS,Financials,1,Stable,True,STABLE,False,True,True,0.21638417,0.61886746
2022-03-15,FDX,Industrials,2,Middle,False,MIDDLE,False,False,False,0.27128714,0.9842721
2022-03-15,FE,Utilities,1,Stable,True,MIDDLE,False,False,False,0.18124324,0.27770165
2022-03-15,FFIV,Information Technology,2,Middle,False,STABLE,False,False,False,0.31673697,1.1034954
2022-03-15,FI,Financials,2,Middle,False,STABLE,False,False,False,0.31447467,0.8428064
2022-03-15,FIS,Financials,2,Middle,False,MIDDLE,False,False,False,0.36244762,0.9998343
2022-03-15,FITB,Financials,2,Middle,False,MIDDLE,False,False,False,0.34768993,1.1483481
2022-03-15,FMC,Unknown,2,Middle,False,STABLE,False,False,False,0.29662344,0.8777101
2022-03-15,FOX,Communication Services,1,Stable,True,STABLE,False,True,True,0.26462328,0.6775037
2022-03-15,FOXA,Communication Services,1,Stable,True,STABLE,False,True,True,0.28109884,0.6818172
2022-03-15,FRT,Real Estate,1,Stable,True,MIDDLE,False,False,False,0.25396597,0.85396206
2022-03-15,FTNT,Information Technology,3,Risky,False,RISKY,False,False,False,0.55101246,2.2205884
2022-03-15,FTV,Industrials,2,Middle,False,STABLE,False,False,False,0.25982758,0.9772334
2022-03-15,GD,Industrials,1,Stable,True,STABLE,False,True,True,0.19187728,0.47931165
2022-03-15,GE,Industrials,2,Middle,False,MIDDLE,False,False,False,0.32426977,1.0630971
2022-03-15,GEN,Information Technology,2,Middle,False,STABLE,False,False,False,0.3022914,0.8778924
2022-03-15,GILD,Health Care,1,Stable,True,STABLE,False,True,True,0.18202175,0.22539753
2022-03-15,GIS,Consumer Staples,1,Stable,True,STABLE,False,True,True,0.19952337,0.18485904
2022-03-15,GL,Financials,1,Stable,True,STABLE,False,True,True,0.26182985,0.8413319
2022-03-15,GLW,Information Technology,2,Middle,False,STABLE,False,False,False,0.30584413,0.93437696
2022-03-15,GM,Consumer Discretionary,2,Middle,False,MIDDLE,False,False,False,0.41713655,1.2937019
2022-03-15,GNRC,Industrials,3,Risky,False,RISKY,False,False,False,0.49967918,1.3048704
2022-03-15,GOOG,Communication Services,2,Middle,False,MIDDLE,False,False,False,0.30003807,1.3022128
2022-03-15,GOOGL,Communication Services,2,Middle,False,MIDDLE,False,False,False,0.30125722,1.2905031
2022-03-15,GPC,Consumer Discretionary,2,Middle,False,STABLE,False,False,False,0.24168992,0.9388066
2022-03-15,GPN,Financials,2,Middle,False,MIDDLE,False,False,False,0.3714265,1.0572779
2022-03-15,GRMN,Consumer Discretionary,2,Middle,False,STABLE,False,False,False,0.2894486,0.9200645
2022-03-15,GS,Financials,2,Middle,False,MIDDLE,False,False,False,0.2813409,1.00606
2022-03-15,GWW,Industrials,1,Stable,True,STABLE,False,True,True,0.24154475,0.7035727
2022-03-15,HAL,Energy,2,Middle,False,MIDDLE,False,False,False,0.43062162,0.46786797
2022-03-15,HAS,Consumer Discretionary,2,Middle,False,STABLE,False,False,False,0.27151406,0.92092174
2022-03-15,HBAN,Financials,2,Middle,False,MIDDLE,False,False,False,0.3510946,1.1242818
2022-03-15,HCA,Health Care,2,Middle,False,STABLE,False,False,False,0.27341568,0.87322545
2022-03-15,HD,Consumer Discretionary,1,Stable,True,STABLE,False,True,True,0.27126417,0.81377685
2022-03-15,HES,Unknown,2,Middle,False,STABLE,False,False,False,0.39549866,0.7541798
2022-03-15,HIG,Financials,1,Stable,True,STABLE,False,True,True,0.24785566,0.7842976
2022-03-15,HII,Industrials,1,Stable,True,STABLE,False,True,True,0.24944697,0.39652908
2022-03-15,HLT,Consumer Discretionary,2,Middle,False,MIDDLE,False,False,False,0.3578912,1.1867062
2022-03-15,HOLX,Unknown,1,Stable,True,STABLE,False,True,True,0.25494725,0.38284066
2022-03-15,HON,Industrials,1,Stable,True,STABLE,False,True,True,0.23253575,0.92859596
2022-03-15,HPE,Information Technology,2,Middle,False,STABLE,False,False,False,0.32643133,0.79719675
2022-03-15,HPQ,Information Technology,2,Middle,False,STABLE,False,False,False,0.33999243,0.9959949
2022-03-15,HRL,Consumer Staples,1,Stable,True,STABLE,False,True,True,0.19989854,-0.07953956
2022-03-15,HSIC,Health Care,1,Stable,True,STABLE,False,True,True,0.25361785,0.6249308
2022-03-15,HST,Real Estate,2,Middle,False,RISKY,False,False,False,0.33952928,1.0993409
2022-03-15,HSY,Consumer Staples,1,Stable,True,STABLE,False,True,True,0.18071009,0.16191995
2022-03-15,HUM,Health Care,2,Middle,False,STABLE,False,False,False,0.39448333,0.60177416
2022-03-15,HWM,Industrials,2,Middle,False,MIDDLE,False,False,False,0.3642314,1.1699036
2022-03-15,IBM,Information Technology,1,Stable,True,STABLE,False,True,True,0.2396252,0.34396404
2022-03-15,ICE,Financials,1,Stable,True,STABLE,False,True,True,0.22939022,0.7891461
2022-03-15,IDXX,Health Care,2,Middle,False,MIDDLE,False,False,False,0.35685414,1.315052
2022-03-15,IEX,Industrials,1,Stable,True,STABLE,False,True,True,0.24972631,0.87651646
2022-03-15,IFF,Materials,2,Middle,False,MIDDLE,False,False,False,0.28627408,0.8333035
2022-03-15,ILMN,Unknown,2,Middle,False,MIDDLE,False,False,False,0.41499895,1.2677976
2022-03-15,INCY,Health Care,1,Stable,True,STABLE,False,True,True,0.29945797,0.43146527
2022-03-15,INTC,Information Technology,2,Middle,False,STABLE,False,False,False,0.32882532,0.9633742
2022-03-15,INTU,Information Technology,3,Risky,False,MIDDLE,False,False,False,0.4192417,1.7116776
2022-03-15,IP,Materials,1,Stable,True,STABLE,False,True,True,0.2528393,0.48611385
2022-03-15,IPG,Unknown,2,Middle,False,MIDDLE,False,False,False,0.3446124,1.252644
2022-03-15,IPGP,Unknown,2,Middle,False,MIDDLE,False,False,False,0.42975253,1.1685749
2022-03-15,IQV,Health Care,2,Middle,False,MIDDLE,False,False,False,0.29066437,1.0757917
2022-03-15,IR,Industrials,2,Middle,False,MIDDLE,False,False,False,0.2981025,1.148698
2022-03-15,IRM,Real Estate,2,Middle,False,RISKY,False,False,False,0.30090925,0.8897249
2022-03-15,ISRG,Health Care,2,Middle,False,MIDDLE,False,False,False,0.3527223,1.4635311
2022-03-15,IT,Information Technology,2,Middle,False,MIDDLE,False,False,False,0.36030293,1.477347
2022-03-15,ITW,Industrials,1,Stable,True,STABLE,False,True,True,0.20404734,0.6405302
2022-03-15,IVZ,Financials,2,Middle,False,MIDDLE,False,False,False,0.36295462,1.322943
2022-03-15,J,Industrials,2,Middle,False,STABLE,False,False,False,0.25749934,0.9811273
2022-03-15,JBHT,Industrials,2,Middle,False,STABLE,False,False,False,0.27248156,0.8667378
2022-03-15,JCI,Industrials,2,Middle,False,MIDDLE,False,False,False,0.26787752,1.1104629
2022-03-15,JKHY,Financials,1,Stable,True,STABLE,False,True,True,0.25846398,0.5699267
2022-03-15,JNJ,Health Care,1,Stable,True,STABLE,False,True,True,0.17139632,0.23965055
2022-03-15,JNPR,Unknown,2,Middle,False,STABLE,False,False,False,0.27735704,0.9902198
2022-03-15,JPM,Financials,2,Middle,False,STABLE,False,False,False,0.26935965,0.8450597
2022-03-15,K,Unknown,1,Stable,True,STABLE,False,True,True,0.21070537,-0.10246209
2022-03-15,KEY,Financials,2,Middle,False,MIDDLE,False,False,False,0.32686338,1.0412368
2022-03-15,KEYS,Information Technology,2,Middle,False,STABLE,False,False,False,0.30727252,1.3862884
2022-03-15,KHC,Consumer Staples,1,Stable,True,STABLE,False,True,True,0.23385838,0.10526233
2022-03-15,KIM,Real Estate,2,Middle,False,RISKY,False,False,False,0.29541323,0.9735279
2022-03-15,KLAC,Information Technology,3,Risky,False,MIDDLE,False,False,False,0.44850913,1.8930575
2022-03-15,KMB,Consumer Staples,1,Stable,True,STABLE,False,True,True,0.19862156,0.08285079
2022-03-15,KMI,Energy,1,Stable,True,STABLE,False,True,True,0.23603278,0.3833743
2022-03-15,KMX,Unknown,2,Middle,False,MIDDLE,False,False,False,0.3887973,1.215567
2022-03-15,KO,Consumer Staples,1,Stable,True,STABLE,False,True,True,0.17880164,0.38082087
2022-03-15,KR,Consumer Staples,1,Stable,True,MIDDLE,False,False,False,0.3942413,0.0302169
2022-03-15,L,Financials,1,Stable,True,STABLE,False,True,True,0.21696481,0.73434675
2022-03-15,LDOS,Industrials,1,Stable,True,STABLE,False,True,True,0.27915978,0.25237504
2022-03-15,LEN,Consumer Discretionary,2,Middle,False,MIDDLE,False,False,False,0.37886715,1.3923631
2022-03-15,LH,Health Care,1,Stable,True,STABLE,False,True,True,0.25788605,0.47156617
2022-03-15,LHX,Industrials,1,Stable,True,STABLE,False,True,True,0.2862857,0.2618786
2022-03-15,LIN,Materials,2,Middle,False,MIDDLE,False,False,False,0.2685465,0.99704516
2022-03-15,LKQ,Unknown,2,Middle,False,MIDDLE,False,False,False,0.37907633,1.3941084
2022-03-15,LLY,Health Care,1,Stable,True,STABLE,False,True,True,0.27830192,0.7103782
2022-03-15,LMT,Industrials,1,Stable,True,STABLE,False,True,True,0.2789539,0.05965242
2022-03-15,LNC,Unknown,2,Middle,False,MIDDLE,False,False,False,0.40061617,1.3688676
2022-03-15,LNT,Utilities,1,Stable,True,STABLE,False,True,True,0.19665964,0.21931876
2022-03-15,LOW,Consumer Discretionary,1,Stable,True,STABLE,False,True,True,0.23531276,0.80589384
2022-03-15,LRCX,Information Technology,3,Risky,False,MIDDLE,False,False,False,0.44578102,1.7930683
2022-03-15,LUMN,Unknown,2,Middle,False,STABLE,False,False,False,0.4451974,0.78959644
2022-03-15,LUV,Industrials,2,Middle,False,MIDDLE,False,False,False,0.37536824,1.109536
2022-03-15,LVS,Consumer Discretionary,3,Risky,False,RISKY,False,False,False,0.5762535,1.5845551
2022-03-15,LW,Unknown,2,Middle,False,STABLE,False,False,False,0.36789903,0.86503726
2022-03-15,LYB,Materials,1,Stable,True,STABLE,False,True,True,0.29858398,0.5456734
2022-03-15,LYV,Communication Services,3,Risky,False,RISKY,False,False,False,0.50793564,1.6584927
2022-03-15,MA,Financials,2,Middle,False,MIDDLE,False,False,False,0.36190805,1.2668883
2022-03-15,MAA,Real Estate,1,Stable,True,STABLE,False,True,True,0.22848828,0.74005044
2022-03-15,MAR,Consumer Discretionary,2,Middle,False,MIDDLE,False,False,False,0.3601428,1.2343837
2022-03-15,MAS,Industrials,2,Middle,False,STABLE,False,False,False,0.25799435,0.97626615
2022-03-15,MCD,Consumer Discretionary,1,Stable,True,STABLE,False,True,True,0.17695057,0.5673479
2022-03-15,MCHP,Information Technology,3,Risky,False,MIDDLE,False,False,False,0.4186586,1.7471024
2022-03-15,MCK,Health Care,1,Stable,True,STABLE,False,True,True,0.21015705,0.5015296
2022-03-15,MCO,Financials,2,Middle,False,MIDDLE,False,False,False,0.2774658,1.0927168
2022-03-15,MDLZ,Consumer Staples,1,Stable,True,STABLE,False,True,True,0.18205741,0.3674206
2022-03-15,MDT,Health Care,1,Stable,True,STABLE,False,True,True,0.24034542,0.618572
2022-03-15,MET,Financials,1,Stable,True,STABLE,False,True,True,0.26499125,0.83750296
2022-03-15,META,Communication Services,3,Risky,False,RISKY,False,False,False,0.57213014,1.9779536
2022-03-15,MGM,Consumer Discretionary,3,Risky,False,MIDDLE,False,False,False,0.44226012,1.4998301
2022-03-15,MHK,Unknown,3,Risky,False,MIDDLE,False,False,False,0.4181054,1.4947798
2022-03-15,MKC,Consumer Staples,1,Stable,True,STABLE,False,True,True,0.22624378,0.10229606
2022-03-15,MKTX,Unknown,1,Stable,True,STABLE,False,True,True,0.31683192,0.6303476
2022-03-15,MLM,Materials,2,Middle,False,MIDDLE,False,False,False,0.29835626,1.2055657
2022-03-15,MMM,Industrials,1,Stable,True,STABLE,False,True,True,0.20967554,0.5287591
2022-03-15,MNST,Consumer Staples,2,Middle,False,RISKY,False,False,False,0.28943372,1.1013472
2022-03-15,MO,Consumer Staples,1,Stable,True,STABLE,False,True,True,0.2293466,0.14470108
2022-03-15,MOH,Unknown,2,Middle,False,STABLE,False,False,False,0.30584833,1.0178558
2022-03-15,MOS,Materials,2,Middle,False,RISKY,False,False,False,0.4561491,0.9134866
2022-03-15,MPC,Energy,1,Stable,True,STABLE,False,True,True,0.3075172,0.6603427
2022-03-15,MPWR,Information Technology,3,Risky,False,RISKY,False,False,False,0.50858206,2.0222914
2022-03-15,MRK,Health Care,1,Stable,True,STABLE,False,True,True,0.2979548,0.21189076
2022-03-15,MRNA,Health Care,3,Risky,False,RISKY,False,False,False,0.8954798,1.1162319
2022-03-15,MRO,Unknown,2,Middle,False,STABLE,False,False,False,0.42597538,0.5287406
2022-03-15,MS,Financials,2,Middle,False,MIDDLE,False,False,False,0.3082044,0.99683887
2022-03-15,MSCI,Financials,2,Middle,False,MIDDLE,False,False,False,0.35486135,1.5534859
2022-03-15,MSFT,Information Technology,2,Middle,False,STABLE,False,False,False,0.2858893,1.3003486
2022-03-15,MSI,Information Technology,2,Middle,False,STABLE,False,False,False,0.27771917,1.1519477
2022-03-15,MTB,Financials,2,Middle,False,MIDDLE,False,False,False,0.3611746,0.97935635
2022-03-15,MTCH,Unknown,3,Risky,False,MIDDLE,False,False,False,0.49341574,1.6891713
2022-03-15,MTD,Health Care,2,Middle,False,MIDDLE,False,False,False,0.3002038,1.2317698
2022-03-15,MU,Information Technology,3,Risky,False,MIDDLE,False,False,False,0.46120012,1.6639184
2022-03-15,NCLH,Consumer Discretionary,3,Risky,False,RISKY,False,False,False,0.62305164,2.0598643
2022-03-15,NDAQ,Financials,2,Middle,False,STABLE,False,False,False,0.24007457,0.9238292
2022-03-15,NDSN,Industrials,2,Middle,False,MIDDLE,False,False,False,0.27426782,1.1137761
2022-03-15,NEE,Utilities,1,Stable,True,RISKY,False,False,False,0.2870561,0.5808923
2022-03-15,NEM,Materials,1,Stable,True,STABLE,False,True,True,0.3186931,-0.41899443
2022-03-15,NFLX,Communication Services,3,Risky,False,RISKY,False,False,False,0.54111207,1.5150274
2022-03-15,NI,Utilities,1,Stable,True,MIDDLE,False,False,False,0.17274989,0.29627535
2022-03-15,NKE,Consumer Discretionary,2,Middle,False,STABLE,False,False,False,0.29332927,1.0364097
2022-03-15,NLSN,Unknown,3,Risky,False,MIDDLE,False,False,False,0.5074811,1.007449
2022-03-15,NOC,Industrials,1,Stable,True,STABLE,False,True,True,0.3018676,0.13597474
2022-03-15,NOW,Information Technology,3,Risky,False,RISKY,False,False,False,0.4972689,1.9899935
2022-03-15,NRG,Utilities,1,Stable,True,RISKY,False,False,False,0.29961318,0.65965927
2022-03-15,NSC,Industrials,1,Stable,True,STABLE,False,True,True,0.2580966,0.669759
2022-03-15,NTAP,Information Technology,2,Middle,False,STABLE,False,False,False,0.30055946,0.939347
2022-03-15,NTRS,Financials,2,Middle,False,MIDDLE,False,False,False,0.32727274,1.175816
2022-03-15,NUE,Materials,2,Middle,False,RISKY,False,False,False,0.45504376,1.0181328
2022-03-15,NVDA,Information Technology,3,Risky,False,RISKY,False,False,False,0.5918089,2.5938497
2022-03-15,NVR,Consumer Discretionary,2,Middle,False,STABLE,False,False,False,0.29620624,1.0770003
2022-03-15,NWL,Unknown,2,Middle,False,STABLE,False,False,False,0.3750742,0.7883225
2022-03-15,NWS,Communication Services,2,Middle,False,MIDDLE,False,False,False,0.32067934,1.1940087
2022-03-15,NWSA,Communication Services,2,Middle,False,MIDDLE,False,False,False,0.29674065,1.15649
2022-03-15,NXPI,Information Technology,3,Risky,False,MIDDLE,False,False,False,0.43715176,1.8231034
2022-03-15,O,Real Estate,1,Stable,True,STABLE,False,True,True,0.19327775,0.56000227
2022-03-15,ODFL,Industrials,2,Middle,False,MIDDLE,False,False,False,0.32145205,1.1749828
2022-03-15,OGN,Unknown,2,Middle,False,STABLE,False,False,False,0.33552027,0.8061389
2022-03-15,OKE,Energy,1,Stable,True,STABLE,False,True,True,0.27406642,0.80929583
2022-03-15,OMC,Communication Services,2,Middle,False,MIDDLE,False,False,False,0.3290808,0.90211946
2022-03-15,ORCL,Information Technology,2,Middle,False,STABLE,False,False,False,0.34750706,1.0589544
2022-03-15,ORLY,Consumer Discretionary,1,Stable,True,STABLE,False,True,True,0.2424104,0.7549265
2022-03-15,OTIS,Industrials,1,Stable,True,STABLE,False,True,True,0.24745637,0.88023525
2022-03-15,OXY,Energy,3,Risky,False,RISKY,False,False,False,0.5562187,0.67214847
2022-03-15,PARA,Unknown,1,Stable,True,STABLE,False,True,True,0.035990417,0.028918164
2022-03-15,PAYC,Unknown,3,Risky,False,MIDDLE,False,False,False,0.4390498,1.6924368
2022-03-15,PAYX,Industrials,2,Middle,False,STABLE,False,False,False,0.24730083,0.97532266
2022-03-15,PCAR,Industrials,1,Stable,True,STABLE,False,True,True,0.25864473,0.7354311
2022-03-15,PEG,Utilities,1,Stable,True,MIDDLE,False,False,False,0.17443024,0.29400027
2022-03-15,PENN,Unknown,3,Risky,False,RISKY,False,False,False,0.6442591,1.5303938
2022-03-15,PEP,Consumer Staples,1,Stable,True,STABLE,False,True,True,0.16800022,0.3871833
2022-03-15,PFE,Health Care,1,Stable,True,STABLE,False,True,True,0.35052055,0.03500818
2022-03-15,PFG,Financials,2,Middle,False,MIDDLE,False,False,False,0.30170953,1.1375852
2022-03-15,PG,Consumer Staples,1,Stable,True,STABLE,False,True,True,0.19101836,0.3456946
2022-03-15,PGR,Financials,1,Stable,True,STABLE,False,True,True,0.20930122,0.37461874
2022-03-15,PH,Industrials,2,Middle,False,MIDDLE,False,False,False,0.29099926,1.116628
2022-03-15,PHM,Consumer Discretionary,2,Middle,False,MIDDLE,False,False,False,0.3834251,1.4039592
2022-03-15,PKG,Materials,1,Stable,True,STABLE,False,True,True,0.2598649,0.49495715
2022-03-15,PLD,Real Estate,1,Stable,True,STABLE,False,True,True,0.22369394,0.6844833
2022-03-15,PM,Consumer Staples,1,Stable,True,STABLE,False,True,True,0.24749185,0.33504984
2022-03-15,PNC,Financials,2,Middle,False,STABLE,False,False,False,0.2835671,0.92646563
2022-03-15,PNR,Industrials,2,Middle,False,MIDDLE,False,False,False,0.28481033,1.1399695
2022-03-15,PNW,Utilities,1,Stable,True,STABLE,False,True,True,0.24841839,0.18653889
2022-03-15,POOL,Unknown,2,Middle,False,MIDDLE,False,False,False,0.3282518,1.2319772
2022-03-15,PPG,Materials,2,Middle,False,MIDDLE,False,False,False,0.28270262,0.97498554
2022-03-15,PPL,Utilities,1,Stable,True,MIDDLE,False,False,False,0.18414345,0.37583724
2022-03-15,PRU,Financials,2,Middle,False,STABLE,False,False,False,0.28185433,0.9282273
2022-03-15,PSA,Real Estate,1,Stable,True,STABLE,False,True,True,0.22686724,0.39700627
2022-03-15,PSX,Energy,1,Stable,True,MIDDLE,False,False,False,0.35928667,0.31530383
2022-03-15,PTC,Information Technology,2,Middle,False,STABLE,False,False,False,0.34855708,1.2454709
2022-03-15,PVH,Unknown,3,Risky,False,MIDDLE,False,False,False,0.5052159,1.6655381
2022-03-15,PWR,Industrials,2,Middle,False,MIDDLE,False,False,False,0.38109425,1.300872
2022-03-15,PXD,Unknown,1,Stable,True,STABLE,False,True,True,0.3182966,0.4226508
2022-03-15,PYPL,Financials,3,Risky,False,RISKY,False,False,False,0.59320116,1.4813601
2022-03-15,QCOM,Information Technology,3,Risky,False,MIDDLE,False,False,False,0.4561304,1.8365699
2022-03-15,QRVO,Unknown,3,Risky,False,MIDDLE,False,False,False,0.43578067,1.5627137
2022-03-15,RCL,Consumer Discretionary,3,Risky,False,RISKY,False,False,False,0.5432121,1.5909485
2022-03-15,REG,Real Estate,1,Stable,True,MIDDLE,False,False,False,0.25065035,0.8562464
2022-03-15,REGN,Health Care,1,Stable,True,STABLE,False,True,True,0.28045487,0.43980092
2022-03-15,RF,Financials,2,Middle,False,MIDDLE,False,False,False,0.3848798,1.2233107
2022-03-15,RHI,Unknown,2,Middle,False,STABLE,False,False,False,0.2848854,1.1645544
2022-03-15,RJF,Financials,2,Middle,False,MIDDLE,False,False,False,0.31643075,1.2825416
2022-03-15,RL,Consumer Discretionary,3,Risky,False,MIDDLE,False,False,False,0.44989267,1.3764569
2022-03-15,RMD,Health Care,1,Stable,True,STABLE,False,True,True,0.27810016,0.768112
2022-03-15,ROK,Industrials,2,Middle,False,STABLE,False,False,False,0.25968936,0.9017679
2022-03-15,ROL,Industrials,2,Middle,False,MIDDLE,False,False,False,0.32148832,0.84598386
2022-03-15,ROP,Information Technology,1,Stable,True,STABLE,False,True,True,0.21880478,0.71177846
2022-03-15,ROST,Consumer Discretionary,2,Middle,False,MIDDLE,False,False,False,0.3423785,1.3444891
2022-03-15,RSG,Industrials,1,Stable,True,STABLE,False,True,True,0.22358084,0.688596
2022-03-15,RTX,Industrials,1,Stable,True,STABLE,False,True,True,0.23627979,0.6914601
2022-03-15,RVTY,Health Care,2,Middle,False,STABLE,False,False,False,0.31099972,0.7984169
2022-03-15,SBAC,Real Estate,1,Stable,True,MIDDLE,False,False,False,0.27479738,0.6521284
2022-03-15,SBUX,Consumer Discretionary,2,Middle,False,STABLE,False,False,False,0.29527515,1.1174487
2022-03-15,SCHW,Financials,2,Middle,False,MIDDLE,False,False,False,0.34148028,1.216796
2022-03-15,SEDG,Unknown,3,Risky,False,RISKY,False,False,False,0.64056176,1.6773494
2022-03-15,SEE,Unknown,1,Stable,True,STABLE,False,True,True,0.28582415,0.7670782
2022-03-15,SHW,Materials,1,Stable,True,MIDDLE,False,False,False,0.24671935,0.85181004
2022-03-15,SIVB,Unknown,3,Risky,False,MIDDLE,False,False,False,0.4935763,2.0370402
2022-03-15,SJM,Consumer Staples,1,Stable,True,STABLE,False,True,True,0.23323649,0.037716806
2022-03-15,SLB,Energy,1,Stable,True,MIDDLE,False,False,False,0.42431152,0.30760282
2022-03-15,SNA,Industrials,1,Stable,True,STABLE,False,True,True,0.26181176,0.7520723
2022-03-15,SNPS,Information Technology,3,Risky,False,MIDDLE,False,False,False,0.3941737,1.8028198
2022-03-15,SO,Utilities,1,Stable,True,STABLE,False,True,True,0.17651932,0.15976231
2022-03-15,SPG,Real Estate,2,Middle,False,RISKY,False,False,False,0.31753224,1.0548716
2022-03-15,SPGI,Financials,2,Middle,False,STABLE,False,False,False,0.2671837,1.0027415
2022-03-15,SRE,Utilities,1,Stable,True,MIDDLE,False,False,False,0.20425141,0.38501507
2022-03-15,STE,Health Care,2,Middle,False,STABLE,False,False,False,0.2750697,0.94194025
2022-03-15,STT,Financials,2,Middle,False,MIDDLE,False,False,False,0.354146,1.189149
2022-03-15,STX,Information Technology,2,Middle,False,STABLE,False,False,False,0.39184183,1.1336292
2022-03-15,STZ,Consumer Staples,1,Stable,True,STABLE,False,True,True,0.19274697,0.4151385
2022-03-15,SWK,Industrials,2,Middle,False,MIDDLE,False,False,False,0.30408704,1.0731785
2022-03-15,SWKS,Information Technology,2,Middle,False,MIDDLE,False,False,False,0.36248082,1.4070059
2022-03-15,SYF,Financials,2,Middle,False,MIDDLE,False,False,False,0.36684498,1.1074463
2022-03-15,SYK,Health Care,2,Middle,False,MIDDLE,False,False,False,0.2667482,1.0454295
2022-03-15,SYY,Consumer Staples,2,Middle,False,RISKY,False,False,False,0.29712355,0.9759565
2022-03-15,T,Communication Services,1,Stable,True,STABLE,False,True,True,0.27472976,0.39042068
2022-03-15,TAP,Consumer Staples,1,Stable,True,MIDDLE,False,False,False,0.2964376,0.35624948
2022-03-15,TDG,Industrials,2,Middle,False,MIDDLE,False,False,False,0.34987488,1.2937505
2022-03-15,TDY,Information Technology,2,Middle,False,STABLE,False,False,False,0.23991305,0.99747604
2022-03-15,TECH,Health Care,2,Middle,False,MIDDLE,False,False,False,0.38076442,1.3462863
2022-03-15,TEL,Information Technology,2,Middle,False,STABLE,False,False,False,0.29394692,1.2759532
2022-03-15,TER,Information Technology,3,Risky,False,RISKY,False,False,False,0.5638568,1.8583549
2022-03-15,TFC,Financials,2,Middle,False,MIDDLE,False,False,False,0.31499276,1.1174138
2022-03-15,TFX,Unknown,2,Middle,False,STABLE,False,False,False,0.31456187,0.86838585
2022-03-15,TGT,Consumer Staples,2,Middle,False,RISKY,False,False,False,0.3065387,0.8685805
2022-03-15,TJX,Consumer Discretionary,2,Middle,False,MIDDLE,False,False,False,0.30870554,1.1498398
2022-03-15,TMO,Health Care,1,Stable,True,STABLE,False,True,True,0.23945066,0.7480217
2022-03-15,TMUS,Communication Services,1,Stable,True,STABLE,False,True,True,0.30751026,0.52680194
2022-03-15,TPR,Consumer Discretionary,3,Risky,False,RISKY,False,False,False,0.46760735,1.6720612
2022-03-15,TRMB,Information Technology,2,Middle,False,MIDDLE,False,False,False,0.337653,1.5324585
2022-03-15,TROW,Financials,2,Middle,False,MIDDLE,False,False,False,0.3193047,1.3349346
2022-03-15,TRV,Financials,1,Stable,True,STABLE,False,True,True,0.23104078,0.5718317
2022-03-15,TSCO,Consumer Discretionary,1,Stable,True,STABLE,False,True,True,0.28714487,0.6943
2022-03-15,TSLA,Consumer Discretionary,3,Risky,False,RISKY,False,False,False,0.6442009,1.9106737
2022-03-15,TSN,Consumer Staples,1,Stable,True,STABLE,False,True,True,0.26129955,0.27162725
2022-03-15,TT,Industrials,2,Middle,False,STABLE,False,False,False,0.27258715,0.9320861
2022-03-15,TTWO,Communication Services,2,Middle,False,STABLE,False,False,False,0.40680525,0.6095509
2022-03-15,TWTR,Unknown,3,Risky,False,MIDDLE,False,False,False,0.45187727,1.4068818
2022-03-15,TXN,Information Technology,2,Middle,False,STABLE,False,False,False,0.2850611,1.1808529
2022-03-15,TXT,Industrials,2,Middle,False,MIDDLE,False,False,False,0.30387297,1.1950685
2022-03-15,TYL,Information Technology,2,Middle,False,MIDDLE,False,False,False,0.3665349,1.5379281
2022-03-15,UA,Unknown,3,Risky,False,MIDDLE,False,False,False,0.45978138,1.5831023
2022-03-15,UAA,Unknown,3,Risky,False,MIDDLE,False,False,False,0.5155743,1.6950942
2022-03-15,UAL,Industrials,3,Risky,False,RISKY,False,False,False,0.57090837,1.9107915
2022-03-15,UDR,Real Estate,1,Stable,True,STABLE,False,True,True,0.22677833,0.7419757
2022-03-15,UHS,Health Care,1,Stable,True,STABLE,False,True,True,0.28196925,0.7671032
2022-03-15,ULTA,Consumer Discretionary,2,Middle,False,MIDDLE,False,False,False,0.3864641,1.3887237
2022-03-15,UNH,Health Care,1,Stable,True,STABLE,False,True,True,0.22906661,0.75528204
2022-03-15,UNP,Industrials,1,Stable,True,STABLE,False,True,True,0.21964611,0.60114145
2022-03-15,UPS,Industrials,2,Middle,False,MIDDLE,False,False,False,0.3111936,0.92145544
2022-03-15,URI,Industrials,2,Middle,False,MIDDLE,False,False,False,0.3677466,1.2680756
2022-03-15,USB,Financials,2,Middle,False,STABLE,False,False,False,0.28877378,0.8656852
2022-03-15,V,Financials,2,Middle,False,MIDDLE,False,False,False,0.3319086,1.1211208
2022-03-15,VFC,Unknown,2,Middle,False,STABLE,False,False,False,0.31880713,0.9681734
2022-03-15,VLO,Energy,1,Stable,True,MIDDLE,False,False,False,0.3659164,0.3807281
2022-03-15,VMC,Materials,2,Middle,False,MIDDLE,False,False,False,0.29300934,1.1323253
2022-03-15,VNO,Unknown,2,Middle,False,STABLE,False,False,False,0.3267634,0.98652107
2022-03-15,VRSK,Industrials,1,Stable,True,STABLE,False,True,True,0.22673525,0.7661452
2022-03-15,VRSN,Information Technology,2,Middle,False,STABLE,False,False,False,0.24823385,0.93144864
2022-03-15,VRTX,Health Care,1,Stable,True,STABLE,False,True,True,0.25953186,0.51951736
2022-03-15,VTR,Real Estate,1,Stable,True,MIDDLE,False,False,False,0.29047883,0.5821897
2022-03-15,VTRS,Health Care,2,Middle,False,MIDDLE,False,False,False,0.49963063,0.7913138
2022-03-15,VZ,Communication Services,1,Stable,True,STABLE,False,True,True,0.16882335,0.18319723
2022-03-15,WAB,Industrials,2,Middle,False,MIDDLE,False,False,False,0.2952156,0.949182
2022-03-15,WAT,Health Care,2,Middle,False,STABLE,False,False,False,0.26114336,0.94821143
2022-03-15,WBA,Unknown,1,Stable,True,STABLE,False,True,True,0.2558318,0.6384958
2022-03-15,WDC,Information Technology,2,Middle,False,MIDDLE,False,False,False,0.42314035,1.2413875
2022-03-15,WEC,Utilities,1,Stable,True,STABLE,False,True,True,0.19168697,0.14028916
2022-03-15,WELL,Real Estate,1,Stable,True,MIDDLE,False,False,False,0.27520669,0.56731576
2022-03-15,WFC,Financials,2,Middle,False,MIDDLE,False,False,False,0.35211918,1.1538808
2022-03-15,WHR,Unknown,2,Middle,False,STABLE,False,False,False,0.31703663,1.1233196
2022-03-15,WM,Industrials,1,Stable,True,STABLE,False,True,True,0.20449199,0.53676724
2022-03-15,WMB,Energy,1,Stable,True,STABLE,False,True,True,0.22276132,0.33097014
2022-03-15,WMT,Consumer Staples,1,Stable,True,STABLE,False,True,True,0.1852411,0.21393186
2022-03-15,WRB,Financials,1,Stable,True,STABLE,False,True,True,0.2416533,0.7299092
2022-03-15,WST,Health Care,2,Middle,False,MIDDLE,False,False,False,0.34647632,1.003611
2022-03-15,WTW,Financials,1,Stable,True,STABLE,False,True,True,0.22722629,0.8119851
2022-03-15,WY,Real Estate,2,Middle,False,RISKY,False,False,False,0.2768561,0.91877484
2022-03-15,WYNN,Consumer Discretionary,3,Risky,False,RISKY,False,False,False,0.52126926,1.6532423
2022-03-15,XEL,Utilities,1,Stable,True,STABLE,False,True,True,0.19268458,0.23521617
2022-03-15,XOM,Energy,1,Stable,True,MIDDLE,False,False,False,0.30538735,0.12518315
2022-03-15,XRAY,Unknown,1,Stable,True,STABLE,False,True,True,0.28982577,0.71751535
2022-03-15,XYL,Industrials,2,Middle,False,MIDDLE,False,False,False,0.32615304,1.2480587
2022-03-15,YUM,Consumer Discretionary,1,Stable,True,STABLE,False,True,True,0.20590197,0.70713997
2022-03-15,ZBH,Health Care,2,Middle,False,STABLE,False,False,False,0.31721875,0.74367857
2022-03-15,ZBRA,Information Technology,2,Middle,False,MIDDLE,False,False,False,0.35117176,1.4561379
2022-03-15,ZION,Unknown,2,Middle,False,STABLE,False,False,False,0.36925066,1.081817
2022-03-15,ZTS,Health Care,2,Middle,False,STABLE,False,False,False,0.25169516,0.95012164
2022-09-06,A,Health Care,2,Middle,False,MIDDLE,False,False,False,0.37017006,1.0890435
2022-09-06,AAL,Unknown,3,Risky,False,RISKY,False,False,False,0.5950076,1.6600544
2022-09-06,AAP,Unknown,2,Middle,False,MIDDLE,False,False,False,0.38814124,0.8300915
2022-09-06,AAPL,Information Technology,2,Middle,False,STABLE,False,False,False,0.3462519,1.2806944
2022-09-06,ABBV,Health Care,1,Stable,True,STABLE,False,True,True,0.23608682,0.302398
2022-09-06,ABT,Health Care,1,Stable,True,MIDDLE,False,False,False,0.26407263,0.84358627
2022-09-06,ACN,Information Technology,2,Middle,False,STABLE,False,False,False,0.3192656,1.1823516
2022-09-06,ADBE,Information Technology,2,Middle,False,MIDDLE,False,False,False,0.42058754,1.4072553
2022-09-06,ADI,Information Technology,2,Middle,False,STABLE,False,False,False,0.34632808,1.1945212
2022-09-06,ADM,Consumer Staples,1,Stable,True,MIDDLE,False,False,False,0.3442882,0.5984814
2022-09-06,ADP,Industrials,2,Middle,False,MIDDLE,False,False,False,0.2841399,0.97593045
2022-09-06,ADSK,Information Technology,3,Risky,False,MIDDLE,False,False,False,0.49412206,1.6529217
2022-09-06,AEE,Utilities,1,Stable,True,STABLE,False,True,True,0.1947989,0.35140058
2022-09-06,AEP,Utilities,1,Stable,True,STABLE,False,True,True,0.20864728,0.40536875
2022-09-06,AES,Utilities,2,Middle,False,RISKY,False,False,False,0.3768825,1.0314068
2022-09-06,AFL,Financials,1,Stable,True,STABLE,False,True,True,0.23270948,0.6664226
2022-09-06,AIG,Financials,2,Middle,False,MIDDLE,False,False,False,0.33930165,0.98319155
2022-09-06,AIZ,Financials,1,Stable,True,STABLE,False,True,True,0.2753331,0.37641352
2022-09-06,AJG,Financials,1,Stable,True,MIDDLE,False,False,False,0.27018133,0.8714716
2022-09-06,AKAM,Information Technology,1,Stable,True,STABLE,False,True,True,0.3026956,0.70257914
2022-09-06,ALB,Materials,3,Risky,False,RISKY,False,False,False,0.5202707,1.2857814
2022-09-06,ALGN,Health Care,3,Risky,False,RISKY,False,False,False,0.6018628,1.5259221
2022-09-06,ALK,Unknown,2,Middle,False,MIDDLE,False,False,False,0.39979526,1.1730349
2022-09-06,ALL,Financials,1,Stable,True,STABLE,False,True,True,0.27877036,0.66738373
2022-09-06,ALLE,Industrials,1,Stable,True,MIDDLE,False,False,False,0.2935111,0.8709881
2022-09-06,AMAT,Information Technology,3,Risky,False,MIDDLE,False,False,False,0.50183755,1.7179359
2022-09-06,AMCR,Materials,1,Stable,True,MIDDLE,False,False,False,0.284897,0.79890007
2022-09-06,AMD,Information Technology,3,Risky,False,RISKY,False,False,False,0.5945388,1.9816155
2022-09-06,AME,Industrials,1,Stable,True,STABLE,False,True,True,0.24054976,0.8394364
2022-09-06,AMGN,Health Care,1,Stable,True,STABLE,False,True,True,0.16476259,0.26330632
2022-09-06,AMP,Financials,2,Middle,False,RISKY,False,False,False,0.34758374,1.256884
2022-09-06,AMT,Real Estate,1,Stable,True,MIDDLE,False,False,False,0.30203143,0.708277
2022-09-06,AMZN,Consumer Discretionary,3,Risky,False,MIDDLE,False,False,False,0.51741475,1.7748172
2022-09-06,ANET,Information Technology,2,Middle,False,MIDDLE,False,False,False,0.43310592,1.4327294
2022-09-06,ANSS,Unknown,2,Middle,False,MIDDLE,False,False,False,0.42456007,1.4962933
2022-09-06,AON,Financials,1,Stable,True,MIDDLE,False,False,False,0.28485405,0.8434934
2022-09-06,AOS,Industrials,2,Middle,False,MIDDLE,False,False,False,0.32256988,0.9275614
2022-09-06,APA,Energy,3,Risky,False,RISKY,False,False,False,0.646022,1.2192609
2022-09-06,APD,Materials,1,Stable,True,MIDDLE,False,False,False,0.26141062,0.7898598
2022-09-06,APH,Information Technology,2,Middle,False,STABLE,False,False,False,0.29469377,1.0595286
2022-09-06,APTV,Consumer Discretionary,3,Risky,False,MIDDLE,False,False,False,0.5426047,1.6904681
2022-09-06,ARE,Real Estate,2,Middle,False,MIDDLE,False,False,False,0.31666464,0.9333164
2022-09-06,ATO,Utilities,1,Stable,True,STABLE,False,True,True,0.20518997,0.41643602
2022-09-06,ATVI,Unknown,1,Stable,True,STABLE,False,True,True,0.12670702,0.33743054
2022-09-06,AVB,Real Estate,1,Stable,True,STABLE,False,True,True,0.2621982,0.6156523
2022-09-06,AVGO,Information Technology,2,Middle,False,STABLE,False,False,False,0.36715126,1.2232647
2022-09-06,AVY,Materials,2,Middle,False,MIDDLE,False,False,False,0.3146063,0.9292463
2022-09-06,AWK,Utilities,1,Stable,True,MIDDLE,False,False,False,0.2679392,0.66984296
2022-09-06,AXP,Financials,2,Middle,False,MIDDLE,False,False,False,0.3340268,1.145407
2022-09-06,AZO,Consumer Discretionary,1,Stable,True,STABLE,False,True,True,0.33227503,0.6100994
2022-09-06,BA,Industrials,3,Risky,False,RISKY,False,False,False,0.5039651,1.3586149
2022-09-06,BAC,Financials,2,Middle,False,MIDDLE,False,False,False,0.3090289,0.9411561
2022-09-06,BALL,Materials,2,Middle,False,RISKY,False,False,False,0.468374,0.99574304
2022-09-06,BAX,Health Care,1,Stable,True,STABLE,False,True,True,0.31066886,0.45378152
2022-09-06,BBWI,Unknown,3,Risky,False,RISKY,False,False,False,0.5826603,1.3076738
2022-09-06,BBY,Consumer Discretionary,2,Middle,False,MIDDLE,False,False,False,0.4526168,1.1997231
2022-09-06,BDX,Health Care,1,Stable,True,STABLE,False,True,True,0.22750992,0.48429054
2022-09-06,BEN,Financials,2,Middle,False,MIDDLE,False,False,False,0.34156457,1.116508
2022-09-06,BF-B,Consumer Staples,1,Stable,True,STABLE,False,True,True,0.23206519,0.60770184
2022-09-06,BIIB,Health Care,2,Middle,False,MIDDLE,False,False,False,0.3264345,0.86690974
2022-09-06,BIO,Unknown,2,Middle,False,MIDDLE,False,False,False,0.37901434,1.0698465
2022-09-06,BKNG,Consumer Discretionary,2,Middle,False,MIDDLE,False,False,False,0.43624377,1.2405128
2022-09-06,BKR,Energy,2,Middle,False,STABLE,False,False,False,0.44918826,0.6368377
2022-09-06,BLK,Financials,2,Middle,False,RISKY,False,False,False,0.34767765,1.2385737
2022-09-06,BMY,Health Care,1,Stable,True,STABLE,False,True,True,0.20152843,0.2936096
2022-09-06,BR,Industrials,2,Middle,False,MIDDLE,False,False,False,0.29047245,0.9341654
2022-09-06,BRK-B,Financials,1,Stable,True,STABLE,False,True,True,0.22340752,0.7425012
2022-09-06,BRO,Financials,2,Middle,False,MIDDLE,False,False,False,0.28737512,0.98537487
2022-09-06,BSX,Health Care,1,Stable,True,MIDDLE,False,False,False,0.29134205,0.8657533
2022-09-06,BWA,Unknown,2,Middle,False,MIDDLE,False,False,False,0.3810984,1.1015176
2022-09-06,BXP,Real Estate,1,Stable,True,MIDDLE,False,False,False,0.29249147,0.8747074
2022-09-06,C,Financials,2,Middle,False,MIDDLE,False,False,False,0.3620786,1.0304201
2022-09-06,CAG,Unknown,1,Stable,True,STABLE,False,True,True,0.24440725,0.4402381
2022-09-06,CAH,Health Care,1,Stable,True,STABLE,False,True,True,0.26868495,0.5551528
2022-09-06,CARR,Industrials,2,Middle,False,MIDDLE,False,False,False,0.31707245,1.0175198
2022-09-06,CAT,Industrials,2,Middle,False,MIDDLE,False,False,False,0.34259263,0.8480253
2022-09-06,CB,Financials,1,Stable,True,STABLE,False,True,True,0.22111435,0.57982594
2022-09-06,CBOE,Financials,1,Stable,True,STABLE,False,True,True,0.26400343,0.58224523
2022-09-06,CBRE,Real Estate,2,Middle,False,MIDDLE,False,False,False,0.31413105,1.0456133
2022-09-06,CCI,Real Estate,1,Stable,True,STABLE,False,True,True,0.2728212,0.6427782
2022-09-06,CCL,Consumer Discretionary,3,Risky,False,RISKY,False,False,False,0.78454316,2.1040282
2022-09-06,CDNS,Information Technology,2,Middle,False,MIDDLE,False,False,False,0.40099666,1.3605375
2022-09-06,CDW,Information Technology,2,Middle,False,STABLE,False,False,False,0.30990344,1.0854658
2022-09-06,CE,Unknown,2,Middle,False,MIDDLE,False,False,False,0.36487284,1.034049
2022-09-06,CEG,Utilities,2,Middle,False,RISKY,False,False,False,0.50652725,1.0459282
2022-09-06,CF,Materials,2,Middle,False,STABLE,False,False,False,0.5082683,0.5292985
2022-09-06,CFG,Financials,2,Middle,False,MIDDLE,False,False,False,0.3375031,1.0239359
2022-09-06,CHD,Consumer Staples,1,Stable,True,STABLE,False,True,True,0.25998175,0.2494711
2022-09-06,CHRW,Industrials,1,Stable,True,STABLE,False,True,True,0.32110953,0.74007905
2022-09-06,CHTR,Communication Services,2,Middle,False,STABLE,False,False,False,0.38282016,0.69179165
2022-09-06,CI,Health Care,1,Stable,True,STABLE,False,True,True,0.2719855,0.6397731
2022-09-06,CINF,Financials,1,Stable,True,MIDDLE,False,False,False,0.3522265,0.6148238
2022-09-06,CL,Consumer Staples,1,Stable,True,STABLE,False,True,True,0.21876073,0.37985873
2022-09-06,CLX,Consumer Staples,1,Stable,True,MIDDLE,False,False,False,0.29936558,0.44616294
2022-09-06,CMA,Unknown,2,Middle,False,MIDDLE,False,False,False,0.33526543,0.9914273
2022-09-06,CMCSA,Communication Services,1,Stable,True,STABLE,False,True,True,0.31305522,0.5985348
2022-09-06,CME,Financials,1,Stable,True,STABLE,False,True,True,0.26943687,0.49241984
2022-09-06,CMG,Consumer Discretionary,2,Middle,False,MIDDLE,False,False,False,0.4128586,1.2407372
2022-09-06,CMI,Industrials,1,Stable,True,STABLE,False,True,True,0.2846576,0.81280744
2022-09-06,CMS,Utilities,1,Stable,True,STABLE,False,True,True,0.21541987,0.30309033
2022-09-06,CNC,Health Care,1,Stable,True,STABLE,False,True,True,0.3209695,0.62523586
2022-09-06,CNP,Utilities,1,Stable,True,STABLE,False,True,True,0.21791628,0.50851727
2022-09-06,COF,Financials,2,Middle,False,RISKY,False,False,False,0.40514275,1.2441171
2022-09-06,COO,Health Care,2,Middle,False,MIDDLE,False,False,False,0.33017743,1.0285217
2022-09-06,COP,Energy,2,Middle,False,MIDDLE,False,False,False,0.4668972,0.74649143
2022-09-06,COR,Health Care,1,Stable,True,STABLE,False,True,True,0.25116912,0.53491527
2022-09-06,COST,Consumer Staples,2,Middle,False,RISKY,False,False,False,0.35450566,1.018316
2022-09-06,CPAY,Financials,2,Middle,False,MIDDLE,False,False,False,0.33547148,1.0123708
2022-09-06,CPB,Unknown,1,Stable,True,STABLE,False,True,True,0.2274308,0.26679346
2022-09-06,CPRT,Industrials,2,Middle,False,MIDDLE,False,False,False,0.3294179,1.1304717
2022-09-06,CPT,Real Estate,1,Stable,True,STABLE,False,True,True,0.2518217,0.5601128
2022-09-06,CRL,Health Care,3,Risky,False,RISKY,False,False,False,0.4874261,1.3874379
2022-09-06,CRM,Information Technology,3,Risky,False,MIDDLE,False,False,False,0.4841168,1.5320019
2022-09-06,CSCO,Information Technology,2,Middle,False,STABLE,False,False,False,0.3324278,0.8171654
2022-09-06,CSX,Industrials,1,Stable,True,STABLE,False,True,True,0.2749797,0.79896533
2022-09-06,CTAS,Industrials,2,Middle,False,MIDDLE,False,False,False,0.27719823,0.9567184
2022-09-06,CTLT,Unknown,2,Middle,False,MIDDLE,False,False,False,0.43321902,1.1149361
2022-09-06,CTRA,Unknown,2,Middle,False,MIDDLE,False,False,False,0.4648512,0.764217
2022-09-06,CTSH,Information Technology,2,Middle,False,STABLE,False,False,False,0.34441864,1.0454525
2022-09-06,CTVA,Materials,1,Stable,True,STABLE,False,True,True,0.28857368,0.6090024
2022-09-06,CVS,Health Care,1,Stable,True,STABLE,False,True,True,0.25822553,0.6230647
2022-09-06,CVX,Energy,1,Stable,True,STABLE,False,True,True,0.34150293,0.6554453
2022-09-06,CZR,Unknown,3,Risky,False,RISKY,False,False,False,0.73348993,2.0827496
2022-09-06,D,Utilities,1,Stable,True,STABLE,False,True,True,0.18882324,0.32513338
2022-09-06,DAL,Industrials,2,Middle,False,RISKY,False,False,False,0.46379024,1.311519
2022-09-06,DAY,Unknown,3,Risky,False,RISKY,False,False,False,0.5666803,1.7373841
2022-09-06,DD,Materials,2,Middle,False,MIDDLE,False,False,False,0.31861103,1.0675037
2022-09-06,DE,Industrials,2,Middle,False,MIDDLE,False,False,False,0.4129336,0.8637995
2022-09-06,DFS,Unknown,2,Middle,False,MIDDLE,False,False,False,0.42743206,1.2728032
2022-09-06,DG,Consumer Staples,2,Middle,False,MIDDLE,False,False,False,0.36949903,0.7538487
2022-09-06,DGX,Health Care,1,Stable,True,STABLE,False,True,True,0.23900096,0.54881805
2022-09-06,DHI,Consumer Discretionary,2,Middle,False,MIDDLE,False,False,False,0.44301838,1.23835
2022-09-06,DHR,Health Care,2,Middle,False,MIDDLE,False,False,False,0.33883417,0.99695843
2022-09-06,DIS,Communication Services,2,Middle,False,MIDDLE,False,False,False,0.33801776,1.1071999
2022-09-06,DISH,Unknown,3,Risky,False,RISKY,False,False,False,0.6992815,1.4758298
2022-09-06,DLR,Real Estate,1,Stable,True,MIDDLE,False,False,False,0.31614047,0.7491879
2022-09-06,DLTR,Consumer Staples,2,Middle,False,RISKY,False,False,False,0.48832083,0.76907367
2022-09-06,DOV,Industrials,2,Middle,False,MIDDLE,False,False,False,0.2932708,0.9297237
2022-09-06,DOW,Materials,1,Stable,True,MIDDLE,False,False,False,0.29323313,0.69547635
2022-09-06,DPZ,Consumer Discretionary,1,Stable,True,STABLE,False,True,True,0.30470484,0.73946
2022-09-06,DRI,Consumer Discretionary,2,Middle,False,STABLE,False,False,False,0.3528407,1.0625731
2022-09-06,DTE,Utilities,1,Stable,True,STABLE,False,True,True,0.19425829,0.31351492
2022-09-06,DUK,Utilities,1,Stable,True,STABLE,False,True,True,0.18820193,0.27799517
2022-09-06,DVA,Health Care,1,Stable,True,STABLE,False,True,True,0.4102973,0.4216894
2022-09-06,DVN,Energy,2,Middle,False,MIDDLE,False,False,False,0.5716755,0.94970137
2022-09-06,DXC,Unknown,3,Risky,False,RISKY,False,False,False,0.5481705,1.434988
2022-09-06,DXCM,Health Care,3,Risky,False,RISKY,False,False,False,0.54677415,1.5524297
2022-09-06,EA,Communication Services,1,Stable,True,STABLE,False,True,True,0.27708125,0.53440243
2022-09-06,EBAY,Consumer Discretionary,2,Middle,False,MIDDLE,False,False,False,0.40325043,1.2422937
2022-09-06,ECL,Materials,2,Middle,False,MIDDLE,False,False,False,0.30781984,0.98832047
2022-09-06,ED,Utilities,1,Stable,True,STABLE,False,True,True,0.20145206,0.29640773
2022-09-06,EFX,Industrials,2,Middle,False,MIDDLE,False,False,False,0.3563338,1.0350631
2022-09-06,EG,Financials,1,Stable,True,STABLE,False,True,True,0.2556049,0.614551
2022-09-06,EIX,Utilities,1,Stable,True,MIDDLE,False,False,False,0.26255396,0.51738447
2022-09-06,EL,Consumer Staples,2,Middle,False,RISKY,False,False,False,0.39815876,1.3645388
2022-09-06,ELV,Health Care,1,Stable,True,STABLE,False,True,True,0.2853684,0.58088917
2022-09-06,EMN,Unknown,2,Middle,False,MIDDLE,False,False,False,0.32054684,1.0113767
2022-09-06,EMR,Industrials,1,Stable,True,STABLE,False,True,True,0.2659212,0.8812467
2022-09-06,ENPH,Unknown,3,Risky,False,RISKY,False,False,False,0.7404296,1.8975567
2022-09-06,EOG,Energy,2,Middle,False,MIDDLE,False,False,False,0.49622533,0.7767525
2022-09-06,EPAM,Unknown,3,Risky,False,RISKY,False,False,False,0.7225347,1.522635
2022-09-06,EQIX,Real Estate,2,Middle,False,RISKY,False,False,False,0.36919105,1.0195441
2022-09-06,ES,Utilities,1,Stable,True,STABLE,False,True,True,0.20839334,0.35010946
2022-09-06,ESS,Real Estate,1,Stable,True,STABLE,False,True,True,0.25435036,0.65084183
2022-09-06,ETN,Industrials,1,Stable,True,MIDDLE,False,False,False,0.2822894,0.89763075
2022-09-06,ETR,Utilities,1,Stable,True,STABLE,False,True,True,0.22400531,0.3802785
2022-09-06,ETSY,Unknown,3,Risky,False,RISKY,False,False,False,0.7971299,2.250573
2022-09-06,EVRG,Utilities,1,Stable,True,STABLE,False,True,True,0.20372373,0.3841976
2022-09-06,EW,Health Care,2,Middle,False,MIDDLE,False,False,False,0.38453677,1.1343669
2022-09-06,EXC,Utilities,1,Stable,True,MIDDLE,False,False,False,0.25147003,0.4851708
2022-09-06,EXPD,Industrials,2,Middle,False,MIDDLE,False,False,False,0.3255979,0.89987415
2022-09-06,EXPE,Consumer Discretionary,3,Risky,False,MIDDLE,False,False,False,0.5407813,1.3068316
2022-09-06,EXR,Real Estate,2,Middle,False,MIDDLE,False,False,False,0.3356168,0.94088036
2022-09-06,F,Consumer Discretionary,3,Risky,False,MIDDLE,False,False,False,0.46645844,1.4870715
2022-09-06,FANG,Energy,2,Middle,False,MIDDLE,False,False,False,0.5286022,0.9075903
2022-09-06,FAST,Industrials,1,Stable,True,MIDDLE,False,False,False,0.2940272,0.8662453
2022-09-06,FBIN,Unknown,2,Middle,False,MIDDLE,False,False,False,0.4006047,1.2066994
2022-09-06,FCX,Materials,3,Risky,False,RISKY,False,False,False,0.5596382,1.3917115
2022-09-06,FDS,Financials,1,Stable,True,MIDDLE,False,False,False,0.29256383,0.85099983
2022-09-06,FDX,Industrials,2,Middle,False,MIDDLE,False,False,False,0.41121665,1.0303081
2022-09-06,FE,Utilities,1,Stable,True,STABLE,False,True,True,0.21607047,0.4077353
2022-09-06,FFIV,Information Technology,2,Middle,False,STABLE,False,False,False,0.38366592,1.1181331
2022-09-06,FI,Financials,2,Middle,False,MIDDLE,False,False,False,0.3182153,0.990341
2022-09-06,FIS,Financials,2,Middle,False,MIDDLE,False,False,False,0.3334036,1.02772
2022-09-06,FITB,Financials,2,Middle,False,MIDDLE,False,False,False,0.32518727,1.0256407
2022-09-06,FMC,Unknown,1,Stable,True,STABLE,False,True,True,0.3090278,0.71164507
2022-09-06,FOX,Communication Services,1,Stable,True,STABLE,False,True,True,0.28460062,0.7675523
2022-09-06,FOXA,Communication Services,1,Stable,True,STABLE,False,True,True,0.2914357,0.75610036
2022-09-06,FRT,Real Estate,1,Stable,True,MIDDLE,False,False,False,0.27890825,0.85326916
2022-09-06,FTNT,Information Technology,3,Risky,False,MIDDLE,False,False,False,0.5430623,1.470205
2022-09-06,FTV,Industrials,2,Middle,False,MIDDLE,False,False,False,0.2836182,1.0145274
2022-09-06,GD,Industrials,1,Stable,True,STABLE,False,True,True,0.24515216,0.6213795
2022-09-06,GE,Industrials,2,Middle,False,MIDDLE,False,False,False,0.36046317,1.0382788
2022-09-06,GEN,Information Technology,1,Stable,True,STABLE,False,True,True,0.3696918,0.53563005
2022-09-06,GILD,Health Care,1,Stable,True,STABLE,False,True,True,0.22136812,0.44691068
2022-09-06,GIS,Consumer Staples,1,Stable,True,STABLE,False,True,True,0.22351372,0.2862744
2022-09-06,GL,Financials,1,Stable,True,STABLE,False,True,True,0.25341913,0.7478524
2022-09-06,GLW,Information Technology,2,Middle,False,STABLE,False,False,False,0.31299582,1.0265591
2022-09-06,GM,Consumer Discretionary,2,Middle,False,MIDDLE,False,False,False,0.45031196,1.4228727
2022-09-06,GNRC,Industrials,3,Risky,False,RISKY,False,False,False,0.6810466,2.0216806
2022-09-06,GOOG,Communication Services,2,Middle,False,MIDDLE,False,False,False,0.3836567,1.3374727
2022-09-06,GOOGL,Communication Services,2,Middle,False,MIDDLE,False,False,False,0.3857256,1.3584098
2022-09-06,GPC,Consumer Discretionary,1,Stable,True,STABLE,False,True,True,0.23563562,0.7027192
2022-09-06,GPN,Financials,2,Middle,False,RISKY,False,False,False,0.39535213,1.2010986
2022-09-06,GRMN,Consumer Discretionary,2,Middle,False,STABLE,False,False,False,0.33508447,0.92206055
2022-09-06,GS,Financials,2,Middle,False,MIDDLE,False,False,False,0.2965953,0.9697327
2022-09-06,GWW,Industrials,1,Stable,True,STABLE,False,True,True,0.29928076,0.7623857
2022-09-06,HAL,Energy,2,Middle,False,MIDDLE,False,False,False,0.51970094,0.8870887
2022-09-06,HAS,Consumer Discretionary,1,Stable,True,STABLE,False,True,True,0.3047122,0.8066211
2022-09-06,HBAN,Financials,2,Middle,False,MIDDLE,False,False,False,0.2958412,0.9299763
2022-09-06,HCA,Health Care,2,Middle,False,RISKY,False,False,False,0.51419574,0.99647397
2022-09-06,HD,Consumer Discretionary,1,Stable,True,STABLE,False,True,True,0.30130076,0.875843
2022-09-06,HES,Unknown,2,Middle,False,MIDDLE,False,False,False,0.47621095,0.6908204
2022-09-06,HIG,Financials,1,Stable,True,STABLE,False,True,True,0.2546747,0.7096139
2022-09-06,HII,Industrials,1,Stable,True,STABLE,False,True,True,0.2624728,0.47843328
2022-09-06,HLT,Consumer Discretionary,2,Middle,False,MIDDLE,False,False,False,0.39678168,1.2250382
2022-09-06,HOLX,Unknown,1,Stable,True,STABLE,False,True,True,0.2612898,0.72542906
2022-09-06,HON,Industrials,1,Stable,True,STABLE,False,True,True,0.23300612,0.70533264
2022-09-06,HPE,Information Technology,2,Middle,False,STABLE,False,False,False,0.35853624,1.0023522
2022-09-06,HPQ,Information Technology,3,Risky,False,MIDDLE,False,False,False,0.4867885,1.3342364
2022-09-06,HRL,Consumer Staples,1,Stable,True,STABLE,False,True,True,0.23441696,0.28941953
2022-09-06,HSIC,Health Care,1,Stable,True,STABLE,False,True,True,0.24506079,0.58983386
2022-09-06,HST,Real Estate,2,Middle,False,RISKY,False,False,False,0.42054158,1.1925893
2022-09-06,HSY,Consumer Staples,1,Stable,True,STABLE,False,True,True,0.22291847,0.40627685
2022-09-06,HUM,Health Care,1,Stable,True,STABLE,False,True,True,0.24588118,0.6038683
2022-09-06,HWM,Industrials,2,Middle,False,MIDDLE,False,False,False,0.33081377,1.0830485
2022-09-06,IBM,Information Technology,1,Stable,True,STABLE,False,True,True,0.24141438,0.46867585
2022-09-06,ICE,Financials,1,Stable,True,MIDDLE,False,False,False,0.30103138,0.77399784
2022-09-06,IDXX,Health Care,2,Middle,False,MIDDLE,False,False,False,0.420889,1.1775621
2022-09-06,IEX,Industrials,1,Stable,True,STABLE,False,True,True,0.2515741,0.8454207
2022-09-06,IFF,Materials,2,Middle,False,MIDDLE,False,False,False,0.32399172,0.9226547
2022-09-06,ILMN,Unknown,3,Risky,False,RISKY,False,False,False,0.58674395,1.5210032
2022-09-06,INCY,Health Care,1,Stable,True,MIDDLE,False,False,False,0.2988142,0.7618563
2022-09-06,INTC,Information Technology,2,Middle,False,STABLE,False,False,False,0.3773957,1.1477089
2022-09-06,INTU,Information Technology,3,Risky,False,MIDDLE,False,False,False,0.49204072,1.7136346
2022-09-06,IP,Materials,1,Stable,True,MIDDLE,False,False,False,0.2469944,0.7328031
2022-09-06,IPG,Unknown,2,Middle,False,MIDDLE,False,False,False,0.3255867,1.0253009
2022-09-06,IQV,Health Care,2,Middle,False,MIDDLE,False,False,False,0.36022162,1.1325
2022-09-06,IR,Industrials,2,Middle,False,MIDDLE,False,False,False,0.35694107,1.1820623
2022-09-06,IRM,Real Estate,1,Stable,True,MIDDLE,False,False,False,0.32546264,0.7814195
2022-09-06,ISRG,Health Care,3,Risky,False,RISKY,False,False,False,0.4693201,1.4744937
2022-09-06,IT,Information Technology,2,Middle,False,STABLE,False,False,False,0.3714542,1.1739706
2022-09-06,ITW,Industrials,1,Stable,True,STABLE,False,True,True,0.2667483,0.86203784
2022-09-06,IVZ,Financials,2,Middle,False,RISKY,False,False,False,0.3951882,1.3398958
2022-09-06,J,Industrials,1,Stable,True,STABLE,False,True,True,0.2874896,0.84941465
2022-09-06,JBHT,Industrials,2,Middle,False,MIDDLE,False,False,False,0.36923835,0.9313237
2022-09-06,JCI,Industrials,2,Middle,False,MIDDLE,False,False,False,0.31986547,0.87368405
2022-09-06,JKHY,Financials,1,Stable,True,STABLE,False,True,True,0.23538068,0.5771314
2022-09-06,JNJ,Health Care,1,Stable,True,STABLE,False,True,True,0.17427492,0.29793012
2022-09-06,JNPR,Unknown,2,Middle,False,MIDDLE,False,False,False,0.30845106,0.9734622
2022-09-06,JPM,Financials,1,Stable,True,MIDDLE,False,False,False,0.28566852,0.871787
2022-09-06,K,Unknown,1,Stable,True,STABLE,False,True,True,0.19156025,0.15293935
2022-09-06,KDP,Consumer Staples,1,Stable,True,STABLE,False,True,True,0.20447405,0.41522628
2022-09-06,KEY,Financials,2,Middle,False,MIDDLE,False,False,False,0.30420333,0.9455106
2022-09-06,KEYS,Information Technology,2,Middle,False,STABLE,False,False,False,0.33642706,1.1803766
2022-09-06,KHC,Consumer Staples,1,Stable,True,STABLE,False,True,True,0.27340654,0.30198818
2022-09-06,KIM,Real Estate,2,Middle,False,MIDDLE,False,False,False,0.31141475,0.98568004
2022-09-06,KLAC,Information Technology,3,Risky,False,MIDDLE,False,False,False,0.49479997,1.6652325
2022-09-06,KMB,Consumer Staples,1,Stable,True,STABLE,False,True,True,0.23089392,0.25893983
2022-09-06,KMI,Energy,1,Stable,True,STABLE,False,True,True,0.2815795,0.6162338
2022-09-06,KMX,Unknown,3,Risky,False,MIDDLE,False,False,False,0.48759866,1.3656241
2022-09-06,KO,Consumer Staples,1,Stable,True,STABLE,False,True,True,0.20174165,0.47778508
2022-09-06,KR,Consumer Staples,1,Stable,True,STABLE,False,True,True,0.27345544,0.39625722
2022-09-06,L,Financials,1,Stable,True,STABLE,False,True,True,0.22807483,0.65489733
2022-09-06,LDOS,Industrials,1,Stable,True,STABLE,False,True,True,0.21643811,0.51569915
2022-09-06,LEN,Consumer Discretionary,2,Middle,False,MIDDLE,False,False,False,0.4254524,1.26358
2022-09-06,LH,Health Care,1,Stable,True,STABLE,False,True,True,0.28489503,0.7026102
2022-09-06,LHX,Industrials,1,Stable,True,STABLE,False,True,True,0.26930767,0.37310323
2022-09-06,LIN,Materials,1,Stable,True,MIDDLE,False,False,False,0.28149495,0.90238225
2022-09-06,LKQ,Unknown,2,Middle,False,MIDDLE,False,False,False,0.30036983,0.983004
2022-09-06,LLY,Health Care,1,Stable,True,STABLE,False,True,True,0.28289178,0.5479028
2022-09-06,LMT,Industrials,1,Stable,True,STABLE,False,True,True,0.24212474,0.2920808
2022-09-06,LNC,Unknown,2,Middle,False,MIDDLE,False,False,False,0.44346905,1.374264
2022-09-06,LNT,Utilities,1,Stable,True,STABLE,False,True,True,0.22001635,0.37752685
2022-09-06,LOW,Consumer Discretionary,2,Middle,False,STABLE,False,False,False,0.3341208,0.9293743
2022-09-06,LRCX,Information Technology,3,Risky,False,RISKY,False,False,False,0.52431136,1.7617893
2022-09-06,LUMN,Unknown,2,Middle,False,MIDDLE,False,False,False,0.35824218,0.78013915
2022-09-06,LUV,Industrials,2,Middle,False,MIDDLE,False,False,False,0.3742949,0.9579507
2022-09-06,LVS,Consumer Discretionary,3,Risky,False,MIDDLE,False,False,False,0.53290135,1.3613424
2022-09-06,LW,Unknown,1,Stable,True,STABLE,False,True,True,0.27151096,0.763444
2022-09-06,LYB,Materials,2,Middle,False,MIDDLE,False,False,False,0.3293567,0.8311017
2022-09-06,LYV,Communication Services,2,Middle,False,MIDDLE,False,False,False,0.4245346,1.109626
2022-09-06,MA,Financials,2,Middle,False,MIDDLE,False,False,False,0.31998998,1.1016079
2022-09-06,MAA,Real Estate,1,Stable,True,STABLE,False,True,True,0.24859743,0.60660434
2022-09-06,MAR,Consumer Discretionary,2,Middle,False,MIDDLE,False,False,False,0.382368,1.1408262
2022-09-06,MAS,Industrials,2,Middle,False,MIDDLE,False,False,False,0.33365136,0.86230445
2022-09-06,MCD,Consumer Discretionary,1,Stable,True,STABLE,False,True,True,0.19892085,0.5299977
2022-09-06,MCHP,Information Technology,3,Risky,False,MIDDLE,False,False,False,0.45405257,1.52164
2022-09-06,MCK,Health Care,1,Stable,True,STABLE,False,True,True,0.24575613,0.4922807
2022-09-06,MCO,Financials,2,Middle,False,MIDDLE,False,False,False,0.31893423,1.0450506
2022-09-06,MDLZ,Consumer Staples,1,Stable,True,STABLE,False,True,True,0.21446493,0.5747251
2022-09-06,MDT,Health Care,1,Stable,True,STABLE,False,True,True,0.24970286,0.62901616
2022-09-06,MET,Financials,1,Stable,True,STABLE,False,True,True,0.25400946,0.8081996
2022-09-06,META,Communication Services,3,Risky,False,RISKY,False,False,False,0.5798137,1.7159759
2022-09-06,MGM,Consumer Discretionary,3,Risky,False,MIDDLE,False,False,False,0.50205314,1.5450342
2022-09-06,MHK,Unknown,2,Middle,False,MIDDLE,False,False,False,0.4383578,0.8936926
2022-09-06,MKC,Consumer Staples,1,Stable,True,STABLE,False,True,True,0.24892838,0.48204786
2022-09-06,MKTX,Unknown,2,Middle,False,MIDDLE,False,False,False,0.3871158,0.9114943
2022-09-06,MLM,Materials,2,Middle,False,MIDDLE,False,False,False,0.31710458,1.0077432
2022-09-06,MMM,Industrials,1,Stable,True,STABLE,False,True,True,0.28123152,0.6730301
2022-09-06,MNST,Consumer Staples,1,Stable,True,MIDDLE,False,False,False,0.27969575,0.69544345
2022-09-06,MO,Consumer Staples,1,Stable,True,STABLE,False,True,True,0.2838573,0.32895058
2022-09-06,MOH,Unknown,1,Stable,True,STABLE,False,True,True,0.29166728,0.48113155
2022-09-06,MOS,Materials,2,Middle,False,RISKY,False,False,False,0.57582283,0.845441
2022-09-06,MPC,Energy,2,Middle,False,STABLE,False,False,False,0.38105413,0.7251719
2022-09-06,MPWR,Information Technology,3,Risky,False,RISKY,False,False,False,0.64233077,2.0274067
2022-09-06,MRK,Health Care,1,Stable,True,STABLE,False,True,True,0.19947097,0.29738954
2022-09-06,MRNA,Health Care,3,Risky,False,RISKY,False,False,False,0.6987414,1.6943192
2022-09-06,MRO,Unknown,2,Middle,False,MIDDLE,False,False,False,0.57299936,0.9633853
2022-09-06,MS,Financials,2,Middle,False,MIDDLE,False,False,False,0.31501415,1.0706643
2022-09-06,MSCI,Financials,2,Middle,False,RISKY,False,False,False,0.3908569,1.3111398
2022-09-06,MSFT,Information Technology,2,Middle,False,STABLE,False,False,False,0.3358857,1.2053033
2022-09-06,MSI,Information Technology,2,Middle,False,STABLE,False,False,False,0.29051793,0.91887873
2022-09-06,MTB,Financials,2,Middle,False,MIDDLE,False,False,False,0.31513467,0.85282815
2022-09-06,MTCH,Unknown,3,Risky,False,RISKY,False,False,False,0.6645903,1.6739665
2022-09-06,MTD,Health Care,2,Middle,False,MIDDLE,False,False,False,0.3761182,1.2108253
2022-09-06,MU,Information Technology,3,Risky,False,MIDDLE,False,False,False,0.46594393,1.5175195
2022-09-06,NCLH,Consumer Discretionary,3,Risky,False,RISKY,False,False,False,0.80958706,2.1963315
2022-09-06,NDAQ,Financials,1,Stable,True,STABLE,False,True,True,0.26916558,0.8139006
2022-09-06,NDSN,Industrials,1,Stable,True,STABLE,False,True,True,0.2568441,0.87447256
2022-09-06,NEE,Utilities,1,Stable,True,MIDDLE,False,False,False,0.2794499,0.70069766
2022-09-06,NEM,Materials,1,Stable,True,STABLE,False,True,True,0.37642357,0.33423373
2022-09-06,NFLX,Communication Services,3,Risky,False,RISKY,False,False,False,0.83084935,1.7270554
2022-09-06,NI,Utilities,1,Stable,True,STABLE,False,True,True,0.22172388,0.42608255
2022-09-06,NKE,Consumer Discretionary,2,Middle,False,MIDDLE,False,False,False,0.4061623,1.3462814
2022-09-06,NOC,Industrials,1,Stable,True,STABLE,False,True,True,0.27303234,0.35207102
2022-09-06,NOW,Information Technology,3,Risky,False,RISKY,False,False,False,0.5539051,1.718589
2022-09-06,NRG,Utilities,1,Stable,True,MIDDLE,False,False,False,0.34255242,0.63020504
2022-09-06,NSC,Industrials,1,Stable,True,STABLE,False,True,True,0.2772984,0.78695345
2022-09-06,NTAP,Information Technology,2,Middle,False,STABLE,False,False,False,0.33753052,1.058413
2022-09-06,NTRS,Financials,1,Stable,True,MIDDLE,False,False,False,0.29260644,0.8760685
2022-09-06,NUE,Materials,2,Middle,False,RISKY,False,False,False,0.45630428,1.1612715
2022-09-06,NVDA,Information Technology,3,Risky,False,RISKY,False,False,False,0.65240526,2.2098107
2022-09-06,NVR,Consumer Discretionary,2,Middle,False,STABLE,False,False,False,0.35026583,1.016388
2022-09-06,NWL,Unknown,2,Middle,False,MIDDLE,False,False,False,0.41381294,0.85695285
2022-09-06,NWS,Communication Services,2,Middle,False,MIDDLE,False,False,False,0.39177883,0.93372303
2022-09-06,NWSA,Communication Services,2,Middle,False,MIDDLE,False,False,False,0.38228592,0.9515248
2022-09-06,NXPI,Information Technology,2,Middle,False,MIDDLE,False,False,False,0.42664587,1.3499603
2022-09-06,O,Real Estate,1,Stable,True,STABLE,False,True,True,0.2188234,0.5173018
2022-09-06,ODFL,Industrials,2,Middle,False,RISKY,False,False,False,0.44475347,1.3230469
2022-09-06,OGN,Unknown,1,Stable,True,STABLE,False,True,True,0.28324038,0.50733733
2022-09-06,OKE,Energy,2,Middle,False,STABLE,False,False,False,0.3506762,0.86100644
2022-09-06,OMC,Communication Services,1,Stable,True,STABLE,False,True,True,0.3065065,0.8332034
2022-09-06,ON,Information Technology,3,Risky,False,RISKY,False,False,False,0.59845054,1.8575412
2022-09-06,ORCL,Information Technology,2,Middle,False,STABLE,False,False,False,0.30903408,0.91097134
2022-09-06,ORLY,Consumer Discretionary,1,Stable,True,STABLE,False,True,True,0.34195325,0.5707365
2022-09-06,OTIS,Industrials,1,Stable,True,STABLE,False,True,True,0.2737622,0.89768887
2022-09-06,OXY,Energy,2,Middle,False,MIDDLE,False,False,False,0.56523025,0.88084733
2022-09-06,PAYC,Unknown,3,Risky,False,RISKY,False,False,False,0.55580944,1.8079574
2022-09-06,PAYX,Industrials,2,Middle,False,MIDDLE,False,False,False,0.2905995,0.9831102
2022-09-06,PCAR,Industrials,1,Stable,True,STABLE,False,True,True,0.26185408,0.7810064
2022-09-06,PEG,Utilities,1,Stable,True,STABLE,False,True,True,0.20736001,0.39525822
2022-09-06,PENN,Unknown,3,Risky,False,RISKY,False,False,False,0.6221243,1.8081839
2022-09-06,PEP,Consumer Staples,1,Stable,True,STABLE,False,True,True,0.19726309,0.5171493
2022-09-06,PFE,Health Care,1,Stable,True,STABLE,False,True,True,0.26610366,0.5156003
2022-09-06,PFG,Financials,2,Middle,False,MIDDLE,False,False,False,0.30526298,0.94966066
2022-09-06,PG,Consumer Staples,1,Stable,True,STABLE,False,True,True,0.23626791,0.4574179
2022-09-06,PGR,Financials,1,Stable,True,STABLE,False,True,True,0.27714297,0.60135114
2022-09-06,PH,Industrials,2,Middle,False,MIDDLE,False,False,False,0.3189464,1.0788435
2022-09-06,PHM,Consumer Discretionary,2,Middle,False,MIDDLE,False,False,False,0.42529,1.2172083
2022-09-06,PKG,Materials,1,Stable,True,MIDDLE,False,False,False,0.2615656,0.74182874
2022-09-06,PLD,Real Estate,2,Middle,False,RISKY,False,False,False,0.36382315,1.0872966
2022-09-06,PM,Consumer Staples,1,Stable,True,STABLE,False,True,True,0.23905995,0.2965398
2022-09-06,PNC,Financials,1,Stable,True,STABLE,False,True,True,0.26582903,0.8449615
2022-09-06,PNR,Industrials,2,Middle,False,MIDDLE,False,False,False,0.3078149,0.9322402
2022-09-06,PNW,Utilities,1,Stable,True,STABLE,False,True,True,0.22405921,0.32619312
2022-09-06,POOL,Unknown,2,Middle,False,MIDDLE,False,False,False,0.43908972,1.0500649
2022-09-06,PPG,Materials,2,Middle,False,MIDDLE,False,False,False,0.34320527,0.9992645
2022-09-06,PPL,Utilities,1,Stable,True,STABLE,False,True,True,0.217561,0.5300082
2022-09-06,PRU,Financials,1,Stable,True,MIDDLE,False,False,False,0.27988183,0.8853746
2022-09-06,PSA,Real Estate,1,Stable,True,STABLE,False,True,True,0.2818758,0.70841616
2022-09-06,PSX,Energy,2,Middle,False,STABLE,False,False,False,0.41901186,0.7201866
2022-09-06,PTC,Information Technology,2,Middle,False,MIDDLE,False,False,False,0.44265616,1.3266953
2022-09-06,PVH,Unknown,3,Risky,False,RISKY,False,False,False,0.5343227,1.5107818
2022-09-06,PWR,Industrials,2,Middle,False,MIDDLE,False,False,False,0.38390836,0.92700374
2022-09-06,PXD,Unknown,2,Middle,False,MIDDLE,False,False,False,0.42882103,0.7076091
2022-09-06,PYPL,Financials,3,Risky,False,RISKY,False,False,False,0.5860727,1.8442422
2022-09-06,QCOM,Information Technology,2,Middle,False,MIDDLE,False,False,False,0.45695814,1.3762982
2022-09-06,QRVO,Unknown,3,Risky,False,MIDDLE,False,False,False,0.4589213,1.4734559
2022-09-06,RCL,Consumer Discretionary,3,Risky,False,RISKY,False,False,False,0.72944605,1.988367
2022-09-06,REG,Real Estate,2,Middle,False,MIDDLE,False,False,False,0.30382413,0.9417293
2022-09-06,REGN,Health Care,1,Stable,True,STABLE,False,True,True,0.30362576,0.6677923
2022-09-06,RF,Financials,2,Middle,False,MIDDLE,False,False,False,0.32300028,0.92924106
2022-09-06,RHI,Unknown,2,Middle,False,MIDDLE,False,False,False,0.3721161,1.0554832
2022-09-06,RJF,Financials,2,Middle,False,MIDDLE,False,False,False,0.33720765,1.1898627
2022-09-06,RL,Consumer Discretionary,2,Middle,False,MIDDLE,False,False,False,0.4364323,1.3311374
2022-09-06,RMD,Health Care,2,Middle,False,MIDDLE,False,False,False,0.33778888,0.9650763
2022-09-06,ROK,Industrials,2,Middle,False,MIDDLE,False,False,False,0.40853238,1.0913156
2022-09-06,ROL,Industrials,1,Stable,True,STABLE,False,True,True,0.28867045,0.6611321
2022-09-06,ROP,Information Technology,1,Stable,True,STABLE,False,True,True,0.2650228,0.8083009
2022-09-06,ROST,Consumer Discretionary,2,Middle,False,MIDDLE,False,False,False,0.54212224,1.0937767
2022-09-06,RSG,Industrials,1,Stable,True,STABLE,False,True,True,0.21664438,0.5381535
2022-09-06,RTX,Industrials,1,Stable,True,STABLE,False,True,True,0.26908642,0.69458383
2022-09-06,RVTY,Health Care,2,Middle,False,MIDDLE,False,False,False,0.37846893,1.0957396
2022-09-06,SBAC,Real Estate,1,Stable,True,MIDDLE,False,False,False,0.31775188,0.7662168
2022-09-06,SBUX,Consumer Discretionary,2,Middle,False,MIDDLE,False,False,False,0.3734173,1.1694676
2022-09-06,SCHW,Financials,2,Middle,False,RISKY,False,False,False,0.39255673,1.0988858
2022-09-06,SEDG,Unknown,3,Risky,False,RISKY,False,False,False,0.7136117,1.4543383
2022-09-06,SEE,Unknown,2,Middle,False,MIDDLE,False,False,False,0.32458976,0.9500861
2022-09-06,SHW,Materials,1,Stable,True,STABLE,False,True,True,0.37883162,0.6057079
2022-09-06,SIVB,Unknown,3,Risky,False,RISKY,False,False,False,0.58859676,1.6244763
2022-09-06,SJM,Consumer Staples,1,Stable,True,STABLE,False,True,True,0.26512116,0.3427063
2022-09-06,SLB,Energy,2,Middle,False,MIDDLE,False,False,False,0.5153925,0.75865906
2022-09-06,SNA,Industrials,1,Stable,True,STABLE,False,True,True,0.26582807,0.7785424
2022-09-06,SNPS,Information Technology,2,Middle,False,MIDDLE,False,False,False,0.41936997,1.3197476
2022-09-06,SO,Utilities,1,Stable,True,STABLE,False,True,True,0.2061527,0.35347113
2022-09-06,SPG,Real Estate,2,Middle,False,MIDDLE,False,False,False,0.32886487,1.0342095
2022-09-06,SPGI,Financials,1,Stable,True,MIDDLE,False,False,False,0.28815305,0.864343
2022-09-06,SRE,Utilities,1,Stable,True,STABLE,False,True,True,0.22277164,0.47353005
2022-09-06,STE,Health Care,1,Stable,True,MIDDLE,False,False,False,0.325827,0.76254
2022-09-06,STT,Financials,2,Middle,False,RISKY,False,False,False,0.3896596,1.2475816
2022-09-06,STX,Information Technology,2,Middle,False,MIDDLE,False,False,False,0.41498262,1.24617
2022-09-06,STZ,Consumer Staples,1,Stable,True,STABLE,False,True,True,0.23487909,0.47978488
2022-09-06,SWK,Industrials,2,Middle,False,MIDDLE,False,False,False,0.47044942,0.869803
2022-09-06,SWKS,Information Technology,2,Middle,False,MIDDLE,False,False,False,0.4206101,1.4083114
2022-09-06,SYF,Financials,2,Middle,False,RISKY,False,False,False,0.44327813,1.3013941
2022-09-06,SYK,Health Care,2,Middle,False,MIDDLE,False,False,False,0.31804574,1.0184141
2022-09-06,SYY,Consumer Staples,1,Stable,True,MIDDLE,False,False,False,0.29111433,0.80708766
2022-09-06,T,Communication Services,1,Stable,True,STABLE,False,True,True,0.26553208,0.4325248
2022-09-06,TAP,Consumer Staples,1,Stable,True,MIDDLE,False,False,False,0.30381095,0.5307677
2022-09-06,TDG,Industrials,2,Middle,False,MIDDLE,False,False,False,0.34261504,1.0897402
2022-09-06,TDY,Information Technology,1,Stable,True,STABLE,False,True,True,0.29956788,0.84906185
2022-09-06,TECH,Health Care,2,Middle,False,MIDDLE,False,False,False,0.38786387,1.2008699
2022-09-06,TEL,Information Technology,2,Middle,False,STABLE,False,False,False,0.32583928,1.1275525
2022-09-06,TER,Information Technology,3,Risky,False,MIDDLE,False,False,False,0.48726684,1.6532078
2022-09-06,TFC,Financials,1,Stable,True,STABLE,False,True,True,0.2710515,0.73825085
2022-09-06,TFX,Unknown,2,Middle,False,MIDDLE,False,False,False,0.35689208,0.83182234
2022-09-06,TGT,Consumer Staples,3,Risky,False,RISKY,False,False,False,0.54453945,1.3243667
2022-09-06,TJX,Consumer Discretionary,2,Middle,False,STABLE,False,False,False,0.35357302,0.84058493
2022-09-06,TMO,Health Care,2,Middle,False,MIDDLE,False,False,False,0.3401422,0.9878261
2022-09-06,TMUS,Communication Services,1,Stable,True,STABLE,False,True,True,0.27715617,0.83442837
2022-09-06,TPR,Consumer Discretionary,2,Middle,False,MIDDLE,False,False,False,0.48670816,1.2839243
2022-09-06,TRMB,Information Technology,2,Middle,False,MIDDLE,False,False,False,0.39124152,1.4021462
2022-09-06,TROW,Financials,2,Middle,False,RISKY,False,False,False,0.39424518,1.3605828
2022-09-06,TRV,Financials,1,Stable,True,STABLE,False,True,True,0.22550847,0.38990578
2022-09-06,TSCO,Consumer Discretionary,2,Middle,False,STABLE,False,False,False,0.38337326,1.0162938
2022-09-06,TSLA,Consumer Discretionary,3,Risky,False,RISKY,False,False,False,0.6565039,1.9663296
2022-09-06,TSN,Consumer Staples,1,Stable,True,MIDDLE,False,False,False,0.26628777,0.55592704
2022-09-06,TT,Industrials,2,Middle,False,MIDDLE,False,False,False,0.29340917,0.96999055
2022-09-06,TTWO,Communication Services,2,Middle,False,MIDDLE,False,False,False,0.41088733,0.95979214
2022-09-06,TXN,Information Technology,2,Middle,False,STABLE,False,False,False,0.30779335,1.0223215
2022-09-06,TXT,Industrials,2,Middle,False,MIDDLE,False,False,False,0.3407191,1.1679579
2022-09-06,TYL,Information Technology,2,Middle,False,MIDDLE,False,False,False,0.40988618,1.344082
2022-09-06,UAL,Industrials,3,Risky,False,RISKY,False,False,False,0.5679709,1.4850913
2022-09-06,UDR,Real Estate,1,Stable,True,STABLE,False,True,True,0.26651886,0.6706871
2022-09-06,UHS,Health Care,2,Middle,False,MIDDLE,False,False,False,0.40897167,1.0263124
2022-09-06,ULTA,Consumer Discretionary,2,Middle,False,MIDDLE,False,False,False,0.41066018,1.1666749
2022-09-06,UNH,Health Care,1,Stable,True,STABLE,False,True,True,0.24884312,0.6159701
2022-09-06,UNP,Industrials,1,Stable,True,STABLE,False,True,True,0.2461659,0.65442526
2022-09-06,UPS,Industrials,1,Stable,True,STABLE,False,True,True,0.27698657,0.8144081
2022-09-06,URI,Industrials,2,Middle,False,RISKY,False,False,False,0.41884062,1.3291423
2022-09-06,USB,Financials,1,Stable,True,STABLE,False,True,True,0.25650725,0.68868715
2022-09-06,V,Financials,2,Middle,False,MIDDLE,False,False,False,0.30749336,1.0067055
2022-09-06,VFC,Unknown,2,Middle,False,MIDDLE,False,False,False,0.37880376,1.0265234
2022-09-06,VICI,Real Estate,1,Stable,True,MIDDLE,False,False,False,0.28600535,0.80544513
2022-09-06,VLO,Energy,2,Middle,False,STABLE,False,False,False,0.48203313,0.64795643
2022-09-06,VMC,Materials,2,Middle,False,MIDDLE,False,False,False,0.31395504,0.98728174
2022-09-06,VNO,Unknown,2,Middle,False,MIDDLE,False,False,False,0.33391476,0.85042
2022-09-06,VRSK,Industrials,1,Stable,True,STABLE,False,True,True,0.26678675,0.7897052
2022-09-06,VRSN,Information Technology,2,Middle,False,STABLE,False,False,False,0.38473228,1.2200407
2022-09-06,VRTX,Health Care,1,Stable,True,MIDDLE,False,False,False,0.33391705,0.7133687
2022-09-06,VTR,Real Estate,1,Stable,True,STABLE,False,True,True,0.2747976,0.55671734
2022-09-06,VTRS,Health Care,1,Stable,True,MIDDLE,False,False,False,0.32264042,0.71725345
2022-09-06,VZ,Communication Services,1,Stable,True,STABLE,False,True,True,0.23589481,0.31284356
2022-09-06,WAB,Industrials,2,Middle,False,MIDDLE,False,False,False,0.3283493,1.0741332
2022-09-06,WAT,Health Care,2,Middle,False,MIDDLE,False,False,False,0.36407322,0.9428226
2022-09-06,WBA,Unknown,1,Stable,True,STABLE,False,True,True,0.30110714,0.72688425
2022-09-06,WBD,Communication Services,3,Risky,False,RISKY,False,False,False,0.6363344,1.3774493
2022-09-06,WDC,Information Technology,2,Middle,False,MIDDLE,False,False,False,0.45903763,1.2888904
2022-09-06,WEC,Utilities,1,Stable,True,STABLE,False,True,True,0.21117926,0.3073208
2022-09-06,WELL,Real Estate,1,Stable,True,STABLE,False,True,True,0.22408788,0.49831924
2022-09-06,WFC,Financials,2,Middle,False,MIDDLE,False,False,False,0.34101912,1.0180707
2022-09-06,WHR,Unknown,2,Middle,False,MIDDLE,False,False,False,0.38985184,0.9098135
2022-09-06,WM,Industrials,1,Stable,True,STABLE,False,True,True,0.21693406,0.46374917
2022-09-06,WMB,Energy,1,Stable,True,STABLE,False,True,True,0.2940742,0.52535224
2022-09-06,WMT,Consumer Staples,1,Stable,True,MIDDLE,False,False,False,0.32185364,0.46314985
2022-09-06,WRB,Financials,1,Stable,True,STABLE,False,True,True,0.24134195,0.5499301
2022-09-06,WST,Health Care,2,Middle,False,MIDDLE,False,False,False,0.34439874,1.0159898
2022-09-06,WTW,Financials,1,Stable,True,STABLE,False,True,True,0.2488751,0.7911216
2022-09-06,WY,Real Estate,1,Stable,True,MIDDLE,False,False,False,0.28423658,0.8710559
2022-09-06,WYNN,Consumer Discretionary,3,Risky,False,MIDDLE,False,False,False,0.54912776,1.5870022
2022-09-06,XEL,Utilities,1,Stable,True,STABLE,False,True,True,0.20048459,0.33636084
2022-09-06,XOM,Energy,1,Stable,True,STABLE,False,True,True,0.37134758,0.6250479
2022-09-06,XRAY,Unknown,1,Stable,True,STABLE,False,True,True,0.35349354,0.63163453
2022-09-06,XYL,Industrials,2,Middle,False,MIDDLE,False,False,False,0.34208176,1.098506
2022-09-06,YUM,Consumer Discretionary,1,Stable,True,STABLE,False,True,True,0.25082842,0.7770925
2022-09-06,ZBH,Health Care,1,Stable,True,MIDDLE,False,False,False,0.28972796,0.87633246
2022-09-06,ZBRA,Information Technology,3,Risky,False,MIDDLE,False,False,False,0.45255446,1.4995122
2022-09-06,ZION,Unknown,2,Middle,False,MIDDLE,False,False,False,0.34225366,1.0345778
2022-09-06,ZTS,Health Care,1,Stable,True,MIDDLE,False,False,False,0.29122788,0.86777604
2023-02-28,A,Health Care,2,Middle,False,MIDDLE,False,False,False,0.31327924,1.0730858
2023-02-28,AAL,Unknown,2,Middle,False,MIDDLE,False,False,False,0.44534957,1.2389795
2023-02-28,AAP,Unknown,2,Middle,False,MIDDLE,False,False,False,0.3677304,0.8208749
2023-02-28,AAPL,Information Technology,2,Middle,False,MIDDLE,False,False,False,0.36022308,1.3566992
2023-02-28,ABBV,Health Care,1,Stable,True,STABLE,False,True,True,0.22410248,0.40924668
2023-02-28,ABT,Health Care,1,Stable,True,STABLE,False,True,True,0.25003117,0.8106763
2023-02-28,ACGL,Financials,1,Stable,True,STABLE,False,True,True,0.30221477,0.534142
2023-02-28,ACN,Information Technology,2,Middle,False,MIDDLE,False,False,False,0.32560775,1.2509195
2023-02-28,ADBE,Information Technology,3,Risky,False,RISKY,False,False,False,0.46958488,1.445355
2023-02-28,ADI,Information Technology,2,Middle,False,MIDDLE,False,False,False,0.34738746,1.2760093
2023-02-28,ADM,Consumer Staples,1,Stable,True,MIDDLE,False,False,False,0.2801251,0.59844697
2023-02-28,ADP,Industrials,1,Stable,True,STABLE,False,True,True,0.26116195,0.9179874
2023-02-28,ADSK,Information Technology,3,Risky,False,RISKY,False,False,False,0.4676117,1.5274253
2023-02-28,AEE,Utilities,1,Stable,True,STABLE,False,True,True,0.252433,0.7771335
2023-02-28,AEP,Utilities,1,Stable,True,MIDDLE,False,False,False,0.26372206,0.79258263
2023-02-28,AES,Utilities,2,Middle,False,RISKY,False,False,False,0.33226404,1.0835416
2023-02-28,AFL,Financials,1,Stable,True,STABLE,False,True,True,0.23493083,0.64227355
2023-02-28,AIG,Financials,1,Stable,True,STABLE,False,True,True,0.25121617,0.75513154
2023-02-28,AIZ,Financials,1,Stable,True,MIDDLE,False,False,False,0.31103972,0.76889914
2023-02-28,AJG,Financials,1,Stable,True,STABLE,False,True,True,0.24077372,0.6847656
2023-02-28,AKAM,Information Technology,2,Middle,False,STABLE,False,False,False,0.32372832,0.92287725
2023-02-28,ALB,Materials,3,Risky,False,RISKY,False,False,False,0.511283,1.3219604
2023-02-28,ALGN,Health Care,3,Risky,False,RISKY,False,False,False,0.67684525,1.8021387
2023-02-28,ALK,Unknown,2,Middle,False,MIDDLE,False,False,False,0.35393438,1.115441
2023-02-28,ALL,Financials,1,Stable,True,MIDDLE,False,False,False,0.33115268,0.6398824
2023-02-28,ALLE,Industrials,2,Middle,False,MIDDLE,False,False,False,0.33615732,1.195108
2023-02-28,AMAT,Information Technology,3,Risky,False,RISKY,False,False,False,0.4740827,1.7173808
2023-02-28,AMCR,Materials,2,Middle,False,STABLE,False,False,False,0.26872197,0.9506293
2023-02-28,AMD,Information Technology,3,Risky,False,RISKY,False,False,False,0.5842835,2.0289397
2023-02-28,AME,Industrials,1,Stable,True,STABLE,False,True,True,0.2420359,0.8875897
2023-02-28,AMGN,Health Care,1,Stable,True,STABLE,False,True,True,0.2369024,0.43272376
2023-02-28,AMP,Financials,2,Middle,False,MIDDLE,False,False,False,0.3127235,1.1117836
2023-02-28,AMT,Real Estate,2,Middle,False,RISKY,False,False,False,0.33066845,1.0470146
2023-02-28,AMZN,Consumer Discretionary,3,Risky,False,MIDDLE,False,False,False,0.4644818,1.5769554
2023-02-28,ANET,Information Technology,2,Middle,False,MIDDLE,False,False,False,0.40677503,1.1498969
2023-02-28,ANSS,Unknown,2,Middle,False,MIDDLE,False,False,False,0.39540645,1.3926841
2023-02-28,AON,Financials,1,Stable,True,STABLE,False,True,True,0.23499964,0.7897579
2023-02-28,AOS,Industrials,2,Middle,False,MIDDLE,False,False,False,0.37308928,1.0580792
2023-02-28,APA,Energy,3,Risky,False,RISKY,False,False,False,0.52122295,1.150569
2023-02-28,APD,Materials,1,Stable,True,STABLE,False,True,True,0.2954842,0.7721553
2023-02-28,APH,Information Technology,2,Middle,False,STABLE,False,False,False,0.27244276,1.0452976
2023-02-28,APTV,Consumer Discretionary,3,Risky,False,MIDDLE,False,False,False,0.43315476,1.4998487
2023-02-28,ARE,Real Estate,2,Middle,False,MIDDLE,False,False,False,0.30108812,1.0224941
2023-02-28,ATO,Utilities,1,Stable,True,MIDDLE,False,False,False,0.26181066,0.8125916
2023-02-28,ATVI,Unknown,1,Stable,True,STABLE,False,True,True,0.20611714,0.30455157
2023-02-28,AVB,Real Estate,2,Middle,False,MIDDLE,False,False,False,0.29105392,0.91754174
2023-02-28,AVGO,Information Technology,2,Middle,False,MIDDLE,False,False,False,0.3329336,1.2589285
2023-02-28,AVY,Materials,2,Middle,False,STABLE,False,False,False,0.32636186,0.9896583
2023-02-28,AWK,Utilities,1,Stable,True,MIDDLE,False,False,False,0.27301598,0.89202964
2023-02-28,AXP,Financials,2,Middle,False,MIDDLE,False,False,False,0.3323163,1.0945414
2023-02-28,AZO,Consumer Discretionary,1,Stable,True,STABLE,False,True,True,0.24368788,0.4143506
2023-02-28,BA,Industrials,2,Middle,False,MIDDLE,False,False,False,0.3979879,1.048633
2023-02-28,BAC,Financials,2,Middle,False,MIDDLE,False,False,False,0.28339723,0.93770504
2023-02-28,BALL,Materials,2,Middle,False,MIDDLE,False,False,False,0.3706254,1.0570834
2023-02-28,BAX,Health Care,2,Middle,False,MIDDLE,False,False,False,0.39602613,0.8250712
2023-02-28,BBWI,Unknown,3,Risky,False,RISKY,False,False,False,0.59788764,1.3699216
2023-02-28,BBY,Consumer Discretionary,2,Middle,False,MIDDLE,False,False,False,0.40354785,1.2371527
2023-02-28,BDX,Health Care,1,Stable,True,STABLE,False,True,True,0.24459583,0.7299583
2023-02-28,BEN,Financials,2,Middle,False,RISKY,False,False,False,0.39871243,1.4648752
2023-02-28,BF-B,Consumer Staples,1,Stable,True,MIDDLE,False,False,False,0.2424246,0.73211807
2023-02-28,BIIB,Health Care,3,Risky,False,RISKY,False,False,False,0.5586994,1.0375042
2023-02-28,BIO,Unknown,2,Middle,False,MIDDLE,False,False,False,0.41582748,1.0024132
2023-02-28,BKNG,Consumer Discretionary,2,Middle,False,MIDDLE,False,False,False,0.33953905,1.024462
2023-02-28,BKR,Energy,2,Middle,False,RISKY,False,False,False,0.409343,1.0353276
2023-02-28,BLK,Financials,2,Middle,False,RISKY,False,False,False,0.36856562,1.3671758
2023-02-28,BMY,Health Care,1,Stable,True,STABLE,False,True,True,0.2027726,0.28603777
2023-02-28,BR,Industrials,2,Middle,False,MIDDLE,False,False,False,0.2942347,1.0118147
2023-02-28,BRK-B,Financials,1,Stable,True,STABLE,False,True,True,0.21794853,0.8501893
2023-02-28,BRO,Financials,2,Middle,False,MIDDLE,False,False,False,0.33981243,0.77065516
2023-02-28,BSX,Health Care,1,Stable,True,STABLE,False,True,True,0.21765931,0.6982485
2023-02-28,BWA,Unknown,2,Middle,False,MIDDLE,False,False,False,0.31057438,1.0442427
2023-02-28,BXP,Real Estate,2,Middle,False,RISKY,False,False,False,0.33887884,1.0319557
2023-02-28,C,Financials,2,Middle,False,MIDDLE,False,False,False,0.27763098,0.993263
2023-02-28,CAG,Unknown,1,Stable,True,STABLE,False,True,True,0.20761517,0.28074545
2023-02-28,CAH,Health Care,1,Stable,True,STABLE,False,True,True,0.25289667,0.37468046
2023-02-28,CARR,Industrials,2,Middle,False,MIDDLE,False,False,False,0.34428704,1.1818862
2023-02-28,CAT,Industrials,1,Stable,True,STABLE,False,True,True,0.29942888,0.8514052
2023-02-28,CB,Financials,1,Stable,True,STABLE,False,True,True,0.23512481,0.5416976
2023-02-28,CBOE,Financials,1,Stable,True,STABLE,False,True,True,0.22440317,0.3464136
2023-02-28,CBRE,Real Estate,2,Middle,False,RISKY,False,False,False,0.34150442,1.2627203
2023-02-28,CCI,Real Estate,2,Middle,False,RISKY,False,False,False,0.32736957,1.0183841
2023-02-28,CCL,Consumer Discretionary,3,Risky,False,RISKY,False,False,False,0.76663005,1.9548239
2023-02-28,CDNS,Information Technology,2,Middle,False,MIDDLE,False,False,False,0.35741502,1.1366282
2023-02-28,CDW,Information Technology,2,Middle,False,STABLE,False,False,False,0.27435303,1.0154865
2023-02-28,CE,Unknown,3,Risky,False,RISKY,False,False,False,0.4414598,1.4778585
2023-02-28,CEG,Utilities,2,Middle,False,RISKY,False,False,False,0.35654807,0.9932884
2023-02-28,CF,Materials,2,Middle,False,STABLE,False,False,False,0.43317726,0.6694986
2023-02-28,CFG,Financials,2,Middle,False,MIDDLE,False,False,False,0.29996976,0.9989065
2023-02-28,CHD,Consumer Staples,1,Stable,True,STABLE,False,True,True,0.22360925,0.5525501
2023-02-28,CHRW,Industrials,2,Middle,False,MIDDLE,False,False,False,0.3091179,0.9085145
2023-02-28,CHTR,Communication Services,3,Risky,False,MIDDLE,False,False,False,0.46005926,1.2539299
2023-02-28,CI,Health Care,1,Stable,True,STABLE,False,True,True,0.23593566,0.35423294
2023-02-28,CINF,Financials,2,Middle,False,MIDDLE,False,False,False,0.32172865,0.9481963
2023-02-28,CL,Consumer Staples,1,Stable,True,STABLE,False,True,True,0.19478123,0.4505114
2023-02-28,CLX,Consumer Staples,1,Stable,True,MIDDLE,False,False,False,0.27783218,0.55956435
2023-02-28,CMA,Unknown,2,Middle,False,MIDDLE,False,False,False,0.34571746,1.0628761
2023-02-28,CMCSA,Communication Services,2,Middle,False,MIDDLE,False,False,False,0.30582413,1.0463275
2023-02-28,CME,Financials,1,Stable,True,STABLE,False,True,True,0.20766762,0.44733208
2023-02-28,CMG,Consumer Discretionary,2,Middle,False,MIDDLE,False,False,False,0.32435703,1.069825
2023-02-28,CMI,Industrials,1,Stable,True,STABLE,False,True,True,0.24889973,0.82322603
2023-02-28,CMS,Utilities,1,Stable,True,STABLE,False,True,True,0.2565764,0.7374078
2023-02-28,CNC,Health Care,1,Stable,True,STABLE,False,True,True,0.31923774,0.52802277
2023-02-28,CNP,Utilities,1,Stable,True,STABLE,False,True,True,0.24658422,0.70032156
2023-02-28,COF,Financials,3,Risky,False,RISKY,False,False,False,0.45075807,1.5082563
2023-02-28,COO,Health Care,2,Middle,False,MIDDLE,False,False,False,0.33922556,1.1176153
2023-02-28,COP,Energy,2,Middle,False,MIDDLE,False,False,False,0.4039747,0.80875635
2023-02-28,COR,Health Care,1,Stable,True,STABLE,False,True,True,0.22460616,0.4060522
2023-02-28,COST,Consumer Staples,2,Middle,False,MIDDLE,False,False,False,0.2863779,0.9472306
2023-02-28,CPAY,Financials,2,Middle,False,RISKY,False,False,False,0.3477171,1.2853256
2023-02-28,CPB,Unknown,1,Stable,True,STABLE,False,True,True,0.23100668,0.1743329
2023-02-28,CPRT,Industrials,2,Middle,False,MIDDLE,False,False,False,0.2882482,0.9774521
2023-02-28,CPT,Real Estate,1,Stable,True,MIDDLE,False,False,False,0.27723086,0.8927428
2023-02-28,CRL,Health Care,2,Middle,False,MIDDLE,False,False,False,0.45233452,0.9470455
2023-02-28,CRM,Information Technology,2,Middle,False,MIDDLE,False,False,False,0.4263944,1.3417772
2023-02-28,CSCO,Information Technology,1,Stable,True,STABLE,False,True,True,0.251524,0.8605699
2023-02-28,CSGP,Real Estate,2,Middle,False,MIDDLE,False,False,False,0.3121715,0.8979377
2023-02-28,CSX,Industrials,2,Middle,False,MIDDLE,False,False,False,0.27466846,0.96853137
2023-02-28,CTAS,Industrials,1,Stable,True,STABLE,False,True,True,0.25650838,0.93882316
2023-02-28,CTLT,Unknown,3,Risky,False,RISKY,False,False,False,0.7250746,1.3727094
2023-02-28,CTRA,Unknown,2,Middle,False,MIDDLE,False,False,False,0.4297704,0.8660594
2023-02-28,CTSH,Information Technology,2,Middle,False,MIDDLE,False,False,False,0.36833784,1.1253476
2023-02-28,CTVA,Materials,1,Stable,True,STABLE,False,True,True,0.2835699,0.5839067
2023-02-28,CVS,Health Care,1,Stable,True,STABLE,False,True,True,0.2587817,0.554796
2023-02-28,CVX,Energy,1,Stable,True,STABLE,False,True,True,0.30265334,0.76010555
2023-02-28,CZR,Unknown,3,Risky,False,RISKY,False,False,False,0.619022,2.1914008
2023-02-28,D,Utilities,1,Stable,True,STABLE,False,True,True,0.29247165,0.68937415
2023-02-28,DAL,Industrials,2,Middle,False,MIDDLE,False,False,False,0.36537775,1.0366217
2023-02-28,DAY,Unknown,3,Risky,False,RISKY,False,False,False,0.52351487,1.7467062
2023-02-28,DD,Materials,2,Middle,False,STABLE,False,False,False,0.30680683,0.97536653
2023-02-28,DE,Industrials,1,Stable,True,STABLE,False,True,True,0.27424422,0.6504013
2023-02-28,DFS,Unknown,2,Middle,False,MIDDLE,False,False,False,0.3322113,1.1462072
2023-02-28,DG,Consumer Staples,1,Stable,True,MIDDLE,False,False,False,0.25524455,0.5414631
2023-02-28,DGX,Health Care,1,Stable,True,STABLE,False,True,True,0.23717315,0.56864274
2023-02-28,DHI,Consumer Discretionary,2,Middle,False,MIDDLE,False,False,False,0.38441688,1.1973572
2023-02-28,DHR,Health Care,2,Middle,False,MIDDLE,False,False,False,0.3289064,1.1499233
2023-02-28,DIS,Communication Services,2,Middle,False,MIDDLE,False,False,False,0.40066972,1.284199
2023-02-28,DISH,Unknown,3,Risky,False,RISKY,False,False,False,0.62682223,1.9915469
2023-02-28,DLR,Real Estate,2,Middle,False,RISKY,False,False,False,0.3745756,1.2489985
2023-02-28,DLTR,Consumer Staples,1,Stable,True,MIDDLE,False,False,False,0.30529815,0.7966797
2023-02-28,DOV,Industrials,2,Middle,False,MIDDLE,False,False,False,0.29049277,1.052238
2023-02-28,DOW,Materials,2,Middle,False,STABLE,False,False,False,0.29774132,0.99532413
2023-02-28,DPZ,Consumer Discretionary,2,Middle,False,STABLE,False,False,False,0.38991407,0.7591677
2023-02-28,DRI,Consumer Discretionary,1,Stable,True,STABLE,False,True,True,0.23957168,0.6401941
2023-02-28,DTE,Utilities,1,Stable,True,STABLE,False,True,True,0.2504211,0.76232636
2023-02-28,DUK,Utilities,1,Stable,True,STABLE,False,True,True,0.2365729,0.6751435
2023-02-28,DVA,Health Care,2,Middle,False,RISKY,False,False,False,0.55388385,0.44894126
2023-02-28,DVN,Energy,3,Risky,False,RISKY,False,False,False,0.50819045,1.1931431
2023-02-28,DXC,Unknown,2,Middle,False,MIDDLE,False,False,False,0.41544408,1.1098418
2023-02-28,DXCM,Health Care,3,Risky,False,RISKY,False,False,False,0.49185565,1.2018533
2023-02-28,EA,Communication Services,1,Stable,True,STABLE,False,True,True,0.25232953,0.6159485
2023-02-28,EBAY,Consumer Discretionary,2,Middle,False,MIDDLE,False,False,False,0.36053705,1.2393967
2023-02-28,ECL,Materials,2,Middle,False,MIDDLE,False,False,False,0.37192142,1.2820772
2023-02-28,ED,Utilities,1,Stable,True,STABLE,False,True,True,0.23251408,0.6637163
2023-02-28,EFX,Industrials,2,Middle,False,MIDDLE,False,False,False,0.4158405,1.3731495
2023-02-28,EG,Financials,1,Stable,True,STABLE,False,True,True,0.31519964,0.46208316
2023-02-28,EIX,Utilities,2,Middle,False,MIDDLE,False,False,False,0.3009431,0.9189684
2023-02-28,EL,Consumer Staples,2,Middle,False,RISKY,False,False,False,0.40138152,1.090716
2023-02-28,ELV,Health Care,1,Stable,True,STABLE,False,True,True,0.25617343,0.4242134
2023-02-28,EMN,Unknown,2,Middle,False,MIDDLE,False,False,False,0.38583967,1.392109
2023-02-28,EMR,Industrials,2,Middle,False,MIDDLE,False,False,False,0.28480187,0.93517745
2023-02-28,ENPH,Unknown,3,Risky,False,RISKY,False,False,False,0.5711366,1.0620189
2023-02-28,EOG,Energy,2,Middle,False,MIDDLE,False,False,False,0.40320337,0.85562223
2023-02-28,EPAM,Unknown,3,Risky,False,RISKY,False,False,False,0.5040904,1.6745417
2023-02-28,EQIX,Real Estate,2,Middle,False,RISKY,False,False,False,0.32851818,1.0245838
2023-02-28,EQT,Energy,3,Risky,False,RISKY,False,False,False,0.54303813,1.1415095
2023-02-28,ES,Utilities,1,Stable,True,MIDDLE,False,False,False,0.27086484,0.8098342
2023-02-28,ESS,Real Estate,1,Stable,True,MIDDLE,False,False,False,0.2942278,0.8682138
2023-02-28,ETN,Industrials,1,Stable,True,STABLE,False,True,True,0.2550114,0.8676927
2023-02-28,ETR,Utilities,1,Stable,True,MIDDLE,False,False,False,0.2743664,0.8018203
2023-02-28,ETSY,Unknown,3,Risky,False,RISKY,False,False,False,0.63526213,1.6311121
2023-02-28,EVRG,Utilities,1,Stable,True,STABLE,False,True,True,0.26756388,0.7391139
2023-02-28,EW,Health Care,2,Middle,False,MIDDLE,False,False,False,0.42432925,0.7285236
2023-02-28,EXC,Utilities,1,Stable,True,MIDDLE,False,False,False,0.27440822,0.8030329
2023-02-28,EXPD,Industrials,2,Middle,False,MIDDLE,False,False,False,0.33069217,0.9692333
2023-02-28,EXPE,Consumer Discretionary,3,Risky,False,MIDDLE,False,False,False,0.48589537,1.432461
2023-02-28,EXR,Real Estate,2,Middle,False,RISKY,False,False,False,0.3562357,1.0218287
2023-02-28,F,Consumer Discretionary,3,Risky,False,MIDDLE,False,False,False,0.45275453,1.3781924
2023-02-28,FANG,Energy,2,Middle,False,MIDDLE,False,False,False,0.39815867,0.825186
2023-02-28,FAST,Industrials,2,Middle,False,MIDDLE,False,False,False,0.3055654,1.0777187
2023-02-28,FCX,Materials,3,Risky,False,RISKY,False,False,False,0.48937836,1.3139035
2023-02-28,FDS,Financials,1,Stable,True,MIDDLE,False,False,False,0.29053086,0.8218829
2023-02-28,FDX,Industrials,2,Middle,False,MIDDLE,False,False,False,0.47591025,1.0135438
2023-02-28,FE,Utilities,1,Stable,True,STABLE,False,True,True,0.25323617,0.7206267
2023-02-28,FFIV,Information Technology,2,Middle,False,MIDDLE,False,False,False,0.339906,1.2195569
2023-02-28,FI,Financials,2,Middle,False,MIDDLE,False,False,False,0.29154736,0.952985
2023-02-28,FIS,Financials,3,Risky,False,RISKY,False,False,False,0.6119538,1.0658622
2023-02-28,FITB,Financials,2,Middle,False,MIDDLE,False,False,False,0.34310845,1.1109712
2023-02-28,FMC,Unknown,1,Stable,True,STABLE,False,True,True,0.24632283,0.60578984
2023-02-28,FOX,Communication Services,1,Stable,True,STABLE,False,True,True,0.31864598,0.731101
2023-02-28,FOXA,Communication Services,1,Stable,True,STABLE,False,True,True,0.33128244,0.7018523
2023-02-28,FRT,Real Estate,2,Middle,False,MIDDLE,False,False,False,0.28586596,0.908614
2023-02-28,FSLR,Information Technology,2,Middle,False,MIDDLE,False,False,False,0.47601867,0.7883927
2023-02-28,FTNT,Information Technology,3,Risky,False,RISKY,False,False,False,0.4703668,1.3843193
2023-02-28,FTV,Industrials,2,Middle,False,MIDDLE,False,False,False,0.27369723,1.0331724
2023-02-28,GD,Industrials,1,Stable,True,STABLE,False,True,True,0.22017944,0.5833088
2023-02-28,GE,Industrials,2,Middle,False,MIDDLE,False,False,False,0.30976394,0.9428112
2023-02-28,GEN,Information Technology,1,Stable,True,STABLE,False,True,True,0.30635434,0.67064136
2023-02-28,GILD,Health Care,1,Stable,True,STABLE,False,True,True,0.28676274,0.6079375
2023-02-28,GIS,Consumer Staples,1,Stable,True,STABLE,False,True,True,0.23149677,0.19361743
2023-02-28,GL,Financials,1,Stable,True,STABLE,False,True,True,0.21693435,0.50820374
2023-02-28,GLW,Information Technology,2,Middle,False,STABLE,False,False,False,0.2846623,0.9572888
2023-02-28,GM,Consumer Discretionary,2,Middle,False,MIDDLE,False,False,False,0.41346905,1.2762384
2023-02-28,GNRC,Industrials,3,Risky,False,RISKY,False,False,False,0.75381833,2.0239522
2023-02-28,GOOG,Communication Services,3,Risky,False,MIDDLE,False,False,False,0.41535264,1.4099381
2023-02-28,GOOGL,Communication Services,2,Middle,False,MIDDLE,False,False,False,0.41040063,1.3937311
2023-02-28,GPC,Consumer Discretionary,1,Stable,True,STABLE,False,True,True,0.22937794,0.6650986
2023-02-28,GPN,Financials,2,Middle,False,RISKY,False,False,False,0.4103449,1.2091503
2023-02-28,GRMN,Consumer Discretionary,2,Middle,False,MIDDLE,False,False,False,0.28645885,1.068744
2023-02-28,GS,Financials,1,Stable,True,MIDDLE,False,False,False,0.27559388,0.8567747
2023-02-28,GWW,Industrials,2,Middle,False,MIDDLE,False,False,False,0.32555097,0.8874037
2023-02-28,HAL,Energy,2,Middle,False,RISKY,False,False,False,0.48130485,1.1033328
2023-02-28,HAS,Consumer Discretionary,2,Middle,False,MIDDLE,False,False,False,0.39812386,1.0112295
2023-02-28,HBAN,Financials,2,Middle,False,MIDDLE,False,False,False,0.29969287,0.8889629
2023-02-28,HCA,Health Care,2,Middle,False,MIDDLE,False,False,False,0.31617978,0.91237044
2023-02-28,HD,Consumer Discretionary,2,Middle,False,MIDDLE,False,False,False,0.3169564,1.1153452
2023-02-28,HES,Unknown,2,Middle,False,MIDDLE,False,False,False,0.43495268,0.9722183
2023-02-28,HIG,Financials,1,Stable,True,STABLE,False,True,True,0.22588448,0.68039346
2023-02-28,HII,Industrials,1,Stable,True,STABLE,False,True,True,0.2560482,0.5063844
2023-02-28,HLT,Consumer Discretionary,2,Middle,False,STABLE,False,False,False,0.28887123,0.9315583
2023-02-28,HOLX,Unknown,1,Stable,True,STABLE,False,True,True,0.2697061,0.72560877
2023-02-28,HON,Industrials,1,Stable,True,STABLE,False,True,True,0.24179009,0.8229471
2023-02-28,HPE,Information Technology,2,Middle,False,STABLE,False,False,False,0.28824228,1.0321069
2023-02-28,HPQ,Information Technology,2,Middle,False,MIDDLE,False,False,False,0.33430317,1.2272476
2023-02-28,HRL,Consumer Staples,1,Stable,True,STABLE,False,True,True,0.17526715,0.33592084
2023-02-28,HSIC,Health Care,1,Stable,True,STABLE,False,True,True,0.27200285,0.76197875
2023-02-28,HST,Real Estate,2,Middle,False,RISKY,False,False,False,0.36535892,1.1177721
2023-02-28,HSY,Consumer Staples,1,Stable,True,STABLE,False,True,True,0.20278895,0.30692872
2023-02-28,HUM,Health Care,1,Stable,True,STABLE,False,True,True,0.27247453,0.26130727
2023-02-28,HWM,Industrials,2,Middle,False,MIDDLE,False,False,False,0.2928962,1.0001998
2023-02-28,IBM,Information Technology,1,Stable,True,STABLE,False,True,True,0.22734581,0.67003226
2023-02-28,ICE,Financials,1,Stable,True,STABLE,False,True,True,0.23752517,0.8507943
2023-02-28,IDXX,Health Care,2,Middle,False,MIDDLE,False,False,False,0.4147967,1.3698035
2023-02-28,IEX,Industrials,1,Stable,True,STABLE,False,True,True,0.2616013,0.8225706
2023-02-28,IFF,Materials,2,Middle,False,MIDDLE,False,False,False,0.43006513,1.021673
2023-02-28,ILMN,Unknown,3,Risky,False,RISKY,False,False,False,0.51267827,1.4547886
2023-02-28,INCY,Health Care,1,Stable,True,STABLE,False,True,True,0.21843238,0.34974098
2023-02-28,INTC,Information Technology,3,Risky,False,MIDDLE,False,False,False,0.4067695,1.4541937
2023-02-28,INTU,Information Technology,3,Risky,False,RISKY,False,False,False,0.44347534,1.599344
2023-02-28,INVH,Real Estate,2,Middle,False,RISKY,False,False,False,0.32608768,1.0113468
2023-02-28,IP,Materials,2,Middle,False,MIDDLE,False,False,False,0.37354583,1.0743605
2023-02-28,IPG,Unknown,2,Middle,False,MIDDLE,False,False,False,0.28135836,0.95219857
2023-02-28,IQV,Health Care,2,Middle,False,MIDDLE,False,False,False,0.3650466,1.2595516
2023-02-28,IR,Industrials,2,Middle,False,MIDDLE,False,False,False,0.30129555,1.0513731
2023-02-28,IRM,Real Estate,2,Middle,False,RISKY,False,False,False,0.35517603,1.0799564
2023-02-28,ISRG,Health Care,2,Middle,False,MIDDLE,False,False,False,0.37977242,1.2369651
2023-02-28,IT,Information Technology,1,Stable,True,STABLE,False,True,True,0.28134328,0.8821721
2023-02-28,ITW,Industrials,2,Middle,False,MIDDLE,False,False,False,0.2599373,1.0111196
2023-02-28,IVZ,Financials,3,Risky,False,RISKY,False,False,False,0.4576844,1.6642388
2023-02-28,J,Industrials,1,Stable,True,STABLE,False,True,True,0.27244073,0.9000019
2023-02-28,JBHT,Industrials,2,Middle,False,MIDDLE,False,False,False,0.33493072,0.9969402
2023-02-28,JCI,Industrials,2,Middle,False,MIDDLE,False,False,False,0.31650287,0.9852407
2023-02-28,JKHY,Financials,1,Stable,True,STABLE,False,True,True,0.2763946,0.7610506
2023-02-28,JNJ,Health Care,1,Stable,True,STABLE,False,True,True,0.16312784,0.37013274
2023-02-28,JNPR,Unknown,1,Stable,True,MIDDLE,False,False,False,0.2692624,0.87254304
2023-02-28,JPM,Financials,1,Stable,True,STABLE,False,True,True,0.2575236,0.8319081
2023-02-28,K,Unknown,1,Stable,True,STABLE,False,True,True,0.22842708,0.37334877
2023-02-28,KDP,Consumer Staples,1,Stable,True,STABLE,False,True,True,0.20237567,0.5834504
2023-02-28,KEY,Financials,2,Middle,False,RISKY,False,False,False,0.3655779,1.2237179
2023-02-28,KEYS,Information Technology,2,Middle,False,MIDDLE,False,False,False,0.34967288,1.0616179
2023-02-28,KHC,Consumer Staples,1,Stable,True,STABLE,False,True,True,0.22560902,0.3670357
2023-02-28,KIM,Real Estate,2,Middle,False,MIDDLE,False,False,False,0.30893213,1.0300294
2023-02-28,KLAC,Information Technology,3,Risky,False,MIDDLE,False,False,False,0.4162088,1.4412516
2023-02-28,KMB,Consumer Staples,1,Stable,True,STABLE,False,True,True,0.18880518,0.5460053
2023-02-28,KMI,Energy,1,Stable,True,STABLE,False,True,True,0.26091468,0.81377506
2023-02-28,KMX,Unknown,3,Risky,False,RISKY,False,False,False,0.6228079,1.6214409
2023-02-28,KO,Consumer Staples,1,Stable,True,STABLE,False,True,True,0.17929885,0.5663078
2023-02-28,KR,Consumer Staples,1,Stable,True,MIDDLE,False,False,False,0.28844854,0.4552289
2023-02-28,L,Financials,1,Stable,True,STABLE,False,True,True,0.2266632,0.72308147
2023-02-28,LDOS,Industrials,1,Stable,True,STABLE,False,True,True,0.23363389,0.47618943
2023-02-28,LEN,Consumer Discretionary,2,Middle,False,MIDDLE,False,False,False,0.37929422,1.20574
2023-02-28,LH,Health Care,1,Stable,True,MIDDLE,False,False,False,0.292496,0.8217579
2023-02-28,LHX,Industrials,1,Stable,True,STABLE,False,True,True,0.288825,0.5029152
2023-02-28,LIN,Materials,1,Stable,True,STABLE,False,True,True,0.26946476,0.8194832
2023-02-28,LKQ,Unknown,1,Stable,True,MIDDLE,False,False,False,0.27393952,0.9117865
2023-02-28,LLY,Health Care,1,Stable,True,STABLE,False,True,True,0.26335335,0.3987724
2023-02-28,LMT,Industrials,1,Stable,True,STABLE,False,True,True,0.24850698,0.4065056
2023-02-28,LNC,Unknown,3,Risky,False,RISKY,False,False,False,0.7506136,1.6182595
2023-02-28,LNT,Utilities,1,Stable,True,MIDDLE,False,False,False,0.27351373,0.7837008
2023-02-28,LOW,Consumer Discretionary,2,Middle,False,MIDDLE,False,False,False,0.33675426,1.1233295
2023-02-28,LRCX,Information Technology,3,Risky,False,RISKY,False,False,False,0.5092938,1.7544686
2023-02-28,LUMN,Unknown,3,Risky,False,RISKY,False,False,False,0.6531973,1.4977882
2023-02-28,LUV,Industrials,2,Middle,False,MIDDLE,False,False,False,0.34363544,0.9593518
2023-02-28,LVS,Consumer Discretionary,2,Middle,False,MIDDLE,False,False,False,0.46111524,0.71220875
2023-02-28,LW,Unknown,1,Stable,True,STABLE,False,True,True,0.25260448,0.34637657
2023-02-28,LYB,Materials,2,Middle,False,STABLE,False,False,False,0.32888877,0.92248845
2023-02-28,LYV,Communication Services,2,Middle,False,MIDDLE,False,False,False,0.40971723,1.0685995
2023-02-28,MA,Financials,2,Middle,False,MIDDLE,False,False,False,0.27257422,1.0247978
2023-02-28,MAA,Real Estate,2,Middle,False,MIDDLE,False,False,False,0.287508,0.9383058
2023-02-28,MAR,Consumer Discretionary,2,Middle,False,MIDDLE,False,False,False,0.3197614,1.0502888
2023-02-28,MAS,Industrials,2,Middle,False,MIDDLE,False,False,False,0.3966072,1.4254766
2023-02-28,MCD,Consumer Discretionary,1,Stable,True,STABLE,False,True,True,0.18712598,0.4138594
2023-02-28,MCHP,Information Technology,3,Risky,False,RISKY,False,False,False,0.42762947,1.6376946
2023-02-28,MCK,Health Care,1,Stable,True,STABLE,False,True,True,0.22376078,0.27016938
2023-02-28,MCO,Financials,2,Middle,False,RISKY,False,False,False,0.36932307,1.3611205
2023-02-28,MDLZ,Consumer Staples,1,Stable,True,STABLE,False,True,True,0.19449921,0.58185995
2023-02-28,MDT,Health Care,1,Stable,True,STABLE,False,True,True,0.2748499,0.7476992
2023-02-28,MET,Financials,1,Stable,True,STABLE,False,True,True,0.22094662,0.69917053
2023-02-28,META,Communication Services,3,Risky,False,RISKY,False,False,False,0.69120944,1.6363071
2023-02-28,MGM,Consumer Discretionary,2,Middle,False,MIDDLE,False,False,False,0.42816046,1.2359209
2023-02-28,MHK,Unknown,3,Risky,False,RISKY,False,False,False,0.47048512,1.48823
2023-02-28,MKC,Consumer Staples,1,Stable,True,MIDDLE,False,False,False,0.26587537,0.5808104
2023-02-28,MKTX,Unknown,2,Middle,False,MIDDLE,False,False,False,0.40560684,0.98514104
2023-02-28,MLM,Materials,2,Middle,False,MIDDLE,False,False,False,0.33404666,1.1432515
2023-02-28,MMM,Industrials,2,Middle,False,MIDDLE,False,False,False,0.2907019,0.9083306
2023-02-28,MNST,Consumer Staples,1,Stable,True,MIDDLE,False,False,False,0.24138288,0.7420438
2023-02-28,MO,Consumer Staples,1,Stable,True,STABLE,False,True,True,0.21689743,0.43559456
2023-02-28,MOH,Unknown,1,Stable,True,STABLE,False,True,True,0.2688985,0.4707797
2023-02-28,MOS,Materials,2,Middle,False,MIDDLE,False,False,False,0.45220065,1.0454059
2023-02-28,MPC,Energy,2,Middle,False,MIDDLE,False,False,False,0.35996723,0.77692133
2023-02-28,MPWR,Information Technology,3,Risky,False,RISKY,False,False,False,0.55037385,1.9059381
2023-02-28,MRK,Health Care,1,Stable,True,STABLE,False,True,True,0.20796257,0.26335886
2023-02-28,MRNA,Health Care,3,Risky,False,RISKY,False,False,False,0.600795,1.1163073
2023-02-28,MRO,Unknown,2,Middle,False,MIDDLE,False,False,False,0.46154734,1.029985
2023-02-28,MS,Financials,2,Middle,False,MIDDLE,False,False,False,0.28381154,1.0036548
2023-02-28,MSCI,Financials,2,Middle,False,RISKY,False,False,False,0.38914168,1.4416609
2023-02-28,MSFT,Information Technology,2,Middle,False,MIDDLE,False,False,False,0.3666375,1.3900853
2023-02-28,MSI,Information Technology,1,Stable,True,STABLE,False,True,True,0.27463552,0.8065724
2023-02-28,MTB,Financials,1,Stable,True,MIDDLE,False,False,False,0.3476511,0.67252636
2023-02-28,MTCH,Unknown,3,Risky,False,RISKY,False,False,False,0.56814283,1.669193
2023-02-28,MTD,Health Care,2,Middle,False,MIDDLE,False,False,False,0.33993578,1.126982
2023-02-28,MU,Information Technology,2,Middle,False,MIDDLE,False,False,False,0.4203886,1.3124547
2023-02-28,NCLH,Consumer Discretionary,3,Risky,False,RISKY,False,False,False,0.669437,1.6488286
2023-02-28,NDAQ,Financials,2,Middle,False,MIDDLE,False,False,False,0.2868079,0.94454503
2023-02-28,NDSN,Industrials,2,Middle,False,MIDDLE,False,False,False,0.3435942,1.0105189
2023-02-28,NEE,Utilities,2,Middle,False,MIDDLE,False,False,False,0.30531397,0.8837264
2023-02-28,NEM,Materials,2,Middle,False,MIDDLE,False,False,False,0.37942895,0.9467714
2023-02-28,NFLX,Communication Services,3,Risky,False,RISKY,False,False,False,0.53321946,1.4316728
2023-02-28,NI,Utilities,1,Stable,True,MIDDLE,False,False,False,0.27871042,0.808748
2023-02-28,NKE,Consumer Discretionary,3,Risky,False,MIDDLE,False,False,False,0.426705,1.3652896
2023-02-28,NOC,Industrials,1,Stable,True,STABLE,False,True,True,0.31722048,0.37589493
2023-02-28,NOW,Information Technology,3,Risky,False,RISKY,False,False,False,0.494707,1.4782841
2023-02-28,NRG,Utilities,2,Middle,False,RISKY,False,False,False,0.39789763,1.0649236
2023-02-28,NSC,Industrials,2,Middle,False,MIDDLE,False,False,False,0.2921962,0.91722995
2023-02-28,NTAP,Information Technology,2,Middle,False,STABLE,False,False,False,0.29739195,0.9419823
2023-02-28,NTRS,Financials,2,Middle,False,RISKY,False,False,False,0.35837597,1.1640102
2023-02-28,NUE,Materials,2,Middle,False,RISKY,False,False,False,0.45072216,1.1817119
2023-02-28,NVDA,Information Technology,3,Risky,False,RISKY,False,False,False,0.6049523,2.0824027
2023-02-28,NVR,Consumer Discretionary,2,Middle,False,MIDDLE,False,False,False,0.33862588,1.1190087
2023-02-28,NWL,Unknown,2,Middle,False,MIDDLE,False,False,False,0.39846617,1.141408
2023-02-28,NWS,Communication Services,2,Middle,False,MIDDLE,False,False,False,0.3592194,1.0940701
2023-02-28,NWSA,Communication Services,2,Middle,False,MIDDLE,False,False,False,0.36186332,1.116074
2023-02-28,NXPI,Information Technology,3,Risky,False,RISKY,False,False,False,0.42675114,1.5931296
2023-02-28,O,Real Estate,1,Stable,True,STABLE,False,True,True,0.22643398,0.6490772
2023-02-28,ODFL,Industrials,2,Middle,False,MIDDLE,False,False,False,0.4039051,1.2457212
2023-02-28,OGN,Unknown,2,Middle,False,MIDDLE,False,False,False,0.3985752,0.90382344
2023-02-28,OKE,Energy,2,Middle,False,RISKY,False,False,False,0.33118662,1.1218337
2023-02-28,OMC,Communication Services,1,Stable,True,STABLE,False,True,True,0.25660014,0.81264955
2023-02-28,ON,Information Technology,3,Risky,False,RISKY,False,False,False,0.54646313,1.9499586
2023-02-28,ORCL,Information Technology,1,Stable,True,STABLE,False,True,True,0.2720521,0.7752245
2023-02-28,ORLY,Consumer Discretionary,1,Stable,True,STABLE,False,True,True,0.23169844,0.45806625
2023-02-28,OTIS,Industrials,1,Stable,True,STABLE,False,True,True,0.23021579,0.77273774
2023-02-28,OXY,Energy,2,Middle,False,MIDDLE,False,False,False,0.3918595,0.9220898
2023-02-28,PAYC,Unknown,3,Risky,False,RISKY,False,False,False,0.46107206,1.4442568
2023-02-28,PAYX,Industrials,2,Middle,False,MIDDLE,False,False,False,0.2658225,0.98677725
2023-02-28,PCAR,Industrials,1,Stable,True,STABLE,False,True,True,0.25944743,0.72414875
2023-02-28,PCG,Utilities,1,Stable,True,STABLE,False,True,True,0.2974625,0.6889287
2023-02-28,PEG,Utilities,1,Stable,True,MIDDLE,False,False,False,0.27483222,0.85993963
2023-02-28,PEP,Consumer Staples,1,Stable,True,STABLE,False,True,True,0.18372646,0.4844027
2023-02-28,PFE,Health Care,1,Stable,True,STABLE,False,True,True,0.2430843,0.5525069
2023-02-28,PFG,Financials,2,Middle,False,MIDDLE,False,False,False,0.28407037,0.98922384
2023-02-28,PG,Consumer Staples,1,Stable,True,STABLE,False,True,True,0.17626032,0.52880865
2023-02-28,PGR,Financials,1,Stable,True,STABLE,False,True,True,0.23959517,0.5206905
2023-02-28,PH,Industrials,2,Middle,False,MIDDLE,False,False,False,0.2951192,1.0737245
2023-02-28,PHM,Consumer Discretionary,2,Middle,False,MIDDLE,False,False,False,0.40611315,1.3532189
2023-02-28,PKG,Materials,2,Middle,False,STABLE,False,False,False,0.32555634,0.8542718
2023-02-28,PLD,Real Estate,2,Middle,False,RISKY,False,False,False,0.33337706,1.0898374
2023-02-28,PM,Consumer Staples,1,Stable,True,STABLE,False,True,True,0.2137281,0.6278223
2023-02-28,PNC,Financials,2,Middle,False,MIDDLE,False,False,False,0.32337138,1.0853713
2023-02-28,PNR,Industrials,2,Middle,False,MIDDLE,False,False,False,0.3762925,1.3585756
2023-02-28,PNW,Utilities,1,Stable,True,STABLE,False,True,True,0.2571313,0.7593217
2023-02-28,POOL,Unknown,3,Risky,False,RISKY,False,False,False,0.44293728,1.4775954
2023-02-28,PPG,Materials,2,Middle,False,MIDDLE,False,False,False,0.3558175,1.259121
2023-02-28,PPL,Utilities,1,Stable,True,STABLE,False,True,True,0.24498037,0.7813349
2023-02-28,PRU,Financials,2,Middle,False,MIDDLE,False,False,False,0.27098036,0.95288813
2023-02-28,PSA,Real Estate,1,Stable,True,MIDDLE,False,False,False,0.2936155,0.83622456
2023-02-28,PSX,Energy,2,Middle,False,MIDDLE,False,False,False,0.36997133,0.81262213
2023-02-28,PTC,Information Technology,1,Stable,True,STABLE,False,True,True,0.2911988,0.8712317
2023-02-28,PWR,Industrials,2,Middle,False,MIDDLE,False,False,False,0.33703545,1.0334384
2023-02-28,PXD,Unknown,2,Middle,False,MIDDLE,False,False,False,0.39476976,0.8210215
2023-02-28,PYPL,Financials,2,Middle,False,RISKY,False,False,False,0.4309336,1.2744021
2023-02-28,QCOM,Information Technology,3,Risky,False,RISKY,False,False,False,0.43043283,1.5388914
2023-02-28,QRVO,Unknown,3,Risky,False,RISKY,False,False,False,0.44717172,1.5049068
2023-02-28,RCL,Consumer Discretionary,3,Risky,False,RISKY,False,False,False,0.5907619,1.4956496
2023-02-28,REG,Real Estate,2,Middle,False,MIDDLE,False,False,False,0.28406724,0.90832955
2023-02-28,REGN,Health Care,1,Stable,True,STABLE,False,True,True,0.3713353,0.57961607
2023-02-28,RF,Financials,2,Middle,False,MIDDLE,False,False,False,0.30301094,0.93366176
2023-02-28,RHI,Unknown,2,Middle,False,MIDDLE,False,False,False,0.3447772,0.9878865
2023-02-28,RJF,Financials,1,Stable,True,MIDDLE,False,False,False,0.2956943,0.7269473
2023-02-28,RL,Consumer Discretionary,2,Middle,False,MIDDLE,False,False,False,0.40237194,1.238482
2023-02-28,RMD,Health Care,1,Stable,True,STABLE,False,True,True,0.29345787,0.7794571
2023-02-28,ROK,Industrials,2,Middle,False,MIDDLE,False,False,False,0.33813787,1.214503
2023-02-28,ROL,Industrials,1,Stable,True,STABLE,False,True,True,0.2601486,0.41878968
2023-02-28,ROP,Information Technology,1,Stable,True,STABLE,False,True,True,0.24281034,0.80685645
2023-02-28,ROST,Consumer Discretionary,2,Middle,False,MIDDLE,False,False,False,0.32718664,0.9304179
2023-02-28,RSG,Industrials,1,Stable,True,STABLE,False,True,True,0.21589954,0.49312255
2023-02-28,RTX,Industrials,1,Stable,True,STABLE,False,True,True,0.23267505,0.60247004
2023-02-28,RVTY,Health Care,2,Middle,False,MIDDLE,False,False,False,0.3659406,1.2088996
2023-02-28,SBAC,Real Estate,2,Middle,False,RISKY,False,False,False,0.34535673,1.0703129
2023-02-28,SBUX,Consumer Discretionary,2,Middle,False,STABLE,False,False,False,0.3028988,0.8656195
2023-02-28,SCHW,Financials,1,Stable,True,STABLE,False,True,True,0.2945932,0.59618324
2023-02-28,SEDG,Unknown,3,Risky,False,RISKY,False,False,False,0.6439794,1.6344843
2023-02-28,SEE,Unknown,2,Middle,False,MIDDLE,False,False,False,0.34600797,1.1298183
2023-02-28,SHW,Materials,2,Middle,False,MIDDLE,False,False,False,0.36917555,1.1430583
2023-02-28,SIVB,Unknown,3,Risky,False,RISKY,False,False,False,0.71053827,1.686992
2023-02-28,SJM,Consumer Staples,1,Stable,True,STABLE,False,True,True,0.1691577,0.1860237
2023-02-28,SLB,Energy,2,Middle,False,MIDDLE,False,False,False,0.43568113,0.8422696
2023-02-28,SNA,Industrials,1,Stable,True,STABLE,False,True,True,0.24353799,0.83723223
2023-02-28,SNPS,Information Technology,2,Middle,False,MIDDLE,False,False,False,0.36289513,1.2215886
2023-02-28,SO,Utilities,1,Stable,True,STABLE,False,True,True,0.249659,0.75272936
2023-02-28,SPG,Real Estate,2,Middle,False,MIDDLE,False,False,False,0.30710626,1.0277603
2023-02-28,SPGI,Financials,2,Middle,False,MIDDLE,False,False,False,0.30532566,1.1282185
2023-02-28,SRE,Utilities,1,Stable,True,STABLE,False,True,True,0.2609097,0.7376788
2023-02-28,STE,Health Care,2,Middle,False,MIDDLE,False,False,False,0.37534466,1.0773206
2023-02-28,STLD,Materials,2,Middle,False,MIDDLE,False,False,False,0.43431184,0.99032485
2023-02-28,STT,Financials,2,Middle,False,RISKY,False,False,False,0.36001977,1.208008
2023-02-28,STX,Information Technology,3,Risky,False,MIDDLE,False,False,False,0.43650535,1.3324429
2023-02-28,STZ,Consumer Staples,1,Stable,True,MIDDLE,False,False,False,0.26308292,0.7508804
2023-02-28,SWK,Industrials,3,Risky,False,MIDDLE,False,False,False,0.43643025,1.5421648
2023-02-28,SWKS,Information Technology,3,Risky,False,RISKY,False,False,False,0.44350144,1.5819781
2023-02-28,SYF,Financials,3,Risky,False,RISKY,False,False,False,0.43468,1.4282647
2023-02-28,SYK,Health Care,2,Middle,False,MIDDLE,False,False,False,0.32088354,0.9831004
2023-02-28,SYY,Consumer Staples,1,Stable,True,MIDDLE,False,False,False,0.23902819,0.7242952
2023-02-28,T,Communication Services,1,Stable,True,STABLE,False,True,True,0.2556066,0.5792655
2023-02-28,TAP,Consumer Staples,1,Stable,True,MIDDLE,False,False,False,0.25304353,0.6237361
2023-02-28,TDG,Industrials,2,Middle,False,MIDDLE,False,False,False,0.3103947,1.116358
2023-02-28,TDY,Information Technology,2,Middle,False,STABLE,False,False,False,0.2780909,0.9749635
2023-02-28,TECH,Health Care,2,Middle,False,MIDDLE,False,False,False,0.379172,1.1714971
2023-02-28,TEL,Information Technology,2,Middle,False,MIDDLE,False,False,False,0.31465676,1.2160329
2023-02-28,TER,Information Technology,3,Risky,False,RISKY,False,False,False,0.43077567,1.5643535
2023-02-28,TFC,Financials,2,Middle,False,MIDDLE,False,False,False,0.327892,1.1387303
2023-02-28,TFX,Unknown,2,Middle,False,MIDDLE,False,False,False,0.35144067,0.99199784
2023-02-28,TGT,Consumer Staples,2,Middle,False,RISKY,False,False,False,0.40316877,1.1237956
2023-02-28,TJX,Consumer Discretionary,1,Stable,True,STABLE,False,True,True,0.24113642,0.6772544
2023-02-28,TMO,Health Care,2,Middle,False,MIDDLE,False,False,False,0.30046627,0.9836257
2023-02-28,TMUS,Communication Services,1,Stable,True,STABLE,False,True,True,0.24331813,0.58197147
2023-02-28,TPR,Consumer Discretionary,2,Middle,False,MIDDLE,False,False,False,0.3939898,1.2345991
2023-02-28,TRGP,Energy,2,Middle,False,RISKY,False,False,False,0.38945147,1.1300529
2023-02-28,TRMB,Information Technology,3,Risky,False,RISKY,False,False,False,0.43960196,1.5425383
2023-02-28,TROW,Financials,3,Risky,False,RISKY,False,False,False,0.4607114,1.7294556
2023-02-28,TRV,Financials,1,Stable,True,STABLE,False,True,True,0.2301319,0.47506052
2023-02-28,TSCO,Consumer Discretionary,2,Middle,False,STABLE,False,False,False,0.30057865,0.8799106
2023-02-28,TSLA,Consumer Discretionary,3,Risky,False,RISKY,False,False,False,0.7087621,1.5158504
2023-02-28,TSN,Consumer Staples,1,Stable,True,MIDDLE,False,False,False,0.23913738,0.71766627
2023-02-28,TT,Industrials,2,Middle,False,MIDDLE,False,False,False,0.2996197,1.028717
2023-02-28,TTWO,Communication Services,2,Middle,False,MIDDLE,False,False,False,0.41543293,0.9348851
2023-02-28,TXN,Information Technology,2,Middle,False,MIDDLE,False,False,False,0.30691296,1.1597873
2023-02-28,TXT,Industrials,2,Middle,False,MIDDLE,False,False,False,0.2940641,1.0532777
2023-02-28,TYL,Information Technology,2,Middle,False,MIDDLE,False,False,False,0.38689324,1.2056698
2023-02-28,UAL,Industrials,2,Middle,False,MIDDLE,False,False,False,0.41932547,1.0655273
2023-02-28,UDR,Real Estate,2,Middle,False,MIDDLE,False,False,False,0.30652887,0.94792753
2023-02-28,UHS,Health Care,2,Middle,False,MIDDLE,False,False,False,0.39223096,0.87767905
2023-02-28,ULTA,Consumer Discretionary,1,Stable,True,STABLE,False,True,True,0.24338236,0.59563255
2023-02-28,UNH,Health Care,1,Stable,True,STABLE,False,True,True,0.23332354,0.42942804
2023-02-28,UNP,Industrials,2,Middle,False,MIDDLE,False,False,False,0.3156774,0.90079594
2023-02-28,UPS,Industrials,2,Middle,False,MIDDLE,False,False,False,0.29785797,1.0142314
2023-02-28,URI,Industrials,2,Middle,False,MIDDLE,False,False,False,0.37872586,1.3422937
2023-02-28,USB,Financials,1,Stable,True,MIDDLE,False,False,False,0.284856,0.8428003
2023-02-28,V,Financials,1,Stable,True,STABLE,False,True,True,0.24366699,0.83731025
2023-02-28,VFC,Unknown,3,Risky,False,RISKY,False,False,False,0.52960134,1.4892776
2023-02-28,VICI,Real Estate,1,Stable,True,STABLE,False,True,True,0.23002341,0.66000974
2023-02-28,VLO,Energy,2,Middle,False,MIDDLE,False,False,False,0.42569435,0.8326013
2023-02-28,VMC,Materials,2,Middle,False,STABLE,False,False,False,0.3045335,1.0005665
2023-02-28,VRSK,Industrials,2,Middle,False,MIDDLE,False,False,False,0.2832055,0.96517307
2023-02-28,VRSN,Information Technology,2,Middle,False,STABLE,False,False,False,0.29799747,1.0126553
2023-02-28,VRTX,Health Care,1,Stable,True,STABLE,False,True,True,0.30730107,0.5478602
2023-02-28,VTR,Real Estate,2,Middle,False,RISKY,False,False,False,0.32972446,0.9861539
2023-02-28,VTRS,Health Care,2,Middle,False,MIDDLE,False,False,False,0.35099438,0.87118226
2023-02-28,VZ,Communication Services,1,Stable,True,STABLE,False,True,True,0.22791137,0.49154747
2023-02-28,WAB,Industrials,1,Stable,True,STABLE,False,True,True,0.2587327,0.93819654
2023-02-28,WAT,Health Care,2,Middle,False,MIDDLE,False,False,False,0.32808396,0.99064696
2023-02-28,WBA,Unknown,2,Middle,False,MIDDLE,False,False,False,0.32263356,0.99679714
2023-02-28,WBD,Communication Services,3,Risky,False,RISKY,False,False,False,0.60080665,1.4783196
2023-02-28,WDC,Information Technology,3,Risky,False,RISKY,False,False,False,0.4936458,1.5437907
2023-02-28,WEC,Utilities,1,Stable,True,STABLE,False,True,True,0.25599125,0.78039545
2023-02-28,WELL,Real Estate,2,Middle,False,MIDDLE,False,False,False,0.33011776,0.8305475
2023-02-28,WFC,Financials,1,Stable,True,MIDDLE,False,False,False,0.26774892,0.8147963
2023-02-28,WHR,Unknown,2,Middle,False,MIDDLE,False,False,False,0.37387246,1.2829994
2023-02-28,WM,Industrials,1,Stable,True,STABLE,False,True,True,0.20571016,0.51270175
2023-02-28,WMB,Energy,1,Stable,True,STABLE,False,True,True,0.28657475,0.84176636
2023-02-28,WMT,Consumer Staples,1,Stable,True,STABLE,False,True,True,0.20892453,0.54227954
2023-02-28,WRB,Financials,1,Stable,True,STABLE,False,True,True,0.2502441,0.3810934
2023-02-28,WST,Health Care,3,Risky,False,RISKY,False,False,False,0.5131045,1.3135817
2023-02-28,WTW,Financials,1,Stable,True,STABLE,False,True,True,0.24169563,0.7930221
2023-02-28,WY,Real Estate,2,Middle,False,RISKY,False,False,False,0.33568498,1.1734099
2023-02-28,WYNN,Consumer Discretionary,2,Middle,False,MIDDLE,False,False,False,0.5314627,0.82329583
2023-02-28,XEL,Utilities,1,Stable,True,MIDDLE,False,False,False,0.25692257,0.81163156
2023-02-28,XOM,Energy,1,Stable,True,STABLE,False,True,True,0.30267683,0.7470099
2023-02-28,XRAY,Unknown,2,Middle,False,MIDDLE,False,False,False,0.41451266,1.131599
2023-02-28,XYL,Industrials,2,Middle,False,MIDDLE,False,False,False,0.32453665,1.0342575
2023-02-28,YUM,Consumer Discretionary,1,Stable,True,STABLE,False,True,True,0.19971687,0.5394058
2023-02-28,ZBH,Health Care,1,Stable,True,STABLE,False,True,True,0.2578604,0.8411211
2023-02-28,ZBRA,Information Technology,3,Risky,False,RISKY,False,False,False,0.50329554,1.5794297
2023-02-28,ZION,Unknown,2,Middle,False,MIDDLE,False,False,False,0.36546463,1.2414209
2023-02-28,ZTS,Health Care,2,Middle,False,MIDDLE,False,False,False,0.34830397,1.0749934
2023-08-21,A,Health Care,2,Middle,False,MIDDLE,False,False,False,0.26232913,1.0217208
2023-08-21,AAL,Unknown,2,Middle,False,MIDDLE,False,False,False,0.355084,1.5067054
2023-08-21,AAP,Unknown,3,Risky,False,RISKY,False,False,False,0.6989249,1.4657364
2023-08-21,AAPL,Information Technology,2,Middle,False,STABLE,False,False,False,0.1932372,1.1006373
2023-08-21,ABBV,Health Care,1,Stable,True,STABLE,False,True,True,0.22115718,0.07420096
2023-08-21,ABT,Health Care,1,Stable,True,STABLE,False,True,True,0.20792134,0.63774467
2023-08-21,ACGL,Financials,2,Middle,False,STABLE,False,False,False,0.2745888,0.9846934
2023-08-21,ACN,Information Technology,2,Middle,False,STABLE,False,False,False,0.22760285,1.1111459
2023-08-21,ADBE,Information Technology,2,Middle,False,MIDDLE,False,False,False,0.3234685,1.785301
2023-08-21,ADI,Information Technology,2,Middle,False,STABLE,False,False,False,0.26890332,1.2264073
2023-08-21,ADM,Consumer Staples,1,Stable,True,RISKY,False,False,False,0.2363507,0.9290355
2023-08-21,ADP,Industrials,1,Stable,True,STABLE,False,True,True,0.19005224,0.85934526
2023-08-21,ADSK,Information Technology,2,Middle,False,MIDDLE,False,False,False,0.27517942,1.5185168
2023-08-21,AEE,Utilities,1,Stable,True,MIDDLE,False,False,False,0.20001812,0.42108113
2023-08-21,AEP,Utilities,1,Stable,True,STABLE,False,True,True,0.20218657,0.2972233
2023-08-21,AES,Utilities,2,Middle,False,RISKY,False,False,False,0.2979647,1.2535563
2023-08-21,AFL,Financials,1,Stable,True,STABLE,False,True,True,0.21400306,0.9140992
2023-08-21,AIG,Financials,2,Middle,False,MIDDLE,False,False,False,0.32627043,1.5345844
2023-08-21,AIZ,Financials,1,Stable,True,STABLE,False,True,True,0.29989767,0.7559847
2023-08-21,AJG,Financials,1,Stable,True,STABLE,False,True,True,0.1827313,0.70303994
2023-08-21,AKAM,Information Technology,1,Stable,True,STABLE,False,True,True,0.24971952,0.89639986
2023-08-21,ALB,Materials,3,Risky,False,RISKY,False,False,False,0.42609787,1.4315488
2023-08-21,ALGN,Health Care,3,Risky,False,RISKY,False,False,False,0.42513746,1.3128769
2023-08-21,ALK,Unknown,2,Middle,False,MIDDLE,False,False,False,0.3278187,1.0926825
2023-08-21,ALL,Financials,2,Middle,False,STABLE,False,False,False,0.29824603,0.8508277
2023-08-21,ALLE,Industrials,2,Middle,False,MIDDLE,False,False,False,0.28514466,1.277371
2023-08-21,AMAT,Information Technology,2,Middle,False,MIDDLE,False,False,False,0.33722776,1.3990327
2023-08-21,AMCR,Materials,1,Stable,True,STABLE,False,True,True,0.21498112,0.8297585
2023-08-21,AMD,Information Technology,3,Risky,False,RISKY,False,False,False,0.46871838,1.5149603
2023-08-21,AME,Industrials,1,Stable,True,STABLE,False,True,True,0.18905045,0.91349936
2023-08-21,AMGN,Health Care,1,Stable,True,STABLE,False,True,True,0.21030797,0.3044773
2023-08-21,AMP,Financials,2,Middle,False,MIDDLE,False,False,False,0.299992,1.694503
2023-08-21,AMT,Real Estate,1,Stable,True,STABLE,False,True,True,0.2552751,0.83342785
2023-08-21,AMZN,Consumer Discretionary,2,Middle,False,MIDDLE,False,False,False,0.31476715,1.2634007
2023-08-21,ANET,Information Technology,3,Risky,False,RISKY,False,False,False,0.5261309,1.5029742
2023-08-21,ANSS,Unknown,2,Middle,False,MIDDLE,False,False,False,0.24814984,1.2422647
2023-08-21,AON,Financials,1,Stable,True,STABLE,False,True,True,0.19155753,0.56453174
2023-08-21,AOS,Industrials,1,Stable,True,STABLE,False,True,True,0.2190128,0.8440927
2023-08-21,APA,Energy,3,Risky,False,RISKY,False,False,False,0.41817707,1.5468948
2023-08-21,APD,Materials,1,Stable,True,STABLE,False,True,True,0.21916296,0.9289524
2023-08-21,APH,Information Technology,1,Stable,True,STABLE,False,True,True,0.19347253,1.0508261
2023-08-21,APTV,Consumer Discretionary,2,Middle,False,MIDDLE,False,False,False,0.29242423,1.4967889
2023-08-21,ARE,Real Estate,2,Middle,False,MIDDLE,False,False,False,0.31257313,1.0660969
2023-08-21,ATO,Utilities,1,Stable,True,STABLE,False,True,True,0.19266751,0.2277993
2023-08-21,AVB,Real Estate,1,Stable,True,STABLE,False,True,True,0.21439396,0.8259228
2023-08-21,AVGO,Information Technology,2,Middle,False,MIDDLE,False,False,False,0.3267653,1.493587
2023-08-21,AVY,Materials,2,Middle,False,STABLE,False,False,False,0.23719944,1.0685585
2023-08-21,AWK,Utilities,1,Stable,True,MIDDLE,False,False,False,0.18925713,0.43216953
2023-08-21,AXON,Industrials,2,Middle,False,MIDDLE,False,False,False,0.43333235,0.54694873
2023-08-21,AXP,Financials,2,Middle,False,MIDDLE,False,False,False,0.26190874,1.4152023
2023-08-21,AZO,Consumer Discretionary,1,Stable,True,STABLE,False,True,True,0.20167987,0.70242393
2023-08-21,BA,Industrials,2,Middle,False,MIDDLE,False,False,False,0.27960697,1.0944028
2023-08-21,BAC,Financials,2,Middle,False,MIDDLE,False,False,False,0.29667658,1.4204378
2023-08-21,BALL,Materials,2,Middle,False,MIDDLE,False,False,False,0.33944622,0.87199414
2023-08-21,BAX,Health Care,2,Middle,False,MIDDLE,False,False,False,0.28179762,0.87431955
2023-08-21,BBWI,Unknown,2,Middle,False,STABLE,False,False,False,0.36661366,0.871229
2023-08-21,BBY,Consumer Discretionary,2,Middle,False,STABLE,False,False,False,0.24780531,1.0397493
2023-08-21,BDX,Health Care,1,Stable,True,STABLE,False,True,True,0.18381932,0.5172184
2023-08-21,BEN,Financials,2,Middle,False,MIDDLE,False,False,False,0.25332716,1.389614
2023-08-21,BF-B,Consumer Staples,1,Stable,True,STABLE,False,True,True,0.18570499,0.66504335
2023-08-21,BG,Consumer Staples,2,Middle,False,RISKY,False,False,False,0.33880106,1.0430216
2023-08-21,BIIB,Health Care,1,Stable,True,STABLE,False,True,True,0.20439263,0.6574769
2023-08-21,BIO,Unknown,1,Stable,True,STABLE,False,True,True,0.38378486,0.38446668
2023-08-21,BKNG,Consumer Discretionary,2,Middle,False,MIDDLE,False,False,False,0.27009723,1.0760877
2023-08-21,BKR,Energy,2,Middle,False,MIDDLE,False,False,False,0.29300705,1.2319052
2023-08-21,BLK,Financials,2,Middle,False,STABLE,False,False,False,0.2150147,1.2592963
2023-08-21,BMY,Health Care,1,Stable,True,STABLE,False,True,True,0.1689357,0.2800547
2023-08-21,BR,Industrials,1,Stable,True,STABLE,False,True,True,0.204416,0.6441625
2023-08-21,BRK-B,Financials,1,Stable,True,STABLE,False,True,True,0.14787573,0.79568636
2023-08-21,BRO,Financials,1,Stable,True,STABLE,False,True,True,0.19062677,0.76160294
2023-08-21,BSX,Health Care,1,Stable,True,STABLE,False,True,True,0.17743191,0.37760037
2023-08-21,BWA,Unknown,2,Middle,False,MIDDLE,False,False,False,0.321324,1.3650339
2023-08-21,BXP,Real Estate,3,Risky,False,RISKY,False,False,False,0.41972753,1.4058295
2023-08-21,C,Financials,2,Middle,False,MIDDLE,False,False,False,0.29079956,1.3032612
2023-08-21,CAG,Unknown,1,Stable,True,STABLE,False,True,True,0.1653466,0.2957475
2023-08-21,CAH,Health Care,1,Stable,True,STABLE,False,True,True,0.20652404,0.7184674
2023-08-21,CARR,Industrials,2,Middle,False,MIDDLE,False,False,False,0.30401254,1.166337
2023-08-21,CAT,Industrials,2,Middle,False,MIDDLE,False,False,False,0.31184146,1.2992058
2023-08-21,CB,Financials,1,Stable,True,STABLE,False,True,True,0.22236274,0.6038208
2023-08-21,CBOE,Financials,1,Stable,True,STABLE,False,True,True,0.17736799,0.38974
2023-08-21,CBRE,Real Estate,2,Middle,False,RISKY,False,False,False,0.2808404,1.4306036
2023-08-21,CCI,Real Estate,2,Middle,False,MIDDLE,False,False,False,0.2684587,0.9073134
2023-08-21,CCL,Consumer Discretionary,3,Risky,False,RISKY,False,False,False,0.5285032,2.319626
2023-08-21,CDNS,Information Technology,2,Middle,False,MIDDLE,False,False,False,0.27639094,1.2878673
2023-08-21,CDW,Information Technology,2,Middle,False,STABLE,False,False,False,0.29738328,0.98358303
2023-08-21,CE,Unknown,2,Middle,False,MIDDLE,False,False,False,0.33792302,1.6829703
2023-08-21,CEG,Utilities,1,Stable,True,MIDDLE,False,False,False,0.21675642,0.5573575
2023-08-21,CF,Materials,2,Middle,False,MIDDLE,False,False,False,0.3323121,0.7563966
2023-08-21,CFG,Financials,3,Risky,False,RISKY,False,False,False,0.4721932,1.9928836
2023-08-21,CHD,Consumer Staples,1,Stable,True,STABLE,False,True,True,0.15877543,0.32862085
2023-08-21,CHRW,Industrials,1,Stable,True,STABLE,False,True,True,0.27256835,0.8520642
2023-08-21,CHTR,Communication Services,2,Middle,False,MIDDLE,False,False,False,0.29470462,1.1561077
2023-08-21,CI,Health Care,1,Stable,True,MIDDLE,False,False,False,0.28201383,0.79981244
2023-08-21,CINF,Financials,2,Middle,False,MIDDLE,False,False,False,0.26846975,1.2304425
2023-08-21,CL,Consumer Staples,1,Stable,True,STABLE,False,True,True,0.14781126,0.31596577
2023-08-21,CLX,Consumer Staples,1,Stable,True,STABLE,False,True,True,0.219189,0.20117936
2023-08-21,CMA,Unknown,3,Risky,False,RISKY,False,False,False,0.82216465,3.1077325
2023-08-21,CMCSA,Communication Services,1,Stable,True,STABLE,False,True,True,0.23326252,0.85130614
2023-08-21,CME,Financials,1,Stable,True,STABLE,False,True,True,0.1853051,0.4450709
2023-08-21,CMG,Consumer Discretionary,1,Stable,True,STABLE,False,True,True,0.28463006,0.52019614
2023-08-21,CMI,Industrials,2,Middle,False,MIDDLE,False,False,False,0.27875736,1.1363697
2023-08-21,CMS,Utilities,1,Stable,True,STABLE,False,True,True,0.20199777,0.36500618
2023-08-21,CNC,Health Care,1,Stable,True,MIDDLE,False,False,False,0.28694895,0.60072684
2023-08-21,CNP,Utilities,1,Stable,True,MIDDLE,False,False,False,0.19133447,0.4649627
2023-08-21,COF,Financials,2,Middle,False,MIDDLE,False,False,False,0.3144514,1.5755854
2023-08-21,COO,Health Care,1,Stable,True,MIDDLE,False,False,False,0.2140134,0.8123132
2023-08-21,COP,Energy,2,Middle,False,MIDDLE,False,False,False,0.29255813,0.9026188
2023-08-21,COR,Health Care,1,Stable,True,STABLE,False,True,True,0.16052085,0.40061507
2023-08-21,COST,Consumer Staples,1,Stable,True,STABLE,False,True,True,0.16436735,0.6006343
2023-08-21,CPAY,Financials,2,Middle,False,MIDDLE,False,False,False,0.29578736,1.2735342
2023-08-21,CPB,Unknown,1,Stable,True,STABLE,False,True,True,0.20870805,0.25567594
2023-08-21,CPRT,Industrials,1,Stable,True,STABLE,False,True,True,0.20025453,0.8280663
2023-08-21,CPT,Real Estate,1,Stable,True,STABLE,False,True,True,0.22106588,0.83733386
2023-08-21,CRL,Health Care,2,Middle,False,MIDDLE,False,False,False,0.3149444,1.1015936
2023-08-21,CRM,Information Technology,2,Middle,False,STABLE,False,False,False,0.3002922,1.1670047
2023-08-21,CSCO,Information Technology,1,Stable,True,STABLE,False,True,True,0.18270437,0.7228559
2023-08-21,CSGP,Real Estate,2,Middle,False,MIDDLE,False,False,False,0.27285877,1.1006659
2023-08-21,CSX,Industrials,1,Stable,True,STABLE,False,True,True,0.20808488,0.87047374
2023-08-21,CTAS,Industrials,1,Stable,True,STABLE,False,True,True,0.18165758,0.93082756
2023-08-21,CTLT,Unknown,3,Risky,False,RISKY,False,False,False,0.80342036,1.3456988
2023-08-21,CTRA,Unknown,2,Middle,False,STABLE,False,False,False,0.28997397,1.0445771
2023-08-21,CTSH,Information Technology,1,Stable,True,STABLE,False,True,True,0.25152248,0.8899408
2023-08-21,CTVA,Materials,1,Stable,True,STABLE,False,True,True,0.24420442,0.8493516
2023-08-21,CVS,Health Care,1,Stable,True,MIDDLE,False,False,False,0.28058696,0.7658342
2023-08-21,CVX,Energy,1,Stable,True,STABLE,False,True,True,0.22227067,0.7675241
2023-08-21,CZR,Unknown,3,Risky,False,RISKY,False,False,False,0.44688794,2.3710268
2023-08-21,D,Utilities,1,Stable,True,MIDDLE,False,False,False,0.21536376,0.4297751
2023-08-21,DAL,Industrials,2,Middle,False,MIDDLE,False,False,False,0.31009516,1.3370382
2023-08-21,DAY,Unknown,3,Risky,False,MIDDLE,False,False,False,0.37062022,1.789407
2023-08-21,DD,Materials,2,Middle,False,STABLE,False,False,False,0.24734598,1.2391486
2023-08-21,DE,Industrials,2,Middle,False,MIDDLE,False,False,False,0.2775071,1.0783108
2023-08-21,DFS,Unknown,3,Risky,False,MIDDLE,False,False,False,0.41213304,1.7391355
2023-08-21,DG,Consumer Staples,1,Stable,True,MIDDLE,False,False,False,0.3720627,0.13064817
2023-08-21,DGX,Health Care,1,Stable,True,STABLE,False,True,True,0.18103473,0.40469223
2023-08-21,DHI,Consumer Discretionary,1,Stable,True,STABLE,False,True,True,0.26542318,0.68695796
2023-08-21,DHR,Health Care,1,Stable,True,MIDDLE,False,False,False,0.24562311,0.9284302
2023-08-21,DIS,Communication Services,2,Middle,False,MIDDLE,False,False,False,0.27583122,1.2629641
2023-08-21,DLR,Real Estate,2,Middle,False,RISKY,False,False,False,0.3586301,1.2702268
2023-08-21,DLTR,Consumer Staples,1,Stable,True,MIDDLE,False,False,False,0.29604223,0.41272378
2023-08-21,DOV,Industrials,2,Middle,False,MIDDLE,False,False,False,0.22798114,1.134812
2023-08-21,DOW,Materials,1,Stable,True,STABLE,False,True,True,0.23528561,0.9660107
2023-08-21,DPZ,Consumer Discretionary,1,Stable,True,STABLE,False,True,True,0.28633824,0.6431228
2023-08-21,DRI,Consumer Discretionary,1,Stable,True,STABLE,False,True,True,0.17628798,0.60506755
2023-08-21,DTE,Utilities,1,Stable,True,STABLE,False,True,True,0.18745627,0.40367895
2023-08-21,DUK,Utilities,1,Stable,True,STABLE,False,True,True,0.19129169,0.3422348
2023-08-21,DVA,Health Care,2,Middle,False,MIDDLE,False,False,False,0.3226518,0.8563861
2023-08-21,DVN,Energy,2,Middle,False,RISKY,False,False,False,0.34696007,1.4323156
2023-08-21,DXC,Unknown,3,Risky,False,RISKY,False,False,False,0.59633106,1.6321163
2023-08-21,DXCM,Health Care,2,Middle,False,RISKY,False,False,False,0.36238083,0.9381881
2023-08-21,EA,Communication Services,1,Stable,True,STABLE,False,True,True,0.20913492,0.8160648
2023-08-21,EBAY,Consumer Discretionary,2,Middle,False,MIDDLE,False,False,False,0.28852087,1.229665
2023-08-21,ECL,Materials,1,Stable,True,STABLE,False,True,True,0.17102683,0.7659298
2023-08-21,ED,Utilities,1,Stable,True,STABLE,False,True,True,0.17764008,0.19393007
2023-08-21,EFX,Industrials,2,Middle,False,MIDDLE,False,False,False,0.25780618,1.1368952
2023-08-21,EG,Financials,1,Stable,True,STABLE,False,True,True,0.27395517,0.7746912
2023-08-21,EIX,Utilities,1,Stable,True,MIDDLE,False,False,False,0.20702425,0.55836827
2023-08-21,EL,Consumer Staples,2,Middle,False,RISKY,False,False,False,0.38651535,1.4490268
2023-08-21,ELV,Health Care,1,Stable,True,MIDDLE,False,False,False,0.27876592,0.599074
2023-08-21,EMN,Unknown,2,Middle,False,MIDDLE,False,False,False,0.29029334,1.2761741
2023-08-21,EMR,Industrials,1,Stable,True,STABLE,False,True,True,0.20655802,0.9037309
2023-08-21,ENPH,Unknown,3,Risky,False,RISKY,False,False,False,0.63325524,1.7368827
2023-08-21,EOG,Energy,2,Middle,False,MIDDLE,False,False,False,0.30206943,1.0293489
2023-08-21,EPAM,Unknown,3,Risky,False,MIDDLE,False,False,False,0.5035136,1.1296301
2023-08-21,EQIX,Real Estate,2,Middle,False,MIDDLE,False,False,False,0.25650933,1.0491089
2023-08-21,EQT,Energy,2,Middle,False,RISKY,False,False,False,0.36542994,1.4305539
2023-08-21,ES,Utilities,1,Stable,True,MIDDLE,False,False,False,0.20576936,0.4627521
2023-08-21,ESS,Real Estate,2,Middle,False,MIDDLE,False,False,False,0.2577353,1.0064454
2023-08-21,ETN,Industrials,2,Middle,False,MIDDLE,False,False,False,0.28427556,1.1810073
2023-08-21,ETR,Utilities,1,Stable,True,MIDDLE,False,False,False,0.20446587,0.52323085
2023-08-21,ETSY,Unknown,3,Risky,False,MIDDLE,False,False,False,0.46110687,1.476371
2023-08-21,EVRG,Utilities,1,Stable,True,STABLE,False,True,True,0.19293869,0.4070821
2023-08-21,EW,Health Care,2,Middle,False,MIDDLE,False,False,False,0.2713365,0.8678358
2023-08-21,EXC,Utilities,1,Stable,True,STABLE,False,True,True,0.18422557,0.3390052
2023-08-21,EXPD,Industrials,1,Stable,True,STABLE,False,True,True,0.23025419,0.89836043
2023-08-21,EXPE,Consumer Discretionary,3,Risky,False,RISKY,False,False,False,0.42728832,1.6757586
2023-08-21,EXR,Real Estate,2,Middle,False,MIDDLE,False,False,False,0.30416286,0.91213727
2023-08-21,F,Consumer Discretionary,2,Middle,False,MIDDLE,False,False,False,0.3345555,1.3856555
2023-08-21,FANG,Energy,2,Middle,False,MIDDLE,False,False,False,0.31102258,1.1251695
2023-08-21,FAST,Industrials,1,Stable,True,STABLE,False,True,True,0.1887058,0.8293735
2023-08-21,FCX,Materials,3,Risky,False,RISKY,False,False,False,0.3732732,1.7604281
2023-08-21,FDS,Financials,2,Middle,False,STABLE,False,False,False,0.22657348,1.0179913
2023-08-21,FDX,Industrials,1,Stable,True,STABLE,False,True,True,0.2427484,0.8262698
2023-08-21,FE,Utilities,1,Stable,True,MIDDLE,False,False,False,0.20480537,0.5121377
2023-08-21,FFIV,Information Technology,1,Stable,True,STABLE,False,True,True,0.2121797,0.9833678
2023-08-21,FI,Financials,1,Stable,True,STABLE,False,True,True,0.21743609,0.84932035
2023-08-21,FICO,Information Technology,2,Middle,False,STABLE,False,False,False,0.24594642,0.9758683
2023-08-21,FIS,Financials,2,Middle,False,MIDDLE,False,False,False,0.3794535,1.4946301
2023-08-21,FITB,Financials,3,Risky,False,RISKY,False,False,False,0.4409712,1.9455225
2023-08-21,FMC,Unknown,2,Middle,False,STABLE,False,False,False,0.29617354,0.8795148
2023-08-21,FOX,Communication Services,1,Stable,True,STABLE,False,True,True,0.2183159,0.7643152
2023-08-21,FOXA,Communication Services,1,Stable,True,STABLE,False,True,True,0.21878885,0.7187585
2023-08-21,FRT,Real Estate,2,Middle,False,MIDDLE,False,False,False,0.24410571,0.9704687
2023-08-21,FSLR,Information Technology,3,Risky,False,RISKY,False,False,False,0.5595616,1.1555535
2023-08-21,FTNT,Information Technology,3,Risky,False,RISKY,False,False,False,0.5017964,1.466438
2023-08-21,FTV,Industrials,2,Middle,False,STABLE,False,False,False,0.22122046,1.0867298
2023-08-21,GD,Industrials,1,Stable,True,STABLE,False,True,True,0.1582009,0.6652008
2023-08-21,GE,Industrials,1,Stable,True,STABLE,False,True,True,0.23373967,0.78295696
2023-08-21,GEHC,Health Care,2,Middle,False,MIDDLE,False,False,False,0.2756915,0.96648496
2023-08-21,GEN,Information Technology,2,Middle,False,MIDDLE,False,False,False,0.33099428,1.3756433
2023-08-21,GILD,Health Care,1,Stable,True,STABLE,False,True,True,0.19467397,0.5656588
2023-08-21,GIS,Consumer Staples,1,Stable,True,STABLE,False,True,True,0.16675949,0.12658952
2023-08-21,GL,Financials,1,Stable,True,STABLE,False,True,True,0.2110356,0.89398605
2023-08-21,GLW,Information Technology,2,Middle,False,STABLE,False,False,False,0.23693429,1.0104483
2023-08-21,GM,Consumer Discretionary,2,Middle,False,MIDDLE,False,False,False,0.32001883,1.5921936
2023-08-21,GNRC,Industrials,3,Risky,False,RISKY,False,False,False,0.64432067,2.082169
2023-08-21,GOOG,Communication Services,2,Middle,False,MIDDLE,False,False,False,0.2787453,1.1633286
2023-08-21,GOOGL,Communication Services,2,Middle,False,MIDDLE,False,False,False,0.27695647,1.1388122
2023-08-21,GPC,Consumer Discretionary,1,Stable,True,STABLE,False,True,True,0.24218328,0.87146145
2023-08-21,GPN,Financials,2,Middle,False,MIDDLE,False,False,False,0.34230605,1.4195312
2023-08-21,GRMN,Consumer Discretionary,1,Stable,True,STABLE,False,True,True,0.16793862,0.76885617
2023-08-21,GS,Financials,2,Middle,False,STABLE,False,False,False,0.23747179,1.1713636
2023-08-21,GWW,Industrials,2,Middle,False,STABLE,False,False,False,0.23198774,1.0203694
2023-08-21,HAL,Energy,3,Risky,False,RISKY,False,False,False,0.41582707,1.543029
2023-08-21,HAS,Consumer Discretionary,2,Middle,False,MIDDLE,False,False,False,0.30764583,1.201819
2023-08-21,HBAN,Financials,3,Risky,False,RISKY,False,False,False,0.4476182,1.8557438
2023-08-21,HCA,Health Care,1,Stable,True,MIDDLE,False,False,False,0.1971854,0.89409524
2023-08-21,HD,Consumer Discretionary,1,Stable,True,STABLE,False,True,True,0.19931178,0.8249349
2023-08-21,HES,Unknown,2,Middle,False,MIDDLE,False,False,False,0.32443485,1.0948021
2023-08-21,HIG,Financials,2,Middle,False,STABLE,False,False,False,0.26101622,1.0448737
2023-08-21,HII,Industrials,1,Stable,True,STABLE,False,True,True,0.19429825,0.76052725
2023-08-21,HLT,Consumer Discretionary,1,Stable,True,STABLE,False,True,True,0.22649384,0.9557652
2023-08-21,HOLX,Unknown,1,Stable,True,STABLE,False,True,True,0.18979096,0.6904514
2023-08-21,HON,Industrials,1,Stable,True,STABLE,False,True,True,0.18613823,0.8408954
2023-08-21,HPE,Information Technology,2,Middle,False,MIDDLE,False,False,False,0.29773298,1.3809245
2023-08-21,HPQ,Information Technology,2,Middle,False,STABLE,False,False,False,0.25794327,1.1435336
2023-08-21,HRL,Consumer Staples,1,Stable,True,STABLE,False,True,True,0.18719737,0.28357637
2023-08-21,HSIC,Health Care,1,Stable,True,STABLE,False,True,True,0.20813066,0.5222912
2023-08-21,HST,Real Estate,2,Middle,False,MIDDLE,False,False,False,0.28841177,1.1228814
2023-08-21,HSY,Consumer Staples,1,Stable,True,STABLE,False,True,True,0.15323228,0.25024948
2023-08-21,HUM,Health Care,1,Stable,True,STABLE,False,True,True,0.29095122,0.43880996
2023-08-21,HWM,Industrials,2,Middle,False,STABLE,False,False,False,0.2303492,1.0116783
2023-08-21,IBM,Information Technology,1,Stable,True,STABLE,False,True,True,0.15043156,0.5491403
2023-08-21,ICE,Financials,1,Stable,True,STABLE,False,True,True,0.19174258,0.8796561
2023-08-21,IDXX,Health Care,2,Middle,False,MIDDLE,False,False,False,0.27490342,1.3697145
2023-08-21,IEX,Industrials,1,Stable,True,STABLE,False,True,True,0.20594735,0.83397704
2023-08-21,IFF,Materials,3,Risky,False,RISKY,False,False,False,0.422746,1.3433291
2023-08-21,ILMN,Unknown,2,Middle,False,MIDDLE,False,False,False,0.43356046,0.9208604
2023-08-21,INCY,Health Care,1,Stable,True,STABLE,False,True,True,0.22949865,0.57926023
2023-08-21,INTC,Information Technology,2,Middle,False,MIDDLE,False,False,False,0.39614573,1.2327285
2023-08-21,INTU,Information Technology,2,Middle,False,MIDDLE,False,False,False,0.3006617,1.5363934
2023-08-21,INVH,Real Estate,1,Stable,True,STABLE,False,True,True,0.21410343,0.8911456
2023-08-21,IP,Materials,1,Stable,True,MIDDLE,False,False,False,0.24783242,0.63678443
2023-08-21,IPG,Unknown,2,Middle,False,STABLE,False,False,False,0.33921078,0.94150275
2023-08-21,IQV,Health Care,2,Middle,False,MIDDLE,False,False,False,0.24240085,1.201683
2023-08-21,IR,Industrials,2,Middle,False,MIDDLE,False,False,False,0.26188058,1.3686893
2023-08-21,IRM,Real Estate,1,Stable,True,STABLE,False,True,True,0.2092704,0.86791766
2023-08-21,ISRG,Health Care,2,Middle,False,MIDDLE,False,False,False,0.2730972,1.023156
2023-08-21,IT,Information Technology,2,Middle,False,STABLE,False,False,False,0.22964457,1.082454
2023-08-21,ITW,Industrials,2,Middle,False,STABLE,False,False,False,0.21923424,1.0459286
2023-08-21,IVZ,Financials,2,Middle,False,MIDDLE,False,False,False,0.30447996,1.3931948
2023-08-21,J,Industrials,1,Stable,True,STABLE,False,True,True,0.2175286,0.9385641
2023-08-21,JBHT,Industrials,1,Stable,True,STABLE,False,True,True,0.24515899,0.88181394
2023-08-21,JCI,Industrials,2,Middle,False,MIDDLE,False,False,False,0.287523,1.3870578
2023-08-21,JKHY,Financials,2,Middle,False,MIDDLE,False,False,False,0.31345674,1.1349382
2023-08-21,JNJ,Health Care,1,Stable,True,STABLE,False,True,True,0.17858812,0.18495314
2023-08-21,JNPR,Unknown,1,Stable,True,STABLE,False,True,True,0.26297846,0.77605295
2023-08-21,JPM,Financials,2,Middle,False,STABLE,False,False,False,0.25046277,1.1334381
2023-08-21,K,Unknown,1,Stable,True,STABLE,False,True,True,0.14360733,0.21151987
2023-08-21,KDP,Consumer Staples,1,Stable,True,STABLE,False,True,True,0.16842788,0.0372588
2023-08-21,KEY,Financials,3,Risky,False,RISKY,False,False,False,0.7369998,2.6539397
2023-08-21,KEYS,Information Technology,2,Middle,False,STABLE,False,False,False,0.3083634,1.044914
2023-08-21,KHC,Consumer Staples,1,Stable,True,STABLE,False,True,True,0.13541885,0.27214366
2023-08-21,KIM,Real Estate,2,Middle,False,MIDDLE,False,False,False,0.25811586,1.0477906
2023-08-21,KLAC,Information Technology,3,Risky,False,MIDDLE,False,False,False,0.3655437,1.7472018
2023-08-21,KMB,Consumer Staples,1,Stable,True,STABLE,False,True,True,0.14758265,0.28730276
2023-08-21,KMI,Energy,1,Stable,True,STABLE,False,True,True,0.17531134,0.7061066
2023-08-21,KMX,Unknown,2,Middle,False,MIDDLE,False,False,False,0.3888654,1.3950219
2023-08-21,KO,Consumer Staples,1,Stable,True,STABLE,False,True,True,0.112819605,0.2893687
2023-08-21,KR,Consumer Staples,1,Stable,True,STABLE,False,True,True,0.19535594,0.22633874
2023-08-21,L,Financials,1,Stable,True,STABLE,False,True,True,0.20782502,0.9164432
2023-08-21,LDOS,Industrials,2,Middle,False,MIDDLE,False,False,False,0.30759117,0.95139736
2023-08-21,LEN,Consumer Discretionary,1,Stable,True,STABLE,False,True,True,0.2516801,0.91336215
2023-08-21,LH,Health Care,1,Stable,True,STABLE,False,True,True,0.1873363,0.800068
2023-08-21,LHX,Industrials,1,Stable,True,STABLE,False,True,True,0.2025467,0.8506279
2023-08-21,LIN,Materials,1,Stable,True,STABLE,False,True,True,0.18161409,0.89992064
2023-08-21,LKQ,Unknown,1,Stable,True,STABLE,False,True,True,0.19602656,0.84521174
2023-08-21,LLY,Health Care,1,Stable,True,STABLE,False,True,True,0.29064968,0.18869156
2023-08-21,LMT,Industrials,1,Stable,True,STABLE,False,True,True,0.15875584,0.42168814
2023-08-21,LNC,Unknown,3,Risky,False,RISKY,False,False,False,0.48543528,2.3873796
2023-08-21,LNT,Utilities,1,Stable,True,MIDDLE,False,False,False,0.20073982,0.42304096
2023-08-21,LOW,Consumer Discretionary,1,Stable,True,STABLE,False,True,True,0.22291282,0.9920193
2023-08-21,LRCX,Information Technology,2,Middle,False,MIDDLE,False,False,False,0.38142672,1.4189471
2023-08-21,LUV,Industrials,2,Middle,False,MIDDLE,False,False,False,0.3224688,0.95731306
2023-08-21,LVS,Consumer Discretionary,2,Middle,False,MIDDLE,False,False,False,0.3041264,1.2405219
2023-08-21,LW,Unknown,1,Stable,True,STABLE,False,True,True,0.1893958,0.50726
2023-08-21,LYB,Materials,2,Middle,False,STABLE,False,False,False,0.24887885,1.0228668
2023-08-21,LYV,Communication Services,2,Middle,False,MIDDLE,False,False,False,0.32126445,1.3705279
2023-08-21,MA,Financials,1,Stable,True,STABLE,False,True,True,0.17042336,0.91307205
2023-08-21,MAA,Real Estate,1,Stable,True,STABLE,False,True,True,0.20879495,0.83186096
2023-08-21,MAR,Consumer Discretionary,1,Stable,True,STABLE,False,True,True,0.24981546,0.9101553
2023-08-21,MAS,Industrials,2,Middle,False,MIDDLE,False,False,False,0.2518917,1.2096146
2023-08-21,MCD,Consumer Discretionary,1,Stable,True,STABLE,False,True,True,0.1191644,0.5258521
2023-08-21,MCHP,Information Technology,2,Middle,False,MIDDLE,False,False,False,0.34594342,1.4423313
2023-08-21,MCK,Health Care,1,Stable,True,STABLE,False,True,True,0.21907029,0.25828913
2023-08-21,MCO,Financials,1,Stable,True,STABLE,False,True,True,0.19297326,1.0769725
2023-08-21,MDLZ,Consumer Staples,1,Stable,True,STABLE,False,True,True,0.16338086,0.41755024
2023-08-21,MDT,Health Care,1,Stable,True,STABLE,False,True,True,0.21249034,0.53792846
2023-08-21,MET,Financials,2,Middle,False,MIDDLE,False,False,False,0.33835706,1.500653
2023-08-21,META,Communication Services,3,Risky,False,RISKY,False,False,False,0.3535911,1.8071815
2023-08-21,MGM,Consumer Discretionary,2,Middle,False,MIDDLE,False,False,False,0.32165128,1.6261955
2023-08-21,MHK,Unknown,2,Middle,False,MIDDLE,False,False,False,0.34518966,1.4360967
2023-08-21,MKC,Consumer Staples,1,Stable,True,STABLE,False,True,True,0.22109014,0.32776928
2023-08-21,MKTX,Unknown,2,Middle,False,STABLE,False,False,False,0.35158926,0.8819412
2023-08-21,MLM,Materials,2,Middle,False,STABLE,False,False,False,0.23883489,1.0753788
2023-08-21,MMM,Industrials,2,Middle,False,MIDDLE,False,False,False,0.26778856,1.1087083
2023-08-21,MNST,Consumer Staples,1,Stable,True,STABLE,False,True,True,0.20893525,0.7372228
2023-08-21,MO,Consumer Staples,1,Stable,True,STABLE,False,True,True,0.13452558,0.39073434
2023-08-21,MOH,Unknown,1,Stable,True,STABLE,False,True,True,0.28597575,0.77511126
2023-08-21,MOS,Materials,2,Middle,False,RISKY,False,False,False,0.3964321,1.1855605
2023-08-21,MPC,Energy,2,Middle,False,MIDDLE,False,False,False,0.32344934,0.86018914
2023-08-21,MPWR,Information Technology,3,Risky,False,RISKY,False,False,False,0.501873,1.761777
2023-08-21,MRK,Health Care,1,Stable,True,STABLE,False,True,True,0.18990521,0.24254015
2023-08-21,MRNA,Health Care,2,Middle,False,RISKY,False,False,False,0.42588118,0.8925405
2023-08-21,MRO,Unknown,2,Middle,False,MIDDLE,False,False,False,0.37572205,1.3862311
2023-08-21,MS,Financials,2,Middle,False,MIDDLE,False,False,False,0.25671968,1.3751478
2023-08-21,MSCI,Financials,2,Middle,False,MIDDLE,False,False,False,0.32459798,1.4889085
2023-08-21,MSFT,Information Technology,2,Middle,False,STABLE,False,False,False,0.25636622,1.1475313
2023-08-21,MSI,Information Technology,1,Stable,True,STABLE,False,True,True,0.17982915,0.67978126
2023-08-21,MTB,Financials,3,Risky,False,MIDDLE,False,False,False,0.38126615,1.7082396
2023-08-21,MTCH,Unknown,2,Middle,False,MIDDLE,False,False,False,0.4094567,1.3540152
2023-08-21,MTD,Health Care,2,Middle,False,MIDDLE,False,False,False,0.26752886,0.97990036
2023-08-21,MU,Information Technology,2,Middle,False,MIDDLE,False,False,False,0.38862026,1.2250745
2023-08-21,NCLH,Consumer Discretionary,3,Risky,False,RISKY,False,False,False,0.4856507,1.9895507
2023-08-21,NDAQ,Financials,1,Stable,True,STABLE,False,True,True,0.2662405,0.8379101
2023-08-21,NDSN,Industrials,1,Stable,True,STABLE,False,True,True,0.1782244,0.80141187
2023-08-21,NEE,Utilities,1,Stable,True,MIDDLE,False,False,False,0.19560347,0.5767554
2023-08-21,NEM,Materials,1,Stable,True,MIDDLE,False,False,False,0.3166165,0.29133716
2023-08-21,NFLX,Communication Services,2,Middle,False,RISKY,False,False,False,0.3667808,1.521328
2023-08-21,NI,Utilities,1,Stable,True,STABLE,False,True,True,0.19184396,0.38996035
2023-08-21,NKE,Consumer Discretionary,2,Middle,False,STABLE,False,False,False,0.24947885,1.0099365
2023-08-21,NOC,Industrials,1,Stable,True,STABLE,False,True,True,0.1758796,0.49501336
2023-08-21,NOW,Information Technology,2,Middle,False,MIDDLE,False,False,False,0.32111964,1.696225
2023-08-21,NRG,Utilities,2,Middle,False,RISKY,False,False,False,0.30308175,0.96152115
2023-08-21,NSC,Industrials,1,Stable,True,STABLE,False,True,True,0.19391945,0.8122743
2023-08-21,NTAP,Information Technology,2,Middle,False,STABLE,False,False,False,0.26159286,1.1283247
2023-08-21,NTRS,Financials,3,Risky,False,MIDDLE,False,False,False,0.36773562,1.7003304
2023-08-21,NUE,Materials,2,Middle,False,RISKY,False,False,False,0.34051737,1.5095872
2023-08-21,NVDA,Information Technology,3,Risky,False,RISKY,False,False,False,0.49544394,2.0204027
2023-08-21,NVR,Consumer Discretionary,1,Stable,True,STABLE,False,True,True,0.19226338,0.72391456
2023-08-21,NWL,Unknown,3,Risky,False,MIDDLE,False,False,False,0.46432847,1.4291779
2023-08-21,NWS,Communication Services,2,Middle,False,MIDDLE,False,False,False,0.2617999,1.0787497
2023-08-21,NWSA,Communication Services,2,Middle,False,MIDDLE,False,False,False,0.2627982,1.0652292
2023-08-21,NXPI,Information Technology,2,Middle,False,MIDDLE,False,False,False,0.3260818,1.4971337
2023-08-21,O,Real Estate,1,Stable,True,STABLE,False,True,True,0.1766382,0.5637424
2023-08-21,ODFL,Industrials,2,Middle,False,MIDDLE,False,False,False,0.33127552,1.187492
2023-08-21,OGN,Unknown,2,Middle,False,STABLE,False,False,False,0.309486,0.9832246
2023-08-21,OKE,Energy,2,Middle,False,MIDDLE,False,False,False,0.26772556,0.9689772
2023-08-21,OMC,Communication Services,2,Middle,False,MIDDLE,False,False,False,0.28447825,0.8477869
2023-08-21,ON,Information Technology,3,Risky,False,RISKY,False,False,False,0.40924644,1.7598838
2023-08-21,ORCL,Information Technology,2,Middle,False,STABLE,False,False,False,0.24423988,1.0386025
2023-08-21,ORLY,Consumer Discretionary,1,Stable,True,STABLE,False,True,True,0.18474837,0.5544521
2023-08-21,OTIS,Industrials,2,Middle,False,STABLE,False,False,False,0.20850478,1.0537131
2023-08-21,OXY,Energy,1,Stable,True,STABLE,False,True,True,0.2615339,0.858338
2023-08-21,PANW,Information Technology,2,Middle,False,MIDDLE,False,False,False,0.40233204,1.1663283
2023-08-21,PAYC,Unknown,3,Risky,False,MIDDLE,False,False,False,0.42814636,1.7920791
2023-08-21,PAYX,Industrials,2,Middle,False,STABLE,False,False,False,0.2231735,1.0373333
2023-08-21,PCAR,Industrials,1,Stable,True,STABLE,False,True,True,0.23127912,0.96230274
2023-08-21,PCG,Utilities,1,Stable,True,MIDDLE,False,False,False,0.19535302,0.5015908
2023-08-21,PEG,Utilities,1,Stable,True,MIDDLE,False,False,False,0.18834741,0.55882955
2023-08-21,PEP,Consumer Staples,1,Stable,True,STABLE,False,True,True,0.13605748,0.27198094
2023-08-21,PFE,Health Care,1,Stable,True,STABLE,False,True,True,0.19654615,0.4661155
2023-08-21,PFG,Financials,2,Middle,False,MIDDLE,False,False,False,0.31515437,1.4155104
2023-08-21,PG,Consumer Staples,1,Stable,True,STABLE,False,True,True,0.14349458,0.39545295
2023-08-21,PGR,Financials,1,Stable,True,STABLE,False,True,True,0.37203887,0.53532934
2023-08-21,PH,Industrials,2,Middle,False,MIDDLE,False,False,False,0.28337047,1.2615422
2023-08-21,PHM,Consumer Discretionary,1,Stable,True,STABLE,False,True,True,0.2571748,0.77688366
2023-08-21,PKG,Materials,2,Middle,False,STABLE,False,False,False,0.26714945,0.9216567
2023-08-21,PLD,Real Estate,2,Middle,False,MIDDLE,False,False,False,0.2440242,1.070959
2023-08-21,PM,Consumer Staples,1,Stable,True,STABLE,False,True,True,0.16294596,0.50251365
2023-08-21,PNC,Financials,2,Middle,False,MIDDLE,False,False,False,0.33606362,1.4854288
2023-08-21,PNR,Industrials,2,Middle,False,MIDDLE,False,False,False,0.25955787,1.3274332
2023-08-21,PNW,Utilities,1,Stable,True,MIDDLE,False,False,False,0.19982895,0.4377357
2023-08-21,PODD,Health Care,1,Stable,True,MIDDLE,False,False,False,0.31660584,0.60833454
2023-08-21,POOL,Unknown,2,Middle,False,MIDDLE,False,False,False,0.30558863,1.307749
2023-08-21,PPG,Materials,2,Middle,False,STABLE,False,False,False,0.23825704,1.2490932
2023-08-21,PPL,Utilities,1,Stable,True,MIDDLE,False,False,False,0.17172736,0.49847385
2023-08-21,PRU,Financials,2,Middle,False,MIDDLE,False,False,False,0.2935131,1.5198239
2023-08-21,PSA,Real Estate,1,Stable,True,STABLE,False,True,True,0.24004266,0.67768955
2023-08-21,PSX,Energy,1,Stable,True,STABLE,False,True,True,0.29822117,0.57937974
2023-08-21,PTC,Information Technology,1,Stable,True,STABLE,False,True,True,0.18983738,0.99171466
2023-08-21,PWR,Industrials,1,Stable,True,STABLE,False,True,True,0.21100512,0.8893337
2023-08-21,PXD,Unknown,1,Stable,True,STABLE,False,True,True,0.28048316,0.7679533
2023-08-21,PYPL,Financials,3,Risky,False,MIDDLE,False,False,False,0.4169929,1.6721259
2023-08-21,QCOM,Information Technology,2,Middle,False,MIDDLE,False,False,False,0.3243052,1.4253579
2023-08-21,QRVO,Unknown,2,Middle,False,MIDDLE,False,False,False,0.28493035,1.2535585
2023-08-21,RCL,Consumer Discretionary,2,Middle,False,MIDDLE,False,False,False,0.36617717,1.5158224
2023-08-21,REG,Real Estate,1,Stable,True,STABLE,False,True,True,0.22526845,0.9464166
2023-08-21,REGN,Health Care,1,Stable,True,STABLE,False,True,True,0.2680021,0.41374776
2023-08-21,RF,Financials,3,Risky,False,MIDDLE,False,False,False,0.3762344,1.7974552
2023-08-21,RHI,Unknown,2,Middle,False,MIDDLE,False,False,False,0.2858132,1.3035733
2023-08-21,RJF,Financials,2,Middle,False,MIDDLE,False,False,False,0.31384215,1.504071
2023-08-21,RL,Consumer Discretionary,2,Middle,False,MIDDLE,False,False,False,0.28077355,1.0723317
2023-08-21,RMD,Health Care,2,Middle,False,RISKY,False,False,False,0.38343194,1.0454482
2023-08-21,ROK,Industrials,2,Middle,False,MIDDLE,False,False,False,0.2904168,1.4794899
2023-08-21,ROL,Industrials,1,Stable,True,STABLE,False,True,True,0.21990572,0.56867063
2023-08-21,ROP,Information Technology,1,Stable,True,STABLE,False,True,True,0.15569831,0.7382665
2023-08-21,ROST,Consumer Discretionary,1,Stable,True,STABLE,False,True,True,0.20458153,0.9141936
2023-08-21,RSG,Industrials,1,Stable,True,STABLE,False,True,True,0.15535446,0.3746074
2023-08-21,RTX,Industrials,1,Stable,True,STABLE,False,True,True,0.24249305,0.69552195
2023-08-21,RVTY,Health Care,1,Stable,True,MIDDLE,False,False,False,0.25013524,0.79832834
2023-08-21,SBAC,Real Estate,2,Middle,False,MIDDLE,False,False,False,0.30104914,0.97313374
2023-08-21,SBUX,Consumer Discretionary,1,Stable,True,STABLE,False,True,True,0.22564535,0.9018856
2023-08-21,SCHW,Financials,3,Risky,False,RISKY,False,False,False,0.5160133,1.88553
2023-08-21,SEDG,Unknown,3,Risky,False,RISKY,False,False,False,0.55837405,2.0332682
2023-08-21,SEE,Unknown,2,Middle,False,MIDDLE,False,False,False,0.34040257,1.2716774
2023-08-21,SHW,Materials,2,Middle,False,STABLE,False,False,False,0.21001162,1.1473335
2023-08-21,SJM,Consumer Staples,1,Stable,True,STABLE,False,True,True,0.16946976,0.24832997
2023-08-21,SLB,Energy,2,Middle,False,RISKY,False,False,False,0.37218285,1.1638806
2023-08-21,SNA,Industrials,1,Stable,True,STABLE,False,True,True,0.24511759,0.81025755
2023-08-21,SNPS,Information Technology,2,Middle,False,STABLE,False,False,False,0.27559733,1.2043117
2023-08-21,SO,Utilities,1,Stable,True,STABLE,False,True,True,0.18006116,0.2711093
2023-08-21,SPG,Real Estate,2,Middle,False,MIDDLE,False,False,False,0.26319885,1.1487867
2023-08-21,SPGI,Financials,2,Middle,False,STABLE,False,False,False,0.22640853,1.1647333
2023-08-21,SRE,Utilities,1,Stable,True,MIDDLE,False,False,False,0.17889468,0.6267258
2023-08-21,STE,Health Care,1,Stable,True,STABLE,False,True,True,0.23496176,0.64261
2023-08-21,STLD,Materials,3,Risky,False,RISKY,False,False,False,0.41789168,1.7680982
2023-08-21,STT,Financials,2,Middle,False,MIDDLE,False,False,False,0.38440323,1.5504432
2023-08-21,STX,Information Technology,2,Middle,False,MIDDLE,False,False,False,0.3392988,1.229812
2023-08-21,STZ,Consumer Staples,1,Stable,True,STABLE,False,True,True,0.1772894,0.6217608
2023-08-21,SWK,Industrials,2,Middle,False,MIDDLE,False,False,False,0.3355058,1.4329547
2023-08-21,SWKS,Information Technology,2,Middle,False,MIDDLE,False,False,False,0.2862877,1.4375521
2023-08-21,SYF,Financials,2,Middle,False,MIDDLE,False,False,False,0.3267691,1.489589
2023-08-21,SYK,Health Care,1,Stable,True,STABLE,False,True,True,0.18696903,0.63693535
2023-08-21,SYY,Consumer Staples,1,Stable,True,STABLE,False,True,True,0.18285297,0.55699295
2023-08-21,T,Communication Services,1,Stable,True,STABLE,False,True,True,0.3039367,0.5277787
2023-08-21,TAP,Consumer Staples,1,Stable,True,STABLE,False,True,True,0.22287387,0.31231713
2023-08-21,TDG,Industrials,2,Middle,False,STABLE,False,False,False,0.22264579,1.0293949
2023-08-21,TDY,Information Technology,2,Middle,False,STABLE,False,False,False,0.22047248,1.0460968
2023-08-21,TECH,Health Care,1,Stable,True,MIDDLE,False,False,False,0.30246434,0.70053935
2023-08-21,TEL,Information Technology,2,Middle,False,STABLE,False,False,False,0.20325957,1.1515042
2023-08-21,TER,Information Technology,2,Middle,False,MIDDLE,False,False,False,0.31163463,1.4288025
2023-08-21,TFC,Financials,3,Risky,False,RISKY,False,False,False,0.5314504,2.3194332
2023-08-21,TFX,Unknown,2,Middle,False,STABLE,False,False,False,0.2717805,0.9410823
2023-08-21,TGT,Consumer Staples,1,Stable,True,RISKY,False,False,False,0.26025075,0.8374161
2023-08-21,TJX,Consumer Discretionary,1,Stable,True,STABLE,False,True,True,0.16134328,0.7591696
2023-08-21,TMO,Health Care,1,Stable,True,MIDDLE,False,False,False,0.21352811,0.89799464
2023-08-21,TMUS,Communication Services,1,Stable,True,STABLE,False,True,True,0.20659941,0.19729821
2023-08-21,TPR,Consumer Discretionary,2,Middle,False,MIDDLE,False,False,False,0.39296886,1.1934394
2023-08-21,TRGP,Energy,2,Middle,False,MIDDLE,False,False,False,0.25709328,1.0177584
2023-08-21,TRMB,Information Technology,2,Middle,False,STABLE,False,False,False,0.25906155,1.2475014
2023-08-21,TROW,Financials,2,Middle,False,MIDDLE,False,False,False,0.27866244,1.4794267
2023-08-21,TRV,Financials,1,Stable,True,STABLE,False,True,True,0.21841267,0.8164606
2023-08-21,TSCO,Consumer Discretionary,1,Stable,True,STABLE,False,True,True,0.22903967,0.49570745
2023-08-21,TSLA,Consumer Discretionary,3,Risky,False,RISKY,False,False,False,0.49933845,2.2989814
2023-08-21,TSN,Consumer Staples,1,Stable,True,MIDDLE,False,False,False,0.33618197,0.38161764
2023-08-21,TT,Industrials,2,Middle,False,STABLE,False,False,False,0.24625514,0.990014
2023-08-21,TTWO,Communication Services,2,Middle,False,MIDDLE,False,False,False,0.28714937,1.1871854
2023-08-21,TXN,Information Technology,2,Middle,False,STABLE,False,False,False,0.24931654,1.2268878
2023-08-21,TXT,Industrials,1,Stable,True,STABLE,False,True,True,0.2623893,0.85457844
2023-08-21,TYL,Information Technology,2,Middle,False,STABLE,False,False,False,0.25431806,1.1576955
2023-08-21,UAL,Industrials,2,Middle,False,MIDDLE,False,False,False,0.35999054,1.1497742
2023-08-21,UDR,Real Estate,1,Stable,True,STABLE,False,True,True,0.21739542,0.85011476
2023-08-21,UHS,Health Care,2,Middle,False,MIDDLE,False,False,False,0.257996,1.048887
2023-08-21,ULTA,Consumer Discretionary,1,Stable,True,STABLE,False,True,True,0.3039077,0.29601666
2023-08-21,UNH,Health Care,1,Stable,True,STABLE,False,True,True,0.23471503,0.47623873
2023-08-21,UNP,Industrials,1,Stable,True,STABLE,False,True,True,0.22526012,0.71323943
2023-08-21,UPS,Industrials,2,Middle,False,MIDDLE,False,False,False,0.24013697,1.0845705
2023-08-21,URI,Industrials,3,Risky,False,MIDDLE,False,False,False,0.40292063,1.7047663
2023-08-21,USB,Financials,3,Risky,False,RISKY,False,False,False,0.4693802,2.227819
2023-08-21,V,Financials,1,Stable,True,STABLE,False,True,True,0.16176374,0.84412545
2023-08-21,VFC,Unknown,3,Risky,False,MIDDLE,False,False,False,0.41615367,1.5038389
2023-08-21,VICI,Real Estate,1,Stable,True,STABLE,False,True,True,0.19193035,0.7472912
2023-08-21,VLO,Energy,2,Middle,False,MIDDLE,False,False,False,0.3390925,0.84822875
2023-08-21,VMC,Materials,1,Stable,True,STABLE,False,True,True,0.21860768,0.9501655
2023-08-21,VRSK,Industrials,1,Stable,True,STABLE,False,True,True,0.20505777,0.5369241
2023-08-21,VRSN,Information Technology,1,Stable,True,STABLE,False,True,True,0.17756225,0.7747233
2023-08-21,VRTX,Health Care,1,Stable,True,STABLE,False,True,True,0.20613165,0.6197721
2023-08-21,VTR,Real Estate,2,Middle,False,MIDDLE,False,False,False,0.27276763,0.8980599
2023-08-21,VTRS,Health Care,1,Stable,True,MIDDLE,False,False,False,0.25760743,0.8242921
2023-08-21,VZ,Communication Services,1,Stable,True,STABLE,False,True,True,0.23454215,0.47866547
2023-08-21,WAB,Industrials,2,Middle,False,STABLE,False,False,False,0.22826873,0.9913998
2023-08-21,WAT,Health Care,2,Middle,False,MIDDLE,False,False,False,0.28817335,1.0044138
2023-08-21,WBA,Unknown,1,Stable,True,STABLE,False,True,True,0.28324503,0.59236336
2023-08-21,WBD,Communication Services,3,Risky,False,RISKY,False,False,False,0.47234625,1.7379938
2023-08-21,WDC,Information Technology,2,Middle,False,MIDDLE,False,False,False,0.36508492,1.319353
2023-08-21,WEC,Utilities,1,Stable,True,STABLE,False,True,True,0.19250526,0.3117205
2023-08-21,WELL,Real Estate,2,Middle,False,MIDDLE,False,False,False,0.26319256,0.9364649
2023-08-21,WFC,Financials,2,Middle,False,MIDDLE,False,False,False,0.3258489,1.464758
2023-08-21,WHR,Unknown,2,Middle,False,MIDDLE,False,False,False,0.29048738,1.1846613
2023-08-21,WM,Industrials,1,Stable,True,STABLE,False,True,True,0.15566559,0.30867776
2023-08-21,WMB,Energy,1,Stable,True,STABLE,False,True,True,0.19492741,0.76560825
2023-08-21,WMT,Consumer Staples,1,Stable,True,STABLE,False,True,True,0.12126051,0.31376013
2023-08-21,WRB,Financials,1,Stable,True,STABLE,False,True,True,0.2408682,0.6833665
2023-08-21,WST,Health Care,1,Stable,True,MIDDLE,False,False,False,0.22902255,0.81259024
2023-08-21,WTW,Financials,1,Stable,True,STABLE,False,True,True,0.24174258,0.7151151
2023-08-21,WY,Real Estate,1,Stable,True,STABLE,False,True,True,0.21399312,0.9198463
2023-08-21,WYNN,Consumer Discretionary,2,Middle,False,MIDDLE,False,False,False,0.30771703,1.4462019
2023-08-21,XEL,Utilities,1,Stable,True,STABLE,False,True,True,0.19917677,0.31450745
2023-08-21,XOM,Energy,1,Stable,True,STABLE,False,True,True,0.25891238,0.76881486
2023-08-21,XRAY,Unknown,2,Middle,False,STABLE,False,False,False,0.23071754,1.0449473
2023-08-21,XYL,Industrials,1,Stable,True,STABLE,False,True,True,0.20711559,0.93706906
2023-08-21,YUM,Consumer Discretionary,1,Stable,True,STABLE,False,True,True,0.16499878,0.7287438
2023-08-21,ZBH,Health Care,1,Stable,True,STABLE,False,True,True,0.19607013,0.55890125
2023-08-21,ZBRA,Information Technology,3,Risky,False,RISKY,False,False,False,0.44672135,1.655207
2023-08-21,ZION,Unknown,3,Risky,False,RISKY,False,False,False,0.8247728,2.8556814
2023-08-21,ZTS,Health Care,1,Stable,True,MIDDLE,False,False,False,0.24290983,0.92887175
2024-02-12,A,Health Care,2,Middle,False,MIDDLE,False,False,False,0.27757964,0.97850895
2024-02-12,AAL,Unknown,3,Risky,False,MIDDLE,False,False,False,0.39804262,1.4655135
2024-02-12,AAPL,Information Technology,2,Middle,False,STABLE,False,False,False,0.19553186,1.0995003
2024-02-12,ABBV,Health Care,1,Stable,True,STABLE,False,True,True,0.16326183,0.39589438
2024-02-12,ABNB,Consumer Discretionary,3,Risky,False,RISKY,False,False,False,0.35934016,1.7041885
2024-02-12,ABT,Health Care,1,Stable,True,STABLE,False,True,True,0.18301834,0.3760002
2024-02-12,ACGL,Financials,1,Stable,True,STABLE,False,True,True,0.23675355,0.31103486
2024-02-12,ACN,Information Technology,1,Stable,True,STABLE,False,True,True,0.18418038,0.9456657
2024-02-12,ADBE,Information Technology,2,Middle,False,MIDDLE,False,False,False,0.28618145,1.5298634
2024-02-12,ADI,Information Technology,2,Middle,False,MIDDLE,False,False,False,0.22652341,1.2559282
2024-02-12,ADM,Consumer Staples,2,Middle,False,RISKY,False,False,False,0.46111318,0.5533164
2024-02-12,ADP,Industrials,1,Stable,True,STABLE,False,True,True,0.2058256,0.69465566
2024-02-12,ADSK,Information Technology,2,Middle,False,MIDDLE,False,False,False,0.26464897,1.3859279
2024-02-12,AEE,Utilities,1,Stable,True,STABLE,False,True,True,0.23895255,0.5361894
2024-02-12,AEP,Utilities,1,Stable,True,STABLE,False,True,True,0.2156036,0.692026
2024-02-12,AES,Utilities,3,Risky,False,RISKY,False,False,False,0.38788027,1.5715702
2024-02-12,AFL,Financials,1,Stable,True,STABLE,False,True,True,0.21758595,0.46684438
2024-02-12,AIG,Financials,1,Stable,True,STABLE,False,True,True,0.16893822,0.6639144
2024-02-12,AIZ,Financials,1,Stable,True,STABLE,False,True,True,0.24097122,0.3801478
2024-02-12,AJG,Financials,1,Stable,True,STABLE,False,True,True,0.19460012,0.47361544
2024-02-12,AKAM,Information Technology,1,Stable,True,STABLE,False,True,True,0.13271682,0.7340298
2024-02-12,ALB,Materials,3,Risky,False,RISKY,False,False,False,0.50976276,2.2578194
2024-02-12,ALGN,Health Care,3,Risky,False,RISKY,False,False,False,0.57244486,2.3071213
2024-02-12,ALL,Financials,1,Stable,True,STABLE,False,True,True,0.2067292,0.4900499
2024-02-12,ALLE,Industrials,2,Middle,False,MIDDLE,False,False,False,0.23951669,1.1513196
2024-02-12,AMAT,Information Technology,2,Middle,False,MIDDLE,False,False,False,0.3161044,1.5889753
2024-02-12,AMCR,Materials,1,Stable,True,STABLE,False,True,True,0.20751587,0.9535823
2024-02-12,AMD,Information Technology,3,Risky,False,RISKY,False,False,False,0.44174382,2.253211
2024-02-12,AME,Industrials,1,Stable,True,STABLE,False,True,True,0.16377544,0.89200723
2024-02-12,AMGN,Health Care,1,Stable,True,STABLE,False,True,True,0.22758853,0.66388065
2024-02-12,AMP,Financials,2,Middle,False,MIDDLE,False,False,False,0.18771154,1.0790505
2024-02-12,AMT,Real Estate,2,Middle,False,STABLE,False,False,False,0.26583537,0.8977413
2024-02-12,AMZN,Consumer Discretionary,2,Middle,False,RISKY,False,False,False,0.29831585,1.6931393
2024-02-12,ANET,Information Technology,3,Risky,False,RISKY,False,False,False,0.36708346,1.5848997
2024-02-12,ANSS,Unknown,2,Middle,False,MIDDLE,False,False,False,0.34733295,1.2627159
2024-02-12,AON,Financials,1,Stable,True,STABLE,False,True,True,0.2087304,0.61964005
2024-02-12,AOS,Industrials,2,Middle,False,MIDDLE,False,False,False,0.23328365,1.0428689
2024-02-12,APA,Energy,1,Stable,True,RISKY,False,False,False,0.31211782,0.53909516
2024-02-12,APD,Materials,2,Middle,False,MIDDLE,False,False,False,0.35947296,0.8370818
2024-02-12,APH,Information Technology,1,Stable,True,STABLE,False,True,True,0.16908228,1.0017407
2024-02-12,APTV,Consumer Discretionary,2,Middle,False,RISKY,False,False,False,0.3727271,1.3217291
2024-02-12,ARE,Real Estate,3,Risky,False,RISKY,False,False,False,0.38332525,1.7694174
2024-02-12,ATO,Utilities,1,Stable,True,STABLE,False,True,True,0.17672825,0.6249182
2024-02-12,AVB,Real Estate,1,Stable,True,STABLE,False,True,True,0.21549232,0.9392249
2024-02-12,AVGO,Information Technology,2,Middle,False,MIDDLE,False,False,False,0.32396814,1.6982092
2024-02-12,AVY,Materials,1,Stable,True,STABLE,False,True,True,0.17892763,0.92391723
2024-02-12,AWK,Utilities,2,Middle,False,MIDDLE,False,False,False,0.23320848,1.0393872
2024-02-12,AXON,Industrials,2,Middle,False,MIDDLE,False,False,False,0.26678824,1.4458859
2024-02-12,AXP,Financials,2,Middle,False,MIDDLE,False,False,False,0.22297968,1.069962
2024-02-12,AZO,Consumer Discretionary,1,Stable,True,STABLE,False,True,True,0.22159399,0.63289696
2024-02-12,BA,Industrials,1,Stable,True,MIDDLE,False,False,False,0.32648736,0.63149893
2024-02-12,BAC,Financials,2,Middle,False,MIDDLE,False,False,False,0.2472418,1.0459154
2024-02-12,BALL,Materials,2,Middle,False,MIDDLE,False,False,False,0.30359372,1.1721239
2024-02-12,BAX,Health Care,1,Stable,True,STABLE,False,True,True,0.29709494,0.5553772
2024-02-12,BBWI,Unknown,3,Risky,False,MIDDLE,False,False,False,0.41774017,1.4674759
2024-02-12,BBY,Consumer Discretionary,2,Middle,False,MIDDLE,False,False,False,0.27886507,1.117896
2024-02-12,BDX,Health Care,1,Stable,True,STABLE,False,True,True,0.21083927,0.61333513
2024-02-12,BEN,Financials,2,Middle,False,RISKY,False,False,False,0.28652114,1.3770351
2024-02-12,BF-B,Consumer Staples,2,Middle,False,RISKY,False,False,False,0.2982841,1.1597222
2024-02-12,BG,Consumer Staples,1,Stable,True,MIDDLE,False,False,False,0.21624286,0.5178671
2024-02-12,BIIB,Health Care,1,Stable,True,STABLE,False,True,True,0.22392386,0.75089276
2024-02-12,BIO,Unknown,2,Middle,False,MIDDLE,False,False,False,0.31832448,1.3107015
2024-02-12,BKNG,Consumer Discretionary,2,Middle,False,MIDDLE,False,False,False,0.22063807,1.1385614
2024-02-12,BKR,Energy,1,Stable,True,STABLE,False,True,True,0.23696713,0.4455056
2024-02-12,BLDR,Industrials,3,Risky,False,RISKY,False,False,False,0.4481537,2.3454115
2024-02-12,BLK,Financials,2,Middle,False,MIDDLE,False,False,False,0.20121346,1.2014754
2024-02-12,BMY,Health Care,1,Stable,True,STABLE,False,True,True,0.21295625,0.60137755
2024-02-12,BR,Industrials,1,Stable,True,STABLE,False,True,True,0.16534755,0.859705
2024-02-12,BRK-B,Financials,1,Stable,True,STABLE,False,True,True,0.11874001,0.59558254
2024-02-12,BRO,Financials,1,Stable,True,STABLE,False,True,True,0.20874877,0.7361962
2024-02-12,BSX,Health Care,1,Stable,True,STABLE,False,True,True,0.21781069,0.51484793
2024-02-12,BWA,Unknown,1,Stable,True,STABLE,False,True,True,0.35283607,0.61825734
2024-02-12,BX,Financials,2,Middle,False,RISKY,False,False,False,0.3249102,1.6833756
2024-02-12,BXP,Real Estate,3,Risky,False,RISKY,False,False,False,0.43828452,1.9442468
2024-02-12,C,Financials,1,Stable,True,MIDDLE,False,False,False,0.2256089,0.8486401
2024-02-12,CAG,Unknown,1,Stable,True,STABLE,False,True,True,0.21207498,0.45475355
2024-02-12,CAH,Health Care,1,Stable,True,STABLE,False,True,True,0.21473663,0.13996306
2024-02-12,CARR,Industrials,2,Middle,False,MIDDLE,False,False,False,0.28337958,1.4540552
2024-02-12,CAT,Industrials,2,Middle,False,MIDDLE,False,False,False,0.26090312,1.2780349
2024-02-12,CB,Financials,1,Stable,True,STABLE,False,True,True,0.15045977,0.34538183
2024-02-12,CBOE,Financials,1,Stable,True,STABLE,False,True,True,0.1766753,0.13518648
2024-02-12,CBRE,Real Estate,2,Middle,False,MIDDLE,False,False,False,0.2838779,1.3190497
2024-02-12,CCI,Real Estate,2,Middle,False,MIDDLE,False,False,False,0.27520317,0.9826418
2024-02-12,CCL,Consumer Discretionary,3,Risky,False,RISKY,False,False,False,0.43746406,1.9159437
2024-02-12,CDNS,Information Technology,2,Middle,False,MIDDLE,False,False,False,0.25861168,1.4590716
2024-02-12,CDW,Information Technology,1,Stable,True,STABLE,False,True,True,0.18317531,1.004049
2024-02-12,CE,Unknown,2,Middle,False,MIDDLE,False,False,False,0.2676677,1.222251
2024-02-12,CEG,Utilities,2,Middle,False,MIDDLE,False,False,False,0.29594532,1.167531
2024-02-12,CF,Materials,1,Stable,True,STABLE,False,True,True,0.28040773,0.60734797
2024-02-12,CFG,Financials,3,Risky,False,RISKY,False,False,False,0.37655407,1.7969025
2024-02-12,CHD,Consumer Staples,1,Stable,True,STABLE,False,True,True,0.20297605,0.08387269
2024-02-12,CHRW,Industrials,1,Stable,True,STABLE,False,True,True,0.28116956,0.338248
2024-02-12,CHTR,Communication Services,3,Risky,False,RISKY,False,False,False,0.43185708,1.1668409
2024-02-12,CI,Health Care,1,Stable,True,STABLE,False,True,True,0.33084983,0.40226084
2024-02-12,CINF,Financials,1,Stable,True,STABLE,False,True,True,0.18899213,0.62584764
2024-02-12,CL,Consumer Staples,1,Stable,True,STABLE,False,True,True,0.1562396,0.2532148
2024-02-12,CLX,Consumer Staples,1,Stable,True,MIDDLE,False,False,False,0.2478424,0.72569174
2024-02-12,CMA,Unknown,3,Risky,False,MIDDLE,False,False,False,0.40152296,1.8273886
2024-02-12,CMCSA,Communication Services,2,Middle,False,MIDDLE,False,False,False,0.24369052,0.92822206
2024-02-12,CME,Financials,1,Stable,True,STABLE,False,True,True,0.16388246,0.21625815
2024-02-12,CMG,Consumer Discretionary,1,Stable,True,STABLE,False,True,True,0.20913309,0.78158534
2024-02-12,CMI,Industrials,1,Stable,True,STABLE,False,True,True,0.20419773,0.746088
2024-02-12,CMS,Utilities,1,Stable,True,STABLE,False,True,True,0.20067963,0.56241786
2024-02-12,CNC,Health Care,1,Stable,True,STABLE,False,True,True,0.22472641,0.104544654
2024-02-12,CNP,Utilities,1,Stable,True,STABLE,False,True,True,0.19731729,0.6217518
2024-02-12,COF,Financials,2,Middle,False,MIDDLE,False,False,False,0.27460662,1.0014896
2024-02-12,COO,Health Care,2,Middle,False,MIDDLE,False,False,False,0.2368093,1.0770309
2024-02-12,COP,Energy,1,Stable,True,STABLE,False,True,True,0.23813096,0.38367066
2024-02-12,COR,Health Care,1,Stable,True,STABLE,False,True,True,0.16525537,-0.13128741
2024-02-12,COST,Consumer Staples,1,Stable,True,MIDDLE,False,False,False,0.1746492,0.74079335
2024-02-12,CPAY,Financials,2,Middle,False,MIDDLE,False,False,False,0.26587954,1.2647122
2024-02-12,CPB,Unknown,1,Stable,True,STABLE,False,True,True,0.23351142,-0.0022091137
2024-02-12,CPRT,Industrials,2,Middle,False,MIDDLE,False,False,False,0.2236913,1.4601616
2024-02-12,CPT,Real Estate,2,Middle,False,MIDDLE,False,False,False,0.25194332,1.196784
2024-02-12,CRL,Health Care,2,Middle,False,MIDDLE,False,False,False,0.32845744,1.5368252
2024-02-12,CRM,Information Technology,2,Middle,False,MIDDLE,False,False,False,0.2531491,1.2904279
2024-02-12,CSCO,Information Technology,1,Stable,True,STABLE,False,True,True,0.21082114,0.82741857
2024-02-12,CSGP,Real Estate,2,Middle,False,MIDDLE,False,False,False,0.25871652,1.3059359
2024-02-12,CSX,Industrials,1,Stable,True,STABLE,False,True,True,0.16582955,0.63691986
2024-02-12,CTAS,Industrials,2,Middle,False,STABLE,False,False,False,0.19000652,1.0251827
2024-02-12,CTLT,Unknown,3,Risky,False,MIDDLE,False,False,False,0.49744445,1.545489
2024-02-12,CTRA,Unknown,1,Stable,True,STABLE,False,True,True,0.2208782,0.5369229
2024-02-12,CTSH,Information Technology,1,Stable,True,STABLE,False,True,True,0.18372656,0.763481
2024-02-12,CTVA,Materials,2,Middle,False,MIDDLE,False,False,False,0.36122602,0.96516037
2024-02-12,CVS,Health Care,1,Stable,True,STABLE,False,True,True,0.23074089,0.32447955
2024-02-12,CVX,Energy,1,Stable,True,STABLE,False,True,True,0.22439148,0.36480543
2024-02-12,CZR,Unknown,3,Risky,False,MIDDLE,False,False,False,0.4299128,2.1811347
2024-02-12,D,Utilities,1,Stable,True,MIDDLE,False,False,False,0.2598395,0.772027
2024-02-12,DAL,Industrials,2,Middle,False,MIDDLE,False,False,False,0.32397905,1.2846512
2024-02-12,DAY,Unknown,2,Middle,False,MIDDLE,False,False,False,0.31166598,1.4320314
2024-02-12,DD,Materials,1,Stable,True,MIDDLE,False,False,False,0.3178158,0.72220904
2024-02-12,DE,Industrials,2,Middle,False,MIDDLE,False,False,False,0.22638127,1.0060261
2024-02-12,DFS,Unknown,2,Middle,False,STABLE,False,False,False,0.32331327,0.97580487
2024-02-12,DG,Consumer Staples,1,Stable,True,RISKY,False,False,False,0.3847023,0.5190803
2024-02-12,DGX,Health Care,1,Stable,True,STABLE,False,True,True,0.18746103,0.1796007
2024-02-12,DHI,Consumer Discretionary,2,Middle,False,MIDDLE,False,False,False,0.31512305,1.3485581
2024-02-12,DHR,Health Care,1,Stable,True,MIDDLE,False,False,False,0.23601179,0.8476856
2024-02-12,DIS,Communication Services,1,Stable,True,STABLE,False,True,True,0.28604943,0.7125353
2024-02-12,DLR,Real Estate,2,Middle,False,MIDDLE,False,False,False,0.25119025,1.1493323
2024-02-12,DLTR,Consumer Staples,2,Middle,False,RISKY,False,False,False,0.32819232,1.0891135
2024-02-12,DOV,Industrials,2,Middle,False,STABLE,False,False,False,0.20866336,1.0057607
2024-02-12,DOW,Materials,1,Stable,True,STABLE,False,True,True,0.19833192,0.8866761
2024-02-12,DPZ,Consumer Discretionary,1,Stable,True,STABLE,False,True,True,0.23714729,0.8208199
2024-02-12,DRI,Consumer Discretionary,1,Stable,True,STABLE,False,True,True,0.17817622,0.64846426
2024-02-12,DTE,Utilities,1,Stable,True,STABLE,False,True,True,0.20076497,0.5227553
2024-02-12,DUK,Utilities,1,Stable,True,STABLE,False,True,True,0.17660876,0.4981043
2024-02-12,DVA,Health Care,2,Middle,False,RISKY,False,False,False,0.41291568,0.63857937
2024-02-12,DVN,Energy,1,Stable,True,RISKY,False,False,False,0.28169537,0.66950685
2024-02-12,DXCM,Health Care,2,Middle,False,RISKY,False,False,False,0.43137366,0.84618527
2024-02-12,EA,Communication Services,1,Stable,True,STABLE,False,True,True,0.15078303,0.707189
2024-02-12,EBAY,Consumer Discretionary,2,Middle,False,MIDDLE,False,False,False,0.23374733,1.0803832
2024-02-12,ECL,Materials,1,Stable,True,STABLE,False,True,True,0.1742694,0.8765265
2024-02-12,ED,Utilities,1,Stable,True,STABLE,False,True,True,0.1811445,0.46014488
2024-02-12,EFX,Industrials,2,Middle,False,MIDDLE,False,False,False,0.2877218,1.4175113
2024-02-12,EG,Financials,1,Stable,True,STABLE,False,True,True,0.2616145,0.3152925
2024-02-12,EIX,Utilities,1,Stable,True,STABLE,False,True,True,0.22033705,0.7843106
2024-02-12,EL,Consumer Staples,3,Risky,False,RISKY,False,False,False,0.5089228,1.2860489
2024-02-12,ELV,Health Care,1,Stable,True,STABLE,False,True,True,0.17003162,0.36563623
2024-02-12,EMN,Unknown,2,Middle,False,STABLE,False,False,False,0.23362368,0.9288989
2024-02-12,EMR,Industrials,2,Middle,False,MIDDLE,False,False,False,0.25944716,1.1147037
2024-02-12,ENPH,Unknown,3,Risky,False,MIDDLE,False,False,False,0.66256744,2.6869905
2024-02-12,EOG,Energy,1,Stable,True,STABLE,False,True,True,0.25350708,0.42268038
2024-02-12,EPAM,Unknown,2,Middle,False,MIDDLE,False,False,False,0.31175342,1.7455647
2024-02-12,EQIX,Real Estate,2,Middle,False,STABLE,False,False,False,0.21750043,1.0653023
2024-02-12,EQT,Energy,1,Stable,True,RISKY,False,False,False,0.29593682,0.73487145
2024-02-12,ES,Utilities,2,Middle,False,MIDDLE,False,False,False,0.29945207,0.97728574
2024-02-12,ESS,Real Estate,2,Middle,False,STABLE,False,False,False,0.23184742,1.0112433
2024-02-12,ETN,Industrials,2,Middle,False,MIDDLE,False,False,False,0.2572564,1.374385
2024-02-12,ETR,Utilities,1,Stable,True,STABLE,False,True,True,0.19714454,0.69054365
2024-02-12,ETSY,Unknown,3,Risky,False,MIDDLE,False,False,False,0.43380514,1.9297643
2024-02-12,EVRG,Utilities,1,Stable,True,STABLE,False,True,True,0.22308847,0.5902001
2024-02-12,EW,Health Care,2,Middle,False,MIDDLE,False,False,False,0.30519277,1.0137566
2024-02-12,EXC,Utilities,1,Stable,True,STABLE,False,True,True,0.2461496,0.66280156
2024-02-12,EXPD,Industrials,1,Stable,True,STABLE,False,True,True,0.18318392,0.74940157
2024-02-12,EXPE,Consumer Discretionary,3,Risky,False,RISKY,False,False,False,0.48081812,1.3580137
2024-02-12,EXR,Real Estate,2,Middle,False,MIDDLE,False,False,False,0.3242522,1.194697
2024-02-12,F,Consumer Discretionary,2,Middle,False,RISKY,False,False,False,0.3613771,1.2806139
2024-02-12,FANG,Energy,1,Stable,True,STABLE,False,True,True,0.25265953,0.304274
2024-02-12,FAST,Industrials,1,Stable,True,STABLE,False,True,True,0.20852993,0.72124624
2024-02-12,FCX,Materials,2,Middle,False,MIDDLE,False,False,False,0.33238086,1.5744246
2024-02-12,FDS,Financials,1,Stable,True,STABLE,False,True,True,0.17522089,0.64660305
2024-02-12,FDX,Industrials,2,Middle,False,MIDDLE,False,False,False,0.27573276,1.1804091
2024-02-12,FE,Utilities,1,Stable,True,STABLE,False,True,True,0.20285141,0.6015838
2024-02-12,FFIV,Information Technology,1,Stable,True,STABLE,False,True,True,0.17683502,0.82598037
2024-02-12,FI,Financials,1,Stable,True,STABLE,False,True,True,0.16066998,0.8077472
2024-02-12,FICO,Information Technology,2,Middle,False,MIDDLE,False,False,False,0.2865056,1.0931506
2024-02-12,FIS,Financials,2,Middle,False,MIDDLE,False,False,False,0.24121165,1.1023527
2024-02-12,FITB,Financials,2,Middle,False,RISKY,False,False,False,0.3428466,1.4536185
2024-02-12,FMC,Unknown,3,Risky,False,MIDDLE,False,False,False,0.49702716,1.1774273
2024-02-12,FOX,Communication Services,1,Stable,True,STABLE,False,True,True,0.24535339,0.70591223
2024-02-12,FOXA,Communication Services,1,Stable,True,STABLE,False,True,True,0.25606856,0.7284376
2024-02-12,FRT,Real Estate,2,Middle,False,STABLE,False,False,False,0.2279468,1.0167658
2024-02-12,FSLR,Information Technology,3,Risky,False,RISKY,False,False,False,0.45897245,1.7945821
2024-02-12,FTNT,Information Technology,2,Middle,False,MIDDLE,False,False,False,0.33245754,1.12571
2024-02-12,FTV,Industrials,2,Middle,False,MIDDLE,False,False,False,0.23328805,1.0318873
2024-02-12,GD,Industrials,1,Stable,True,STABLE,False,True,True,0.1962942,0.41373047
2024-02-12,GE,Industrials,2,Middle,False,MIDDLE,False,False,False,0.21649608,1.1020169
2024-02-12,GEHC,Health Care,2,Middle,False,MIDDLE,False,False,False,0.2964981,1.1287723
2024-02-12,GEN,Information Technology,2,Middle,False,MIDDLE,False,False,False,0.3082827,0.99056387
2024-02-12,GILD,Health Care,1,Stable,True,STABLE,False,True,True,0.25494236,0.5157588
2024-02-12,GIS,Consumer Staples,1,Stable,True,STABLE,False,True,True,0.18678822,0.11442808
2024-02-12,GL,Financials,1,Stable,True,STABLE,False,True,True,0.14975896,0.44946796
2024-02-12,GLW,Information Technology,1,Stable,True,STABLE,False,True,True,0.20507371,0.8856147
2024-02-12,GM,Consumer Discretionary,2,Middle,False,MIDDLE,False,False,False,0.32519498,1.0026475
2024-02-12,GNRC,Industrials,3,Risky,False,RISKY,False,False,False,0.4081554,1.9241056
2024-02-12,GOOG,Communication Services,2,Middle,False,MIDDLE,False,False,False,0.27937225,1.5134622
2024-02-12,GOOGL,Communication Services,2,Middle,False,MIDDLE,False,False,False,0.2790301,1.5045186
2024-02-12,GPC,Consumer Discretionary,2,Middle,False,MIDDLE,False,False,False,0.26016265,1.0786014
2024-02-12,GPN,Financials,2,Middle,False,MIDDLE,False,False,False,0.25329065,1.42495
2024-02-12,GRMN,Consumer Discretionary,1,Stable,True,STABLE,False,True,True,0.20823722,0.9639361
2024-02-12,GS,Financials,2,Middle,False,MIDDLE,False,False,False,0.21791613,1.1104965
2024-02-12,GWW,Industrials,1,Stable,True,STABLE,False,True,True,0.21724182,0.90694237
2024-02-12,HAL,Energy,1,Stable,True,STABLE,False,True,True,0.27336684,0.43813664
2024-02-12,HAS,Consumer Discretionary,2,Middle,False,RISKY,False,False,False,0.37418187,1.3732684
2024-02-12,HBAN,Financials,2,Middle,False,RISKY,False,False,False,0.30260408,1.285994
2024-02-12,HCA,Health Care,2,Middle,False,MIDDLE,False,False,False,0.247959,0.91088086
2024-02-12,HD,Consumer Discretionary,2,Middle,False,STABLE,False,False,False,0.19094804,1.1055704
2024-02-12,HES,Unknown,1,Stable,True,STABLE,False,True,True,0.28788257,0.5829061
2024-02-12,HIG,Financials,1,Stable,True,STABLE,False,True,True,0.15150225,0.5045749
2024-02-12,HII,Industrials,1,Stable,True,STABLE,False,True,True,0.22921313,0.79936457
2024-02-12,HLT,Consumer Discretionary,1,Stable,True,STABLE,False,True,True,0.1967488,0.9708807
2024-02-12,HOLX,Unknown,1,Stable,True,STABLE,False,True,True,0.19224735,0.53808045
2024-02-12,HON,Industrials,1,Stable,True,STABLE,False,True,True,0.1605644,0.79197335
2024-02-12,HPE,Information Technology,2,Middle,False,MIDDLE,False,False,False,0.31817174,1.3123327
2024-02-12,HPQ,Information Technology,1,Stable,True,STABLE,False,True,True,0.22675674,0.76026165
2024-02-12,HRL,Consumer Staples,1,Stable,True,STABLE,False,True,True,0.25749367,0.33761698
2024-02-12,HSIC,Health Care,1,Stable,True,STABLE,False,True,True,0.21478969,0.49388936
2024-02-12,HST,Real Estate,2,Middle,False,MIDDLE,False,False,False,0.23852733,1.1424431
2024-02-12,HSY,Consumer Staples,1,Stable,True,MIDDLE,False,False,False,0.20090644,0.49823985
2024-02-12,HUBB,Industrials,2,Middle,False,MIDDLE,False,False,False,0.264058,1.097292
2024-02-12,HUM,Health Care,1,Stable,True,STABLE,False,True,True,0.3391642,-0.1234391
2024-02-12,HWM,Industrials,2,Middle,False,STABLE,False,False,False,0.21221656,0.98478085
2024-02-12,IBM,Information Technology,1,Stable,True,STABLE,False,True,True,0.20396392,0.6277592
2024-02-12,ICE,Financials,1,Stable,True,STABLE,False,True,True,0.18252698,0.8295375
2024-02-12,IDXX,Health Care,2,Middle,False,MIDDLE,False,False,False,0.32350835,1.5266867
2024-02-12,IEX,Industrials,1,Stable,True,STABLE,False,True,True,0.18973812,0.82615983
2024-02-12,IFF,Materials,1,Stable,True,STABLE,False,True,True,0.2474166,0.76889443
2024-02-12,ILMN,Unknown,3,Risky,False,MIDDLE,False,False,False,0.45740286,1.6542766
2024-02-12,INCY,Health Care,1,Stable,True,STABLE,False,True,True,0.271843,0.4788593
2024-02-12,INTC,Information Technology,3,Risky,False,MIDDLE,False,False,False,0.3876795,1.3444995
2024-02-12,INTU,Information Technology,2,Middle,False,MIDDLE,False,False,False,0.23135333,1.4687378
2024-02-12,INVH,Real Estate,2,Middle,False,MIDDLE,False,False,False,0.23117821,1.273393
2024-02-12,IP,Materials,1,Stable,True,STABLE,False,True,True,0.24587223,0.5859786
2024-02-12,IPG,Unknown,2,Middle,False,STABLE,False,False,False,0.23161574,1.033121
2024-02-12,IQV,Health Care,2,Middle,False,MIDDLE,False,False,False,0.26404074,1.3910447
2024-02-12,IR,Industrials,2,Middle,False,MIDDLE,False,False,False,0.21976985,1.172438
2024-02-12,IRM,Real Estate,2,Middle,False,STABLE,False,False,False,0.21735865,1.1672951
2024-02-12,ISRG,Health Care,2,Middle,False,MIDDLE,False,False,False,0.30633783,1.5439111
2024-02-12,IT,Information Technology,2,Middle,False,STABLE,False,False,False,0.27337328,1.0027875
2024-02-12,ITW,Industrials,1,Stable,True,STABLE,False,True,True,0.15768982,0.7373707
2024-02-12,IVZ,Financials,2,Middle,False,RISKY,False,False,False,0.33395863,1.6053792
2024-02-12,J,Industrials,2,Middle,False,STABLE,False,False,False,0.23429811,0.9236468
2024-02-12,JBHT,Industrials,2,Middle,False,MIDDLE,False,False,False,0.25596428,1.1484549
2024-02-12,JBL,Information Technology,3,Risky,False,RISKY,False,False,False,0.44862378,1.4655133
2024-02-12,JCI,Industrials,2,Middle,False,MIDDLE,False,False,False,0.26132578,1.0391537
2024-02-12,JKHY,Financials,1,Stable,True,STABLE,False,True,True,0.19065517,0.65519965
2024-02-12,JNJ,Health Care,1,Stable,True,STABLE,False,True,True,0.13594808,0.34327984
2024-02-12,JNPR,Unknown,1,Stable,True,STABLE,False,True,True,0.340801,0.3730687
2024-02-12,JPM,Financials,1,Stable,True,STABLE,False,True,True,0.14235365,0.6410963
2024-02-12,K,Unknown,1,Stable,True,STABLE,False,True,True,0.19175753,0.22756355
2024-02-12,KDP,Consumer Staples,1,Stable,True,MIDDLE,False,False,False,0.1963034,0.5344124
2024-02-12,KEY,Financials,3,Risky,False,RISKY,False,False,False,0.40233865,1.6255603
2024-02-12,KEYS,Information Technology,2,Middle,False,STABLE,False,False,False,0.21110371,1.229657
2024-02-12,KHC,Consumer Staples,1,Stable,True,STABLE,False,True,True,0.18741783,0.3264584
2024-02-12,KIM,Real Estate,2,Middle,False,MIDDLE,False,False,False,0.28434741,1.21355
2024-02-12,KLAC,Information Technology,2,Middle,False,MIDDLE,False,False,False,0.31031585,1.6342103
2024-02-12,KMB,Consumer Staples,1,Stable,True,STABLE,False,True,True,0.16832595,0.26938134
2024-02-12,KMI,Energy,1,Stable,True,MIDDLE,False,False,False,0.16667803,0.5801145
2024-02-12,KMX,Unknown,3,Risky,False,MIDDLE,False,False,False,0.41402924,1.5711994
2024-02-12,KO,Consumer Staples,1,Stable,True,MIDDLE,False,False,False,0.1466861,0.47531503
2024-02-12,KR,Consumer Staples,1,Stable,True,STABLE,False,True,True,0.18373777,0.13493928
2024-02-12,KVUE,Consumer Staples,2,Middle,False,RISKY,False,False,False,0.2839805,0.92421246
2024-02-12,L,Financials,1,Stable,True,STABLE,False,True,True,0.13388962,0.4652733
2024-02-12,LDOS,Industrials,1,Stable,True,STABLE,False,True,True,0.18156233,0.6029188
2024-02-12,LEN,Consumer Discretionary,2,Middle,False,MIDDLE,False,False,False,0.29397398,1.4123749
2024-02-12,LH,Health Care,1,Stable,True,STABLE,False,True,True,0.17590283,0.39625618
2024-02-12,LHX,Industrials,1,Stable,True,STABLE,False,True,True,0.23491941,0.52989864
2024-02-12,LIN,Materials,1,Stable,True,STABLE,False,True,True,0.17252064,0.5748692
2024-02-12,LKQ,Unknown,2,Middle,False,STABLE,False,False,False,0.2102488,0.99212646
2024-02-12,LLY,Health Care,1,Stable,True,MIDDLE,False,False,False,0.2756467,0.81770384
2024-02-12,LMT,Industrials,1,Stable,True,STABLE,False,True,True,0.20003939,0.3315852
2024-02-12,LNT,Utilities,1,Stable,True,STABLE,False,True,True,0.2021081,0.67072964
2024-02-12,LOW,Consumer Discretionary,2,Middle,False,MIDDLE,False,False,False,0.23371285,1.1709411
2024-02-12,LRCX,Information Technology,2,Middle,False,MIDDLE,False,False,False,0.3137529,1.7274566
2024-02-12,LULU,Consumer Discretionary,2,Middle,False,MIDDLE,False,False,False,0.3019947,1.3036512
2024-02-12,LUV,Industrials,2,Middle,False,MIDDLE,False,False,False,0.32762071,1.0724286
2024-02-12,LVS,Consumer Discretionary,2,Middle,False,MIDDLE,False,False,False,0.28634784,1.1236287
2024-02-12,LW,Unknown,1,Stable,True,STABLE,False,True,True,0.2834442,0.65793383
2024-02-12,LYB,Materials,1,Stable,True,STABLE,False,True,True,0.18102285,0.6754301
2024-02-12,LYV,Communication Services,2,Middle,False,MIDDLE,False,False,False,0.24801858,1.0392519
2024-02-12,MA,Financials,1,Stable,True,STABLE,False,True,True,0.15660784,0.8326675
2024-02-12,MAA,Real Estate,2,Middle,False,MIDDLE,False,False,False,0.23779982,1.1841885
2024-02-12,MAR,Consumer Discretionary,2,Middle,False,STABLE,False,False,False,0.21327986,1.0005554
2024-02-12,MAS,Industrials,2,Middle,False,MIDDLE,False,False,False,0.27366802,1.2339029
2024-02-12,MCD,Consumer Discretionary,1,Stable,True,STABLE,False,True,True,0.15768388,0.55791616
2024-02-12,MCHP,Information Technology,2,Middle,False,MIDDLE,False,False,False,0.29922858,1.7037915
2024-02-12,MCK,Health Care,1,Stable,True,STABLE,False,True,True,0.18747765,-0.086337455
2024-02-12,MCO,Financials,2,Middle,False,MIDDLE,False,False,False,0.19465993,1.1602715
2024-02-12,MDLZ,Consumer Staples,1,Stable,True,MIDDLE,False,False,False,0.18473528,0.49645782
2024-02-12,MDT,Health Care,1,Stable,True,STABLE,False,True,True,0.18941168,0.5873263
2024-02-12,MET,Financials,1,Stable,True,MIDDLE,False,False,False,0.20991915,0.8405027
2024-02-12,META,Communication Services,3,Risky,False,RISKY,False,False,False,0.37235114,1.7331369
2024-02-12,MGM,Consumer Discretionary,2,Middle,False,RISKY,False,False,False,0.3181609,1.639695
2024-02-12,MHK,Unknown,2,Middle,False,MIDDLE,False,False,False,0.3541882,1.5374866
2024-02-12,MKC,Consumer Staples,1,Stable,True,MIDDLE,False,False,False,0.2611114,0.6878352
2024-02-12,MKTX,Unknown,3,Risky,False,MIDDLE,False,False,False,0.44101903,1.7623906
2024-02-12,MLM,Materials,2,Middle,False,MIDDLE,False,False,False,0.23647845,1.2724674
2024-02-12,MMM,Industrials,2,Middle,False,MIDDLE,False,False,False,0.295886,0.9572966
2024-02-12,MNST,Consumer Staples,1,Stable,True,MIDDLE,False,False,False,0.21114966,0.8058667
2024-02-12,MO,Consumer Staples,1,Stable,True,MIDDLE,False,False,False,0.1983722,0.64594626
2024-02-12,MOH,Unknown,1,Stable,True,STABLE,False,True,True,0.25318342,0.21774231
2024-02-12,MOS,Materials,2,Middle,False,MIDDLE,False,False,False,0.33700055,1.1814368
2024-02-12,MPC,Energy,1,Stable,True,RISKY,False,False,False,0.2658384,0.5042758
2024-02-12,MPWR,Information Technology,3,Risky,False,RISKY,False,False,False,0.4372013,2.3554053
2024-02-12,MRK,Health Care,1,Stable,True,STABLE,False,True,True,0.17809238,0.34994
2024-02-12,MRNA,Health Care,3,Risky,False,RISKY,False,False,False,0.51901263,1.0176536
2024-02-12,MRO,Unknown,1,Stable,True,STABLE,False,True,True,0.30556157,0.5256309
2024-02-12,MS,Financials,2,Middle,False,MIDDLE,False,False,False,0.25885963,1.1708943
2024-02-12,MSCI,Financials,2,Middle,False,MIDDLE,False,False,False,0.25258875,1.0601279
2024-02-12,MSFT,Information Technology,2,Middle,False,STABLE,False,False,False,0.19619516,1.0387231
2024-02-12,MSI,Information Technology,1,Stable,True,STABLE,False,True,True,0.18261467,0.8388442
2024-02-12,MTB,Financials,2,Middle,False,RISKY,False,False,False,0.3199242,1.3698434
2024-02-12,MTCH,Unknown,2,Middle,False,MIDDLE,False,False,False,0.41724768,0.9704313
2024-02-12,MTD,Health Care,2,Middle,False,MIDDLE,False,False,False,0.29133442,1.2619314
2024-02-12,MU,Information Technology,2,Middle,False,MIDDLE,False,False,False,0.29058614,1.2735965
2024-02-12,NCLH,Consumer Discretionary,3,Risky,False,RISKY,False,False,False,0.46601495,1.5381235
2024-02-12,NDAQ,Financials,1,Stable,True,MIDDLE,False,False,False,0.20607488,0.84739715
2024-02-12,NDSN,Industrials,2,Middle,False,STABLE,False,False,False,0.19449465,1.0559814
2024-02-12,NEE,Utilities,2,Middle,False,MIDDLE,False,False,False,0.34193817,0.8120166
2024-02-12,NEM,Materials,2,Middle,False,MIDDLE,False,False,False,0.32713756,0.88115567
2024-02-12,NFLX,Communication Services,2,Middle,False,MIDDLE,False,False,False,0.36662742,0.90371346
2024-02-12,NI,Utilities,1,Stable,True,STABLE,False,True,True,0.23008946,0.7034952
2024-02-12,NKE,Consumer Discretionary,2,Middle,False,MIDDLE,False,False,False,0.30547136,0.90149134
2024-02-12,NOC,Industrials,1,Stable,True,STABLE,False,True,True,0.2501219,0.21059984
2024-02-12,NOW,Information Technology,2,Middle,False,MIDDLE,False,False,False,0.2568719,1.3474718
2024-02-12,NRG,Utilities,1,Stable,True,STABLE,False,True,True,0.22403876,0.83292574
2024-02-12,NSC,Industrials,2,Middle,False,MIDDLE,False,False,False,0.26375502,1.1093144
2024-02-12,NTAP,Information Technology,1,Stable,True,STABLE,False,True,True,0.25839284,0.7670135
2024-02-12,NTRS,Financials,2,Middle,False,MIDDLE,False,False,False,0.25849536,1.1629283
2024-02-12,NUE,Materials,2,Middle,False,MIDDLE,False,False,False,0.2680952,0.9543092
2024-02-12,NVDA,Information Technology,3,Risky,False,RISKY,False,False,False,0.34301114,1.8131478
2024-02-12,NVR,Consumer Discretionary,2,Middle,False,MIDDLE,False,False,False,0.27151033,1.2629302
2024-02-12,NWS,Communication Services,2,Middle,False,MIDDLE,False,False,False,0.23564276,1.0645453
2024-02-12,NWSA,Communication Services,2,Middle,False,MIDDLE,False,False,False,0.23369022,1.0591655
2024-02-12,NXPI,Information Technology,2,Middle,False,MIDDLE,False,False,False,0.30111128,1.5995938
2024-02-12,O,Real Estate,1,Stable,True,STABLE,False,True,True,0.22617465,0.80835134
2024-02-12,ODFL,Industrials,2,Middle,False,MIDDLE,False,False,False,0.27808067,1.3123183
2024-02-12,OKE,Energy,1,Stable,True,MIDDLE,False,False,False,0.20840636,0.70133
2024-02-12,OMC,Communication Services,1,Stable,True,STABLE,False,True,True,0.18542515,0.730503
2024-02-12,ON,Information Technology,3,Risky,False,RISKY,False,False,False,0.5276567,1.5004491
2024-02-12,ORCL,Information Technology,2,Middle,False,MIDDLE,False,False,False,0.3705816,1.32989
2024-02-12,ORLY,Consumer Discretionary,1,Stable,True,STABLE,False,True,True,0.21056692,0.44833794
2024-02-12,OTIS,Industrials,1,Stable,True,STABLE,False,True,True,0.15426913,0.8976028
2024-02-12,OXY,Energy,1,Stable,True,STABLE,False,True,True,0.24708319,0.4118846
2024-02-12,PANW,Information Technology,2,Middle,False,MIDDLE,False,False,False,0.326608,1.4664631
2024-02-12,PARA,Unknown,3,Risky,False,RISKY,False,False,False,1.3650119,0.12669076
2024-02-12,PAYC,Unknown,3,Risky,False,MIDDLE,False,False,False,0.7624918,0.86703724
2024-02-12,PAYX,Industrials,1,Stable,True,STABLE,False,True,True,0.20004022,0.66677195
2024-02-12,PCAR,Industrials,1,Stable,True,STABLE,False,True,True,0.19965257,0.9707595
2024-02-12,PCG,Utilities,1,Stable,True,STABLE,False,True,True,0.2204086,0.66635287
2024-02-12,PEG,Utilities,1,Stable,True,STABLE,False,True,True,0.19707644,0.620286
2024-02-12,PEP,Consumer Staples,1,Stable,True,MIDDLE,False,False,False,0.17207739,0.4895184
2024-02-12,PFE,Health Care,1,Stable,True,STABLE,False,True,True,0.2575357,0.37105015
2024-02-12,PFG,Financials,1,Stable,True,MIDDLE,False,False,False,0.20217441,0.9268048
2024-02-12,PG,Consumer Staples,1,Stable,True,STABLE,False,True,True,0.15403269,0.3006935
2024-02-12,PGR,Financials,1,Stable,True,STABLE,False,True,True,0.20856231,0.07895856
2024-02-12,PH,Industrials,2,Middle,False,MIDDLE,False,False,False,0.267758,1.4595348
2024-02-12,PHM,Consumer Discretionary,2,Middle,False,RISKY,False,False,False,0.31177506,1.4682809
2024-02-12,PKG,Materials,1,Stable,True,STABLE,False,True,True,0.18977039,0.641241
2024-02-12,PLD,Real Estate,2,Middle,False,MIDDLE,False,False,False,0.27580777,1.4356786
2024-02-12,PM,Consumer Staples,1,Stable,True,MIDDLE,False,False,False,0.16455546,0.6617355
2024-02-12,PNC,Financials,2,Middle,False,MIDDLE,False,False,False,0.2817985,1.1510438
2024-02-12,PNR,Industrials,2,Middle,False,MIDDLE,False,False,False,0.25604117,1.1900859
2024-02-12,PNW,Utilities,1,Stable,True,STABLE,False,True,True,0.22123553,0.45367643
2024-02-12,PODD,Health Care,3,Risky,False,RISKY,False,False,False,0.48160338,1.3330171
2024-02-12,POOL,Unknown,2,Middle,False,MIDDLE,False,False,False,0.29391882,1.4600978
2024-02-12,PPG,Materials,1,Stable,True,STABLE,False,True,True,0.19925532,0.96160865
2024-02-12,PPL,Utilities,1,Stable,True,STABLE,False,True,True,0.19673562,0.5429142
2024-02-12,PRU,Financials,1,Stable,True,MIDDLE,False,False,False,0.19981347,0.8482386
2024-02-12,PSA,Real Estate,2,Middle,False,STABLE,False,False,False,0.21908799,0.98971117
2024-02-12,PSX,Energy,1,Stable,True,STABLE,False,True,True,0.2328877,0.3971448
2024-02-12,PTC,Information Technology,2,Middle,False,STABLE,False,False,False,0.20423149,1.1286069
2024-02-12,PWR,Industrials,2,Middle,False,RISKY,False,False,False,0.3174662,1.5501192
2024-02-12,PYPL,Financials,3,Risky,False,RISKY,False,False,False,0.38817513,1.7744995
2024-02-12,QCOM,Information Technology,2,Middle,False,MIDDLE,False,False,False,0.277662,1.2371963
2024-02-12,QRVO,Unknown,2,Middle,False,MIDDLE,False,False,False,0.30038142,1.3660223
2024-02-12,RCL,Consumer Discretionary,2,Middle,False,RISKY,False,False,False,0.33525306,1.4126698
2024-02-12,REG,Real Estate,2,Middle,False,STABLE,False,False,False,0.22227043,0.97683126
2024-02-12,REGN,Health Care,1,Stable,True,STABLE,False,True,True,0.16970812,0.5209434
2024-02-12,RF,Financials,3,Risky,False,RISKY,False,False,False,0.3732935,1.5360521
2024-02-12,RHI,Unknown,1,Stable,True,STABLE,False,True,True,0.20829713,0.77490467
2024-02-12,RJF,Financials,2,Middle,False,MIDDLE,False,False,False,0.23937957,1.1011428
2024-02-12,RL,Consumer Discretionary,2,Middle,False,MIDDLE,False,False,False,0.32240203,0.97756803
2024-02-12,RMD,Health Care,2,Middle,False,MIDDLE,False,False,False,0.31524584,0.9746438
2024-02-12,ROK,Industrials,3,Risky,False,RISKY,False,False,False,0.37674856,1.5364543
2024-02-12,ROL,Industrials,1,Stable,True,STABLE,False,True,True,0.24262169,0.6916409
2024-02-12,ROP,Information Technology,1,Stable,True,STABLE,False,True,True,0.15278806,0.9101055
2024-02-12,ROST,Consumer Discretionary,1,Stable,True,STABLE,False,True,True,0.20680767,0.92753786
2024-02-12,RSG,Industrials,1,Stable,True,STABLE,False,True,True,0.12593327,0.34337324
2024-02-12,RTX,Industrials,1,Stable,True,STABLE,False,True,True,0.24062611,0.37920862
2024-02-12,RVTY,Health Care,2,Middle,False,RISKY,False,False,False,0.39259043,0.90538526
2024-02-12,SBAC,Real Estate,2,Middle,False,MIDDLE,False,False,False,0.27900907,1.0458205
2024-02-12,SBUX,Consumer Discretionary,2,Middle,False,STABLE,False,False,False,0.22133678,0.9805852
2024-02-12,SCHW,Financials,2,Middle,False,RISKY,False,False,False,0.29819226,1.2970694
2024-02-12,SHW,Materials,2,Middle,False,STABLE,False,False,False,0.20899135,1.094338
2024-02-12,SJM,Consumer Staples,1,Stable,True,STABLE,False,True,True,0.2324003,0.1945994
2024-02-12,SLB,Energy,1,Stable,True,RISKY,False,False,False,0.29766044,0.5921268
2024-02-12,SNA,Industrials,1,Stable,True,STABLE,False,True,True,0.2217546,0.83238167
2024-02-12,SNPS,Information Technology,2,Middle,False,MIDDLE,False,False,False,0.2822753,1.342957
2024-02-12,SO,Utilities,1,Stable,True,STABLE,False,True,True,0.1888751,0.496686
2024-02-12,SPG,Real Estate,2,Middle,False,STABLE,False,False,False,0.22867277,1.0164056
2024-02-12,SPGI,Financials,2,Middle,False,MIDDLE,False,False,False,0.20468311,1.1841319
2024-02-12,SRE,Utilities,1,Stable,True,STABLE,False,True,True,0.19551736,0.6602355
2024-02-12,STE,Health Care,1,Stable,True,MIDDLE,False,False,False,0.21557362,0.8755585
2024-02-12,STLD,Materials,2,Middle,False,MIDDLE,False,False,False,0.27869895,0.8901579
2024-02-12,STT,Financials,1,Stable,True,MIDDLE,False,False,False,0.20304975,0.94687676
2024-02-12,STX,Information Technology,2,Middle,False,MIDDLE,False,False,False,0.3205245,1.1319413
2024-02-12,STZ,Consumer Staples,1,Stable,True,MIDDLE,False,False,False,0.18768159,0.7734883
2024-02-12,SWK,Industrials,2,Middle,False,MIDDLE,False,False,False,0.29940552,1.3690511
2024-02-12,SWKS,Information Technology,2,Middle,False,MIDDLE,False,False,False,0.27568516,1.3817141
2024-02-12,SYF,Financials,2,Middle,False,MIDDLE,False,False,False,0.29251313,1.0791266
2024-02-12,SYK,Health Care,1,Stable,True,STABLE,False,True,True,0.23781043,0.76084614
2024-02-12,SYY,Consumer Staples,1,Stable,True,MIDDLE,False,False,False,0.19087334,0.5108777
2024-02-12,T,Communication Services,1,Stable,True,STABLE,False,True,True,0.23951831,0.3623286
2024-02-12,TAP,Consumer Staples,1,Stable,True,MIDDLE,False,False,False,0.20783375,0.54161584
2024-02-12,TDG,Industrials,1,Stable,True,STABLE,False,True,True,0.21785215,0.84784526
2024-02-12,TDY,Information Technology,2,Middle,False,STABLE,False,False,False,0.19694982,1.0167571
2024-02-12,TECH,Health Care,2,Middle,False,MIDDLE,False,False,False,0.3373998,1.247432
2024-02-12,TEL,Information Technology,2,Middle,False,MIDDLE,False,False,False,0.22486925,1.256343
2024-02-12,TER,Information Technology,3,Risky,False,RISKY,False,False,False,0.32581478,1.8383452
2024-02-12,TFC,Financials,2,Middle,False,RISKY,False,False,False,0.31697273,1.4999707
2024-02-12,TFX,Unknown,2,Middle,False,MIDDLE,False,False,False,0.29165298,1.3355461
2024-02-12,TGT,Consumer Staples,2,Middle,False,RISKY,False,False,False,0.33434683,0.8728716
2024-02-12,TJX,Consumer Discretionary,1,Stable,True,STABLE,False,True,True,0.1529454,0.80262166
2024-02-12,TMO,Health Care,2,Middle,False,MIDDLE,False,False,False,0.23742586,1.1051794
2024-02-12,TMUS,Communication Services,1,Stable,True,STABLE,False,True,True,0.13993555,0.54750466
2024-02-12,TPR,Consumer Discretionary,2,Middle,False,MIDDLE,False,False,False,0.3020089,1.0122125
2024-02-12,TRGP,Energy,1,Stable,True,MIDDLE,False,False,False,0.2354338,0.6366973
2024-02-12,TRMB,Information Technology,2,Middle,False,MIDDLE,False,False,False,0.35393682,1.2945315
2024-02-12,TROW,Financials,2,Middle,False,MIDDLE,False,False,False,0.25431845,1.405216
2024-02-12,TRV,Financials,1,Stable,True,STABLE,False,True,True,0.1795575,0.34457275
2024-02-12,TSCO,Consumer Discretionary,2,Middle,False,MIDDLE,False,False,False,0.2429357,1.1579787
2024-02-12,TSLA,Consumer Discretionary,3,Risky,False,RISKY,False,False,False,0.47694337,1.9248073
2024-02-12,TSN,Consumer Staples,1,Stable,True,MIDDLE,False,False,False,0.23772353,0.42433852
2024-02-12,TT,Industrials,2,Middle,False,MIDDLE,False,False,False,0.28948516,1.3320061
2024-02-12,TTWO,Communication Services,2,Middle,False,MIDDLE,False,False,False,0.2597774,0.94626266
2024-02-12,TXN,Information Technology,2,Middle,False,STABLE,False,False,False,0.21519499,1.2205056
2024-02-12,TXT,Industrials,1,Stable,True,STABLE,False,True,True,0.21304418,0.80983955
2024-02-12,TYL,Information Technology,2,Middle,False,MIDDLE,False,False,False,0.24095084,1.3283217
2024-02-12,UAL,Industrials,3,Risky,False,RISKY,False,False,False,0.38448742,1.445774
2024-02-12,UBER,Industrials,2,Middle,False,RISKY,False,False,False,0.31154475,1.7165612
2024-02-12,UDR,Real Estate,2,Middle,False,MIDDLE,False,False,False,0.24110618,1.2083958
2024-02-12,UHS,Health Care,1,Stable,True,MIDDLE,False,False,False,0.22415422,0.85615224
2024-02-12,ULTA,Consumer Discretionary,2,Middle,False,MIDDLE,False,False,False,0.27262786,0.91819185
2024-02-12,UNH,Health Care,1,Stable,True,STABLE,False,True,True,0.18122578,-0.0711435
2024-02-12,UNP,Industrials,1,Stable,True,STABLE,False,True,True,0.16859311,0.75227594
2024-02-12,UPS,Industrials,2,Middle,False,MIDDLE,False,False,False,0.25540665,1.092142
2024-02-12,URI,Industrials,3,Risky,False,RISKY,False,False,False,0.38004518,1.8995421
2024-02-12,USB,Financials,2,Middle,False,RISKY,False,False,False,0.34230354,1.57573
2024-02-12,V,Financials,1,Stable,True,STABLE,False,True,True,0.13939981,0.7309233
2024-02-12,VFC,Unknown,3,Risky,False,MIDDLE,False,False,False,0.6983429,1.4115733
2024-02-12,VICI,Real Estate,2,Middle,False,STABLE,False,False,False,0.19984952,1.0108011
2024-02-12,VLO,Energy,1,Stable,True,RISKY,False,False,False,0.27142352,0.5960392
2024-02-12,VMC,Materials,2,Middle,False,MIDDLE,False,False,False,0.22147273,1.2903575
2024-02-12,VRSK,Industrials,1,Stable,True,STABLE,False,True,True,0.1704061,0.5994677
2024-02-12,VRSN,Information Technology,1,Stable,True,STABLE,False,True,True,0.19151929,0.66984355
2024-02-12,VRTX,Health Care,1,Stable,True,STABLE,False,True,True,0.27091497,0.6963134
2024-02-12,VTR,Real Estate,2,Middle,False,MIDDLE,False,False,False,0.25771376,1.0778158
2024-02-12,VTRS,Health Care,1,Stable,True,MIDDLE,False,False,False,0.27037156,0.76260984
2024-02-12,VZ,Communication Services,1,Stable,True,STABLE,False,True,True,0.24794611,0.43187463
2024-02-12,WAB,Industrials,1,Stable,True,STABLE,False,True,True,0.18770254,0.8657039
2024-02-12,WAT,Health Care,2,Middle,False,MIDDLE,False,False,False,0.30822265,1.1539184
2024-02-12,WBA,Unknown,2,Middle,False,MIDDLE,False,False,False,0.40791368,1.0795741
2024-02-12,WBD,Communication Services,3,Risky,False,RISKY,False,False,False,0.5675486,1.6786695
2024-02-12,WDC,Information Technology,2,Middle,False,MIDDLE,False,False,False,0.35398042,1.3101567
2024-02-12,WEC,Utilities,1,Stable,True,STABLE,False,True,True,0.21018428,0.5293814
2024-02-12,WELL,Real Estate,2,Middle,False,STABLE,False,False,False,0.20384341,1.0029594
2024-02-12,WFC,Financials,1,Stable,True,MIDDLE,False,False,False,0.23023804,0.88664716
2024-02-12,WHR,Unknown,3,Risky,False,MIDDLE,False,False,False,0.4053838,1.5794978
2024-02-12,WM,Industrials,1,Stable,True,STABLE,False,True,True,0.14571096,0.27951378
2024-02-12,WMB,Energy,1,Stable,True,MIDDLE,False,False,False,0.16597274,0.5444353
2024-02-12,WMT,Consumer Staples,1,Stable,True,STABLE,False,True,True,0.17626925,0.3978899
2024-02-12,WRB,Financials,1,Stable,True,STABLE,False,True,True,0.21495296,0.37208533
2024-02-12,WST,Health Care,2,Middle,False,MIDDLE,False,False,False,0.26996222,1.3929994
2024-02-12,WTW,Financials,1,Stable,True,STABLE,False,True,True,0.22607878,0.23925872
2024-02-12,WY,Real Estate,2,Middle,False,STABLE,False,False,False,0.22959474,1.0402545
2024-02-12,WYNN,Consumer Discretionary,2,Middle,False,MIDDLE,False,False,False,0.30037174,1.0979131
2024-02-12,XEL,Utilities,1,Stable,True,STABLE,False,True,True,0.1951656,0.5058976
2024-02-12,XOM,Energy,1,Stable,True,STABLE,False,True,True,0.22048359,0.2348142
2024-02-12,XRAY,Unknown,1,Stable,True,STABLE,False,True,True,0.2895507,0.73130065
2024-02-12,XYL,Industrials,2,Middle,False,MIDDLE,False,False,False,0.21721928,1.0715983
2024-02-12,YUM,Consumer Discretionary,1,Stable,True,STABLE,False,True,True,0.15904097,0.6506611
2024-02-12,ZBH,Health Care,1,Stable,True,STABLE,False,True,True,0.22987385,0.6916233
2024-02-12,ZBRA,Information Technology,3,Risky,False,RISKY,False,False,False,0.36937276,1.7199575
2024-02-12,ZION,Unknown,3,Risky,False,MIDDLE,False,False,False,0.48150277,2.0517561
2024-02-12,ZTS,Health Care,2,Middle,False,MIDDLE,False,False,False,0.23080106,1.0445641
2024-08-05,A,Health Care,2,Middle,False,MIDDLE,False,False,False,0.28041056,0.8480425
2024-08-05,AAL,Unknown,2,Middle,False,MIDDLE,False,False,False,0.4041118,1.3223639
2024-08-05,AAPL,Information Technology,2,Middle,False,STABLE,False,False,False,0.26012942,1.1062163
2024-08-05,ABBV,Health Care,1,Stable,True,STABLE,False,True,True,0.21851324,0.15675446
2024-08-05,ABNB,Consumer Discretionary,2,Middle,False,MIDDLE,False,False,False,0.29857957,1.2978821
2024-08-05,ABT,Health Care,1,Stable,True,STABLE,False,True,True,0.19962828,0.124924414
2024-08-05,ACGL,Financials,1,Stable,True,STABLE,False,True,True,0.20655829,0.1038824
2024-08-05,ACN,Information Technology,1,Stable,True,STABLE,False,True,True,0.2671762,0.6170909
2024-08-05,ADBE,Information Technology,2,Middle,False,STABLE,False,False,False,0.39855486,1.1950052
2024-08-05,ADI,Information Technology,2,Middle,False,STABLE,False,False,False,0.3352915,1.6309057
2024-08-05,ADM,Consumer Staples,1,Stable,True,MIDDLE,False,False,False,0.22555223,0.44511563
2024-08-05,ADP,Industrials,1,Stable,True,STABLE,False,True,True,0.16059987,0.28454173
2024-08-05,ADSK,Information Technology,2,Middle,False,STABLE,False,False,False,0.29403567,1.3909839
2024-08-05,AEE,Utilities,1,Stable,True,STABLE,False,True,True,0.17765853,0.0020741192
2024-08-05,AEP,Utilities,1,Stable,True,STABLE,False,True,True,0.1941081,0.16827315
2024-08-05,AES,Utilities,2,Middle,False,MIDDLE,False,False,False,0.39664257,0.9949589
2024-08-05,AFL,Financials,1,Stable,True,STABLE,False,True,True,0.17863958,0.17039473
2024-08-05,AIG,Financials,1,Stable,True,MIDDLE,False,False,False,0.22134188,0.73256916
2024-08-05,AIZ,Financials,1,Stable,True,STABLE,False,True,True,0.17098813,0.39118558
2024-08-05,AJG,Financials,1,Stable,True,STABLE,False,True,True,0.16981645,0.36846492
2024-08-05,AKAM,Information Technology,1,Stable,True,STABLE,False,True,True,0.28338256,0.6208297
2024-08-05,ALB,Materials,3,Risky,False,RISKY,False,False,False,0.60671663,2.0115156
2024-08-05,ALGN,Health Care,2,Middle,False,MIDDLE,False,False,False,0.36764258,1.2266346
2024-08-05,ALL,Financials,1,Stable,True,STABLE,False,True,True,0.21667671,0.026254594
2024-08-05,ALLE,Industrials,1,Stable,True,STABLE,False,True,True,0.21975647,0.72526664
2024-08-05,AMAT,Information Technology,3,Risky,False,MIDDLE,False,False,False,0.43613285,2.4069803
2024-08-05,AMCR,Materials,1,Stable,True,STABLE,False,True,True,0.22849788,0.4528995
2024-08-05,AMD,Information Technology,3,Risky,False,MIDDLE,False,False,False,0.5074823,2.2541287
2024-08-05,AME,Industrials,1,Stable,True,MIDDLE,False,False,False,0.24179253,0.75279003
2024-08-05,AMGN,Health Care,1,Stable,True,STABLE,False,True,True,0.24985771,0.6270167
2024-08-05,AMP,Financials,1,Stable,True,MIDDLE,False,False,False,0.19622646,0.65325135
2024-08-05,AMT,Real Estate,1,Stable,True,STABLE,False,True,True,0.2524163,0.20988649
2024-08-05,AMZN,Consumer Discretionary,2,Middle,False,MIDDLE,False,False,False,0.2717154,1.4815942
2024-08-05,ANET,Information Technology,3,Risky,False,MIDDLE,False,False,False,0.44748193,2.3819783
2024-08-05,ANSS,Unknown,2,Middle,False,MIDDLE,False,False,False,0.19877918,1.1570324
2024-08-05,AON,Financials,1,Stable,True,STABLE,False,True,True,0.22121848,0.3027534
2024-08-05,AOS,Industrials,2,Middle,False,MIDDLE,False,False,False,0.26010057,0.81040204
2024-08-05,APA,Energy,2,Middle,False,RISKY,False,False,False,0.32028183,0.54862237
2024-08-05,APD,Materials,1,Stable,True,STABLE,False,True,True,0.25670448,0.2658096
2024-08-05,APH,Information Technology,2,Middle,False,STABLE,False,False,False,0.27702394,1.5115085
2024-08-05,APTV,Consumer Discretionary,2,Middle,False,MIDDLE,False,False,False,0.38054475,1.0196505
2024-08-05,ARE,Real Estate,2,Middle,False,RISKY,False,False,False,0.28368998,0.9271597
2024-08-05,ATO,Utilities,1,Stable,True,STABLE,False,True,True,0.15224834,0.20160018
2024-08-05,AVB,Real Estate,1,Stable,True,STABLE,False,True,True,0.18623982,0.4661627
2024-08-05,AVGO,Information Technology,3,Risky,False,MIDDLE,False,False,False,0.49993256,2.4833145
2024-08-05,AVY,Materials,1,Stable,True,STABLE,False,True,True,0.17669362,0.822021
2024-08-05,AWK,Utilities,1,Stable,True,STABLE,False,True,True,0.21712042,0.26831818
2024-08-05,AXON,Industrials,2,Middle,False,MIDDLE,False,False,False,0.3056671,0.87728137
2024-08-05,AXP,Financials,2,Middle,False,MIDDLE,False,False,False,0.22557381,0.8853316
2024-08-05,AZO,Consumer Discretionary,1,Stable,True,STABLE,False,True,True,0.20980164,0.31596783
2024-08-05,BA,Industrials,2,Middle,False,MIDDLE,False,False,False,0.316546,0.83461416
2024-08-05,BAC,Financials,1,Stable,True,MIDDLE,False,False,False,0.23004593,0.75093627
2024-08-05,BALL,Materials,1,Stable,True,STABLE,False,True,True,0.22247668,0.6382961
2024-08-05,BAX,Health Care,1,Stable,True,STABLE,False,True,True,0.26004794,0.42240605
2024-08-05,BBWI,Unknown,2,Middle,False,MIDDLE,False,False,False,0.4186586,1.3063822
2024-08-05,BBY,Consumer Discretionary,2,Middle,False,MIDDLE,False,False,False,0.32582664,0.81366444
2024-08-05,BDX,Health Care,1,Stable,True,STABLE,False,True,True,0.19194919,0.27254367
2024-08-05,BEN,Financials,2,Middle,False,MIDDLE,False,False,False,0.26430944,0.78427833
2024-08-05,BF-B,Consumer Staples,1,Stable,True,STABLE,False,True,True,0.25518867,0.08366444
2024-08-05,BG,Consumer Staples,1,Stable,True,STABLE,False,True,True,0.26057312,0.17785046
2024-08-05,BIIB,Health Care,2,Middle,False,MIDDLE,False,False,False,0.30068672,0.6216529
2024-08-05,BIO,Unknown,2,Middle,False,STABLE,False,False,False,0.32341403,0.703258
2024-08-05,BKNG,Consumer Discretionary,2,Middle,False,MIDDLE,False,False,False,0.3013855,1.2155324
2024-08-05,BKR,Energy,2,Middle,False,MIDDLE,False,False,False,0.2599622,0.8014562
2024-08-05,BLDR,Industrials,3,Risky,False,RISKY,False,False,False,0.5036312,1.7252713
2024-08-05,BLK,Financials,1,Stable,True,MIDDLE,False,False,False,0.19105263,0.9034655
2024-08-05,BMY,Health Care,1,Stable,True,STABLE,False,True,True,0.30311638,0.14191759
2024-08-05,BR,Industrials,1,Stable,True,STABLE,False,True,True,0.1928157,0.71566737
2024-08-05,BRK-B,Financials,1,Stable,True,STABLE,False,True,True,0.13521992,0.4699856
2024-08-05,BRO,Financials,1,Stable,True,STABLE,False,True,True,0.16589998,0.44484934
2024-08-05,BSX,Health Care,1,Stable,True,STABLE,False,True,True,0.18249843,0.57441753
2024-08-05,BWA,Unknown,2,Middle,False,MIDDLE,False,False,False,0.30893278,1.2558511
2024-08-05,BX,Financials,2,Middle,False,MIDDLE,False,False,False,0.29614836,1.3836557
2024-08-05,BXP,Real Estate,2,Middle,False,RISKY,False,False,False,0.33900902,1.200512
2024-08-05,C,Financials,2,Middle,False,MIDDLE,False,False,False,0.25636375,1.0408825
2024-08-05,CAG,Unknown,1,Stable,True,STABLE,False,True,True,0.2092143,-0.09273518
2024-08-05,CAH,Health Care,1,Stable,True,STABLE,False,True,True,0.21236427,0.03385307
2024-08-05,CARR,Industrials,2,Middle,False,RISKY,False,False,False,0.30566442,1.2673028
2024-08-05,CAT,Industrials,2,Middle,False,MIDDLE,False,False,False,0.25494432,1.1207722
2024-08-05,CB,Financials,1,Stable,True,STABLE,False,True,True,0.18677151,0.21219365
2024-08-05,CBOE,Financials,1,Stable,True,STABLE,False,True,True,0.21691829,-0.5175774
2024-08-05,CBRE,Real Estate,2,Middle,False,RISKY,False,False,False,0.28827637,0.891321
2024-08-05,CCI,Real Estate,1,Stable,True,STABLE,False,True,True,0.2252555,0.25268564
2024-08-05,CCL,Consumer Discretionary,2,Middle,False,MIDDLE,False,False,False,0.44251564,1.4148111
2024-08-05,CDNS,Information Technology,2,Middle,False,MIDDLE,False,False,False,0.3191705,1.8479617
2024-08-05,CDW,Information Technology,2,Middle,False,STABLE,False,False,False,0.27240694,0.7301797
2024-08-05,CE,Unknown,2,Middle,False,MIDDLE,False,False,False,0.273982,1.1413267
2024-08-05,CEG,Utilities,3,Risky,False,RISKY,False,False,False,0.52182496,1.7393495
2024-08-05,CF,Materials,1,Stable,True,STABLE,False,True,True,0.28151706,0.29864556
2024-08-05,CFG,Financials,1,Stable,True,MIDDLE,False,False,False,0.2797457,0.63912493
2024-08-05,CHD,Consumer Staples,1,Stable,True,STABLE,False,True,True,0.15327409,0.023512898
2024-08-05,CHRW,Industrials,1,Stable,True,MIDDLE,False,False,False,0.34791693,0.28765607
2024-08-05,CHTR,Communication Services,2,Middle,False,RISKY,False,False,False,0.36820272,0.76996046
2024-08-05,CI,Health Care,1,Stable,True,STABLE,False,True,True,0.17856146,0.09022258
2024-08-05,CINF,Financials,1,Stable,True,STABLE,False,True,True,0.22550969,0.2738503
2024-08-05,CL,Consumer Staples,1,Stable,True,STABLE,False,True,True,0.13551834,0.14661281
2024-08-05,CLX,Consumer Staples,1,Stable,True,STABLE,False,True,True,0.2247988,0.12138409
2024-08-05,CMCSA,Communication Services,1,Stable,True,STABLE,False,True,True,0.21373385,0.34940466
2024-08-05,CME,Financials,1,Stable,True,STABLE,False,True,True,0.17330445,-0.09256592
2024-08-05,CMG,Consumer Discretionary,2,Middle,False,STABLE,False,False,False,0.2802789,0.8125756
2024-08-05,CMI,Industrials,1,Stable,True,MIDDLE,False,False,False,0.25121263,0.64906025
2024-08-05,CMS,Utilities,1,Stable,True,STABLE,False,True,True,0.17322448,-0.009839527
2024-08-05,CNC,Health Care,1,Stable,True,STABLE,False,True,True,0.28436115,0.46456808
2024-08-05,CNP,Utilities,1,Stable,True,STABLE,False,True,True,0.22138306,0.29334942
2024-08-05,COF,Financials,2,Middle,False,MIDDLE,False,False,False,0.2582842,0.7470415
2024-08-05,COO,Health Care,1,Stable,True,STABLE,False,True,True,0.24831423,0.57671434
2024-08-05,COP,Energy,1,Stable,True,STABLE,False,True,True,0.1928954,0.33224997
2024-08-05,COR,Health Care,1,Stable,True,STABLE,False,True,True,0.1670112,0.12940994
2024-08-05,COST,Consumer Staples,1,Stable,True,MIDDLE,False,False,False,0.20807615,0.8883921
2024-08-05,CPAY,Financials,1,Stable,True,MIDDLE,False,False,False,0.23876101,0.6115656
2024-08-05,CPB,Unknown,1,Stable,True,STABLE,False,True,True,0.20590772,-0.265551
2024-08-05,CPRT,Industrials,1,Stable,True,STABLE,False,True,True,0.19337927,0.85789967
2024-08-05,CPT,Real Estate,1,Stable,True,MIDDLE,False,False,False,0.23174952,0.52250206
2024-08-05,CRL,Health Care,2,Middle,False,MIDDLE,False,False,False,0.33119196,1.2709491
2024-08-05,CRM,Information Technology,2,Middle,False,MIDDLE,False,False,False,0.43785235,1.4397041
2024-08-05,CRWD,Information Technology,3,Risky,False,MIDDLE,False,False,False,0.5430445,1.6540821
2024-08-05,CSCO,Information Technology,1,Stable,True,STABLE,False,True,True,0.1756866,0.44032347
2024-08-05,CSGP,Real Estate,2,Middle,False,RISKY,False,False,False,0.30316842,0.61316586
2024-08-05,CSX,Industrials,1,Stable,True,STABLE,False,True,True,0.18619053,0.6177049
2024-08-05,CTAS,Industrials,1,Stable,True,STABLE,False,True,True,0.19292375,0.6251501
2024-08-05,CTRA,Unknown,1,Stable,True,STABLE,False,True,True,0.23743913,0.6530581
2024-08-05,CTSH,Information Technology,1,Stable,True,STABLE,False,True,True,0.2086961,0.66302955
2024-08-05,CTVA,Materials,1,Stable,True,STABLE,False,True,True,0.23231244,0.60175496
2024-08-05,CVS,Health Care,1,Stable,True,STABLE,False,True,True,0.37423936,0.2532373
2024-08-05,CVX,Energy,1,Stable,True,STABLE,False,True,True,0.19343784,0.37304106
2024-08-05,CZR,Unknown,3,Risky,False,MIDDLE,False,False,False,0.47493747,2.011904
2024-08-05,D,Utilities,1,Stable,True,STABLE,False,True,True,0.2557991,0.06941103
2024-08-05,DAL,Industrials,2,Middle,False,MIDDLE,False,False,False,0.29120883,1.0935342
2024-08-05,DAY,Unknown,2,Middle,False,MIDDLE,False,False,False,0.39797553,1.2612692
2024-08-05,DD,Materials,1,Stable,True,STABLE,False,True,True,0.21613504,0.7439749
2024-08-05,DE,Industrials,1,Stable,True,STABLE,False,True,True,0.23717397,0.59632945
2024-08-05,DECK,Consumer Discretionary,2,Middle,False,MIDDLE,False,False,False,0.37043,1.4436767
2024-08-05,DFS,Unknown,2,Middle,False,STABLE,False,False,False,0.3166307,0.7104827
2024-08-05,DG,Consumer Staples,2,Middle,False,RISKY,False,False,False,0.34122935,0.51503515
2024-08-05,DGX,Health Care,1,Stable,True,STABLE,False,True,True,0.21485284,0.24239823
2024-08-05,DHI,Consumer Discretionary,2,Middle,False,MIDDLE,False,False,False,0.3555548,1.1653163
2024-08-05,DHR,Health Care,1,Stable,True,MIDDLE,False,False,False,0.23583533,0.72092104
2024-08-05,DIS,Communication Services,1,Stable,True,MIDDLE,False,False,False,0.24360326,0.55421114
2024-08-05,DLR,Real Estate,2,Middle,False,RISKY,False,False,False,0.28164726,1.142109
2024-08-05,DLTR,Consumer Staples,1,Stable,True,RISKY,False,False,False,0.33572847,0.44436607
2024-08-05,DOC,Real Estate,1,Stable,True,MIDDLE,False,False,False,0.23512776,0.7660175
2024-08-05,DOV,Industrials,1,Stable,True,STABLE,False,True,True,0.20411585,0.69210887
2024-08-05,DOW,Materials,1,Stable,True,STABLE,False,True,True,0.18892796,0.6308426
2024-08-05,DPZ,Consumer Discretionary,2,Middle,False,STABLE,False,False,False,0.33377466,0.6584457
2024-08-05,DRI,Consumer Discretionary,1,Stable,True,STABLE,False,True,True,0.21170369,0.34213892
2024-08-05,DTE,Utilities,1,Stable,True,STABLE,False,True,True,0.20326896,0.1575337
2024-08-05,DUK,Utilities,1,Stable,True,STABLE,False,True,True,0.1609238,0.05036306
2024-08-05,DVA,Health Care,1,Stable,True,STABLE,False,True,True,0.2950521,0.3079569
2024-08-05,DVN,Energy,1,Stable,True,MIDDLE,False,False,False,0.2326486,0.5797983
2024-08-05,DXCM,Health Care,3,Risky,False,RISKY,False,False,False,0.8436324,-0.30279672
2024-08-05,EA,Communication Services,1,Stable,True,MIDDLE,False,False,False,0.192773,0.57749355
2024-08-05,EBAY,Consumer Discretionary,1,Stable,True,STABLE,False,True,True,0.25304964,0.4766461
2024-08-05,ECL,Materials,1,Stable,True,STABLE,False,True,True,0.22600931,0.28175423
2024-08-05,ED,Utilities,1,Stable,True,STABLE,False,True,True,0.17261682,-0.10346911
2024-08-05,EFX,Industrials,2,Middle,False,RISKY,False,False,False,0.3185039,1.1528847
2024-08-05,EG,Financials,1,Stable,True,STABLE,False,True,True,0.23159221,0.46840453
2024-08-05,EIX,Utilities,1,Stable,True,STABLE,False,True,True,0.18739833,0.23078302
2024-08-05,EL,Consumer Staples,2,Middle,False,RISKY,False,False,False,0.37206647,0.87076646
2024-08-05,ELV,Health Care,1,Stable,True,STABLE,False,True,True,0.21843141,0.39362767
2024-08-05,EMN,Unknown,1,Stable,True,STABLE,False,True,True,0.23247355,0.7648065
2024-08-05,EMR,Industrials,1,Stable,True,STABLE,False,True,True,0.20034792,0.82060695
2024-08-05,ENPH,Unknown,3,Risky,False,MIDDLE,False,False,False,0.6112198,1.2574092
2024-08-05,EOG,Energy,1,Stable,True,STABLE,False,True,True,0.20646514,0.28509563
2024-08-05,EPAM,Unknown,2,Middle,False,STABLE,False,False,False,0.56243086,0.69307417
2024-08-05,EQIX,Real Estate,2,Middle,False,RISKY,False,False,False,0.29048774,0.9169047
2024-08-05,EQT,Energy,2,Middle,False,RISKY,False,False,False,0.33499235,0.6915655
2024-08-05,ES,Utilities,1,Stable,True,STABLE,False,True,True,0.23997766,0.04285152
2024-08-05,ESS,Real Estate,1,Stable,True,MIDDLE,False,False,False,0.21256581,0.643761
2024-08-05,ETN,Industrials,2,Middle,False,RISKY,False,False,False,0.30266216,1.6363829
2024-08-05,ETR,Utilities,1,Stable,True,STABLE,False,True,True,0.19200906,0.18182474
2024-08-05,ETSY,Unknown,2,Middle,False,STABLE,False,False,False,0.45667818,0.648022
2024-08-05,EVRG,Utilities,1,Stable,True,STABLE,False,True,True,0.17178135,0.120329656
2024-08-05,EW,Health Care,3,Risky,False,RISKY,False,False,False,0.59380674,0.97484475
2024-08-05,EXC,Utilities,1,Stable,True,STABLE,False,True,True,0.18904115,0.0037244568
2024-08-05,EXPD,Industrials,1,Stable,True,STABLE,False,True,True,0.21645732,0.6641885
2024-08-05,EXPE,Consumer Discretionary,2,Middle,False,MIDDLE,False,False,False,0.3560643,0.76855606
2024-08-05,EXR,Real Estate,2,Middle,False,RISKY,False,False,False,0.2741505,0.8509338
2024-08-05,F,Consumer Discretionary,2,Middle,False,MIDDLE,False,False,False,0.4235014,1.2066786
2024-08-05,FANG,Energy,1,Stable,True,MIDDLE,False,False,False,0.22798775,0.55081046
2024-08-05,FAST,Industrials,1,Stable,True,STABLE,False,True,True,0.21840617,0.5826446
2024-08-05,FCX,Materials,2,Middle,False,MIDDLE,False,False,False,0.35351294,1.1163248
2024-08-05,FDS,Financials,1,Stable,True,MIDDLE,False,False,False,0.23867269,0.58595335
2024-08-05,FDX,Industrials,1,Stable,True,MIDDLE,False,False,False,0.3032933,0.5683589
2024-08-05,FE,Utilities,1,Stable,True,STABLE,False,True,True,0.15330912,0.0853043
2024-08-05,FFIV,Information Technology,2,Middle,False,STABLE,False,False,False,0.29402614,1.0985024
2024-08-05,FI,Financials,1,Stable,True,MIDDLE,False,False,False,0.18241158,0.63346595
2024-08-05,FICO,Information Technology,2,Middle,False,STABLE,False,False,False,0.32209367,1.21427
2024-08-05,FIS,Financials,1,Stable,True,MIDDLE,False,False,False,0.21837598,0.6027148
2024-08-05,FITB,Financials,1,Stable,True,MIDDLE,False,False,False,0.2572715,0.60327274
2024-08-05,FMC,Unknown,2,Middle,False,STABLE,False,False,False,0.45015824,0.68850625
2024-08-05,FOX,Communication Services,1,Stable,True,STABLE,False,True,True,0.17558582,0.33807722
2024-08-05,FOXA,Communication Services,1,Stable,True,STABLE,False,True,True,0.17759854,0.34132385
2024-08-05,FRT,Real Estate,1,Stable,True,STABLE,False,True,True,0.18722339,0.3672
2024-08-05,FSLR,Information Technology,3,Risky,False,MIDDLE,False,False,False,0.5418567,1.1232876
2024-08-05,FTNT,Information Technology,2,Middle,False,STABLE,False,False,False,0.28970444,0.8042401
2024-08-05,FTV,Industrials,2,Middle,False,MIDDLE,False,False,False,0.22373413,1.0315816
2024-08-05,GD,Industrials,1,Stable,True,STABLE,False,True,True,0.15509486,0.43948907
2024-08-05,GDDY,Information Technology,1,Stable,True,STABLE,False,True,True,0.22779906,0.77944714
2024-08-05,GE,Industrials,2,Middle,False,RISKY,False,False,False,0.33407116,1.3590304
2024-08-05,GEHC,Health Care,2,Middle,False,MIDDLE,False,False,False,0.31415254,1.122507
2024-08-05,GEN,Information Technology,2,Middle,False,STABLE,False,False,False,0.31250703,0.73728347
2024-08-05,GILD,Health Care,1,Stable,True,STABLE,False,True,True,0.2364084,-0.040103756
2024-08-05,GIS,Consumer Staples,1,Stable,True,MIDDLE,False,False,False,0.19988975,-0.36775774
2024-08-05,GL,Financials,3,Risky,False,RISKY,False,False,False,1.1988572,-0.36524045
2024-08-05,GLW,Information Technology,2,Middle,False,STABLE,False,False,False,0.29673588,0.7277956
2024-08-05,GM,Consumer Discretionary,2,Middle,False,STABLE,False,False,False,0.27547774,0.8700883
2024-08-05,GNRC,Industrials,2,Middle,False,RISKY,False,False,False,0.3523684,1.1566435
2024-08-05,GOOG,Communication Services,2,Middle,False,RISKY,False,False,False,0.28526175,1.2385412
2024-08-05,GOOGL,Communication Services,2,Middle,False,RISKY,False,False,False,0.28840062,1.2588574
2024-08-05,GPC,Consumer Discretionary,1,Stable,True,STABLE,False,True,True,0.25880507,0.47371566
2024-08-05,GPN,Financials,2,Middle,False,MIDDLE,False,False,False,0.27331924,0.73948103
2024-08-05,GRMN,Consumer Discretionary,1,Stable,True,STABLE,False,True,True,0.2864408,0.5442411
2024-08-05,GS,Financials,2,Middle,False,MIDDLE,False,False,False,0.23092611,0.92110544
2024-08-05,GWW,Industrials,1,Stable,True,STABLE,False,True,True,0.20190158,0.6999951
2024-08-05,HAL,Energy,2,Middle,False,MIDDLE,False,False,False,0.26785108,0.7265093
2024-08-05,HAS,Consumer Discretionary,1,Stable,True,STABLE,False,True,True,0.32163084,0.45096886
2024-08-05,HBAN,Financials,1,Stable,True,MIDDLE,False,False,False,0.2611244,0.62061477
2024-08-05,HCA,Health Care,1,Stable,True,STABLE,False,True,True,0.2420044,0.45683953
2024-08-05,HD,Consumer Discretionary,1,Stable,True,STABLE,False,True,True,0.215904,0.8338189
2024-08-05,HES,Unknown,1,Stable,True,STABLE,False,True,True,0.24380039,0.51404226
2024-08-05,HIG,Financials,1,Stable,True,STABLE,False,True,True,0.20940733,0.36859205
2024-08-05,HII,Industrials,1,Stable,True,STABLE,False,True,True,0.25492573,0.33761144
2024-08-05,HLT,Consumer Discretionary,2,Middle,False,STABLE,False,False,False,0.19976307,0.92944336
2024-08-05,HOLX,Unknown,1,Stable,True,STABLE,False,True,True,0.16557835,0.17274593
2024-08-05,HON,Industrials,1,Stable,True,STABLE,False,True,True,0.16599518,0.57636434
2024-08-05,HPE,Information Technology,2,Middle,False,STABLE,False,False,False,0.3601522,1.2169619
2024-08-05,HPQ,Information Technology,2,Middle,False,STABLE,False,False,False,0.33943266,0.7363539
2024-08-05,HRL,Consumer Staples,1,Stable,True,RISKY,False,False,False,0.3088459,0.22770189
2024-08-05,HSIC,Health Care,1,Stable,True,STABLE,False,True,True,0.23608817,0.565689
2024-08-05,HST,Real Estate,2,Middle,False,RISKY,False,False,False,0.23708662,1.0503454
2024-08-05,HSY,Consumer Staples,1,Stable,True,STABLE,False,True,True,0.20900871,0.0679312
2024-08-05,HUBB,Industrials,2,Middle,False,RISKY,False,False,False,0.33301094,1.6285112
2024-08-05,HUM,Health Care,1,Stable,True,STABLE,False,True,True,0.34267512,0.099353805
2024-08-05,HWM,Industrials,2,Middle,False,RISKY,False,False,False,0.3836126,1.2241213
2024-08-05,IBM,Information Technology,1,Stable,True,STABLE,False,True,True,0.2230941,0.71090513
2024-08-05,ICE,Financials,1,Stable,True,STABLE,False,True,True,0.14395854,0.49471807
2024-08-05,IDXX,Health Care,2,Middle,False,MIDDLE,False,False,False,0.24788193,1.0711243
2024-08-05,IEX,Industrials,1,Stable,True,STABLE,False,True,True,0.19628754,0.7155745
2024-08-05,IFF,Materials,2,Middle,False,MIDDLE,False,False,False,0.27338263,0.78985876
2024-08-05,INCY,Health Care,1,Stable,True,STABLE,False,True,True,0.25712326,0.04987397
2024-08-05,INTC,Information Technology,3,Risky,False,MIDDLE,False,False,False,0.58109856,2.0805411
2024-08-05,INTU,Information Technology,2,Middle,False,STABLE,False,False,False,0.2916174,1.2992911
2024-08-05,INVH,Real Estate,1,Stable,True,MIDDLE,False,False,False,0.2019183,0.61234677
2024-08-05,IP,Materials,1,Stable,True,MIDDLE,False,False,False,0.3353573,0.47790593
2024-08-05,IPG,Unknown,1,Stable,True,STABLE,False,True,True,0.20754272,0.68949807
2024-08-05,IQV,Health Care,2,Middle,False,MIDDLE,False,False,False,0.32173777,1.1068649
2024-08-05,IR,Industrials,2,Middle,False,MIDDLE,False,False,False,0.2957773,1.1920099
2024-08-05,IRM,Real Estate,2,Middle,False,RISKY,False,False,False,0.26359493,1.0061736
2024-08-05,ISRG,Health Care,2,Middle,False,MIDDLE,False,False,False,0.2598603,0.94428337
2024-08-05,IT,Information Technology,2,Middle,False,STABLE,False,False,False,0.2548662,1.2919903
2024-08-05,ITW,Industrials,1,Stable,True,STABLE,False,True,True,0.16363999,0.5345194
2024-08-05,IVZ,Financials,2,Middle,False,MIDDLE,False,False,False,0.30264208,1.0506837
2024-08-05,J,Industrials,1,Stable,True,STABLE,False,True,True,0.20259386,0.7513893
2024-08-05,JBHT,Industrials,2,Middle,False,MIDDLE,False,False,False,0.28801528,0.881899
2024-08-05,JBL,Information Technology,3,Risky,False,MIDDLE,False,False,False,0.44444177,1.6059785
2024-08-05,JCI,Industrials,2,Middle,False,MIDDLE,False,False,False,0.24661572,1.0739229
2024-08-05,JKHY,Financials,1,Stable,True,STABLE,False,True,True,0.18414599,0.5412038
2024-08-05,JNJ,Health Care,1,Stable,True,STABLE,False,True,True,0.17467104,-0.105798505
2024-08-05,JNPR,Unknown,1,Stable,True,STABLE,False,True,True,0.09423155,0.10314902
2024-08-05,JPM,Financials,1,Stable,True,MIDDLE,False,False,False,0.22068827,0.6255199
2024-08-05,K,Unknown,2,Middle,False,STABLE,False,False,False,0.3099888,-0.7506693
2024-08-05,KDP,Consumer Staples,1,Stable,True,STABLE,False,True,True,0.1757427,-0.039102037
2024-08-05,KEY,Financials,2,Middle,False,MIDDLE,False,False,False,0.30587935,0.9512584
2024-08-05,KEYS,Information Technology,2,Middle,False,STABLE,False,False,False,0.28976798,1.377261
2024-08-05,KHC,Consumer Staples,1,Stable,True,STABLE,False,True,True,0.21780474,-0.0825318
2024-08-05,KIM,Real Estate,1,Stable,True,MIDDLE,False,False,False,0.22730406,0.51353556
2024-08-05,KKR,Financials,2,Middle,False,MIDDLE,False,False,False,0.34241867,1.603504
2024-08-05,KLAC,Information Technology,3,Risky,False,MIDDLE,False,False,False,0.43280086,2.4251757
2024-08-05,KMB,Consumer Staples,1,Stable,True,STABLE,False,True,True,0.19601357,0.15551482
2024-08-05,KMI,Energy,1,Stable,True,STABLE,False,True,True,0.16923596,0.430897
2024-08-05,KMX,Unknown,2,Middle,False,MIDDLE,False,False,False,0.34655192,1.2549349
2024-08-05,KO,Consumer Staples,1,Stable,True,STABLE,False,True,True,0.123827696,0.0031179346
2024-08-05,KR,Consumer Staples,1,Stable,True,STABLE,False,True,True,0.22842585,0.22969842
2024-08-05,KVUE,Consumer Staples,1,Stable,True,STABLE,False,True,True,0.22792645,0.14959076
2024-08-05,L,Financials,1,Stable,True,STABLE,False,True,True,0.1635964,0.32838768
2024-08-05,LDOS,Industrials,1,Stable,True,STABLE,False,True,True,0.20305066,0.1844108
2024-08-05,LEN,Consumer Discretionary,2,Middle,False,MIDDLE,False,False,False,0.33086932,1.1265014
2024-08-05,LH,Health Care,1,Stable,True,STABLE,False,True,True,0.24275726,0.43283385
2024-08-05,LHX,Industrials,1,Stable,True,STABLE,False,True,True,0.18811592,0.14869072
2024-08-05,LIN,Materials,1,Stable,True,STABLE,False,True,True,0.14954792,0.38850605
2024-08-05,LKQ,Unknown,2,Middle,False,STABLE,False,False,False,0.36913368,0.65685743
2024-08-05,LLY,Health Care,2,Middle,False,MIDDLE,False,False,False,0.28876826,0.80754656
2024-08-05,LMT,Industrials,1,Stable,True,STABLE,False,True,True,0.14608589,-0.1838174
2024-08-05,LNT,Utilities,1,Stable,True,STABLE,False,True,True,0.17981529,0.13146757
2024-08-05,LOW,Consumer Discretionary,1,Stable,True,STABLE,False,True,True,0.22395709,0.7773605
2024-08-05,LRCX,Information Technology,3,Risky,False,MIDDLE,False,False,False,0.44259855,2.460631
2024-08-05,LULU,Consumer Discretionary,2,Middle,False,MIDDLE,False,False,False,0.39910978,1.1323051
2024-08-05,LUV,Industrials,2,Middle,False,RISKY,False,False,False,0.42198044,0.83252203
2024-08-05,LVS,Consumer Discretionary,1,Stable,True,STABLE,False,True,True,0.27880344,0.6656705
2024-08-05,LW,Unknown,3,Risky,False,MIDDLE,False,False,False,0.63815767,1.907168
2024-08-05,LYB,Materials,1,Stable,True,STABLE,False,True,True,0.19133991,0.5439946
2024-08-05,LYV,Communication Services,2,Middle,False,RISKY,False,False,False,0.31068382,1.2782077
2024-08-05,MA,Financials,1,Stable,True,MIDDLE,False,False,False,0.1753419,0.6986935
2024-08-05,MAA,Real Estate,1,Stable,True,STABLE,False,True,True,0.22020626,0.42089865
2024-08-05,MAR,Consumer Discretionary,2,Middle,False,STABLE,False,False,False,0.22400926,0.9763361
2024-08-05,MAS,Industrials,1,Stable,True,MIDDLE,False,False,False,0.2605509,0.6991084
2024-08-05,MCD,Consumer Discretionary,1,Stable,True,STABLE,False,True,True,0.18850689,0.1801222
2024-08-05,MCHP,Information Technology,3,Risky,False,MIDDLE,False,False,False,0.38342646,1.9606154
2024-08-05,MCK,Health Care,1,Stable,True,STABLE,False,True,True,0.15223442,0.18384378
2024-08-05,MCO,Financials,2,Middle,False,MIDDLE,False,False,False,0.22386791,1.0068551
2024-08-05,MDLZ,Consumer Staples,1,Stable,True,STABLE,False,True,True,0.17417301,0.14992991
2024-08-05,MDT,Health Care,1,Stable,True,STABLE,False,True,True,0.192411,0.28914982
2024-08-05,MET,Financials,1,Stable,True,MIDDLE,False,False,False,0.19764051,0.63066304
2024-08-05,META,Communication Services,2,Middle,False,RISKY,False,False,False,0.35417336,1.5239743
2024-08-05,MGM,Consumer Discretionary,2,Middle,False,MIDDLE,False,False,False,0.36322975,1.2241536
2024-08-05,MHK,Unknown,2,Middle,False,MIDDLE,False,False,False,0.42368335,1.2503494
2024-08-05,MKC,Consumer Staples,1,Stable,True,STABLE,False,True,True,0.24321106,0.08635488
2024-08-05,MKTX,Unknown,1,Stable,True,STABLE,False,True,True,0.31314674,0.5398565
2024-08-05,MLM,Materials,2,Middle,False,MIDDLE,False,False,False,0.23784383,1.1124002
2024-08-05,MMM,Industrials,2,Middle,False,MIDDLE,False,False,False,0.37449127,0.5996214
2024-08-05,MNST,Consumer Staples,1,Stable,True,MIDDLE,False,False,False,0.19382101,0.37016246
2024-08-05,MO,Consumer Staples,1,Stable,True,STABLE,False,True,True,0.16870669,0.124659605
2024-08-05,MOH,Unknown,1,Stable,True,STABLE,False,True,True,0.3275012,0.20219618
2024-08-05,MOS,Materials,2,Middle,False,MIDDLE,False,False,False,0.31811026,0.66248727
2024-08-05,MPC,Energy,1,Stable,True,RISKY,False,False,False,0.28032616,0.5155794
2024-08-05,MPWR,Information Technology,3,Risky,False,MIDDLE,False,False,False,0.4751505,2.4894576
2024-08-05,MRK,Health Care,1,Stable,True,STABLE,False,True,True,0.23909135,0.2184256
2024-08-05,MRNA,Health Care,3,Risky,False,RISKY,False,False,False,0.6662127,1.8135453
2024-08-05,MS,Financials,2,Middle,False,MIDDLE,False,False,False,0.24044067,0.80954605
2024-08-05,MSCI,Financials,2,Middle,False,MIDDLE,False,False,False,0.3206403,0.6631633
2024-08-05,MSFT,Information Technology,2,Middle,False,STABLE,False,False,False,0.20674579,1.2345699
2024-08-05,MSI,Information Technology,1,Stable,True,STABLE,False,True,True,0.16807012,0.6656445
2024-08-05,MTB,Financials,1,Stable,True,STABLE,False,True,True,0.24419063,0.5110766
2024-08-05,MTCH,Unknown,2,Middle,False,MIDDLE,False,False,False,0.36969876,1.1189057
2024-08-05,MTD,Health Care,2,Middle,False,MIDDLE,False,False,False,0.3518219,1.103999
2024-08-05,MU,Information Technology,3,Risky,False,MIDDLE,False,False,False,0.5201479,2.4489322
2024-08-05,NCLH,Consumer Discretionary,3,Risky,False,RISKY,False,False,False,0.5573924,1.7115419
2024-08-05,NDAQ,Financials,1,Stable,True,STABLE,False,True,True,0.2083346,0.53376496
2024-08-05,NDSN,Industrials,2,Middle,False,MIDDLE,False,False,False,0.24078748,0.8627818
2024-08-05,NEE,Utilities,1,Stable,True,STABLE,False,True,True,0.2824859,0.34710452
2024-08-05,NEM,Materials,2,Middle,False,MIDDLE,False,False,False,0.3827461,0.5143187
2024-08-05,NFLX,Communication Services,2,Middle,False,RISKY,False,False,False,0.28334963,1.2121502
2024-08-05,NI,Utilities,1,Stable,True,STABLE,False,True,True,0.16334134,0.2775676
2024-08-05,NKE,Consumer Discretionary,2,Middle,False,MIDDLE,False,False,False,0.39848673,0.6909003
2024-08-05,NOC,Industrials,1,Stable,True,STABLE,False,True,True,0.17744583,-0.14764994
2024-08-05,NOW,Information Technology,2,Middle,False,MIDDLE,False,False,False,0.40396914,1.4021575
2024-08-05,NRG,Utilities,2,Middle,False,MIDDLE,False,False,False,0.36099234,0.9932885
2024-08-05,NSC,Industrials,1,Stable,True,MIDDLE,False,False,False,0.26037228,0.6811619
2024-08-05,NTAP,Information Technology,2,Middle,False,STABLE,False,False,False,0.33003086,1.3840814
2024-08-05,NTRS,Financials,2,Middle,False,MIDDLE,False,False,False,0.25140095,0.8061775
2024-08-05,NUE,Materials,1,Stable,True,MIDDLE,False,False,False,0.27472845,0.6555021
2024-08-05,NVDA,Information Technology,3,Risky,False,MIDDLE,False,False,False,0.596597,2.9540367
2024-08-05,NVR,Consumer Discretionary,2,Middle,False,STABLE,False,False,False,0.23801924,0.9001002
2024-08-05,NWS,Communication Services,2,Middle,False,MIDDLE,False,False,False,0.19726005,0.9831773
2024-08-05,NWSA,Communication Services,2,Middle,False,MIDDLE,False,False,False,0.19490851,0.97422636
2024-08-05,NXPI,Information Technology,2,Middle,False,MIDDLE,False,False,False,0.36033702,1.7894907
2024-08-05,O,Real Estate,1,Stable,True,STABLE,False,True,True,0.16969252,0.15541883
2024-08-05,ODFL,Industrials,2,Middle,False,MIDDLE,False,False,False,0.34844685,0.8520928
2024-08-05,OKE,Energy,1,Stable,True,STABLE,False,True,True,0.16290085,0.5482405
2024-08-05,OMC,Communication Services,1,Stable,True,MIDDLE,False,False,False,0.21691488,0.79760504
2024-08-05,ON,Information Technology,3,Risky,False,MIDDLE,False,False,False,0.48886514,2.2151582
2024-08-05,ORCL,Information Technology,2,Middle,False,STABLE,False,False,False,0.3376446,1.5031841
2024-08-05,ORLY,Consumer Discretionary,1,Stable,True,STABLE,False,True,True,0.20275551,0.39844382
2024-08-05,OTIS,Industrials,1,Stable,True,STABLE,False,True,True,0.19961989,0.78757435
2024-08-05,OXY,Energy,1,Stable,True,STABLE,False,True,True,0.20665036,0.47022015
2024-08-05,PANW,Information Technology,3,Risky,False,MIDDLE,False,False,False,0.583988,1.1410424
2024-08-05,PARA,Unknown,3,Risky,False,RISKY,False,False,False,1.2052826,1.5740039
2024-08-05,PAYC,Unknown,2,Middle,False,STABLE,False,False,False,0.35502064,0.85304946
2024-08-05,PAYX,Industrials,1,Stable,True,STABLE,False,True,True,0.19330753,0.46385327
2024-08-05,PCAR,Industrials,2,Middle,False,MIDDLE,False,False,False,0.28589606,0.7586653
2024-08-05,PCG,Utilities,1,Stable,True,STABLE,False,True,True,0.18721342,0.27696648
2024-08-05,PEG,Utilities,1,Stable,True,STABLE,False,True,True,0.17303067,0.37497598
2024-08-05,PEP,Consumer Staples,1,Stable,True,STABLE,False,True,True,0.17396185,0.0049593756
2024-08-05,PFE,Health Care,1,Stable,True,STABLE,False,True,True,0.24751964,0.19191399
2024-08-05,PFG,Financials,1,Stable,True,STABLE,False,True,True,0.20809625,0.5200133
2024-08-05,PG,Consumer Staples,1,Stable,True,STABLE,False,True,True,0.14823475,0.033522394
2024-08-05,PGR,Financials,1,Stable,True,STABLE,False,True,True,0.20584273,-0.049765144
2024-08-05,PH,Industrials,2,Middle,False,MIDDLE,False,False,False,0.23997271,1.1596835
2024-08-05,PHM,Consumer Discretionary,2,Middle,False,MIDDLE,False,False,False,0.32423925,1.2875985
2024-08-05,PKG,Materials,1,Stable,True,STABLE,False,True,True,0.19310232,0.45522532
2024-08-05,PLD,Real Estate,2,Middle,False,RISKY,False,False,False,0.2513899,0.8623929
2024-08-05,PM,Consumer Staples,1,Stable,True,STABLE,False,True,True,0.16712004,0.20478117
2024-08-05,PNC,Financials,1,Stable,True,MIDDLE,False,False,False,0.23760094,0.6624896
2024-08-05,PNR,Industrials,2,Middle,False,MIDDLE,False,False,False,0.2928056,1.0282793
2024-08-05,PNW,Utilities,1,Stable,True,STABLE,False,True,True,0.19078083,0.19394659
2024-08-05,PODD,Health Care,2,Middle,False,MIDDLE,False,False,False,0.38833144,1.0923338
2024-08-05,POOL,Unknown,2,Middle,False,STABLE,False,False,False,0.32818648,0.7717277
2024-08-05,PPG,Materials,1,Stable,True,STABLE,False,True,True,0.18911564,0.7261242
2024-08-05,PPL,Utilities,1,Stable,True,STABLE,False,True,True,0.16283734,0.09753991
2024-08-05,PRU,Financials,2,Middle,False,MIDDLE,False,False,False,0.23412322,0.82444704
2024-08-05,PSA,Real Estate,1,Stable,True,MIDDLE,False,False,False,0.24257937,0.6140268
2024-08-05,PSX,Energy,1,Stable,True,RISKY,False,False,False,0.26102784,0.52438325
2024-08-05,PTC,Information Technology,2,Middle,False,STABLE,False,False,False,0.21463002,0.98877054
2024-08-05,PWR,Industrials,2,Middle,False,RISKY,False,False,False,0.35456237,1.6384306
2024-08-05,PYPL,Financials,2,Middle,False,MIDDLE,False,False,False,0.2973571,0.83754367
2024-08-05,QCOM,Information Technology,3,Risky,False,MIDDLE,False,False,False,0.42884883,2.3010464
2024-08-05,QRVO,Unknown,2,Middle,False,MIDDLE,False,False,False,0.40438336,1.6173978
2024-08-05,RCL,Consumer Discretionary,2,Middle,False,MIDDLE,False,False,False,0.33677015,1.3177928
2024-08-05,REG,Real Estate,1,Stable,True,STABLE,False,True,True,0.18573374,0.25881407
2024-08-05,REGN,Health Care,1,Stable,True,STABLE,False,True,True,0.16056618,0.47393388
2024-08-05,RF,Financials,1,Stable,True,MIDDLE,False,False,False,0.25144154,0.6609006
2024-08-05,RJF,Financials,1,Stable,True,STABLE,False,True,True,0.22479023,0.54949576
2024-08-05,RL,Consumer Discretionary,2,Middle,False,MIDDLE,False,False,False,0.29396024,1.0028676
2024-08-05,RMD,Health Care,2,Middle,False,MIDDLE,False,False,False,0.4281031,0.99654806
2024-08-05,ROK,Industrials,2,Middle,False,MIDDLE,False,False,False,0.27559152,1.1810608
2024-08-05,ROL,Industrials,1,Stable,True,STABLE,False,True,True,0.23229162,0.46911374
2024-08-05,ROP,Information Technology,1,Stable,True,STABLE,False,True,True,0.18906833,0.7803365
2024-08-05,ROST,Consumer Discretionary,1,Stable,True,STABLE,False,True,True,0.20293622,0.68332803
2024-08-05,RSG,Industrials,1,Stable,True,STABLE,False,True,True,0.15328386,0.29371867
2024-08-05,RTX,Industrials,1,Stable,True,STABLE,False,True,True,0.17616808,0.102382146
2024-08-05,RVTY,Health Care,2,Middle,False,MIDDLE,False,False,False,0.2805448,0.77176666
2024-08-05,SBAC,Real Estate,1,Stable,True,RISKY,False,False,False,0.2983724,0.5368182
2024-08-05,SBUX,Consumer Discretionary,2,Middle,False,STABLE,False,False,False,0.34915572,0.4744948
2024-08-05,SCHW,Financials,2,Middle,False,MIDDLE,False,False,False,0.28279707,0.67330563
2024-08-05,SHW,Materials,1,Stable,True,MIDDLE,False,False,False,0.22767666,0.8096187
2024-08-05,SJM,Consumer Staples,1,Stable,True,STABLE,False,True,True,0.23225532,-0.11656278
2024-08-05,SLB,Energy,1,Stable,True,MIDDLE,False,False,False,0.23242804,0.72823817
2024-08-05,SMCI,Information Technology,3,Risky,False,RISKY,False,False,False,1.0385195,3.9343376
2024-08-05,SNA,Industrials,1,Stable,True,STABLE,False,True,True,0.21973036,0.7435033
2024-08-05,SNPS,Information Technology,3,Risky,False,MIDDLE,False,False,False,0.34925923,2.19108
2024-08-05,SO,Utilities,1,Stable,True,STABLE,False,True,True,0.1728422,0.08634429
2024-08-05,SPG,Real Estate,1,Stable,True,MIDDLE,False,False,False,0.21662594,0.8284721
2024-08-05,SPGI,Financials,1,Stable,True,MIDDLE,False,False,False,0.15578713,0.668
2024-08-05,SRE,Utilities,1,Stable,True,STABLE,False,True,True,0.18436404,0.19755094
2024-08-05,STE,Health Care,1,Stable,True,STABLE,False,True,True,0.227093,0.68523335
2024-08-05,STLD,Materials,2,Middle,False,MIDDLE,False,False,False,0.28795096,0.9004584
2024-08-05,STT,Financials,1,Stable,True,MIDDLE,False,False,False,0.23159526,0.74250543
2024-08-05,STX,Information Technology,2,Middle,False,STABLE,False,False,False,0.32812914,1.1685445
2024-08-05,STZ,Consumer Staples,1,Stable,True,MIDDLE,False,False,False,0.19887991,0.41444364
2024-08-05,SWK,Industrials,2,Middle,False,RISKY,False,False,False,0.34940574,1.0016714
2024-08-05,SWKS,Information Technology,3,Risky,False,MIDDLE,False,False,False,0.40587857,1.7444556
2024-08-05,SYF,Financials,2,Middle,False,MIDDLE,False,False,False,0.31297395,0.87319034
2024-08-05,SYK,Health Care,1,Stable,True,STABLE,False,True,True,0.18964879,0.65127957
2024-08-05,SYY,Consumer Staples,1,Stable,True,MIDDLE,False,False,False,0.19568433,0.46280178
2024-08-05,T,Communication Services,1,Stable,True,STABLE,False,True,True,0.18744697,-0.1379795
2024-08-05,TAP,Consumer Staples,1,Stable,True,MIDDLE,False,False,False,0.23547664,0.36434424
2024-08-05,TDG,Industrials,2,Middle,False,MIDDLE,False,False,False,0.22383866,1.0635478
2024-08-05,TDY,Information Technology,1,Stable,True,STABLE,False,True,True,0.24488832,0.48998392
2024-08-05,TECH,Health Care,2,Middle,False,MIDDLE,False,False,False,0.3578392,0.8496835
2024-08-05,TEL,Information Technology,1,Stable,True,STABLE,False,True,True,0.19802363,0.8452478
2024-08-05,TER,Information Technology,3,Risky,False,MIDDLE,False,False,False,0.47277033,2.48398
2024-08-05,TFC,Financials,2,Middle,False,MIDDLE,False,False,False,0.25946343,0.7970577
2024-08-05,TFX,Unknown,1,Stable,True,STABLE,False,True,True,0.29029503,0.33169714
2024-08-05,TGT,Consumer Staples,2,Middle,False,RISKY,False,False,False,0.3242142,0.602676
2024-08-05,TJX,Consumer Discretionary,1,Stable,True,STABLE,False,True,True,0.16781537,0.5561378
2024-08-05,TMO,Health Care,1,Stable,True,STABLE,False,True,True,0.19729888,0.51459956
2024-08-05,TMUS,Communication Services,1,Stable,True,STABLE,False,True,True,0.14310001,0.05869311
2024-08-05,TPR,Consumer Discretionary,2,Middle,False,MIDDLE,False,False,False,0.28885484,0.97052246
2024-08-05,TRGP,Energy,1,Stable,True,MIDDLE,False,False,False,0.20764379,0.6719948
2024-08-05,TRMB,Information Technology,2,Middle,False,STABLE,False,False,False,0.23854893,0.88786674
2024-08-05,TROW,Financials,2,Middle,False,MIDDLE,False,False,False,0.23425475,1.1287595
2024-08-05,TRV,Financials,1,Stable,True,STABLE,False,True,True,0.23649752,0.3157012
2024-08-05,TSCO,Consumer Discretionary,1,Stable,True,STABLE,False,True,True,0.25396422,0.6400623
2024-08-05,TSLA,Consumer Discretionary,3,Risky,False,RISKY,False,False,False,0.60370016,2.253283
2024-08-05,TSN,Consumer Staples,1,Stable,True,STABLE,False,True,True,0.20043208,-0.114275046
2024-08-05,TT,Industrials,2,Middle,False,MIDDLE,False,False,False,0.23599046,0.9283838
2024-08-05,TTWO,Communication Services,1,Stable,True,MIDDLE,False,False,False,0.20705797,0.7189284
2024-08-05,TXN,Information Technology,2,Middle,False,STABLE,False,False,False,0.25907826,1.2815368
2024-08-05,TXT,Industrials,1,Stable,True,MIDDLE,False,False,False,0.23565425,0.8066122
2024-08-05,TYL,Information Technology,1,Stable,True,STABLE,False,True,True,0.26226518,0.49144018
2024-08-05,UAL,Industrials,2,Middle,False,RISKY,False,False,False,0.42501044,1.2137535
2024-08-05,UBER,Industrials,2,Middle,False,RISKY,False,False,False,0.39013183,1.3439307
2024-08-05,UDR,Real Estate,1,Stable,True,STABLE,False,True,True,0.19617479,0.4828728
2024-08-05,UHS,Health Care,1,Stable,True,STABLE,False,True,True,0.28591898,0.5057261
2024-08-05,ULTA,Consumer Discretionary,2,Middle,False,MIDDLE,False,False,False,0.3445189,0.73556346
2024-08-05,UNH,Health Care,1,Stable,True,STABLE,False,True,True,0.2661,0.16335852
2024-08-05,UNP,Industrials,1,Stable,True,STABLE,False,True,True,0.18430565,0.48008323
2024-08-05,UPS,Industrials,2,Middle,False,MIDDLE,False,False,False,0.30025697,0.6291175
2024-08-05,URI,Industrials,2,Middle,False,RISKY,False,False,False,0.36211684,1.5247242
2024-08-05,USB,Financials,1,Stable,True,MIDDLE,False,False,False,0.24464285,0.75065994
2024-08-05,V,Financials,1,Stable,True,MIDDLE,False,False,False,0.16393445,0.6665254
2024-08-05,VICI,Real Estate,1,Stable,True,STABLE,False,True,True,0.20572078,0.41657537
2024-08-05,VLO,Energy,1,Stable,True,RISKY,False,False,False,0.29223743,0.53456247
2024-08-05,VLTO,Industrials,1,Stable,True,STABLE,False,True,True,0.19580893,0.66014856
2024-08-05,VMC,Materials,2,Middle,False,MIDDLE,False,False,False,0.22450775,0.9898565
2024-08-05,VRSK,Industrials,1,Stable,True,STABLE,False,True,True,0.22483388,0.22503242
2024-08-05,VRSN,Information Technology,1,Stable,True,STABLE,False,True,True,0.18409277,0.5764522
2024-08-05,VRTX,Health Care,1,Stable,True,STABLE,False,True,True,0.18259563,0.49085104
2024-08-05,VST,Utilities,3,Risky,False,RISKY,False,False,False,0.57851577,2.0957427
2024-08-05,VTR,Real Estate,1,Stable,True,MIDDLE,False,False,False,0.21738377,0.48536897
2024-08-05,VTRS,Health Care,1,Stable,True,STABLE,False,True,True,0.26356778,0.24695969
2024-08-05,VZ,Communication Services,1,Stable,True,STABLE,False,True,True,0.19644706,0.011450752
2024-08-05,WAB,Industrials,2,Middle,False,MIDDLE,False,False,False,0.23600198,0.9085889
2024-08-05,WAT,Health Care,2,Middle,False,MIDDLE,False,False,False,0.30441427,1.0308998
2024-08-05,WBA,Unknown,2,Middle,False,STABLE,False,False,False,0.5368086,0.70528555
2024-08-05,WBD,Communication Services,2,Middle,False,RISKY,False,False,False,0.45394388,0.8740497
2024-08-05,WDC,Information Technology,3,Risky,False,MIDDLE,False,False,False,0.4276004,1.9656022
2024-08-05,WEC,Utilities,1,Stable,True,STABLE,False,True,True,0.18293434,-0.024149513
2024-08-05,WELL,Real Estate,1,Stable,True,STABLE,False,True,True,0.17658289,0.47507763
2024-08-05,WFC,Financials,1,Stable,True,MIDDLE,False,False,False,0.26016822,0.5539754
2024-08-05,WM,Industrials,1,Stable,True,STABLE,False,True,True,0.21126333,0.17149614
2024-08-05,WMB,Energy,1,Stable,True,STABLE,False,True,True,0.18280871,0.5330717
2024-08-05,WMT,Consumer Staples,1,Stable,True,STABLE,False,True,True,0.1730765,0.1413369
2024-08-05,WRB,Financials,1,Stable,True,STABLE,False,True,True,0.22764222,0.16056895
2024-08-05,WST,Health Care,2,Middle,False,MIDDLE,False,False,False,0.4204965,0.4949688
2024-08-05,WTW,Financials,1,Stable,True,STABLE,False,True,True,0.1598218,0.25225505
2024-08-05,WY,Real Estate,1,Stable,True,MIDDLE,False,False,False,0.22423315,0.5677368
2024-08-05,WYNN,Consumer Discretionary,2,Middle,False,STABLE,False,False,False,0.2438683,1.0430186
2024-08-05,XEL,Utilities,1,Stable,True,STABLE,False,True,True,0.26011184,-0.07386861
2024-08-05,XOM,Energy,1,Stable,True,STABLE,False,True,True,0.17967606,0.13504884
2024-08-05,XYL,Industrials,2,Middle,False,MIDDLE,False,False,False,0.2048248,0.9985617
2024-08-05,YUM,Consumer Discretionary,1,Stable,True,STABLE,False,True,True,0.16673861,0.3698624
2024-08-05,ZBH,Health Care,1,Stable,True,STABLE,False,True,True,0.18882953,0.46153784
2024-08-05,ZBRA,Information Technology,2,Middle,False,STABLE,False,False,False,0.33688983,1.129044
2024-08-05,ZTS,Health Care,2,Middle,False,MIDDLE,False,False,False,0.2860329,0.8401158
2025-01-28,A,Health Care,1,Stable,True,MIDDLE,False,False,False,0.2334568,0.6082485
2025-01-28,AAPL,Information Technology,1,Stable,True,STABLE,False,True,True,0.21013203,0.7093404
2025-01-28,ABBV,Health Care,1,Stable,True,STABLE,False,True,True,0.27754942,0.1618905
2025-01-28,ABNB,Consumer Discretionary,2,Middle,False,MIDDLE,False,False,False,0.37685266,1.327405
2025-01-28,ABT,Health Care,1,Stable,True,STABLE,False,True,True,0.1818813,0.13964632
2025-01-28,ACGL,Financials,1,Stable,True,MIDDLE,False,False,False,0.2599864,0.6297298
2025-01-28,ACN,Information Technology,1,Stable,True,STABLE,False,True,True,0.23484252,0.563915
2025-01-28,ADBE,Information Technology,2,Middle,False,STABLE,False,False,False,0.3501513,1.1422724
2025-01-28,ADI,Information Technology,2,Middle,False,STABLE,False,False,False,0.3182405,1.6486857
2025-01-28,ADM,Consumer Staples,1,Stable,True,STABLE,False,True,True,0.22460522,0.156102
2025-01-28,ADP,Industrials,1,Stable,True,STABLE,False,True,True,0.15026256,0.5688665
2025-01-28,ADSK,Information Technology,2,Middle,False,STABLE,False,False,False,0.25112575,1.2183732
2025-01-28,AEE,Utilities,1,Stable,True,STABLE,False,True,True,0.17326473,0.11789868
2025-01-28,AEP,Utilities,1,Stable,True,STABLE,False,True,True,0.18044807,-0.30059585
2025-01-28,AES,Utilities,1,Stable,True,MIDDLE,False,False,False,0.38516814,0.1831933
2025-01-28,AFL,Financials,1,Stable,True,STABLE,False,True,True,0.19279405,0.47909153
2025-01-28,AIG,Financials,1,Stable,True,STABLE,False,True,True,0.19860661,0.5809344
2025-01-28,AIZ,Financials,1,Stable,True,MIDDLE,False,False,False,0.22107196,0.6782337
2025-01-28,AJG,Financials,1,Stable,True,STABLE,False,True,True,0.18615657,0.2232261
2025-01-28,AKAM,Information Technology,1,Stable,True,STABLE,False,True,True,0.34986064,0.779667
2025-01-28,ALB,Materials,2,Middle,False,RISKY,False,False,False,0.56225795,1.4834689
2025-01-28,ALGN,Health Care,2,Middle,False,RISKY,False,False,False,0.37360418,1.5164139
2025-01-28,ALL,Financials,1,Stable,True,STABLE,False,True,True,0.23569502,0.41102156
2025-01-28,ALLE,Industrials,1,Stable,True,STABLE,False,True,True,0.17380019,0.53140044
2025-01-28,AMAT,Information Technology,2,Middle,False,MIDDLE,False,False,False,0.43520284,2.111789
2025-01-28,AMCR,Materials,1,Stable,True,STABLE,False,True,True,0.21568002,0.35740158
2025-01-28,AMD,Information Technology,2,Middle,False,MIDDLE,False,False,False,0.44008484,2.1572516
2025-01-28,AME,Industrials,1,Stable,True,STABLE,False,True,True,0.19922042,0.5987177
2025-01-28,AMGN,Health Care,1,Stable,True,MIDDLE,False,False,False,0.25091624,0.6469007
2025-01-28,AMP,Financials,1,Stable,True,MIDDLE,False,False,False,0.2332521,1.0614173
2025-01-28,AMT,Real Estate,1,Stable,True,STABLE,False,True,True,0.2681066,-0.20919886
2025-01-28,AMZN,Consumer Discretionary,2,Middle,False,MIDDLE,False,False,False,0.27335244,1.4488462
2025-01-28,ANET,Information Technology,2,Middle,False,MIDDLE,False,False,False,0.53066427,2.3961647
2025-01-28,ANSS,Unknown,2,Middle,False,MIDDLE,False,False,False,0.2443966,1.2511057
2025-01-28,AON,Financials,1,Stable,True,STABLE,False,True,True,0.1654882,0.19786532
2025-01-28,AOS,Industrials,1,Stable,True,STABLE,False,True,True,0.22564511,0.5799157
2025-01-28,APA,Energy,1,Stable,True,STABLE,False,True,True,0.39488277,0.34130317
2025-01-28,APD,Materials,1,Stable,True,STABLE,False,True,True,0.2155116,0.29220682
2025-01-28,APH,Information Technology,2,Middle,False,MIDDLE,False,False,False,0.3565388,1.8230239
2025-01-28,APO,Financials,2,Middle,False,RISKY,False,False,False,0.3267775,1.5974102
2025-01-28,APTV,Consumer Discretionary,2,Middle,False,MIDDLE,False,False,False,0.39315897,1.0935522
2025-01-28,ARE,Real Estate,1,Stable,True,RISKY,False,False,False,0.24133821,0.60470635
2025-01-28,ATO,Utilities,1,Stable,True,STABLE,False,True,True,0.15816456,0.21373361
2025-01-28,AVB,Real Estate,1,Stable,True,MIDDLE,False,False,False,0.18428741,0.43180835
2025-01-28,AVGO,Information Technology,2,Middle,False,MIDDLE,False,False,False,0.62981564,2.8919003
2025-01-28,AVY,Materials,1,Stable,True,STABLE,False,True,True,0.18727708,0.5554228
2025-01-28,AWK,Utilities,1,Stable,True,STABLE,False,True,True,0.20737354,0.013771682
2025-01-28,AXON,Industrials,2,Middle,False,RISKY,False,False,False,0.52623373,1.1311718
2025-01-28,AXP,Financials,2,Middle,False,MIDDLE,False,False,False,0.25185183,1.2115521
2025-01-28,AZO,Consumer Discretionary,1,Stable,True,STABLE,False,True,True,0.19702208,0.44498146
2025-01-28,BA,Industrials,1,Stable,True,MIDDLE,False,False,False,0.31711087,0.6347339
2025-01-28,BAC,Financials,1,Stable,True,MIDDLE,False,False,False,0.22439547,0.84998816
2025-01-28,BALL,Materials,1,Stable,True,STABLE,False,True,True,0.23483635,0.68503225
2025-01-28,BAX,Health Care,1,Stable,True,STABLE,False,True,True,0.28133512,0.3289708
2025-01-28,BBY,Consumer Discretionary,1,Stable,True,STABLE,False,True,True,0.31714752,0.40639085
2025-01-28,BDX,Health Care,1,Stable,True,STABLE,False,True,True,0.16910179,0.21942224
2025-01-28,BEN,Financials,2,Middle,False,RISKY,False,False,False,0.32613403,0.92137104
2025-01-28,BF-B,Consumer Staples,1,Stable,True,STABLE,False,True,True,0.29744592,0.1041159
2025-01-28,BG,Consumer Staples,1,Stable,True,STABLE,False,True,True,0.23027892,0.17069633
2025-01-28,BIIB,Health Care,1,Stable,True,STABLE,False,True,True,0.21833402,0.5137667
2025-01-28,BKNG,Consumer Discretionary,1,Stable,True,STABLE,False,True,True,0.24353413,0.87252456
2025-01-28,BKR,Energy,1,Stable,True,MIDDLE,False,False,False,0.28229937,0.78027165
2025-01-28,BLDR,Industrials,2,Middle,False,RISKY,False,False,False,0.37825152,1.1091127
2025-01-28,BLK,Financials,1,Stable,True,MIDDLE,False,False,False,0.19581255,0.8518177
2025-01-28,BMY,Health Care,1,Stable,True,STABLE,False,True,True,0.27305862,0.12078967
2025-01-28,BR,Industrials,1,Stable,True,STABLE,False,True,True,0.17653704,0.5666174
2025-01-28,BRK-B,Financials,1,Stable,True,STABLE,False,True,True,0.16386689,0.48829216
2025-01-28,BRO,Financials,1,Stable,True,STABLE,False,True,True,0.18161516,0.42026722
2025-01-28,BSX,Health Care,1,Stable,True,STABLE,False,True,True,0.16164719,0.55820745
2025-01-28,BWA,Unknown,1,Stable,True,MIDDLE,False,False,False,0.26666033,0.84428304
2025-01-28,BX,Financials,2,Middle,False,RISKY,False,False,False,0.28975713,1.4118944
2025-01-28,BXP,Real Estate,1,Stable,True,RISKY,False,False,False,0.27186513,1.0000234
2025-01-28,C,Financials,2,Middle,False,RISKY,False,False,False,0.28147602,1.3066133
2025-01-28,CAG,Unknown,1,Stable,True,STABLE,False,True,True,0.23163866,0.005328645
2025-01-28,CAH,Health Care,1,Stable,True,STABLE,False,True,True,0.2144139,0.24437656
2025-01-28,CARR,Industrials,2,Middle,False,MIDDLE,False,False,False,0.27031502,1.190077
2025-01-28,CAT,Industrials,2,Middle,False,MIDDLE,False,False,False,0.27573657,1.2594194
2025-01-28,CB,Financials,1,Stable,True,STABLE,False,True,True,0.18202241,0.2324041
2025-01-28,CBOE,Financials,1,Stable,True,STABLE,False,True,True,0.20927265,-0.4773446
2025-01-28,CBRE,Real Estate,1,Stable,True,RISKY,False,False,False,0.27253008,0.90930843
2025-01-28,CCI,Real Estate,1,Stable,True,STABLE,False,True,True,0.2290473,-0.1377504
2025-01-28,CCL,Consumer Discretionary,2,Middle,False,MIDDLE,False,False,False,0.38164428,1.4421695
2025-01-28,CDNS,Information Technology,2,Middle,False,MIDDLE,False,False,False,0.4023485,1.9485708
2025-01-28,CDW,Information Technology,2,Middle,False,STABLE,False,False,False,0.29522562,1.1026999
2025-01-28,CE,Unknown,1,Stable,True,STABLE,False,True,True,0.5497217,0.12832685
2025-01-28,CEG,Utilities,2,Middle,False,RISKY,False,False,False,0.7382047,1.4969641
2025-01-28,CF,Materials,1,Stable,True,STABLE,False,True,True,0.3086734,0.46126086
2025-01-28,CFG,Financials,2,Middle,False,RISKY,False,False,False,0.31725267,1.2767891
2025-01-28,CHD,Consumer Staples,1,Stable,True,STABLE,False,True,True,0.18399195,-0.10112714
2025-01-28,CHRW,Industrials,1,Stable,True,STABLE,False,True,True,0.20512114,0.5141244
2025-01-28,CHTR,Communication Services,2,Middle,False,MIDDLE,False,False,False,0.35811818,0.85118467
2025-01-28,CI,Health Care,1,Stable,True,STABLE,False,True,True,0.2810746,0.040771373
2025-01-28,CINF,Financials,1,Stable,True,MIDDLE,False,False,False,0.22272176,0.6172446
2025-01-28,CL,Consumer Staples,1,Stable,True,STABLE,False,True,True,0.17362097,-0.13290748
2025-01-28,CLX,Consumer Staples,1,Stable,True,STABLE,False,True,True,0.15960222,-0.044799358
2025-01-28,CMCSA,Communication Services,1,Stable,True,MIDDLE,False,False,False,0.25356266,0.6523988
2025-01-28,CME,Financials,1,Stable,True,STABLE,False,True,True,0.155527,-0.110473044
2025-01-28,CMG,Consumer Discretionary,1,Stable,True,MIDDLE,False,False,False,0.31777486,0.7971115
2025-01-28,CMI,Industrials,1,Stable,True,MIDDLE,False,False,False,0.23379809,0.8824401
2025-01-28,CMS,Utilities,1,Stable,True,STABLE,False,True,True,0.15132354,-0.050740883
2025-01-28,CNC,Health Care,1,Stable,True,STABLE,False,True,True,0.3318141,0.2159846
2025-01-28,CNP,Utilities,1,Stable,True,STABLE,False,True,True,0.18979649,0.07464559
2025-01-28,COF,Financials,2,Middle,False,RISKY,False,False,False,0.33862105,1.4272773
2025-01-28,COO,Health Care,1,Stable,True,STABLE,False,True,True,0.248132,0.39406034
2025-01-28,COP,Energy,1,Stable,True,STABLE,False,True,True,0.25082093,0.11646114
2025-01-28,COR,Health Care,1,Stable,True,STABLE,False,True,True,0.18248424,0.11576583
2025-01-28,COST,Consumer Staples,1,Stable,True,RISKY,False,False,False,0.18054448,0.66377497
2025-01-28,CPAY,Financials,1,Stable,True,MIDDLE,False,False,False,0.2381116,0.88353086
2025-01-28,CPB,Unknown,1,Stable,True,STABLE,False,True,True,0.22275718,0.02129472
2025-01-28,CPRT,Industrials,1,Stable,True,MIDDLE,False,False,False,0.2565582,0.79362345
2025-01-28,CPT,Real Estate,1,Stable,True,MIDDLE,False,False,False,0.19009519,0.39541674
2025-01-28,CRL,Health Care,2,Middle,False,RISKY,False,False,False,0.41750747,1.3640894
2025-01-28,CRM,Information Technology,2,Middle,False,STABLE,False,False,False,0.3019213,1.1662196
2025-01-28,CRWD,Information Technology,2,Middle,False,MIDDLE,False,False,False,0.409025,2.0163
2025-01-28,CSCO,Information Technology,1,Stable,True,STABLE,False,True,True,0.19104233,0.8943681
2025-01-28,CSGP,Real Estate,1,Stable,True,RISKY,False,False,False,0.28782713,0.8929784
2025-01-28,CSX,Industrials,1,Stable,True,MIDDLE,False,False,False,0.25743753,0.7045547
2025-01-28,CTAS,Industrials,1,Stable,True,MIDDLE,False,False,False,0.2627572,0.7853692
2025-01-28,CTRA,Unknown,1,Stable,True,STABLE,False,True,True,0.25262204,0.48560384
2025-01-28,CTSH,Information Technology,1,Stable,True,STABLE,False,True,True,0.19524603,0.8058665
2025-01-28,CTVA,Materials,1,Stable,True,STABLE,False,True,True,0.23467845,0.6082094
2025-01-28,CVS,Health Care,1,Stable,True,MIDDLE,False,False,False,0.39618996,0.5023044
2025-01-28,CVX,Energy,1,Stable,True,STABLE,False,True,True,0.18615305,0.29352576
2025-01-28,CZR,Unknown,2,Middle,False,MIDDLE,False,False,False,0.3672524,1.3105966
2025-01-28,D,Utilities,1,Stable,True,STABLE,False,True,True,0.21044162,-0.1562583
2025-01-28,DAL,Industrials,2,Middle,False,MIDDLE,False,False,False,0.34471896,0.9711709
2025-01-28,DAY,Unknown,2,Middle,False,MIDDLE,False,False,False,0.3008903,0.96192735
2025-01-28,DD,Materials,1,Stable,True,STABLE,False,True,True,0.19802207,0.7370862
2025-01-28,DE,Industrials,1,Stable,True,STABLE,False,True,True,0.25809646,0.5906262
2025-01-28,DECK,Consumer Discretionary,2,Middle,False,MIDDLE,False,False,False,0.35280964,1.396216
2025-01-28,DELL,Information Technology,2,Middle,False,MIDDLE,False,False,False,0.47606325,2.1122718
2025-01-28,DG,Consumer Staples,1,Stable,True,MIDDLE,False,False,False,0.626243,-0.101498306
2025-01-28,DGX,Health Care,1,Stable,True,STABLE,False,True,True,0.18667221,0.22901972
2025-01-28,DHI,Consumer Discretionary,1,Stable,True,STABLE,False,True,True,0.29434994,0.4633771
2025-01-28,DHR,Health Care,1,Stable,True,STABLE,False,True,True,0.19915517,0.49034294
2025-01-28,DIS,Communication Services,1,Stable,True,STABLE,False,True,True,0.21049453,0.3997137
2025-01-28,DLR,Real Estate,1,Stable,True,RISKY,False,False,False,0.28628635,0.7987215
2025-01-28,DLTR,Consumer Staples,1,Stable,True,MIDDLE,False,False,False,0.5346198,0.24057156
2025-01-28,DOC,Real Estate,1,Stable,True,MIDDLE,False,False,False,0.22101294,0.46998143
2025-01-28,DOV,Industrials,1,Stable,True,MIDDLE,False,False,False,0.20399766,1.0238234
2025-01-28,DOW,Materials,1,Stable,True,STABLE,False,True,True,0.22362052,0.54544157
2025-01-28,DPZ,Consumer Discretionary,1,Stable,True,STABLE,False,True,True,0.25250044,0.8127333
2025-01-28,DRI,Consumer Discretionary,1,Stable,True,MIDDLE,False,False,False,0.32259125,0.76069653
2025-01-28,DTE,Utilities,1,Stable,True,STABLE,False,True,True,0.1659519,0.025313633
2025-01-28,DUK,Utilities,1,Stable,True,STABLE,False,True,True,0.17011736,-0.0453613
2025-01-28,DVA,Health Care,1,Stable,True,MIDDLE,False,False,False,0.29696503,0.47743055
2025-01-28,DVN,Energy,1,Stable,True,STABLE,False,True,True,0.2818884,0.3818636
2025-01-28,DXCM,Health Care,2,Middle,False,MIDDLE,False,False,False,0.3638147,0.88350743
2025-01-28,EA,Communication Services,1,Stable,True,MIDDLE,False,False,False,0.31715205,0.5072341
2025-01-28,EBAY,Consumer Discretionary,1,Stable,True,STABLE,False,True,True,0.290097,0.5842019
2025-01-28,ECL,Materials,1,Stable,True,STABLE,False,True,True,0.15457597,0.6709781
2025-01-28,ED,Utilities,1,Stable,True,STABLE,False,True,True,0.17254643,-0.104763076
2025-01-28,EFX,Industrials,1,Stable,True,MIDDLE,False,False,False,0.2563351,0.9358658
2025-01-28,EG,Financials,1,Stable,True,MIDDLE,False,False,False,0.25159055,0.6726595
2025-01-28,EIX,Utilities,1,Stable,True,MIDDLE,False,False,False,0.3279971,0.3576742
2025-01-28,EL,Consumer Staples,2,Middle,False,RISKY,False,False,False,0.49303812,0.96905535
2025-01-28,ELV,Health Care,1,Stable,True,STABLE,False,True,True,0.2718623,0.36638093
2025-01-28,EMN,Unknown,1,Stable,True,MIDDLE,False,False,False,0.22398669,0.7348251
2025-01-28,EMR,Industrials,2,Middle,False,MIDDLE,False,False,False,0.28109288,1.3458626
2025-01-28,ENPH,Unknown,2,Middle,False,MIDDLE,False,False,False,0.6336224,0.9070699
2025-01-28,EOG,Energy,1,Stable,True,STABLE,False,True,True,0.23564272,0.2823035
2025-01-28,EPAM,Unknown,1,Stable,True,MIDDLE,False,False,False,0.3555351,0.8085322
2025-01-28,EQIX,Real Estate,1,Stable,True,MIDDLE,False,False,False,0.21485458,0.684066
2025-01-28,EQT,Energy,2,Middle,False,RISKY,False,False,False,0.3611541,1.0036284
2025-01-28,ERIE,Financials,1,Stable,True,MIDDLE,False,False,False,0.30438608,0.6300001
2025-01-28,ES,Utilities,1,Stable,True,STABLE,False,True,True,0.20092124,-0.08059846
2025-01-28,ESS,Real Estate,1,Stable,True,MIDDLE,False,False,False,0.21425308,0.54623514
2025-01-28,ETN,Industrials,2,Middle,False,RISKY,False,False,False,0.3545732,1.7310722
2025-01-28,ETR,Utilities,1,Stable,True,MIDDLE,False,False,False,0.2804497,-0.09239673
2025-01-28,EVRG,Utilities,1,Stable,True,STABLE,False,True,True,0.13269639,0.09182973
2025-01-28,EW,Health Care,1,Stable,True,MIDDLE,False,False,False,0.26179773,0.56018573
2025-01-28,EXC,Utilities,1,Stable,True,STABLE,False,True,True,0.1800943,-0.033149112
2025-01-28,EXPD,Industrials,1,Stable,True,STABLE,False,True,True,0.18451823,0.2677197
2025-01-28,EXPE,Consumer Discretionary,2,Middle,False,MIDDLE,False,False,False,0.31557167,1.1823112
2025-01-28,EXR,Real Estate,1,Stable,True,STABLE,False,True,True,0.22577216,0.33786634
2025-01-28,F,Consumer Discretionary,1,Stable,True,MIDDLE,False,False,False,0.30050713,0.8849309
2025-01-28,FANG,Energy,1,Stable,True,STABLE,False,True,True,0.3087195,0.42063257
2025-01-28,FAST,Industrials,1,Stable,True,MIDDLE,False,False,False,0.23204829,0.807969
2025-01-28,FCX,Materials,2,Middle,False,MIDDLE,False,False,False,0.339116,1.1826941
2025-01-28,FDS,Financials,1,Stable,True,STABLE,False,True,True,0.1803083,0.5383543
2025-01-28,FDX,Industrials,1,Stable,True,STABLE,False,True,True,0.31377482,0.44038588
2025-01-28,FE,Utilities,1,Stable,True,STABLE,False,True,True,0.15173736,0.009030569
2025-01-28,FFIV,Information Technology,1,Stable,True,STABLE,False,True,True,0.22571628,1.0191971
2025-01-28,FI,Financials,1,Stable,True,STABLE,False,True,True,0.18519524,0.6359415
2025-01-28,FICO,Information Technology,2,Middle,False,STABLE,False,False,False,0.2981392,1.0643241
2025-01-28,FIS,Financials,1,Stable,True,STABLE,False,True,True,0.18536122,0.4402987
2025-01-28,FITB,Financials,1,Stable,True,MIDDLE,False,False,False,0.24280019,1.0179356
2025-01-28,FMC,Unknown,1,Stable,True,MIDDLE,False,False,False,0.33268276,0.6933731
2025-01-28,FOX,Communication Services,1,Stable,True,STABLE,False,True,True,0.20208378,0.25820443
2025-01-28,FOXA,Communication Services,1,Stable,True,STABLE,False,True,True,0.20876743,0.2600701
2025-01-28,FRT,Real Estate,1,Stable,True,MIDDLE,False,False,False,0.17500131,0.38148546
2025-01-28,FSLR,Information Technology,2,Middle,False,STABLE,False,False,False,0.52186894,0.7952874
2025-01-28,FTNT,Information Technology,1,Stable,True,STABLE,False,True,True,0.42676246,0.5835585
2025-01-28,FTV,Industrials,1,Stable,True,MIDDLE,False,False,False,0.19680864,0.9702585
2025-01-28,GD,Industrials,1,Stable,True,STABLE,False,True,True,0.19879991,0.5468475
2025-01-28,GDDY,Information Technology,2,Middle,False,STABLE,False,False,False,0.2490255,1.1316128
2025-01-28,GE,Industrials,2,Middle,False,MIDDLE,False,False,False,0.30496213,1.1789137
2025-01-28,GEHC,Health Care,1,Stable,True,MIDDLE,False,False,False,0.21919748,0.64938265
2025-01-28,GEN,Information Technology,1,Stable,True,STABLE,False,True,True,0.22647989,0.6962234
2025-01-28,GEV,Industrials,2,Middle,False,RISKY,False,False,False,0.54963773,2.0687048
2025-01-28,GILD,Health Care,1,Stable,True,STABLE,False,True,True,0.20529155,0.39001277
2025-01-28,GIS,Consumer Staples,1,Stable,True,STABLE,False,True,True,0.18044144,-0.05647665
2025-01-28,GL,Financials,1,Stable,True,MIDDLE,False,False,False,0.22705211,0.7016847
2025-01-28,GLW,Information Technology,2,Middle,False,STABLE,False,False,False,0.2710226,1.225671
2025-01-28,GM,Consumer Discretionary,2,Middle,False,MIDDLE,False,False,False,0.38457924,0.86280125
2025-01-28,GNRC,Industrials,2,Middle,False,MIDDLE,False,False,False,0.33195,0.9930339
2025-01-28,GOOG,Communication Services,2,Middle,False,MIDDLE,False,False,False,0.26474622,1.1651839
2025-01-28,GOOGL,Communication Services,2,Middle,False,MIDDLE,False,False,False,0.26732948,1.1478293
2025-01-28,GPC,Consumer Discretionary,1,Stable,True,MIDDLE,False,False,False,0.40531558,0.55891055
2025-01-28,GPN,Financials,1,Stable,True,RISKY,False,False,False,0.30757818,0.89506006
2025-01-28,GRMN,Consumer Discretionary,1,Stable,True,MIDDLE,False,False,False,0.3622807,0.78585744
2025-01-28,GS,Financials,2,Middle,False,RISKY,False,False,False,0.29810295,1.4896795
2025-01-28,GWW,Industrials,1,Stable,True,STABLE,False,True,True,0.20489694,0.798065
2025-01-28,HAL,Energy,1,Stable,True,MIDDLE,False,False,False,0.2913106,0.6606342
2025-01-28,HAS,Consumer Discretionary,1,Stable,True,STABLE,False,True,True,0.22548963,0.36304784
2025-01-28,HBAN,Financials,2,Middle,False,RISKY,False,False,False,0.27679545,1.2249459
2025-01-28,HCA,Health Care,1,Stable,True,STABLE,False,True,True,0.26847833,0.28961647
2025-01-28,HD,Consumer Discretionary,1,Stable,True,STABLE,False,True,True,0.20084807,0.577928
2025-01-28,HIG,Financials,1,Stable,True,STABLE,False,True,True,0.21057856,0.52995974
2025-01-28,HII,Industrials,2,Middle,False,RISKY,False,False,False,0.5000706,1.1604081
2025-01-28,HLT,Consumer Discretionary,1,Stable,True,STABLE,False,True,True,0.17940609,0.84204507
2025-01-28,HOLX,Unknown,1,Stable,True,STABLE,False,True,True,0.1894831,0.09919965
2025-01-28,HON,Industrials,1,Stable,True,STABLE,False,True,True,0.19738096,0.5758094
2025-01-28,HPE,Information Technology,2,Middle,False,MIDDLE,False,False,False,0.4208787,1.6197345
2025-01-28,HPQ,Information Technology,2,Middle,False,STABLE,False,False,False,0.3092333,1.017312
2025-01-28,HRL,Consumer Staples,1,Stable,True,STABLE,False,True,True,0.22324969,-0.00266232
2025-01-28,HSIC,Health Care,1,Stable,True,MIDDLE,False,False,False,0.29457718,0.46527174
2025-01-28,HST,Real Estate,1,Stable,True,RISKY,False,False,False,0.22441779,0.93304795
2025-01-28,HSY,Consumer Staples,1,Stable,True,STABLE,False,True,True,0.27332827,-0.025229923
2025-01-28,HUBB,Industrials,2,Middle,False,MIDDLE,False,False,False,0.29779798,1.4817197
2025-01-28,HUM,Health Care,2,Middle,False,RISKY,False,False,False,0.46175253,0.80500114
2025-01-28,HWM,Industrials,2,Middle,False,MIDDLE,False,False,False,0.3034352,1.4532253
2025-01-28,IBM,Information Technology,1,Stable,True,STABLE,False,True,True,0.20722409,0.73827815
2025-01-28,ICE,Financials,1,Stable,True,STABLE,False,True,True,0.17848736,0.48786312
2025-01-28,IDXX,Health Care,2,Middle,False,MIDDLE,False,False,False,0.27603212,1.0045583
2025-01-28,IEX,Industrials,1,Stable,True,MIDDLE,False,False,False,0.21931027,0.86365306
2025-01-28,IFF,Materials,1,Stable,True,STABLE,False,True,True,0.24906197,0.09500962
2025-01-28,INCY,Health Care,2,Middle,False,MIDDLE,False,False,False,0.34005126,0.876735
2025-01-28,INTC,Information Technology,2,Middle,False,MIDDLE,False,False,False,0.49593988,2.3077831
2025-01-28,INTU,Information Technology,1,Stable,True,STABLE,False,True,True,0.28365076,0.947658
2025-01-28,INVH,Real Estate,1,Stable,True,MIDDLE,False,False,False,0.20575453,0.5973068
2025-01-28,IP,Materials,1,Stable,True,STABLE,False,True,True,0.27814156,0.31995106
2025-01-28,IPG,Unknown,1,Stable,True,MIDDLE,False,False,False,0.23531033,0.6317735
2025-01-28,IQV,Health Care,1,Stable,True,MIDDLE,False,False,False,0.27488226,0.99825704
2025-01-28,IR,Industrials,2,Middle,False,MIDDLE,False,False,False,0.23842604,1.2478477
2025-01-28,IRM,Real Estate,1,Stable,True,RISKY,False,False,False,0.3161909,0.63914335
2025-01-28,ISRG,Health Care,2,Middle,False,MIDDLE,False,False,False,0.2626414,1.147425
2025-01-28,IT,Information Technology,1,Stable,True,STABLE,False,True,True,0.17973717,0.9546563
2025-01-28,ITW,Industrials,1,Stable,True,STABLE,False,True,True,0.15442552,0.5129151
2025-01-28,IVZ,Financials,2,Middle,False,RISKY,False,False,False,0.30209845,1.4494802
2025-01-28,J,Industrials,1,Stable,True,STABLE,False,True,True,0.20885576,0.74828595
2025-01-28,JBHT,Industrials,1,Stable,True,MIDDLE,False,False,False,0.2721428,0.78047675
2025-01-28,JBL,Information Technology,2,Middle,False,STABLE,False,False,False,0.33587497,1.1271623
2025-01-28,JCI,Industrials,2,Middle,False,MIDDLE,False,False,False,0.24442162,1.2870342
2025-01-28,JKHY,Financials,1,Stable,True,STABLE,False,True,True,0.15882756,0.06491291
2025-01-28,JNJ,Health Care,1,Stable,True,STABLE,False,True,True,0.15169258,-0.09467231
2025-01-28,JPM,Financials,1,Stable,True,MIDDLE,False,False,False,0.2570328,0.9786044
2025-01-28,K,Unknown,1,Stable,True,STABLE,False,True,True,0.11719769,0.12680605
2025-01-28,KDP,Consumer Staples,1,Stable,True,STABLE,False,True,True,0.17805322,0.18223532
2025-01-28,KEY,Financials,2,Middle,False,RISKY,False,False,False,0.35339954,1.413244
2025-01-28,KEYS,Information Technology,2,Middle,False,STABLE,False,False,False,0.33701828,1.452187
2025-01-28,KHC,Consumer Staples,1,Stable,True,STABLE,False,True,True,0.18910936,0.2834794
2025-01-28,KIM,Real Estate,1,Stable,True,MIDDLE,False,False,False,0.19019802,0.4270166
2025-01-28,KKR,Financials,2,Middle,False,RISKY,False,False,False,0.31356874,1.8161279
2025-01-28,KLAC,Information Technology,2,Middle,False,MIDDLE,False,False,False,0.4517049,2.1249616
2025-01-28,KMB,Consumer Staples,1,Stable,True,STABLE,False,True,True,0.15612933,-0.07729614
2025-01-28,KMI,Energy,1,Stable,True,MIDDLE,False,False,False,0.25547108,0.69944525
2025-01-28,KMX,Unknown,1,Stable,True,MIDDLE,False,False,False,0.3046924,0.8949359
2025-01-28,KO,Consumer Staples,1,Stable,True,STABLE,False,True,True,0.14340211,-0.025607927
2025-01-28,KR,Consumer Staples,1,Stable,True,STABLE,False,True,True,0.2299812,0.2367493
2025-01-28,KVUE,Consumer Staples,1,Stable,True,STABLE,False,True,True,0.27491572,0.19922952
2025-01-28,L,Financials,1,Stable,True,STABLE,False,True,True,0.19028331,0.65957797
2025-01-28,LDOS,Industrials,1,Stable,True,MIDDLE,False,False,False,0.35167924,0.6549807
2025-01-28,LEN,Consumer Discretionary,1,Stable,True,STABLE,False,True,True,0.30007607,0.47808456
2025-01-28,LH,Health Care,1,Stable,True,STABLE,False,True,True,0.19203037,0.43158472
2025-01-28,LHX,Industrials,1,Stable,True,STABLE,False,True,True,0.21220674,0.34473836
2025-01-28,LII,Industrials,1,Stable,True,MIDDLE,False,False,False,0.25071022,0.9933217
2025-01-28,LIN,Materials,1,Stable,True,STABLE,False,True,True,0.1419907,0.5880112
2025-01-28,LKQ,Unknown,1,Stable,True,STABLE,False,True,True,0.21797843,0.49399418
2025-01-28,LLY,Health Care,1,Stable,True,MIDDLE,False,False,False,0.33687583,0.7697487
2025-01-28,LMT,Industrials,1,Stable,True,STABLE,False,True,True,0.2415287,0.07525491
2025-01-28,LNT,Utilities,1,Stable,True,STABLE,False,True,True,0.18399897,0.031020882
2025-01-28,LOW,Consumer Discretionary,1,Stable,True,STABLE,False,True,True,0.21323353,0.5757137
2025-01-28,LRCX,Information Technology,2,Middle,False,MIDDLE,False,False,False,0.44339022,2.03196
2025-01-28,LULU,Consumer Discretionary,2,Middle,False,MIDDLE,False,False,False,0.3895357,0.8215409
2025-01-28,LUV,Industrials,1,Stable,True,STABLE,False,True,True,0.28565294,0.5327768
2025-01-28,LVS,Consumer Discretionary,1,Stable,True,MIDDLE,False,False,False,0.31226856,0.77248293
2025-01-28,LW,Unknown,2,Middle,False,MIDDLE,False,False,False,0.45808664,0.5905717
2025-01-28,LYB,Materials,1,Stable,True,STABLE,False,True,True,0.19289742,0.50026625
2025-01-28,LYV,Communication Services,1,Stable,True,MIDDLE,False,False,False,0.21365504,0.8786403
2025-01-28,MA,Financials,1,Stable,True,STABLE,False,True,True,0.15356995,0.53259385
2025-01-28,MAA,Real Estate,1,Stable,True,MIDDLE,False,False,False,0.18237685,0.2836922
2025-01-28,MAR,Consumer Discretionary,1,Stable,True,STABLE,False,True,True,0.2003409,0.95390254
2025-01-28,MAS,Industrials,1,Stable,True,STABLE,False,True,True,0.20821589,0.61292154
2025-01-28,MCD,Consumer Discretionary,1,Stable,True,STABLE,False,True,True,0.1642507,0.3853522
2025-01-28,MCHP,Information Technology,2,Middle,False,MIDDLE,False,False,False,0.39838043,1.5959326
2025-01-28,MCK,Health Care,1,Stable,True,STABLE,False,True,True,0.34130263,-0.06675105
2025-01-28,MCO,Financials,1,Stable,True,STABLE,False,True,True,0.19107932,0.67254055
2025-01-28,MDLZ,Consumer Staples,1,Stable,True,STABLE,False,True,True,0.18371579,0.10626957
2025-01-28,MDT,Health Care,1,Stable,True,STABLE,False,True,True,0.18381141,0.31613874
2025-01-28,MET,Financials,1,Stable,True,MIDDLE,False,False,False,0.23495576,0.83080566
2025-01-28,META,Communication Services,2,Middle,False,MIDDLE,False,False,False,0.2637164,1.1817718
2025-01-28,MGM,Consumer Discretionary,2,Middle,False,MIDDLE,False,False,False,0.31916097,1.267775
2025-01-28,MHK,Unknown,2,Middle,False,MIDDLE,False,False,False,0.35464185,0.89996076
2025-01-28,MKC,Consumer Staples,1,Stable,True,STABLE,False,True,True,0.18365078,0.013014506
2025-01-28,MKTX,Unknown,1,Stable,True,STABLE,False,True,True,0.2533907,0.13178517
2025-01-28,MLM,Materials,1,Stable,True,MIDDLE,False,False,False,0.23057647,0.9047783
2025-01-28,MMM,Industrials,1,Stable,True,STABLE,False,True,True,0.21300225,0.7753238
2025-01-28,MNST,Consumer Staples,1,Stable,True,STABLE,False,True,True,0.2816064,-0.03990778
2025-01-28,MO,Consumer Staples,1,Stable,True,STABLE,False,True,True,0.18354724,-0.07895964
2025-01-28,MOH,Unknown,1,Stable,True,STABLE,False,True,True,0.43606648,0.4484103
2025-01-28,MOS,Materials,2,Middle,False,MIDDLE,False,False,False,0.3595373,0.8209468
2025-01-28,MPC,Energy,1,Stable,True,STABLE,False,True,True,0.30763292,0.48629966
2025-01-28,MPWR,Information Technology,2,Middle,False,MIDDLE,False,False,False,0.6280103,3.0348408
2025-01-28,MRK,Health Care,1,Stable,True,STABLE,False,True,True,0.18680216,0.05619045
2025-01-28,MRNA,Health Care,2,Middle,False,RISKY,False,False,False,0.6606409,1.1213678
2025-01-28,MS,Financials,2,Middle,False,RISKY,False,False,False,0.2939666,1.3992004
2025-01-28,MSCI,Financials,1,Stable,True,STABLE,False,True,True,0.19114272,0.5809034
2025-01-28,MSFT,Information Technology,1,Stable,True,STABLE,False,True,True,0.2065824,1.1373413
2025-01-28,MSI,Information Technology,1,Stable,True,STABLE,False,True,True,0.17463097,0.5272131
2025-01-28,MTB,Financials,2,Middle,False,RISKY,False,False,False,0.2859058,1.0260233
2025-01-28,MTCH,Unknown,1,Stable,True,MIDDLE,False,False,False,0.40787566,0.6352747
2025-01-28,MTD,Health Care,1,Stable,True,MIDDLE,False,False,False,0.27285004,0.8658275
2025-01-28,MU,Information Technology,2,Middle,False,MIDDLE,False,False,False,0.60021055,2.2363129
2025-01-28,NCLH,Consumer Discretionary,2,Middle,False,MIDDLE,False,False,False,0.4271966,1.4384265
2025-01-28,NDAQ,Financials,1,Stable,True,STABLE,False,True,True,0.16520654,0.7103118
2025-01-28,NDSN,Industrials,1,Stable,True,MIDDLE,False,False,False,0.2393482,0.8261303
2025-01-28,NEE,Utilities,1,Stable,True,STABLE,False,True,True,0.25097442,0.12351705
2025-01-28,NEM,Materials,1,Stable,True,MIDDLE,False,False,False,0.35648558,0.75970244
2025-01-28,NFLX,Communication Services,2,Middle,False,MIDDLE,False,False,False,0.30769387,1.2127815
2025-01-28,NI,Utilities,1,Stable,True,STABLE,False,True,True,0.15754916,0.20821397
2025-01-28,NKE,Consumer Discretionary,1,Stable,True,STABLE,False,True,True,0.26446,0.37795228
2025-01-28,NOC,Industrials,1,Stable,True,STABLE,False,True,True,0.18541706,0.21128863
2025-01-28,NOW,Information Technology,2,Middle,False,STABLE,False,False,False,0.271005,1.3792919
2025-01-28,NRG,Utilities,2,Middle,False,RISKY,False,False,False,0.4455338,1.496657
2025-01-28,NSC,Industrials,1,Stable,True,MIDDLE,False,False,False,0.2628385,0.7500792
2025-01-28,NTAP,Information Technology,2,Middle,False,STABLE,False,False,False,0.31925437,1.3849986
2025-01-28,NTRS,Financials,1,Stable,True,MIDDLE,False,False,False,0.22375624,0.80568874
2025-01-28,NUE,Materials,2,Middle,False,MIDDLE,False,False,False,0.3837479,1.2161485
2025-01-28,NVDA,Information Technology,2,Middle,False,MIDDLE,False,False,False,0.5508766,2.8097196
2025-01-28,NVR,Consumer Discretionary,1,Stable,True,STABLE,False,True,True,0.22100529,0.4873415
2025-01-28,NWS,Communication Services,1,Stable,True,MIDDLE,False,False,False,0.1935968,0.7530269
2025-01-28,NWSA,Communication Services,1,Stable,True,MIDDLE,False,False,False,0.1926878,0.75732744
2025-01-28,NXPI,Information Technology,2,Middle,False,MIDDLE,False,False,False,0.34923792,1.6435447
2025-01-28,O,Real Estate,1,Stable,True,STABLE,False,True,True,0.1775991,0.06586043
2025-01-28,ODFL,Industrials,2,Middle,False,MIDDLE,False,False,False,0.3270974,1.1400914
2025-01-28,OKE,Energy,1,Stable,True,MIDDLE,False,False,False,0.26340994,0.68323094
2025-01-28,OMC,Communication Services,1,Stable,True,MIDDLE,False,False,False,0.2630581,0.78997356
2025-01-28,ON,Information Technology,2,Middle,False,MIDDLE,False,False,False,0.44836387,2.1608877
2025-01-28,ORCL,Information Technology,2,Middle,False,MIDDLE,False,False,False,0.40485585,1.653584
2025-01-28,ORLY,Consumer Discretionary,1,Stable,True,STABLE,False,True,True,0.16728559,0.42802626
2025-01-28,OTIS,Industrials,1,Stable,True,STABLE,False,True,True,0.17460698,0.44466418
2025-01-28,OXY,Energy,1,Stable,True,STABLE,False,True,True,0.23857267,0.32941705
2025-01-28,PANW,Information Technology,2,Middle,False,STABLE,False,False,False,0.32371527,1.3354069
2025-01-28,PARA,Unknown,3,Risky,False,RISKY,False,False,False,2.1864061,-0.17847522
2025-01-28,PAYC,Unknown,2,Middle,False,MIDDLE,False,False,False,0.4043825,0.7254219
2025-01-28,PAYX,Industrials,1,Stable,True,STABLE,False,True,True,0.19039977,0.58112717
2025-01-28,PCAR,Industrials,1,Stable,True,MIDDLE,False,False,False,0.2414041,0.8831723
2025-01-28,PCG,Utilities,1,Stable,True,MIDDLE,False,False,False,0.28671575,0.50262684
2025-01-28,PEG,Utilities,1,Stable,True,MIDDLE,False,False,False,0.23568188,0.51619107
2025-01-28,PEP,Consumer Staples,1,Stable,True,STABLE,False,True,True,0.16348828,0.0035442447
2025-01-28,PFE,Health Care,1,Stable,True,STABLE,False,True,True,0.21901836,0.22475389
2025-01-28,PFG,Financials,1,Stable,True,MIDDLE,False,False,False,0.21635687,0.8955233
2025-01-28,PG,Consumer Staples,1,Stable,True,STABLE,False,True,True,0.16151348,-0.09374348
2025-01-28,PGR,Financials,1,Stable,True,STABLE,False,True,True,0.21106686,0.45021585
2025-01-28,PH,Industrials,2,Middle,False,MIDDLE,False,False,False,0.25973335,1.2915101
2025-01-28,PHM,Consumer Discretionary,1,Stable,True,STABLE,False,True,True,0.2981273,0.6205872
2025-01-28,PKG,Materials,1,Stable,True,STABLE,False,True,True,0.16892342,0.5583092
2025-01-28,PLD,Real Estate,1,Stable,True,RISKY,False,False,False,0.2626997,0.6477741
2025-01-28,PLTR,Information Technology,2,Middle,False,MIDDLE,False,False,False,0.621354,2.4409506
2025-01-28,PM,Consumer Staples,1,Stable,True,STABLE,False,True,True,0.23578878,-0.047558174
2025-01-28,PNC,Financials,1,Stable,True,MIDDLE,False,False,False,0.23498057,0.9519007
2025-01-28,PNR,Industrials,1,Stable,True,MIDDLE,False,False,False,0.19095068,0.92598623
2025-01-28,PNW,Utilities,1,Stable,True,STABLE,False,True,True,0.16847023,0.18356028
2025-01-28,PODD,Health Care,1,Stable,True,MIDDLE,False,False,False,0.3426165,0.57856256
2025-01-28,POOL,Unknown,1,Stable,True,MIDDLE,False,False,False,0.2733351,0.7214722
2025-01-28,PPG,Materials,1,Stable,True,STABLE,False,True,True,0.18285894,0.40040925
2025-01-28,PPL,Utilities,1,Stable,True,STABLE,False,True,True,0.16430035,0.05030835
2025-01-28,PRU,Financials,1,Stable,True,MIDDLE,False,False,False,0.22709593,0.9109776
2025-01-28,PSA,Real Estate,1,Stable,True,STABLE,False,True,True,0.22829072,0.2969373
2025-01-28,PSX,Energy,1,Stable,True,MIDDLE,False,False,False,0.25656077,0.6054596
2025-01-28,PTC,Information Technology,1,Stable,True,STABLE,False,True,True,0.20979515,1.0091963
2025-01-28,PWR,Industrials,2,Middle,False,RISKY,False,False,False,0.4194072,1.8603965
2025-01-28,PYPL,Financials,2,Middle,False,RISKY,False,False,False,0.30876103,1.1968943
2025-01-28,QCOM,Information Technology,2,Middle,False,MIDDLE,False,False,False,0.33678597,1.7543849
2025-01-28,RCL,Consumer Discretionary,2,Middle,False,MIDDLE,False,False,False,0.36226496,1.516564
2025-01-28,REG,Real Estate,1,Stable,True,MIDDLE,False,False,False,0.16282752,0.35390285
2025-01-28,REGN,Health Care,2,Middle,False,MIDDLE,False,False,False,0.28744996,1.0060555
2025-01-28,RF,Financials,2,Middle,False,MIDDLE,False,False,False,0.26701814,1.1044135
2025-01-28,RJF,Financials,1,Stable,True,MIDDLE,False,False,False,0.2592426,1.0058675
2025-01-28,RL,Consumer Discretionary,2,Middle,False,MIDDLE,False,False,False,0.2769098,1.1211776
2025-01-28,RMD,Health Care,1,Stable,True,MIDDLE,False,False,False,0.2832163,0.7609166
2025-01-28,ROK,Industrials,2,Middle,False,MIDDLE,False,False,False,0.27441764,1.0353107
2025-01-28,ROL,Industrials,1,Stable,True,STABLE,False,True,True,0.19629206,0.28974178
2025-01-28,ROP,Information Technology,1,Stable,True,STABLE,False,True,True,0.16694845,0.7696397
2025-01-28,ROST,Consumer Discretionary,1,Stable,True,STABLE,False,True,True,0.22453663,0.58531106
2025-01-28,RSG,Industrials,1,Stable,True,STABLE,False,True,True,0.14637339,0.3723288
2025-01-28,RTX,Industrials,1,Stable,True,STABLE,False,True,True,0.18270461,0.44703212
2025-01-28,RVTY,Health Care,1,Stable,True,MIDDLE,False,False,False,0.27666724,0.8420328
2025-01-28,SBAC,Real Estate,1,Stable,True,STABLE,False,True,True,0.24428248,-0.06011454
2025-01-28,SBUX,Consumer Discretionary,2,Middle,False,MIDDLE,False,False,False,0.38528162,0.7975835
2025-01-28,SCHW,Financials,1,Stable,True,MIDDLE,False,False,False,0.25311267,0.615454
2025-01-28,SHW,Materials,1,Stable,True,STABLE,False,True,True,0.20684336,0.74280727
2025-01-28,SJM,Consumer Staples,1,Stable,True,STABLE,False,True,True,0.23440546,0.21655767
2025-01-28,SLB,Energy,1,Stable,True,MIDDLE,False,False,False,0.29603493,0.7511753
2025-01-28,SMCI,Information Technology,3,Risky,False,RISKY,False,False,False,1.2942572,2.3469136
2025-01-28,SNA,Industrials,1,Stable,True,MIDDLE,False,False,False,0.22069849,0.82399184
2025-01-28,SNPS,Information Technology,2,Middle,False,MIDDLE,False,False,False,0.40295035,2.0061498
2025-01-28,SO,Utilities,1,Stable,True,STABLE,False,True,True,0.17741236,-0.1420016
2025-01-28,SOLV,Health Care,1,Stable,True,MIDDLE,False,False,False,0.25803325,0.8783797
2025-01-28,SPG,Real Estate,1,Stable,True,MIDDLE,False,False,False,0.20174102,0.65453947
2025-01-28,SPGI,Financials,1,Stable,True,STABLE,False,True,True,0.1564473,0.61829424
2025-01-28,SRE,Utilities,1,Stable,True,MIDDLE,False,False,False,0.23438515,0.57231116
2025-01-28,STE,Health Care,1,Stable,True,STABLE,False,True,True,0.19715175,0.29305688
2025-01-28,STLD,Materials,2,Middle,False,MIDDLE,False,False,False,0.35920617,1.128744
2025-01-28,STT,Financials,1,Stable,True,MIDDLE,False,False,False,0.20897491,0.7284257
2025-01-28,STX,Information Technology,2,Middle,False,STABLE,False,False,False,0.31556958,1.265624
2025-01-28,STZ,Consumer Staples,1,Stable,True,MIDDLE,False,False,False,0.3377816,0.38453603
2025-01-28,SWK,Industrials,1,Stable,True,MIDDLE,False,False,False,0.2814232,0.67249936
2025-01-28,SWKS,Information Technology,2,Middle,False,STABLE,False,False,False,0.32248455,1.4430356
2025-01-28,SYF,Financials,2,Middle,False,RISKY,False,False,False,0.37935576,1.5720148
2025-01-28,SYK,Health Care,1,Stable,True,STABLE,False,True,True,0.18520446,0.5707487
2025-01-28,SYY,Consumer Staples,1,Stable,True,STABLE,False,True,True,0.19017364,0.10616073
2025-01-28,T,Communication Services,1,Stable,True,STABLE,False,True,True,0.211012,-0.15126072
2025-01-28,TAP,Consumer Staples,1,Stable,True,STABLE,False,True,True,0.25507915,0.35748953
2025-01-28,TDG,Industrials,1,Stable,True,MIDDLE,False,False,False,0.25805688,0.9492073
2025-01-28,TDY,Information Technology,1,Stable,True,STABLE,False,True,True,0.2062147,0.76632565
2025-01-28,TECH,Health Care,2,Middle,False,RISKY,False,False,False,0.37224388,1.2202368
2025-01-28,TEL,Information Technology,1,Stable,True,STABLE,False,True,True,0.21358289,1.071364
2025-01-28,TER,Information Technology,2,Middle,False,MIDDLE,False,False,False,0.44609654,2.079871
2025-01-28,TFC,Financials,2,Middle,False,RISKY,False,False,False,0.2772153,1.1503392
2025-01-28,TFX,Unknown,1,Stable,True,MIDDLE,False,False,False,0.30554765,0.72313315
2025-01-28,TGT,Consumer Staples,1,Stable,True,MIDDLE,False,False,False,0.45104197,0.29977098
2025-01-28,TJX,Consumer Discretionary,1,Stable,True,STABLE,False,True,True,0.17238553,0.51235795
2025-01-28,TMO,Health Care,1,Stable,True,STABLE,False,True,True,0.18779503,0.48306045
2025-01-28,TMUS,Communication Services,1,Stable,True,STABLE,False,True,True,0.21566968,0.44108313
2025-01-28,TPL,Energy,2,Middle,False,RISKY,False,False,False,0.5089573,1.1463262
2025-01-28,TPR,Consumer Discretionary,2,Middle,False,MIDDLE,False,False,False,0.3650751,0.8806114
2025-01-28,TRGP,Energy,1,Stable,True,MIDDLE,False,False,False,0.29018033,0.7405172
2025-01-28,TRMB,Information Technology,2,Middle,False,STABLE,False,False,False,0.3205864,1.4591323
2025-01-28,TROW,Financials,2,Middle,False,MIDDLE,False,False,False,0.21970917,1.1416404
2025-01-28,TRV,Financials,1,Stable,True,MIDDLE,False,False,False,0.24687171,0.5305127
2025-01-28,TSCO,Consumer Discretionary,1,Stable,True,STABLE,False,True,True,0.25809404,0.7050096
2025-01-28,TSLA,Consumer Discretionary,2,Middle,False,RISKY,False,False,False,0.6632843,2.7397947
2025-01-28,TSN,Consumer Staples,1,Stable,True,STABLE,False,True,True,0.217682,0.031289894
2025-01-28,TT,Industrials,2,Middle,False,MIDDLE,False,False,False,0.24510428,1.1338316
2025-01-28,TTWO,Communication Services,1,Stable,True,MIDDLE,False,False,False,0.24417834,0.79087085
2025-01-28,TXN,Information Technology,2,Middle,False,STABLE,False,False,False,0.3228798,1.3734583
2025-01-28,TXT,Industrials,1,Stable,True,MIDDLE,False,False,False,0.2361086,0.89337677
2025-01-28,TYL,Information Technology,1,Stable,True,STABLE,False,True,True,0.1983981,0.58500004
2025-01-28,UAL,Industrials,2,Middle,False,RISKY,False,False,False,0.41511998,1.18116
2025-01-28,UBER,Industrials,2,Middle,False,RISKY,False,False,False,0.41204813,0.9419989
2025-01-28,UDR,Real Estate,1,Stable,True,MIDDLE,False,False,False,0.19228321,0.44564623
2025-01-28,UHS,Health Care,1,Stable,True,MIDDLE,False,False,False,0.29372406,0.54935515
2025-01-28,ULTA,Consumer Discretionary,1,Stable,True,MIDDLE,False,False,False,0.35975966,0.7654709
2025-01-28,UNH,Health Care,1,Stable,True,STABLE,False,True,True,0.30111438,0.26442152
2025-01-28,UNP,Industrials,1,Stable,True,STABLE,False,True,True,0.21886304,0.5379801
2025-01-28,UPS,Industrials,1,Stable,True,STABLE,False,True,True,0.21213087,0.4468232
2025-01-28,URI,Industrials,2,Middle,False,MIDDLE,False,False,False,0.3155105,1.4885223
2025-01-28,USB,Financials,2,Middle,False,RISKY,False,False,False,0.2708212,1.1065813
2025-01-28,V,Financials,1,Stable,True,STABLE,False,True,True,0.17765088,0.47217828
2025-01-28,VICI,Real Estate,1,Stable,True,MIDDLE,False,False,False,0.17708738,0.2601496
2025-01-28,VLO,Energy,1,Stable,True,STABLE,False,True,True,0.30402443,0.40843773
2025-01-28,VLTO,Industrials,1,Stable,True,STABLE,False,True,True,0.17016496,0.5551067
2025-01-28,VMC,Materials,1,Stable,True,MIDDLE,False,False,False,0.25157967,0.98038226
2025-01-28,VRSK,Industrials,1,Stable,True,STABLE,False,True,True,0.16822135,0.27249843
2025-01-28,VRSN,Information Technology,1,Stable,True,STABLE,False,True,True,0.203036,0.4448179
2025-01-28,VRTX,Health Care,1,Stable,True,MIDDLE,False,False,False,0.30435085,0.7934557
2025-01-28,VST,Utilities,2,Middle,False,RISKY,False,False,False,0.7882243,2.5331628
2025-01-28,VTR,Real Estate,1,Stable,True,STABLE,False,True,True,0.19914061,0.15566169
2025-01-28,VTRS,Health Care,1,Stable,True,MIDDLE,False,False,False,0.3120632,0.66050017
2025-01-28,VZ,Communication Services,1,Stable,True,STABLE,False,True,True,0.19921164,-0.03750995
2025-01-28,WAB,Industrials,1,Stable,True,MIDDLE,False,False,False,0.18467432,1.0159911
2025-01-28,WAT,Health Care,1,Stable,True,MIDDLE,False,False,False,0.3572466,0.7202055
2025-01-28,WBA,Unknown,2,Middle,False,STABLE,False,False,False,0.6729154,-0.18734719
2025-01-28,WBD,Communication Services,2,Middle,False,RISKY,False,False,False,0.53341395,0.8871905
2025-01-28,WDAY,Information Technology,2,Middle,False,STABLE,False,False,False,0.32774106,1.0552169
2025-01-28,WDC,Information Technology,2,Middle,False,MIDDLE,False,False,False,0.36011323,1.6074729
2025-01-28,WEC,Utilities,1,Stable,True,STABLE,False,True,True,0.15681025,-0.010290613
2025-01-28,WELL,Real Estate,1,Stable,True,STABLE,False,True,True,0.20408468,0.22544341
2025-01-28,WFC,Financials,2,Middle,False,RISKY,False,False,False,0.3177946,1.1680979
2025-01-28,WM,Industrials,1,Stable,True,STABLE,False,True,True,0.15751737,0.39254624
2025-01-28,WMB,Energy,1,Stable,True,MIDDLE,False,False,False,0.25993708,0.7522103
2025-01-28,WMT,Consumer Staples,1,Stable,True,STABLE,False,True,True,0.18579696,0.33383334
2025-01-28,WRB,Financials,1,Stable,True,STABLE,False,True,True,0.20761408,0.34370804
2025-01-28,WST,Health Care,1,Stable,True,MIDDLE,False,False,False,0.36453626,0.7191602
2025-01-28,WTW,Financials,1,Stable,True,STABLE,False,True,True,0.17200166,0.123428464
2025-01-28,WY,Real Estate,1,Stable,True,MIDDLE,False,False,False,0.23868187,0.51753956
2025-01-28,WYNN,Consumer Discretionary,1,Stable,True,MIDDLE,False,False,False,0.3643657,0.5284064
2025-01-28,XEL,Utilities,1,Stable,True,STABLE,False,True,True,0.18870145,0.021226645
2025-01-28,XOM,Energy,1,Stable,True,STABLE,False,True,True,0.20239523,0.21312596
2025-01-28,XYL,Industrials,1,Stable,True,MIDDLE,False,False,False,0.21712852,0.8816661
2025-01-28,YUM,Consumer Discretionary,1,Stable,True,STABLE,False,True,True,0.16852401,0.4580235
2025-01-28,ZBH,Health Care,1,Stable,True,STABLE,False,True,True,0.24012403,0.38643312
2025-01-28,ZBRA,Information Technology,2,Middle,False,STABLE,False,False,False,0.24878952,1.3201607
2025-01-28,ZTS,Health Care,1,Stable,True,STABLE,False,True,True,0.21795899,0.31076184
2025-07-22,A,Health Care,2,Middle,False,MIDDLE,False,False,False,0.3611816,1.1295882
2025-07-22,AAPL,Information Technology,2,Middle,False,MIDDLE,False,False,False,0.3944431,1.393663
2025-07-22,ABBV,Health Care,1,Stable,True,STABLE,False,True,True,0.2916264,0.556716
2025-07-22,ABNB,Consumer Discretionary,2,Middle,False,MIDDLE,False,False,False,0.4541459,1.348423
2025-07-22,ABT,Health Care,1,Stable,True,STABLE,False,True,True,0.2509986,0.28406852
2025-07-22,ACGL,Financials,1,Stable,True,STABLE,False,True,True,0.2838313,0.61033154
2025-07-22,ACN,Information Technology,1,Stable,True,STABLE,False,True,True,0.30498877,0.8297383
2025-07-22,ADBE,Information Technology,2,Middle,False,STABLE,False,False,False,0.35911006,0.93713695
2025-07-22,ADI,Information Technology,3,Risky,False,MIDDLE,False,False,False,0.47650906,1.6795814
2025-07-22,ADM,Consumer Staples,1,Stable,True,MIDDLE,False,False,False,0.31869766,0.47988352
2025-07-22,ADP,Industrials,1,Stable,True,STABLE,False,True,True,0.22330852,0.6234198
2025-07-22,ADSK,Information Technology,2,Middle,False,STABLE,False,False,False,0.31044683,0.9488423
2025-07-22,AEE,Utilities,1,Stable,True,STABLE,False,True,True,0.18945085,0.2837814
2025-07-22,AEP,Utilities,1,Stable,True,STABLE,False,True,True,0.20052196,0.09662324
2025-07-22,AES,Utilities,3,Risky,False,RISKY,False,False,False,0.58333516,1.2077327
2025-07-22,AFL,Financials,1,Stable,True,STABLE,False,True,True,0.24730366,0.601196
2025-07-22,AIG,Financials,1,Stable,True,STABLE,False,True,True,0.2647498,0.6755389
2025-07-22,AIZ,Financials,1,Stable,True,STABLE,False,True,True,0.28557757,0.78209525
2025-07-22,AJG,Financials,1,Stable,True,STABLE,False,True,True,0.25754774,0.43264264
2025-07-22,AKAM,Information Technology,2,Middle,False,MIDDLE,False,False,False,0.5162496,1.2787569
2025-07-22,ALB,Materials,3,Risky,False,RISKY,False,False,False,0.6261679,1.7802486
2025-07-22,ALGN,Health Care,2,Middle,False,MIDDLE,False,False,False,0.40940467,1.2292998
2025-07-22,ALL,Financials,1,Stable,True,STABLE,False,True,True,0.28167593,0.5917838
2025-07-22,ALLE,Industrials,1,Stable,True,STABLE,False,True,True,0.29548514,0.69691837
2025-07-22,AMAT,Information Technology,3,Risky,False,MIDDLE,False,False,False,0.4696903,1.5634135
2025-07-22,AMCR,Materials,1,Stable,True,STABLE,False,True,True,0.25321788,0.59674644
2025-07-22,AMD,Information Technology,3,Risky,False,RISKY,False,False,False,0.58708125,1.9476433
2025-07-22,AME,Industrials,1,Stable,True,STABLE,False,True,True,0.24751186,0.87549716
2025-07-22,AMGN,Health Care,1,Stable,True,STABLE,False,True,True,0.29526854,0.45474997
2025-07-22,AMP,Financials,2,Middle,False,MIDDLE,False,False,False,0.34315565,1.2289832
2025-07-22,AMT,Real Estate,1,Stable,True,STABLE,False,True,True,0.26089352,0.04368166
2025-07-22,AMZN,Consumer Discretionary,2,Middle,False,MIDDLE,False,False,False,0.37777364,1.3172141
2025-07-22,ANET,Information Technology,3,Risky,False,RISKY,False,False,False,0.56839544,1.6075658
2025-07-22,AON,Financials,1,Stable,True,STABLE,False,True,True,0.2419792,0.43581155
2025-07-22,AOS,Industrials,1,Stable,True,STABLE,False,True,True,0.27429673,0.6090517
2025-07-22,APA,Energy,3,Risky,False,RISKY,False,False,False,0.655444,1.9422036
2025-07-22,APD,Materials,2,Middle,False,STABLE,False,False,False,0.28380924,0.93708044
2025-07-22,APH,Information Technology,2,Middle,False,MIDDLE,False,False,False,0.36336616,1.2421954
2025-07-22,APO,Financials,3,Risky,False,RISKY,False,False,False,0.51115346,1.8103372
2025-07-22,APTV,Consumer Discretionary,2,Middle,False,MIDDLE,False,False,False,0.40987462,1.2288766
2025-07-22,ARE,Real Estate,2,Middle,False,RISKY,False,False,False,0.34259245,0.86607116
2025-07-22,ATO,Utilities,1,Stable,True,STABLE,False,True,True,0.1791006,0.20862755
2025-07-22,AVB,Real Estate,1,Stable,True,MIDDLE,False,False,False,0.24584045,0.72962713
2025-07-22,AVGO,Information Technology,3,Risky,False,RISKY,False,False,False,0.542608,1.7107619
2025-07-22,AVY,Materials,1,Stable,True,STABLE,False,True,True,0.2626078,0.6446546
2025-07-22,AWK,Utilities,1,Stable,True,STABLE,False,True,True,0.25118575,-0.19202802
2025-07-22,AXON,Industrials,3,Risky,False,RISKY,False,False,False,0.59898597,1.1836985
2025-07-22,AXP,Financials,2,Middle,False,MIDDLE,False,False,False,0.37928763,1.4121383
2025-07-22,AZO,Consumer Discretionary,1,Stable,True,STABLE,False,True,True,0.2345343,0.21740493
2025-07-22,BA,Industrials,2,Middle,False,MIDDLE,False,False,False,0.44543663,1.3556159
2025-07-22,BAC,Financials,2,Middle,False,MIDDLE,False,False,False,0.3337825,1.0854015
2025-07-22,BALL,Materials,1,Stable,True,STABLE,False,True,True,0.28290567,0.569252
2025-07-22,BAX,Health Care,2,Middle,False,MIDDLE,False,False,False,0.38233152,0.93119085
2025-07-22,BBY,Consumer Discretionary,3,Risky,False,MIDDLE,False,False,False,0.5486904,1.5232077
2025-07-22,BDX,Health Care,1,Stable,True,STABLE,False,True,True,0.38544005,0.56821567
2025-07-22,BEN,Financials,2,Middle,False,MIDDLE,False,False,False,0.37029392,1.0859096
2025-07-22,BF-B,Consumer Staples,2,Middle,False,RISKY,False,False,False,0.4605687,0.6551584
2025-07-22,BG,Consumer Staples,1,Stable,True,MIDDLE,False,False,False,0.32451794,0.50620157
2025-07-22,BIIB,Health Care,1,Stable,True,STABLE,False,True,True,0.34122783,0.6935275
2025-07-22,BKNG,Consumer Discretionary,2,Middle,False,STABLE,False,False,False,0.30536008,1.0312045
2025-07-22,BKR,Energy,2,Middle,False,MIDDLE,False,False,False,0.40911296,1.2302563
2025-07-22,BLDR,Industrials,2,Middle,False,MIDDLE,False,False,False,0.4828618,1.065574
2025-07-22,BLK,Financials,2,Middle,False,MIDDLE,False,False,False,0.32897943,1.1644642
2025-07-22,BMY,Health Care,1,Stable,True,STABLE,False,True,True,0.30320892,0.3321091
2025-07-22,BR,Industrials,1,Stable,True,STABLE,False,True,True,0.24002537,0.6883444
2025-07-22,BRK-B,Financials,1,Stable,True,STABLE,False,True,True,0.2249935,0.6093963
2025-07-22,BRO,Financials,1,Stable,True,STABLE,False,True,True,0.2419752,0.4267671
2025-07-22,BSX,Health Care,1,Stable,True,STABLE,False,True,True,0.27130976,0.8173041
2025-07-22,BX,Financials,3,Risky,False,RISKY,False,False,False,0.46572632,1.6463555
2025-07-22,BXP,Real Estate,2,Middle,False,RISKY,False,False,False,0.3459144,0.97714007
2025-07-22,C,Financials,2,Middle,False,MIDDLE,False,False,False,0.38464355,1.314031
2025-07-22,CAG,Unknown,1,Stable,True,STABLE,False,True,True,0.27193666,0.121837586
2025-07-22,CAH,Health Care,1,Stable,True,STABLE,False,True,True,0.22492851,0.5050922
2025-07-22,CARR,Industrials,2,Middle,False,MIDDLE,False,False,False,0.36189908,1.1007471
2025-07-22,CAT,Industrials,2,Middle,False,MIDDLE,False,False,False,0.32811567,1.14476
2025-07-22,CB,Financials,1,Stable,True,STABLE,False,True,True,0.22743899,0.35436353
2025-07-22,CBOE,Financials,1,Stable,True,STABLE,False,True,True,0.24273637,-0.0835738
2025-07-22,CBRE,Real Estate,2,Middle,False,RISKY,False,False,False,0.32583717,1.0440605
2025-07-22,CCI,Real Estate,1,Stable,True,STABLE,False,True,True,0.28418413,0.16415109
2025-07-22,CCL,Consumer Discretionary,3,Risky,False,RISKY,False,False,False,0.56070113,1.9234424
2025-07-22,CDNS,Information Technology,2,Middle,False,MIDDLE,False,False,False,0.42561856,1.3039551
2025-07-22,CDW,Information Technology,2,Middle,False,STABLE,False,False,False,0.35684335,1.1292425
2025-07-22,CEG,Utilities,3,Risky,False,RISKY,False,False,False,0.5988475,1.7959485
2025-07-22,CF,Materials,1,Stable,True,STABLE,False,True,True,0.34348622,0.4535388
2025-07-22,CFG,Financials,2,Middle,False,MIDDLE,False,False,False,0.38616943,1.3143739
2025-07-22,CHD,Consumer Staples,1,Stable,True,STABLE,False,True,True,0.22581777,0.13277246
2025-07-22,CHRW,Industrials,1,Stable,True,STABLE,False,True,True,0.31097016,0.79448813
2025-07-22,CHTR,Communication Services,2,Middle,False,MIDDLE,False,False,False,0.377958,0.8269126
2025-07-22,CI,Health Care,1,Stable,True,STABLE,False,True,True,0.28049675,0.09785279
2025-07-22,CINF,Financials,1,Stable,True,STABLE,False,True,True,0.27984557,0.7547903
2025-07-22,CL,Consumer Staples,1,Stable,True,STABLE,False,True,True,0.23666131,0.13442096
2025-07-22,CLX,Consumer Staples,1,Stable,True,STABLE,False,True,True,0.2515767,0.29598814
2025-07-22,CMCSA,Communication Services,1,Stable,True,MIDDLE,False,False,False,0.3101371,0.6961209
2025-07-22,CME,Financials,1,Stable,True,STABLE,False,True,True,0.20238939,-0.026528137
2025-07-22,CMG,Consumer Discretionary,2,Middle,False,STABLE,False,False,False,0.34573117,0.92447203
2025-07-22,CMI,Industrials,2,Middle,False,MIDDLE,False,False,False,0.35521036,1.2821996
2025-07-22,CMS,Utilities,1,Stable,True,STABLE,False,True,True,0.18670738,0.14708036
2025-07-22,CNC,Health Care,3,Risky,False,RISKY,False,False,False,0.8240204,0.029132335
2025-07-22,CNP,Utilities,1,Stable,True,STABLE,False,True,True,0.17265584,0.24105313
2025-07-22,COF,Financials,2,Middle,False,RISKY,False,False,False,0.44423962,1.5503031
2025-07-22,COIN,Financials,3,Risky,False,RISKY,False,False,False,0.81070083,1.9596442
2025-07-22,COO,Health Care,2,Middle,False,MIDDLE,False,False,False,0.40585625,0.8478007
2025-07-22,COP,Energy,2,Middle,False,MIDDLE,False,False,False,0.41710043,1.1704595
2025-07-22,COR,Health Care,1,Stable,True,STABLE,False,True,True,0.22208798,-0.00065314985
2025-07-22,COST,Consumer Staples,1,Stable,True,MIDDLE,False,False,False,0.25558224,0.5935049
2025-07-22,CPAY,Financials,2,Middle,False,RISKY,False,False,False,0.44285068,1.568182
2025-07-22,CPB,Unknown,1,Stable,True,STABLE,False,True,True,0.28005114,0.25192043
2025-07-22,CPRT,Industrials,1,Stable,True,STABLE,False,True,True,0.28302124,0.6513525
2025-07-22,CPT,Real Estate,1,Stable,True,MIDDLE,False,False,False,0.23731305,0.6407939
2025-07-22,CRL,Health Care,3,Risky,False,MIDDLE,False,False,False,0.6989868,1.5043337
2025-07-22,CRM,Information Technology,2,Middle,False,STABLE,False,False,False,0.3349516,1.1036316
2025-07-22,CRWD,Information Technology,3,Risky,False,MIDDLE,False,False,False,0.5169153,1.494178
2025-07-22,CSCO,Information Technology,1,Stable,True,STABLE,False,True,True,0.25823408,0.9051699
2025-07-22,CSGP,Real Estate,2,Middle,False,RISKY,False,False,False,0.34509063,0.92596996
2025-07-22,CSX,Industrials,1,Stable,True,STABLE,False,True,True,0.2579073,0.78214
2025-07-22,CTAS,Industrials,1,Stable,True,STABLE,False,True,True,0.2503812,0.70208484
2025-07-22,CTRA,Unknown,2,Middle,False,MIDDLE,False,False,False,0.35251802,0.8307489
2025-07-22,CTSH,Information Technology,2,Middle,False,STABLE,False,False,False,0.293375,0.9199292
2025-07-22,CTVA,Materials,1,Stable,True,STABLE,False,True,True,0.26982397,0.7383391
2025-07-22,CVS,Health Care,1,Stable,True,STABLE,False,True,True,0.35127476,0.3789324
2025-07-22,CVX,Energy,1,Stable,True,STABLE,False,True,True,0.30348256,0.82157713
2025-07-22,CZR,Unknown,3,Risky,False,MIDDLE,False,False,False,0.54008406,1.6090021
2025-07-22,D,Utilities,1,Stable,True,MIDDLE,False,False,False,0.25288248,0.44765353
2025-07-22,DAL,Industrials,3,Risky,False,RISKY,False,False,False,0.6054887,1.9386901
2025-07-22,DASH,Consumer Discretionary,2,Middle,False,MIDDLE,False,False,False,0.46572095,1.3567798
2025-07-22,DAY,Unknown,2,Middle,False,MIDDLE,False,False,False,0.44497514,1.3854456
2025-07-22,DD,Materials,2,Middle,False,MIDDLE,False,False,False,0.4285088,1.4893938
2025-07-22,DDOG,Information Technology,2,Middle,False,MIDDLE,False,False,False,0.47622263,1.3039035
2025-07-22,DE,Industrials,1,Stable,True,STABLE,False,True,True,0.29973313,0.84111464
2025-07-22,DECK,Consumer Discretionary,3,Risky,False,RISKY,False,False,False,0.6789201,1.4505262
2025-07-22,DELL,Information Technology,3,Risky,False,RISKY,False,False,False,0.5826931,1.8368425
2025-07-22,DG,Consumer Staples,1,Stable,True,MIDDLE,False,False,False,0.40268123,-0.16973962
2025-07-22,DGX,Health Care,1,Stable,True,STABLE,False,True,True,0.25065404,0.36175606
2025-07-22,DHI,Consumer Discretionary,1,Stable,True,STABLE,False,True,True,0.41645995,0.57465965
2025-07-22,DHR,Health Care,2,Middle,False,MIDDLE,False,False,False,0.37688392,1.0700524
2025-07-22,DIS,Communication Services,2,Middle,False,MIDDLE,False,False,False,0.3692019,1.2046955
2025-07-22,DLR,Real Estate,1,Stable,True,MIDDLE,False,False,False,0.27882662,0.79769963
2025-07-22,DLTR,Consumer Staples,2,Middle,False,RISKY,False,False,False,0.50345564,0.69124347
2025-07-22,DOC,Real Estate,1,Stable,True,STABLE,False,True,True,0.23534687,0.5294782
2025-07-22,DOV,Industrials,2,Middle,False,MIDDLE,False,False,False,0.32063964,1.1807989
2025-07-22,DOW,Materials,3,Risky,False,RISKY,False,False,False,0.49851346,1.4818064
2025-07-22,DPZ,Consumer Discretionary,1,Stable,True,STABLE,False,True,True,0.2973714,0.63946104
2025-07-22,DRI,Consumer Discretionary,1,Stable,True,STABLE,False,True,True,0.27290043,0.68717724
2025-07-22,DTE,Utilities,1,Stable,True,STABLE,False,True,True,0.19075619,0.3163393
2025-07-22,DUK,Utilities,1,Stable,True,STABLE,False,True,True,0.18887436,0.008642946
2025-07-22,DVA,Health Care,1,Stable,True,STABLE,False,True,True,0.33860207,0.5409417
2025-07-22,DVN,Energy,3,Risky,False,RISKY,False,False,False,0.52074474,1.515429
2025-07-22,DXCM,Health Care,2,Middle,False,MIDDLE,False,False,False,0.46146145,1.120489
2025-07-22,EA,Communication Services,1,Stable,True,STABLE,False,True,True,0.2650909,0.36713544
2025-07-22,EBAY,Consumer Discretionary,1,Stable,True,STABLE,False,True,True,0.28478307,0.5528058
2025-07-22,ECL,Materials,1,Stable,True,STABLE,False,True,True,0.22013335,0.58804744
2025-07-22,ED,Utilities,1,Stable,True,STABLE,False,True,True,0.2215841,-0.106737
2025-07-22,EFX,Industrials,2,Middle,False,MIDDLE,False,False,False,0.4157393,1.1196882
2025-07-22,EG,Financials,1,Stable,True,STABLE,False,True,True,0.26531488,0.579054
2025-07-22,EIX,Utilities,1,Stable,True,MIDDLE,False,False,False,0.34885222,0.6799579
2025-07-22,EL,Consumer Staples,3,Risky,False,RISKY,False,False,False,0.59601563,1.517846
2025-07-22,ELV,Health Care,1,Stable,True,STABLE,False,True,True,0.42799547,0.1095895
2025-07-22,EMN,Unknown,2,Middle,False,MIDDLE,False,False,False,0.39853925,1.1898564
2025-07-22,EMR,Industrials,2,Middle,False,MIDDLE,False,False,False,0.35089505,1.2999262
2025-07-22,ENPH,Unknown,3,Risky,False,RISKY,False,False,False,0.84837437,0.9820081
2025-07-22,EOG,Energy,2,Middle,False,STABLE,False,False,False,0.3527859,0.9404969
2025-07-22,EPAM,Unknown,2,Middle,False,MIDDLE,False,False,False,0.471873,1.3371136
2025-07-22,EQIX,Real Estate,1,Stable,True,RISKY,False,False,False,0.32867205,0.77487755
2025-07-22,EQT,Energy,2,Middle,False,MIDDLE,False,False,False,0.42653817,0.8673419
2025-07-22,ERIE,Financials,1,Stable,True,STABLE,False,True,True,0.36261505,0.4744034
2025-07-22,ES,Utilities,1,Stable,True,MIDDLE,False,False,False,0.26833832,0.46290568
2025-07-22,ESS,Real Estate,1,Stable,True,MIDDLE,False,False,False,0.2690027,0.79043776
2025-07-22,ETN,Industrials,2,Middle,False,MIDDLE,False,False,False,0.38599396,1.3492503
2025-07-22,ETR,Utilities,1,Stable,True,MIDDLE,False,False,False,0.24446543,0.49998084
2025-07-22,EVRG,Utilities,1,Stable,True,STABLE,False,True,True,0.18963586,0.23574913
2025-07-22,EW,Health Care,1,Stable,True,STABLE,False,True,True,0.24853328,0.58456886
2025-07-22,EXC,Utilities,1,Stable,True,STABLE,False,True,True,0.19799593,0.02470875
2025-07-22,EXE,Energy,1,Stable,True,STABLE,False,True,True,0.33793807,0.615157
2025-07-22,EXPD,Industrials,2,Middle,False,STABLE,False,False,False,0.31972346,0.8338916
2025-07-22,EXPE,Consumer Discretionary,3,Risky,False,MIDDLE,False,False,False,0.5186704,1.5002301
2025-07-22,EXR,Real Estate,1,Stable,True,MIDDLE,False,False,False,0.26519594,0.6481487
2025-07-22,F,Consumer Discretionary,2,Middle,False,STABLE,False,False,False,0.35663906,0.854056
2025-07-22,FANG,Energy,2,Middle,False,RISKY,False,False,False,0.4909944,1.4062217
2025-07-22,FAST,Industrials,1,Stable,True,STABLE,False,True,True,0.26827344,0.6791785
2025-07-22,FCX,Materials,3,Risky,False,RISKY,False,False,False,0.54035115,1.6997719
2025-07-22,FDS,Financials,1,Stable,True,STABLE,False,True,True,0.24107254,0.65276384
2025-07-22,FDX,Industrials,2,Middle,False,MIDDLE,False,False,False,0.39391688,1.1525241
2025-07-22,FE,Utilities,1,Stable,True,STABLE,False,True,True,0.2518275,0.16962245
2025-07-22,FFIV,Information Technology,2,Middle,False,STABLE,False,False,False,0.33214307,1.0362875
2025-07-22,FI,Financials,2,Middle,False,MIDDLE,False,False,False,0.5007447,0.7418682
2025-07-22,FICO,Information Technology,2,Middle,False,MIDDLE,False,False,False,0.5245526,1.0598989
2025-07-22,FIS,Financials,1,Stable,True,STABLE,False,True,True,0.34055007,0.6371208
2025-07-22,FITB,Financials,2,Middle,False,MIDDLE,False,False,False,0.32494032,1.0833782
2025-07-22,FOX,Communication Services,2,Middle,False,MIDDLE,False,False,False,0.32823047,1.0067134
2025-07-22,FOXA,Communication Services,2,Middle,False,MIDDLE,False,False,False,0.32498467,0.9646962
2025-07-22,FRT,Real Estate,1,Stable,True,MIDDLE,False,False,False,0.28031805,0.86444426
2025-07-22,FSLR,Information Technology,3,Risky,False,RISKY,False,False,False,0.7278019,1.1000732
2025-07-22,FTNT,Information Technology,2,Middle,False,MIDDLE,False,False,False,0.41578338,1.226719
2025-07-22,FTV,Industrials,2,Middle,False,MIDDLE,False,False,False,0.31267065,1.0650365
2025-07-22,GD,Industrials,1,Stable,True,STABLE,False,True,True,0.245256,0.5535079
2025-07-22,GDDY,Information Technology,2,Middle,False,STABLE,False,False,False,0.36839032,0.7863664
2025-07-22,GE,Industrials,2,Middle,False,MIDDLE,False,False,False,0.35736993,1.1640133
2025-07-22,GEHC,Health Care,2,Middle,False,MIDDLE,False,False,False,0.44520164,1.443396
2025-07-22,GEN,Information Technology,2,Middle,False,STABLE,False,False,False,0.315847,0.9704491
2025-07-22,GEV,Industrials,3,Risky,False,RISKY,False,False,False,0.55039525,1.6247761
2025-07-22,GILD,Health Care,1,Stable,True,STABLE,False,True,True,0.30799988,0.4037028
2025-07-22,GIS,Consumer Staples,1,Stable,True,STABLE,False,True,True,0.25775322,0.14200476
2025-07-22,GL,Financials,1,Stable,True,STABLE,False,True,True,0.29653153,0.8427437
2025-07-22,GLW,Information Technology,2,Middle,False,STABLE,False,False,False,0.34152737,1.1977789
2025-07-22,GM,Consumer Discretionary,2,Middle,False,STABLE,False,False,False,0.37101984,0.91366166
2025-07-22,GNRC,Industrials,2,Middle,False,MIDDLE,False,False,False,0.43076867,1.3330222
2025-07-22,GOOG,Communication Services,2,Middle,False,MIDDLE,False,False,False,0.35226637,0.97733164
2025-07-22,GOOGL,Communication Services,2,Middle,False,MIDDLE,False,False,False,0.35564452,0.980759
2025-07-22,GPC,Consumer Discretionary,1,Stable,True,STABLE,False,True,True,0.2922997,0.65173495
2025-07-22,GPN,Financials,2,Middle,False,RISKY,False,False,False,0.49591994,1.347241
2025-07-22,GRMN,Consumer Discretionary,2,Middle,False,MIDDLE,False,False,False,0.4309294,1.2606289
2025-07-22,GS,Financials,2,Middle,False,MIDDLE,False,False,False,0.3738797,1.3873302
2025-07-22,GWW,Industrials,1,Stable,True,STABLE,False,True,True,0.23091143,0.61859065
2025-07-22,HAL,Energy,3,Risky,False,RISKY,False,False,False,0.5039747,1.3855034
2025-07-22,HAS,Consumer Discretionary,2,Middle,False,MIDDLE,False,False,False,0.4507155,1.1966751
2025-07-22,HBAN,Financials,2,Middle,False,MIDDLE,False,False,False,0.3591831,1.256155
2025-07-22,HCA,Health Care,1,Stable,True,STABLE,False,True,True,0.2937987,0.33579737
2025-07-22,HD,Consumer Discretionary,1,Stable,True,STABLE,False,True,True,0.24186525,0.67523646
2025-07-22,HIG,Financials,1,Stable,True,STABLE,False,True,True,0.24522366,0.6198536
2025-07-22,HII,Industrials,2,Middle,False,MIDDLE,False,False,False,0.4594466,0.5716383
2025-07-22,HLT,Consumer Discretionary,2,Middle,False,STABLE,False,False,False,0.3067619,1.0370088
2025-07-22,HOLX,Unknown,1,Stable,True,STABLE,False,True,True,0.3570409,0.3776532
2025-07-22,HON,Industrials,1,Stable,True,STABLE,False,True,True,0.2819917,0.8645576
2025-07-22,HPE,Information Technology,3,Risky,False,MIDDLE,False,False,False,0.5312903,1.6087213
2025-07-22,HPQ,Information Technology,2,Middle,False,MIDDLE,False,False,False,0.4381458,1.2622793
2025-07-22,HRL,Consumer Staples,1,Stable,True,STABLE,False,True,True,0.22305943,0.11265247
2025-07-22,HSIC,Health Care,1,Stable,True,STABLE,False,True,True,0.2794877,0.5820287
2025-07-22,HST,Real Estate,2,Middle,False,RISKY,False,False,False,0.35461923,1.1296097
2025-07-22,HSY,Consumer Staples,1,Stable,True,STABLE,False,True,True,0.30642664,0.10549215
2025-07-22,HUBB,Industrials,2,Middle,False,MIDDLE,False,False,False,0.34452477,1.0914483
2025-07-22,HUM,Health Care,1,Stable,True,STABLE,False,True,True,0.41792703,0.33511147
2025-07-22,HWM,Industrials,2,Middle,False,MIDDLE,False,False,False,0.40429294,1.2842522
2025-07-22,IBM,Information Technology,1,Stable,True,STABLE,False,True,True,0.33479232,0.730999
2025-07-22,ICE,Financials,1,Stable,True,STABLE,False,True,True,0.19594532,0.48113236
2025-07-22,IDXX,Health Care,2,Middle,False,MIDDLE,False,False,False,0.34847096,0.8477059
2025-07-22,IEX,Industrials,2,Middle,False,STABLE,False,False,False,0.31767514,0.93200153
2025-07-22,IFF,Materials,1,Stable,True,STABLE,False,True,True,0.30661592,0.8205143
2025-07-22,INCY,Health Care,1,Stable,True,STABLE,False,True,True,0.36271247,0.5948089
2025-07-22,INTC,Information Technology,3,Risky,False,RISKY,False,False,False,0.65635717,1.4590874
2025-07-22,INTU,Information Technology,2,Middle,False,STABLE,False,False,False,0.35540032,1.0045844
2025-07-22,INVH,Real Estate,1,Stable,True,STABLE,False,True,True,0.21782501,0.4522223
2025-07-22,IP,Materials,2,Middle,False,MIDDLE,False,False,False,0.40686584,1.1512713
2025-07-22,IQV,Health Care,2,Middle,False,MIDDLE,False,False,False,0.45939308,1.1082112
2025-07-22,IR,Industrials,2,Middle,False,MIDDLE,False,False,False,0.35383055,1.1894559
2025-07-22,IRM,Real Estate,2,Middle,False,RISKY,False,False,False,0.3400844,1.0135785
2025-07-22,ISRG,Health Care,2,Middle,False,MIDDLE,False,False,False,0.3803786,1.3231415
2025-07-22,IT,Information Technology,1,Stable,True,STABLE,False,True,True,0.284921,0.8596882
2025-07-22,ITW,Industrials,1,Stable,True,STABLE,False,True,True,0.26534027,0.88648844
2025-07-22,IVZ,Financials,3,Risky,False,RISKY,False,False,False,0.49068248,1.5668472
2025-07-22,J,Industrials,1,Stable,True,STABLE,False,True,True,0.2683261,0.8637754
2025-07-22,JBHT,Industrials,2,Middle,False,MIDDLE,False,False,False,0.3937496,1.1269102
2025-07-22,JBL,Information Technology,2,Middle,False,MIDDLE,False,False,False,0.42055473,1.4256481
2025-07-22,JCI,Industrials,2,Middle,False,MIDDLE,False,False,False,0.3515306,1.2142903
2025-07-22,JKHY,Financials,1,Stable,True,STABLE,False,True,True,0.25309417,0.42533895
2025-07-22,JNJ,Health Care,1,Stable,True,STABLE,False,True,True,0.22750892,0.10583856
2025-07-22,JPM,Financials,2,Middle,False,MIDDLE,False,False,False,0.29777473,1.031149
2025-07-22,KDP,Consumer Staples,1,Stable,True,STABLE,False,True,True,0.20891294,0.22804701
2025-07-22,KEY,Financials,2,Middle,False,MIDDLE,False,False,False,0.37108797,1.2787365
2025-07-22,KEYS,Information Technology,2,Middle,False,MIDDLE,False,False,False,0.37376684,1.3037494
2025-07-22,KHC,Consumer Staples,1,Stable,True,STABLE,False,True,True,0.27315882,0.2998825
2025-07-22,KIM,Real Estate,1,Stable,True,MIDDLE,False,False,False,0.26983398,0.83595103
2025-07-22,KKR,Financials,3,Risky,False,RISKY,False,False,False,0.56227094,1.922792
2025-07-22,KLAC,Information Technology,3,Risky,False,MIDDLE,False,False,False,0.46881238,1.6563393
2025-07-22,KMB,Consumer Staples,1,Stable,True,STABLE,False,True,True,0.20948145,0.15319674
2025-07-22,KMI,Energy,1,Stable,True,STABLE,False,True,True,0.26955295,0.68411314
2025-07-22,KMX,Unknown,2,Middle,False,MIDDLE,False,False,False,0.4581519,1.1966313
2025-07-22,KO,Consumer Staples,1,Stable,True,STABLE,False,True,True,0.19257417,0.14646627
2025-07-22,KR,Consumer Staples,1,Stable,True,STABLE,False,True,True,0.28070906,-0.18014234
2025-07-22,KVUE,Consumer Staples,1,Stable,True,STABLE,False,True,True,0.27892175,0.2544015
2025-07-22,L,Financials,1,Stable,True,STABLE,False,True,True,0.23150657,0.63570416
2025-07-22,LDOS,Industrials,1,Stable,True,STABLE,False,True,True,0.26409742,0.5023529
2025-07-22,LEN,Consumer Discretionary,2,Middle,False,STABLE,False,False,False,0.37230292,0.71466684
2025-07-22,LH,Health Care,1,Stable,True,STABLE,False,True,True,0.2547792,0.71614957
2025-07-22,LHX,Industrials,1,Stable,True,STABLE,False,True,True,0.22030625,0.43032706
2025-07-22,LII,Industrials,2,Middle,False,MIDDLE,False,False,False,0.39003205,1.0072469
2025-07-22,LIN,Materials,1,Stable,True,STABLE,False,True,True,0.22267997,0.67231697
2025-07-22,LKQ,Unknown,1,Stable,True,STABLE,False,True,True,0.32344788,0.55476975
2025-07-22,LLY,Health Care,2,Middle,False,MIDDLE,False,False,False,0.42719686,0.7769535
2025-07-22,LMT,Industrials,1,Stable,True,STABLE,False,True,True,0.30460754,0.22587003
2025-07-22,LNT,Utilities,1,Stable,True,STABLE,False,True,True,0.19955687,0.30609077
2025-07-22,LOW,Consumer Discretionary,1,Stable,True,STABLE,False,True,True,0.2640285,0.69427866
2025-07-22,LRCX,Information Technology,3,Risky,False,RISKY,False,False,False,0.52484345,1.8579763
2025-07-22,LULU,Consumer Discretionary,3,Risky,False,MIDDLE,False,False,False,0.5684423,1.1264856
2025-07-22,LUV,Industrials,2,Middle,False,MIDDLE,False,False,False,0.47631645,1.4622808
2025-07-22,LVS,Consumer Discretionary,2,Middle,False,MIDDLE,False,False,False,0.4501156,1.1840919
2025-07-22,LW,Unknown,1,Stable,True,STABLE,False,True,True,0.36011297,0.48261884
2025-07-22,LYB,Materials,2,Middle,False,MIDDLE,False,False,False,0.43795496,1.3294555
2025-07-22,LYV,Communication Services,2,Middle,False,MIDDLE,False,False,False,0.35247353,1.0238256
2025-07-22,MA,Financials,1,Stable,True,STABLE,False,True,True,0.27257282,0.8637313
2025-07-22,MAA,Real Estate,1,Stable,True,STABLE,False,True,True,0.22401443,0.547139
2025-07-22,MAR,Consumer Discretionary,2,Middle,False,MIDDLE,False,False,False,0.33988577,1.1527032
2025-07-22,MAS,Industrials,2,Middle,False,MIDDLE,False,False,False,0.36209026,1.0659577
2025-07-22,MCD,Consumer Discretionary,1,Stable,True,STABLE,False,True,True,0.20948075,0.22446938
2025-07-22,MCHP,Information Technology,3,Risky,False,RISKY,False,False,False,0.72319573,2.4004178
2025-07-22,MCK,Health Care,1,Stable,True,STABLE,False,True,True,0.21967621,0.18772556
2025-07-22,MCO,Financials,2,Middle,False,MIDDLE,False,False,False,0.318282,1.1728673
2025-07-22,MDLZ,Consumer Staples,1,Stable,True,STABLE,False,True,True,0.23142883,0.09214795
2025-07-22,MDT,Health Care,1,Stable,True,STABLE,False,True,True,0.23866309,0.500905
2025-07-22,MET,Financials,2,Middle,False,MIDDLE,False,False,False,0.3354768,1.2161335
2025-07-22,META,Communication Services,2,Middle,False,MIDDLE,False,False,False,0.4217603,1.4779472
2025-07-22,MGM,Consumer Discretionary,3,Risky,False,MIDDLE,False,False,False,0.5071104,1.4907404
2025-07-22,MHK,Unknown,2,Middle,False,MIDDLE,False,False,False,0.38639355,1.1391135
2025-07-22,MKC,Consumer Staples,1,Stable,True,STABLE,False,True,True,0.254272,0.42367747
2025-07-22,MKTX,Unknown,1,Stable,True,STABLE,False,True,True,0.28450835,-0.2498778
2025-07-22,MLM,Materials,1,Stable,True,STABLE,False,True,True,0.26065356,0.6736715
2025-07-22,MMM,Industrials,2,Middle,False,MIDDLE,False,False,False,0.34433517,1.1539775
2025-07-22,MNST,Consumer Staples,1,Stable,True,STABLE,False,True,True,0.2312272,0.4325324
2025-07-22,MO,Consumer Staples,1,Stable,True,STABLE,False,True,True,0.20110863,0.015261939
2025-07-22,MOH,Unknown,1,Stable,True,STABLE,False,True,True,0.58311206,0.06147152
2025-07-22,MOS,Materials,2,Middle,False,STABLE,False,False,False,0.36908418,0.75116843
2025-07-22,MPC,Energy,2,Middle,False,MIDDLE,False,False,False,0.4146592,1.1667091
2025-07-22,MPWR,Information Technology,3,Risky,False,RISKY,False,False,False,0.67884433,2.2755768
2025-07-22,MRK,Health Care,1,Stable,True,STABLE,False,True,True,0.33053276,0.43652228
2025-07-22,MRNA,Health Care,3,Risky,False,MIDDLE,False,False,False,0.6760297,1.2791461
2025-07-22,MS,Financials,2,Middle,False,MIDDLE,False,False,False,0.37656796,1.381072
2025-07-22,MSCI,Financials,2,Middle,False,MIDDLE,False,False,False,0.3091332,0.9111502
2025-07-22,MSFT,Information Technology,1,Stable,True,STABLE,False,True,True,0.28296503,0.9014834
2025-07-22,MSI,Information Technology,1,Stable,True,STABLE,False,True,True,0.26745477,0.58825976
2025-07-22,MTB,Financials,2,Middle,False,MIDDLE,False,False,False,0.3060285,1.0223298
2025-07-22,MTCH,Unknown,2,Middle,False,MIDDLE,False,False,False,0.37941673,0.8891949
2025-07-22,MTD,Health Care,2,Middle,False,MIDDLE,False,False,False,0.40137684,1.2005817
2025-07-22,MU,Information Technology,3,Risky,False,RISKY,False,False,False,0.6461992,2.1368928
2025-07-22,NCLH,Consumer Discretionary,3,Risky,False,RISKY,False,False,False,0.5934606,1.8604825
2025-07-22,NDAQ,Financials,2,Middle,False,MIDDLE,False,False,False,0.27556783,0.9836088
2025-07-22,NDSN,Industrials,2,Middle,False,MIDDLE,False,False,False,0.33396542,1.1392295
2025-07-22,NEE,Utilities,1,Stable,True,MIDDLE,False,False,False,0.30849472,0.42397815
2025-07-22,NEM,Materials,1,Stable,True,STABLE,False,True,True,0.40947127,0.4614932
2025-07-22,NFLX,Communication Services,2,Middle,False,MIDDLE,False,False,False,0.35709107,0.8994016
2025-07-22,NI,Utilities,1,Stable,True,MIDDLE,False,False,False,0.21721517,0.45887256
2025-07-22,NKE,Consumer Discretionary,2,Middle,False,MIDDLE,False,False,False,0.50391537,1.158765
2025-07-22,NOC,Industrials,1,Stable,True,STABLE,False,True,True,0.3466476,0.04589238
2025-07-22,NOW,Information Technology,2,Middle,False,MIDDLE,False,False,False,0.47874802,1.3996181
2025-07-22,NRG,Utilities,3,Risky,False,RISKY,False,False,False,0.6098103,1.7764485
2025-07-22,NSC,Industrials,1,Stable,True,STABLE,False,True,True,0.28073007,0.87711006
2025-07-22,NTAP,Information Technology,2,Middle,False,MIDDLE,False,False,False,0.44708613,1.2172313
2025-07-22,NTRS,Financials,2,Middle,False,MIDDLE,False,False,False,0.35384414,1.1762458
2025-07-22,NUE,Materials,2,Middle,False,MIDDLE,False,False,False,0.4368096,1.2981443
2025-07-22,NVDA,Information Technology,3,Risky,False,RISKY,False,False,False,0.5425686,1.8231523
2025-07-22,NVR,Consumer Discretionary,1,Stable,True,STABLE,False,True,True,0.3106243,0.5090911
2025-07-22,NWS,Communication Services,1,Stable,True,MIDDLE,False,False,False,0.26466185,0.83185667
2025-07-22,NWSA,Communication Services,1,Stable,True,MIDDLE,False,False,False,0.25719282,0.83535177
2025-07-22,NXPI,Information Technology,3,Risky,False,RISKY,False,False,False,0.5597141,1.8652172
2025-07-22,O,Real Estate,1,Stable,True,STABLE,False,True,True,0.19272575,0.24222133
2025-07-22,ODFL,Industrials,2,Middle,False,MIDDLE,False,False,False,0.44262686,1.1929694
2025-07-22,OKE,Energy,2,Middle,False,MIDDLE,False,False,False,0.38096315,1.0897996
2025-07-22,OMC,Communication Services,2,Middle,False,MIDDLE,False,False,False,0.33988598,0.813933
2025-07-22,ON,Information Technology,3,Risky,False,RISKY,False,False,False,0.661564,2.050277
2025-07-22,ORCL,Information Technology,2,Middle,False,MIDDLE,False,False,False,0.4746113,1.4021137
2025-07-22,ORLY,Consumer Discretionary,1,Stable,True,STABLE,False,True,True,0.22870207,0.20629644
2025-07-22,OTIS,Industrials,1,Stable,True,STABLE,False,True,True,0.24863827,0.5101858
2025-07-22,OXY,Energy,2,Middle,False,MIDDLE,False,False,False,0.44939372,1.1640176
2025-07-22,PANW,Information Technology,2,Middle,False,MIDDLE,False,False,False,0.40041786,1.1867069
2025-07-22,PARA,Unknown,3,Risky,False,RISKY,False,False,False,1.3834301,0.93373495
2025-07-22,PAYC,Unknown,2,Middle,False,MIDDLE,False,False,False,0.38970727,1.1185095
2025-07-22,PAYX,Industrials,1,Stable,True,STABLE,False,True,True,0.2827373,0.65938246
2025-07-22,PCAR,Industrials,2,Middle,False,STABLE,False,False,False,0.3278492,0.87875843
2025-07-22,PCG,Utilities,1,Stable,True,MIDDLE,False,False,False,0.29335982,0.55623704
2025-07-22,PEG,Utilities,1,Stable,True,MIDDLE,False,False,False,0.21798505,0.52747184
2025-07-22,PEP,Consumer Staples,1,Stable,True,STABLE,False,True,True,0.2530554,0.24994713
2025-07-22,PFE,Health Care,1,Stable,True,STABLE,False,True,True,0.259566,0.5446278
2025-07-22,PFG,Financials,2,Middle,False,MIDDLE,False,False,False,0.3434305,1.2197704
2025-07-22,PG,Consumer Staples,1,Stable,True,STABLE,False,True,True,0.20980272,0.24434
2025-07-22,PGR,Financials,1,Stable,True,STABLE,False,True,True,0.28192,0.42291534
2025-07-22,PH,Industrials,2,Middle,False,MIDDLE,False,False,False,0.39317143,1.4644446
2025-07-22,PHM,Consumer Discretionary,2,Middle,False,STABLE,False,False,False,0.39817357,0.76835865
2025-07-22,PKG,Materials,2,Middle,False,STABLE,False,False,False,0.32493064,0.9028546
2025-07-22,PLD,Real Estate,2,Middle,False,RISKY,False,False,False,0.3175964,0.95890445
2025-07-22,PLTR,Information Technology,3,Risky,False,RISKY,False,False,False,0.80587125,2.0289419
2025-07-22,PM,Consumer Staples,1,Stable,True,STABLE,False,True,True,0.29724416,0.19790088
2025-07-22,PNC,Financials,2,Middle,False,MIDDLE,False,False,False,0.29682055,1.0184698
2025-07-22,PNR,Industrials,2,Middle,False,MIDDLE,False,False,False,0.33598882,1.1626667
2025-07-22,PNW,Utilities,1,Stable,True,STABLE,False,True,True,0.17833751,0.27317283
2025-07-22,PODD,Health Care,2,Middle,False,MIDDLE,False,False,False,0.4308988,0.90904063
2025-07-22,POOL,Unknown,1,Stable,True,STABLE,False,True,True,0.33951217,0.7082007
2025-07-22,PPG,Materials,2,Middle,False,MIDDLE,False,False,False,0.3516791,1.0886327
2025-07-22,PPL,Utilities,1,Stable,True,STABLE,False,True,True,0.1963978,0.22649959
2025-07-22,PRU,Financials,2,Middle,False,MIDDLE,False,False,False,0.31797662,1.1361681
2025-07-22,PSA,Real Estate,1,Stable,True,STABLE,False,True,True,0.2281362,0.49162558
2025-07-22,PSX,Energy,2,Middle,False,MIDDLE,False,False,False,0.44763905,1.302627
2025-07-22,PTC,Information Technology,2,Middle,False,STABLE,False,False,False,0.4146577,1.0449219
2025-07-22,PWR,Industrials,2,Middle,False,MIDDLE,False,False,False,0.39089328,1.1125501
2025-07-22,PYPL,Financials,2,Middle,False,MIDDLE,False,False,False,0.42267764,1.2259927
2025-07-22,QCOM,Information Technology,2,Middle,False,MIDDLE,False,False,False,0.43146694,1.4743946
2025-07-22,RCL,Consumer Discretionary,3,Risky,False,MIDDLE,False,False,False,0.50033146,1.6970903
2025-07-22,REG,Real Estate,1,Stable,True,STABLE,False,True,True,0.22063637,0.6114564
2025-07-22,REGN,Health Care,2,Middle,False,MIDDLE,False,False,False,0.49335715,0.6730414
2025-07-22,RF,Financials,2,Middle,False,MIDDLE,False,False,False,0.34517914,1.1548163
2025-07-22,RJF,Financials,2,Middle,False,MIDDLE,False,False,False,0.3072042,1.0735426
2025-07-22,RL,Consumer Discretionary,3,Risky,False,MIDDLE,False,False,False,0.49318415,1.5219492
2025-07-22,RMD,Health Care,1,Stable,True,STABLE,False,True,True,0.30468318,0.67162937
2025-07-22,ROK,Industrials,2,Middle,False,MIDDLE,False,False,False,0.40081584,1.2062074
2025-07-22,ROL,Industrials,1,Stable,True,STABLE,False,True,True,0.21607044,0.37828246
2025-07-22,ROP,Information Technology,1,Stable,True,STABLE,False,True,True,0.23116395,0.69033015
2025-07-22,ROST,Consumer Discretionary,1,Stable,True,STABLE,False,True,True,0.2973801,0.708814
2025-07-22,RSG,Industrials,1,Stable,True,STABLE,False,True,True,0.20115976,0.36403275
2025-07-22,RTX,Industrials,1,Stable,True,STABLE,False,True,True,0.31988332,0.5822981
2025-07-22,RVTY,Health Care,2,Middle,False,MIDDLE,False,False,False,0.40116182,1.1514686
2025-07-22,SBAC,Real Estate,1,Stable,True,STABLE,False,True,True,0.25495243,0.10141678
2025-07-22,SBUX,Consumer Discretionary,2,Middle,False,MIDDLE,False,False,False,0.40906537,1.1760454
2025-07-22,SCHW,Financials,2,Middle,False,MIDDLE,False,False,False,0.27905467,0.9288353
2025-07-22,SHW,Materials,1,Stable,True,STABLE,False,True,True,0.26630092,0.76847166
2025-07-22,SJM,Consumer Staples,1,Stable,True,MIDDLE,False,False,False,0.35435855,0.2863535
2025-07-22,SLB,Energy,2,Middle,False,MIDDLE,False,False,False,0.426865,1.2322502
2025-07-22,SMCI,Information Technology,3,Risky,False,RISKY,False,False,False,1.0052836,2.0191236
2025-07-22,SNA,Industrials,1,Stable,True,STABLE,False,True,True,0.30179185,0.80929494
2025-07-22,SNPS,Information Technology,2,Middle,False,MIDDLE,False,False,False,0.4106142,1.3001246
2025-07-22,SO,Utilities,1,Stable,True,STABLE,False,True,True,0.18862723,0.088892944
2025-07-22,SOLV,Health Care,2,Middle,False,MIDDLE,False,False,False,0.3759064,1.0076872
2025-07-22,SPG,Real Estate,2,Middle,False,RISKY,False,False,False,0.3253511,1.0414277
2025-07-22,SPGI,Financials,1,Stable,True,STABLE,False,True,True,0.26649398,0.88357675
2025-07-22,SRE,Utilities,2,Middle,False,MIDDLE,False,False,False,0.39456668,0.7345093
2025-07-22,STE,Health Care,1,Stable,True,STABLE,False,True,True,0.2362991,0.5838852
2025-07-22,STLD,Materials,2,Middle,False,MIDDLE,False,False,False,0.41066113,1.2543275
2025-07-22,STT,Financials,2,Middle,False,MIDDLE,False,False,False,0.33612156,1.1486814
2025-07-22,STX,Information Technology,3,Risky,False,MIDDLE,False,False,False,0.49451873,1.4547712
2025-07-22,STZ,Consumer Staples,1,Stable,True,MIDDLE,False,False,False,0.28274345,0.46063933
2025-07-22,SWK,Industrials,3,Risky,False,RISKY,False,False,False,0.5350597,1.67965
2025-07-22,SWKS,Information Technology,3,Risky,False,RISKY,False,False,False,0.66871274,1.7429456
2025-07-22,SYF,Financials,3,Risky,False,RISKY,False,False,False,0.47958562,1.676904
2025-07-22,SYK,Health Care,1,Stable,True,STABLE,False,True,True,0.232925,0.772646
2025-07-22,SYY,Consumer Staples,1,Stable,True,STABLE,False,True,True,0.22039214,0.39873084
2025-07-22,T,Communication Services,1,Stable,True,STABLE,False,True,True,0.24675421,0.21937716
2025-07-22,TAP,Consumer Staples,1,Stable,True,STABLE,False,True,True,0.2634412,0.3372479
2025-07-22,TDG,Industrials,1,Stable,True,STABLE,False,True,True,0.28005755,0.76834863
2025-07-22,TDY,Information Technology,1,Stable,True,STABLE,False,True,True,0.2544055,0.8259984
2025-07-22,TECH,Health Care,2,Middle,False,MIDDLE,False,False,False,0.46505433,1.278452
2025-07-22,TEL,Information Technology,2,Middle,False,STABLE,False,False,False,0.31935626,1.1651689
2025-07-22,TER,Information Technology,3,Risky,False,RISKY,False,False,False,0.58054525,1.8156382
2025-07-22,TFC,Financials,2,Middle,False,MIDDLE,False,False,False,0.34299457,1.1856364
2025-07-22,TGT,Consumer Staples,2,Middle,False,RISKY,False,False,False,0.39863855,1.0464742
2025-07-22,TJX,Consumer Discretionary,1,Stable,True,STABLE,False,True,True,0.20459199,0.52355295
2025-07-22,TKO,Communication Services,2,Middle,False,MIDDLE,False,False,False,0.35320297,0.91126704
2025-07-22,TMO,Health Care,2,Middle,False,MIDDLE,False,False,False,0.35768732,0.94220465
2025-07-22,TMUS,Communication Services,1,Stable,True,STABLE,False,True,True,0.33094504,0.36624938
2025-07-22,TPL,Energy,3,Risky,False,RISKY,False,False,False,0.5422424,1.5468589
2025-07-22,TPR,Consumer Discretionary,2,Middle,False,MIDDLE,False,False,False,0.4643187,1.3567249
2025-07-22,TRGP,Energy,2,Middle,False,MIDDLE,False,False,False,0.43436584,1.2320554
2025-07-22,TRMB,Information Technology,2,Middle,False,MIDDLE,False,False,False,0.35196057,1.3353438
2025-07-22,TROW,Financials,2,Middle,False,MIDDLE,False,False,False,0.3432174,1.2215736
2025-07-22,TRV,Financials,1,Stable,True,STABLE,False,True,True,0.25509077,0.5314769
2025-07-22,TSCO,Consumer Discretionary,1,Stable,True,STABLE,False,True,True,0.32127264,0.6034825
2025-07-22,TSLA,Consumer Discretionary,3,Risky,False,RISKY,False,False,False,0.76491046,2.2906134
2025-07-22,TSN,Consumer Staples,1,Stable,True,STABLE,False,True,True,0.24375837,0.3092405
2025-07-22,TT,Industrials,2,Middle,False,STABLE,False,False,False,0.2992224,0.9747598
2025-07-22,TTD,Communication Services,3,Risky,False,RISKY,False,False,False,0.8713011,1.6713836
2025-07-22,TTWO,Communication Services,1,Stable,True,MIDDLE,False,False,False,0.3522507,0.6203063
2025-07-22,TXN,Information Technology,2,Middle,False,MIDDLE,False,False,False,0.44244197,1.4744365
2025-07-22,TXT,Industrials,2,Middle,False,MIDDLE,False,False,False,0.32160747,1.0920786
2025-07-22,TYL,Information Technology,1,Stable,True,STABLE,False,True,True,0.28439543,0.7317366
2025-07-22,UAL,Industrials,3,Risky,False,RISKY,False,False,False,0.6955031,2.194015
2025-07-22,UBER,Industrials,2,Middle,False,MIDDLE,False,False,False,0.43837288,1.2112647
2025-07-22,UDR,Real Estate,1,Stable,True,MIDDLE,False,False,False,0.257091,0.7362563
2025-07-22,UHS,Health Care,2,Middle,False,MIDDLE,False,False,False,0.38924658,0.7269776
2025-07-22,ULTA,Consumer Discretionary,2,Middle,False,MIDDLE,False,False,False,0.42127988,0.984324
2025-07-22,UNH,Health Care,2,Middle,False,RISKY,False,False,False,0.5980562,0.18400829
2025-07-22,UNP,Industrials,1,Stable,True,STABLE,False,True,True,0.24891783,0.7648566
2025-07-22,UPS,Industrials,2,Middle,False,MIDDLE,False,False,False,0.37552363,0.81718695
2025-07-22,URI,Industrials,2,Middle,False,MIDDLE,False,False,False,0.40896487,1.3553542
2025-07-22,USB,Financials,2,Middle,False,MIDDLE,False,False,False,0.31618086,1.0974071
2025-07-22,V,Financials,1,Stable,True,STABLE,False,True,True,0.26761863,0.83903086
2025-07-22,VICI,Real Estate,1,Stable,True,STABLE,False,True,True,0.19632035,0.42455465
2025-07-22,VLO,Energy,2,Middle,False,MIDDLE,False,False,False,0.44739777,1.1723448
2025-07-22,VLTO,Industrials,1,Stable,True,STABLE,False,True,True,0.24886774,0.7468184
2025-07-22,VMC,Materials,1,Stable,True,STABLE,False,True,True,0.27684242,0.67356807
2025-07-22,VRSK,Industrials,1,Stable,True,STABLE,False,True,True,0.2276755,0.38405684
2025-07-22,VRSN,Information Technology,1,Stable,True,STABLE,False,True,True,0.23066306,0.43947753
2025-07-22,VRTX,Health Care,1,Stable,True,STABLE,False,True,True,0.28794974,0.39501902
2025-07-22,VST,Utilities,3,Risky,False,RISKY,False,False,False,0.6873489,2.0010605
2025-07-22,VTR,Real Estate,1,Stable,True,STABLE,False,True,True,0.25173992,0.38235867
2025-07-22,VTRS,Health Care,2,Middle,False,MIDDLE,False,False,False,0.42331856,0.95109
2025-07-22,VZ,Communication Services,1,Stable,True,STABLE,False,True,True,0.2412087,0.15131561
2025-07-22,WAB,Industrials,2,Middle,False,MIDDLE,False,False,False,0.33726394,1.1494371
2025-07-22,WAT,Health Care,2,Middle,False,MIDDLE,False,False,False,0.43252522,1.0945481
2025-07-22,WBD,Communication Services,3,Risky,False,RISKY,False,False,False,0.60218126,1.9348551
2025-07-22,WDAY,Information Technology,2,Middle,False,STABLE,False,False,False,0.39040926,1.0304921
2025-07-22,WDC,Information Technology,3,Risky,False,RISKY,False,False,False,0.5482365,1.740908
2025-07-22,WEC,Utilities,1,Stable,True,STABLE,False,True,True,0.18145922,0.15902704
2025-07-22,WELL,Real Estate,1,Stable,True,STABLE,False,True,True,0.23462842,0.39915124
2025-07-22,WFC,Financials,2,Middle,False,MIDDLE,False,False,False,0.3371999,1.0893903
2025-07-22,WM,Industrials,1,Stable,True,STABLE,False,True,True,0.19955438,0.30229813
2025-07-22,WMB,Energy,1,Stable,True,STABLE,False,True,True,0.2931401,0.71044916
2025-07-22,WMT,Consumer Staples,1,Stable,True,MIDDLE,False,False,False,0.28719193,0.7494772
2025-07-22,WRB,Financials,1,Stable,True,STABLE,False,True,True,0.24687701,0.31647345
2025-07-22,WSM,Consumer Discretionary,3,Risky,False,MIDDLE,False,False,False,0.50090057,1.4931378
2025-07-22,WST,Health Care,3,Risky,False,RISKY,False,False,False,0.7860803,0.5217473
2025-07-22,WTW,Financials,1,Stable,True,STABLE,False,True,True,0.23063764,0.4409373
2025-07-22,WY,Real Estate,1,Stable,True,MIDDLE,False,False,False,0.29903597,0.77279496
2025-07-22,WYNN,Consumer Discretionary,2,Middle,False,MIDDLE,False,False,False,0.46495375,1.3346728
2025-07-22,XEL,Utilities,1,Stable,True,STABLE,False,True,True,0.21642943,0.27253047
2025-07-22,XOM,Energy,1,Stable,True,STABLE,False,True,True,0.28427088,0.64984685
2025-07-22,XYL,Industrials,1,Stable,True,STABLE,False,True,True,0.26627147,0.9183187
2025-07-22,YUM,Consumer Discretionary,1,Stable,True,STABLE,False,True,True,0.2669242,0.4429449
2025-07-22,ZBH,Health Care,1,Stable,True,STABLE,False,True,True,0.30795434,0.33927482
2025-07-22,ZBRA,Information Technology,3,Risky,False,MIDDLE,False,False,False,0.5185551,1.6935695
2025-07-22,ZTS,Health Care,1,Stable,True,STABLE,False,True,True,0.30156907,0.61326504
